operating_hours_thousands,days_since_service,vibration_mm_s,bearing_temperature_celsius,average_daily_runtime_hours,machine_type,load_profile,lubrication_system,failure_risk_band
11.64,261,10.22,106.0,16.9,0,0,0,4
14.34,635,7.25,56.2,9.4,2,0,1,2
1.12,371,5.33,111.2,15.6,1,2,0,3
11.55,631,5.1,51.5,4.6,1,1,1,0
5.93,58,5.85,101.4,17.9,0,2,0,3
9.93,606,3.78,53.7,6.3,2,3,1,0
2.75,467,11.74,97.6,6.8,1,0,1,2
6.92,72,4.9,66.1,14.4,1,0,0,0
15.73,362,7.42,99.3,8.8,2,0,0,3
15.77,87,9.81,75.7,4.4,0,1,0,1
7.38,483,3.3,102.5,5.1,1,2,0,2
8.22,549,1.12,98.8,22.7,0,1,1,2
3.12,213,3.68,87.6,15.5,0,1,1,0
9.67,494,2.56,100.2,9.6,0,1,1,2
3.05,570,8.44,62.6,22.1,1,1,1,0
6.96,387,7.27,70.9,5.0,2,2,1,0
6.84,216,1.08,60.0,20.0,1,2,0,1
16.68,454,3.18,94.3,17.8,1,2,1,3
12.61,676,10.14,66.1,17.4,1,1,0,2
16.83,413,12.44,96.9,20.4,0,2,1,4
17.96,590,6.99,111.0,5.3,0,0,1,4
8.73,498,1.71,74.1,14.3,0,1,0,1
11.65,393,9.61,83.2,12.6,1,0,0,2
9.24,392,2.78,84.5,16.4,0,2,1,2
4.35,106,1.88,47.3,7.2,1,1,1,0
17.4,638,7.1,60.9,17.0,2,1,0,2
15.41,239,10.07,46.9,8.1,0,0,0,0
7.57,134,13.7,40.1,16.2,0,2,0,2
15.87,422,6.17,54.3,4.1,1,1,1,1
16.89,72,6.34,43.5,9.9,0,2,1,0
8.0,351,9.36,101.9,10.5,0,0,1,3
16.77,66,2.87,44.8,13.0,0,2,0,0
9.01,608,11.5,60.7,13.2,0,3,1,2
5.21,359,10.02,83.1,13.2,2,2,1,3
17.5,107,13.77,68.3,22.6,0,1,0,2
12.97,710,11.23,103.9,19.5,1,3,0,4
14.45,690,13.32,71.0,13.6,2,0,1,4
1.67,238,11.78,76.1,13.5,1,1,1,1
3.53,109,7.25,72.6,13.5,0,0,1,0
1.35,623,6.23,97.1,17.7,2,3,0,3
17.73,80,2.74,65.5,6.6,0,1,0,0
2.04,498,8.63,110.7,15.2,0,1,1,4
15.45,259,13.77,67.3,10.6,1,1,1,2
7.15,224,12.44,66.9,17.2,0,1,1,1
4.34,668,1.89,52.3,21.8,2,0,1,1
9.75,37,12.94,80.0,7.1,0,3,1,1
9.75,354,4.19,93.4,12.6,0,1,0,1
17.36,174,5.08,107.0,10.0,2,2,0,4
11.12,538,10.11,85.1,16.9,1,3,1,4
1.98,129,7.74,65.8,15.6,1,0,0,0
12.24,122,3.04,101.5,21.2,0,2,1,3
9.02,128,11.48,39.0,19.4,1,2,0,2
6.77,317,1.67,50.6,4.3,0,2,1,0
1.19,65,2.23,111.9,4.1,0,3,0,1
6.68,533,9.44,84.5,19.0,0,1,1,2
7.24,411,2.22,98.3,13.5,0,2,0,2
11.33,378,13.04,97.9,17.2,1,1,0,4
17.73,672,5.78,99.1,18.5,2,1,1,4
10.76,475,6.52,104.1,17.1,2,1,1,3
15.82,362,11.09,64.6,14.2,0,3,0,2
13.48,336,9.07,107.4,22.3,0,0,1,4
4.18,720,5.17,97.1,15.7,0,2,1,2
9.66,425,13.41,59.3,9.3,2,2,1,2
5.58,185,1.3,58.8,18.3,2,0,0,0
7.34,41,12.0,85.0,17.7,0,2,1,3
7.63,347,13.29,71.9,22.3,0,3,0,2
8.49,457,2.17,96.7,6.5,2,2,0,2
14.29,82,13.31,90.3,9.9,1,3,1,3
3.87,511,7.25,97.3,15.6,1,1,1,2
17.22,580,12.25,93.6,4.1,2,1,1,4
10.36,320,13.96,38.1,20.3,0,1,1,2
8.07,123,4.82,44.5,19.0,0,0,1,0
1.7,393,8.49,95.5,19.6,1,1,1,3
11.83,613,1.5,47.9,10.2,1,1,0,1
13.72,308,4.98,57.3,11.5,1,1,1,1
4.04,144,7.18,76.2,19.2,0,2,0,1
7.4,226,6.1,96.3,8.6,0,1,0,2
9.2,528,7.25,111.1,20.9,1,1,0,3
9.53,557,4.12,103.4,15.1,0,3,1,3
0.93,268,9.71,69.6,12.3,0,1,1,0
12.67,415,7.81,46.5,15.1,1,0,1,1
17.47,596,9.77,89.4,21.5,0,3,0,4
7.61,371,1.56,100.8,14.4,2,3,1,3
5.67,114,1.75,67.4,6.0,1,3,0,0
17.07,647,11.87,63.7,15.8,1,1,0,3
2.11,132,10.33,66.4,5.4,0,1,0,0
12.3,152,2.46,83.3,19.0,0,1,1,1
9.92,702,7.72,50.3,14.3,0,2,1,2
14.48,373,1.94,109.6,20.5,2,3,0,4
12.03,302,4.94,83.5,18.2,0,1,1,2
9.78,562,4.77,85.3,17.5,0,1,1,1
6.39,72,13.71,94.3,17.5,0,1,1,3
1.44,697,8.43,39.9,19.5,2,2,1,2
3.03,634,5.46,99.4,7.5,2,1,1,3
6.04,17,2.69,77.0,11.7,2,0,0,0
15.57,198,8.4,86.8,12.4,0,1,1,2
5.85,157,10.43,65.0,22.8,2,1,1,1
14.15,89,9.27,54.4,20.2,0,1,1,1
9.28,183,12.09,48.4,16.2,0,0,0,2
8.91,659,8.33,42.0,12.4,0,3,0,1
3.65,613,7.72,51.7,15.5,2,0,1,0
16.41,218,9.49,95.8,7.6,1,1,1,3
5.23,685,11.74,106.4,16.5,0,0,1,4
3.96,609,1.39,106.8,19.9,0,2,0,4
10.43,601,3.51,59.0,19.9,0,1,1,2
4.7,364,12.56,106.2,21.4,1,2,0,4
5.06,56,6.37,49.0,6.0,0,2,0,0
1.92,370,3.44,52.9,12.8,1,0,1,0
11.62,591,5.62,42.3,14.3,1,0,1,1
12.43,429,7.25,66.5,7.9,1,3,1,2
5.74,71,8.3,78.0,20.0,2,1,1,2
11.1,267,12.63,96.5,5.5,1,2,1,3
7.61,464,1.81,38.5,16.4,0,1,1,0
4.24,243,1.13,74.3,17.3,0,2,0,0
8.68,416,7.07,111.0,10.2,0,2,1,3
14.02,698,13.77,51.3,18.3,2,3,1,3
16.4,627,7.45,84.2,12.6,1,1,1,3
11.27,220,7.91,106.4,18.6,2,1,1,4
5.93,444,1.51,104.1,12.8,2,0,1,2
3.17,316,7.1,40.8,7.4,1,3,1,0
16.28,558,6.03,75.1,15.2,2,0,1,3
8.51,608,12.74,110.5,4.4,0,0,1,4
10.05,142,7.25,69.5,18.5,0,0,0,1
13.66,415,2.23,77.2,7.4,2,2,1,1
6.53,123,7.72,56.9,13.2,0,0,0,0
2.13,215,5.92,108.9,11.2,1,3,0,2
11.94,318,12.91,90.1,7.2,0,2,1,3
9.4,370,6.53,108.3,7.6,2,1,1,3
2.85,315,10.5,101.6,19.3,1,2,0,4
7.19,257,5.98,68.0,9.6,0,1,0,0
4.45,399,8.4,54.0,10.5,0,2,0,1
12.82,262,1.39,75.5,17.1,0,0,1,1
6.5,420,4.1,88.2,17.2,1,2,0,1
2.35,276,3.25,108.9,10.2,1,0,0,2
3.9,53,7.25,103.6,12.7,0,2,1,1
12.24,255,4.0,88.7,6.5,0,0,0,2
16.02,191,4.66,75.1,13.5,0,2,1,1
8.44,312,9.13,92.1,18.5,2,1,0,3
0.54,295,11.08,66.5,13.5,0,1,0,1
11.8,279,2.48,64.8,17.5,1,2,1,1
15.26,516,1.48,56.5,16.0,0,0,1,1
11.79,75,12.51,110.0,12.4,2,2,0,4
2.36,495,3.73,40.3,18.7,0,2,1,1
12.43,420,12.36,53.4,14.0,1,2,0,2
9.36,65,7.46,85.4,5.5,2,1,1,1
15.72,337,3.13,111.3,15.9,2,2,0,4
6.61,425,3.86,103.2,18.0,2,2,1,3
10.79,209,4.38,75.7,5.0,0,2,0,0
13.06,710,9.2,43.4,23.0,2,2,1,3
5.19,580,12.59,71.3,22.0,1,3,1,2
13.58,697,9.1,110.4,22.9,0,2,1,4
6.45,203,7.25,39.9,4.1,1,1,0,0
16.69,681,2.29,68.5,19.2,2,2,0,3
5.23,150,11.83,87.5,17.5,1,3,0,3
12.48,527,13.61,92.8,15.6,1,2,1,4
6.8,227,3.61,77.8,20.3,1,0,1,0
5.34,293,1.99,52.0,7.5,0,0,0,0
11.03,302,5.55,75.1,18.7,1,1,1,3
16.1,679,7.67,102.3,13.5,1,3,1,4
4.97,6,7.78,50.4,15.2,1,1,1,0
1.67,400,11.7,49.4,10.6,0,1,1,0
1.06,315,5.81,46.2,11.4,0,3,0,0
9.86,653,13.37,79.3,13.2,0,2,1,3
4.58,165,5.61,45.7,9.4,1,3,0,0
1.69,402,11.91,67.9,16.4,0,2,1,1
12.7,650,3.79,65.9,20.0,0,2,0,2
1.06,450,4.84,74.4,18.4,0,1,1,0
2.33,619,3.66,95.9,9.8,1,0,0,1
13.96,345,12.88,59.7,12.5,0,3,0,2
5.8,201,2.06,101.6,7.6,2,2,1,2
10.59,539,6.3,80.3,13.5,2,1,1,2
15.78,462,5.08,89.4,9.1,0,3,0,3
13.44,8,6.23,74.1,17.1,0,0,0,1
5.13,678,10.48,62.0,16.4,2,2,1,2
5.5,709,1.86,68.7,12.2,0,3,0,1
9.13,158,4.21,81.8,5.2,0,1,1,0
13.48,357,6.89,83.4,6.9,1,2,0,2
13.94,374,11.18,55.6,7.4,1,2,1,2
8.48,553,10.49,111.4,15.2,1,1,1,4
6.44,27,8.42,90.6,13.8,0,1,0,3
10.51,258,8.06,94.3,7.5,0,0,1,2
17.53,457,8.73,85.8,8.6,0,1,1,4
15.54,37,3.78,70.8,22.1,2,1,0,2
7.53,80,2.64,42.4,10.4,2,1,1,0
16.76,411,8.7,53.7,20.9,1,2,1,1
14.22,160,13.04,105.3,9.0,0,3,1,4
2.0,456,13.48,95.4,13.5,2,1,1,3
17.78,207,3.97,99.0,5.1,0,2,0,2
9.55,143,7.25,101.1,4.7,0,1,0,1
7.34,675,7.31,50.8,11.4,0,1,1,1
15.0,39,2.25,43.8,5.8,0,1,0,0
13.3,646,6.11,79.9,15.0,0,1,1,2
12.55,443,3.42,48.0,11.1,1,1,1,1
2.41,260,6.87,86.3,10.8,1,2,0,1
8.38,671,4.19,48.8,9.4,2,1,1,1
2.18,347,0.86,91.6,4.7,2,3,0,1
6.95,441,9.34,45.2,13.4,0,1,0,1
16.75,481,8.41,42.3,12.0,1,2,0,2
1.71,159,7.33,75.1,20.7,0,2,1,1
10.74,205,4.39,70.5,12.1,2,3,1,1
13.16,422,8.91,55.3,21.6,1,0,0,2
2.25,220,2.92,39.4,22.8,0,0,1,0
9.36,33,13.38,104.2,9.4,1,2,1,4
10.66,432,4.92,50.5,20.4,1,3,1,2
11.61,512,10.07,76.8,13.7,1,0,1,2
7.46,559,3.6,106.3,17.6,0,2,1,3
12.26,268,13.26,66.4,22.3,2,2,0,3
4.03,601,8.29,111.7,12.0,0,2,1,4
15.07,619,5.72,51.3,17.1,0,2,1,2
12.16,718,5.54,53.5,19.0,0,1,1,2
5.98,577,0.61,102.7,14.2,2,2,1,3
2.45,218,6.47,45.4,20.3,2,2,0,1
13.68,333,5.71,92.0,13.1,1,2,1,3
8.4,419,4.4,67.0,9.7,0,1,0,0
7.18,651,7.71,94.8,6.7,0,1,1,2
9.41,415,2.43,41.4,11.7,1,0,1,1
17.13,221,3.05,47.8,13.4,0,1,0,1
9.75,557,3.42,63.5,9.0,1,1,1,0
15.05,446,2.32,64.4,21.4,0,0,1,2
5.2,644,5.33,109.0,13.2,1,2,1,3
8.94,99,7.24,69.8,14.7,2,1,1,1
11.99,155,9.17,58.3,6.1,0,3,0,1
10.91,186,4.73,40.6,7.8,2,2,1,1
2.98,13,10.91,98.9,18.7,1,3,1,3
10.94,211,2.68,78.8,6.3,1,1,1,0
2.52,349,10.99,68.5,10.4,2,2,0,1
9.69,17,8.92,108.3,15.7,1,2,1,4
1.85,552,6.68,94.6,16.0,0,3,0,2
6.14,575,9.31,78.5,7.5,1,3,1,1
12.58,716,13.96,79.1,13.6,0,2,1,4
9.99,82,12.01,73.3,14.1,2,3,1,2
10.29,188,8.77,90.2,15.4,2,2,1,3
9.15,5,1.94,98.6,4.8,2,2,0,2
15.88,96,7.35,67.1,14.2,0,2,1,0
5.54,422,7.67,39.1,14.8,2,1,1,0
13.39,130,6.34,86.0,11.4,0,1,0,1
2.76,647,9.4,42.6,13.2,0,0,0,1
13.66,379,9.86,91.7,18.3,0,3,1,4
0.4,549,13.3,56.3,15.1,2,3,0,2
4.41,473,4.63,89.4,19.7,1,0,1,2
17.71,572,9.64,85.6,5.4,0,0,1,3
2.62,647,2.79,90.4,4.8,1,2,0,2
2.98,77,9.53,53.2,12.4,0,3,0,0
3.17,159,4.74,39.0,17.6,1,3,0,0
10.7,247,5.73,104.8,10.4,2,2,1,3
12.16,294,6.24,55.5,15.1,2,1,0,1
9.08,356,0.5,89.4,19.6,2,2,1,3
4.17,544,12.01,94.7,21.8,0,3,0,4
5.18,350,9.28,92.7,22.2,2,3,1,3
6.26,178,11.32,81.0,6.9,2,0,1,1
4.77,691,13.25,84.3,12.9,1,2,1,3
13.77,158,13.54,97.1,5.8,0,1,1,4
11.4,25,3.41,75.1,8.6,1,1,1,0
17.93,107,10.19,92.7,15.6,1,1,1,3
5.51,66,11.16,110.6,21.6,2,1,0,4
3.94,613,11.4,76.7,4.6,0,1,0,1
10.74,487,11.8,99.5,10.9,2,3,1,4
2.52,711,2.82,60.8,8.2,0,1,0,0
2.85,590,9.32,43.8,16.8,0,3,0,2
17.45,26,2.83,53.7,5.0,1,1,1,0
3.99,691,13.66,75.4,12.5,1,1,1,2
5.0,380,9.99,103.7,14.0,0,0,1,3
15.16,530,12.18,55.0,19.6,0,2,1,3
14.56,259,3.96,44.5,19.9,0,1,1,0
12.3,282,12.07,73.5,19.8,1,3,1,2
11.41,617,2.99,53.6,7.0,0,2,1,1
5.68,364,10.89,81.2,5.4,0,2,0,2
8.59,128,1.18,99.5,16.2,1,3,1,2
13.86,714,4.24,88.8,4.2,1,0,0,2
17.64,349,12.5,61.8,9.5,1,2,1,2
8.54,167,2.81,76.3,9.1,0,3,0,0
4.04,500,2.65,104.1,14.1,0,2,1,3
14.51,327,6.82,110.1,11.4,0,1,1,3
10.41,458,2.26,64.8,18.9,0,1,0,1
14.79,106,2.48,67.5,11.2,1,1,1,0
10.07,342,11.04,45.8,6.5,1,3,0,1
15.31,456,2.74,47.4,9.6,1,0,0,1
12.99,33,6.57,83.0,6.7,0,1,0,1
3.38,608,4.01,104.0,21.3,2,1,1,3
12.24,205,1.05,64.6,9.5,1,2,1,0
4.86,692,1.32,105.1,18.6,0,0,0,3
12.38,685,10.27,84.2,22.8,2,0,0,4
14.6,694,11.1,81.3,18.9,2,1,1,3
10.81,137,4.76,64.4,10.2,2,2,1,0
2.74,280,9.62,84.4,13.1,2,0,0,2
14.6,457,7.21,96.6,4.6,1,1,0,3
9.25,264,2.49,98.2,8.3,0,0,0,2
0.59,189,13.53,44.9,6.2,0,3,0,1
17.61,668,12.8,55.8,19.5,0,0,1,3
2.87,322,4.4,81.7,6.4,0,1,1,0
13.48,526,9.93,59.0,9.2,1,1,0,1
17.65,204,13.74,57.5,10.9,1,2,1,2
12.67,510,6.31,68.6,21.9,0,2,1,2
4.3,7,3.2,90.8,16.2,2,1,1,1
11.93,705,13.22,63.0,17.4,2,1,0,3
7.39,457,5.72,83.2,8.8,1,1,1,1
0.85,57,9.62,55.9,4.6,0,3,0,0
7.05,370,7.81,66.4,19.6,0,2,1,1
17.65,30,1.66,85.7,9.5,1,0,1,1
5.2,50,3.12,85.5,12.7,1,1,1,0
15.19,628,12.71,89.9,6.5,2,1,1,4
14.98,482,8.72,104.1,17.0,0,0,1,4
5.22,392,8.51,39.0,10.4,0,1,0,0
1.99,359,5.89,46.5,10.3,0,0,0,0
17.85,363,6.45,98.2,7.0,0,1,1,3
14.39,470,10.8,91.1,5.2,0,1,1,3
5.39,100,4.44,75.6,9.3,1,1,0,0
2.57,634,3.95,83.1,12.1,0,3,1,1
0.33,690,9.66,48.1,13.3,1,2,1,2
9.2,261,9.61,45.5,11.3,0,1,1,1
14.53,335,11.5,65.3,6.6,1,0,0,1
12.66,643,11.41,103.8,22.6,1,3,0,4
17.45,345,1.43,53.0,15.7,1,0,1,1
17.05,69,5.19,98.3,14.9,1,2,1,3
16.4,236,4.38,111.4,18.1,1,3,1,3
17.66,118,5.72,68.7,8.4,2,1,0,1
8.26,327,3.35,58.1,11.0,0,1,1,0
16.6,575,2.68,61.1,6.6,0,3,0,1
4.12,390,0.53,73.7,8.0,0,0,0,0
6.37,506,12.18,52.8,8.5,2,2,1,2
15.2,16,0.69,49.6,5.5,0,2,1,0
7.53,393,5.33,99.2,6.5,1,1,1,2
9.08,470,12.93,90.3,15.2,0,0,1,4
8.33,269,8.6,62.4,6.7,0,2,1,0
12.86,488,3.73,63.8,4.1,1,2,0,1
16.15,404,12.3,49.9,18.0,1,1,1,2
1.72,703,11.36,90.4,5.7,0,1,1,3
14.06,59,4.35,61.3,16.4,2,2,1,0
6.19,27,12.31,106.1,22.3,1,1,0,4
7.39,379,9.24,109.1,13.4,1,3,1,4
6.73,51,6.89,109.2,16.4,0,2,0,3
14.27,653,9.92,64.0,9.4,1,1,1,2
17.18,627,9.59,82.3,9.4,0,0,0,3
10.42,614,10.22,59.5,17.5,1,1,1,2
9.28,444,9.17,83.5,8.4,1,1,1,2
16.68,85,8.63,78.9,16.8,1,1,1,1
2.17,9,6.52,45.5,8.9,2,0,1,0
12.51,355,8.72,92.4,22.5,0,0,1,3
6.47,419,9.66,103.0,13.9,2,1,1,4
10.78,655,10.71,75.2,18.1,2,0,1,3
1.42,268,6.05,85.2,15.7,1,3,0,1
0.69,409,12.71,90.8,5.2,0,1,1,2
12.18,411,3.16,75.9,5.7,0,2,1,0
8.7,179,4.68,51.7,17.4,0,2,1,1
3.92,249,8.39,61.4,18.4,2,1,0,0
12.52,660,9.6,111.5,12.3,0,0,0,4
17.52,405,11.37,89.5,19.6,1,0,1,4
12.37,277,1.46,111.5,15.5,0,0,1,3
12.01,681,1.2,94.0,22.5,1,3,1,4
10.92,26,12.81,79.5,21.4,1,1,1,2
9.72,336,13.88,46.0,8.9,0,2,1,2
2.84,304,12.44,71.0,16.4,1,1,1,1
15.04,8,5.64,86.2,22.2,1,1,1,1
17.37,76,12.11,103.2,20.3,2,0,1,4
9.82,117,5.86,48.6,20.0,0,0,1,0
4.13,460,10.55,87.5,20.0,1,1,0,3
12.4,423,1.19,62.7,15.4,0,3,1,1
7.61,315,0.84,96.8,5.1,0,3,0,2
5.04,313,6.68,39.9,10.8,1,1,0,0
7.99,626,4.55,48.8,19.6,2,1,0,1
2.05,148,6.08,66.6,18.4,1,2,1,0
9.85,220,11.52,91.6,4.6,0,0,1,3
15.25,352,12.94,70.0,18.1,1,1,0,2
4.4,64,7.85,84.8,22.0,2,1,0,2
9.42,548,13.23,111.8,6.1,0,0,1,4
2.57,187,5.39,110.1,18.5,2,0,1,3
10.67,23,5.68,53.8,11.7,1,1,0,0
2.47,204,8.1,68.7,20.4,1,2,1,0
17.54,692,11.5,83.9,5.2,1,2,0,4
14.51,61,2.27,76.3,12.1,0,0,1,0
4.0,297,3.66,66.2,13.5,0,1,1,0
9.79,93,1.57,64.0,21.1,0,1,1,0
4.52,144,3.59,108.3,14.0,1,3,0,3
17.48,127,10.89,103.5,13.7,0,3,1,4
0.73,15,10.01,40.7,16.5,0,2,1,1
5.2,296,10.78,75.1,4.2,2,0,1,1
1.66,430,5.85,89.4,8.6,2,0,1,1
1.43,271,10.04,91.8,9.4,0,2,1,2
11.37,458,7.27,91.2,12.9,1,2,1,3
6.67,298,7.81,72.6,17.1,1,1,0,1
14.36,251,5.62,74.7,5.8,1,2,0,1
6.96,70,10.22,99.4,5.3,2,3,1,3
4.53,385,4.12,94.2,13.5,0,1,0,2
4.73,636,4.36,55.0,20.6,1,2,1,1
2.64,80,5.49,82.3,10.9,0,2,0,1
14.53,613,13.2,38.3,13.1,0,2,1,3
6.01,674,6.95,49.7,21.3,0,2,1,2
6.35,227,11.87,56.1,15.9,0,0,1,1
16.03,357,9.79,43.9,22.5,0,1,0,2
11.18,399,5.6,80.4,21.7,1,1,1,2
12.89,569,9.02,88.4,12.3,0,3,0,4
8.92,90,6.57,75.8,19.3,0,1,1,0
10.19,663,8.39,76.1,11.1,1,2,1,3
10.0,656,9.75,71.4,10.7,0,1,0,2
9.74,329,13.4,101.0,18.7,2,1,1,4
2.25,206,13.98,70.6,9.8,1,2,1,1
13.73,408,6.15,100.9,13.5,0,0,1,3
6.37,234,11.12,39.7,11.2,0,1,0,1
13.56,580,7.25,53.6,11.6,1,1,0,2
15.03,523,6.44,62.8,4.6,2,3,1,2
13.04,500,12.12,49.6,21.4,2,1,1,3
3.3,350,9.08,89.9,17.8,0,1,0,2
4.0,181,8.61,87.5,15.1,0,3,0,2
1.74,251,10.28,57.1,15.4,1,3,1,0
2.79,545,9.15,53.4,6.1,0,2,1,0
7.02,136,11.01,86.1,14.3,1,2,1,3
16.27,445,6.0,88.2,13.3,2,3,1,3
1.72,528,7.94,66.6,20.1,0,1,0,1
9.25,693,6.06,44.0,20.7,1,3,1,1
2.92,371,8.69,61.3,8.8,1,2,1,0
12.17,403,7.5,101.8,18.4,0,0,1,3
4.26,63,3.56,80.4,15.8,2,2,0,2
7.17,674,7.76,103.7,10.4,0,1,1,3
12.99,592,7.84,46.5,19.5,2,1,1,2
6.92,287,7.25,39.9,9.2,2,3,1,0
6.04,281,10.16,103.7,7.8,1,3,0,3
4.62,410,1.2,105.1,4.2,2,2,0,3
4.35,602,3.87,78.0,4.7,0,1,1,0
8.24,273,2.49,97.3,21.8,0,2,0,3
15.86,180,4.75,100.0,16.3,1,2,1,3
3.17,250,6.55,106.7,20.1,0,3,1,3
12.1,423,2.49,78.3,21.5,2,0,1,2
10.42,201,9.45,79.5,17.8,0,2,1,2
17.94,236,8.23,97.8,10.2,0,0,1,3
8.44,109,9.69,44.4,11.2,1,2,1,0
1.99,541,9.73,110.3,20.0,1,1,0,4
8.96,163,11.44,64.3,21.4,2,1,1,2
8.12,30,9.01,93.9,22.0,1,1,1,2
12.36,373,4.61,66.0,4.2,0,2,1,0
1.98,80,10.25,87.1,20.9,2,0,1,3
0.98,278,0.72,59.2,14.3,1,2,1,0
4.62,515,6.63,51.1,12.1,0,1,1,0
3.43,317,7.6,75.1,10.5,0,0,0,2
8.63,424,3.27,64.8,13.4,1,2,1,0
17.88,213,7.15,85.0,19.5,0,2,1,2
4.84,13,11.12,59.6,20.1,1,1,1,1
16.23,275,13.59,107.4,21.8,2,1,1,4
5.13,398,6.5,90.4,10.9,1,0,1,2
1.62,89,4.55,78.2,14.4,2,2,0,1
4.07,340,9.53,82.1,16.8,1,3,1,2
17.91,102,7.37,88.9,4.3,2,0,0,2
5.8,219,7.11,82.5,9.4,0,3,0,1
11.7,65,1.23,95.1,18.2,1,3,1,2
5.53,621,1.26,70.3,9.0,0,2,1,0
4.93,226,2.82,56.8,11.3,2,1,1,0
17.2,292,4.93,100.8,18.6,1,1,0,3
12.9,241,13.83,94.3,10.6,1,1,0,3
4.31,230,7.33,50.6,10.8,0,1,0,0
1.76,713,2.84,43.6,5.7,1,1,1,0
13.48,243,1.8,50.8,5.1,1,0,1,0
3.6,12,7.6,77.1,22.3,1,0,1,1
17.45,514,1.02,56.6,8.3,1,1,0,1
12.97,526,3.93,97.1,8.0,1,1,0,3
17.3,570,11.1,47.4,5.1,1,0,0,2
16.35,33,10.52,105.5,5.8,0,3,1,3
9.96,359,2.68,57.6,22.9,0,2,1,2
3.41,557,10.13,39.0,16.1,0,1,1,1
9.02,284,10.97,64.9,15.5,0,1,1,1
5.47,544,5.89,111.7,6.4,2,3,1,4
1.67,274,11.13,111.2,11.3,1,3,1,4
10.84,513,6.34,49.5,9.5,1,1,1,1
1.8,244,0.81,63.4,9.0,0,1,1,0
15.45,28,4.44,56.1,15.2,0,1,0,0
9.09,419,12.0,59.6,21.8,1,2,1,2
8.61,257,10.4,53.6,16.7,0,1,1,1
14.97,699,2.14,87.0,18.5,0,1,1,3
7.81,531,7.97,65.6,4.8,2,2,0,1
17.01,69,3.0,82.0,13.8,1,3,1,1
11.09,240,9.38,80.0,17.2,0,2,1,2
14.24,530,2.16,90.5,13.6,0,2,1,3
11.23,360,2.01,40.3,16.5,0,2,1,1
14.75,503,3.69,96.6,10.1,0,0,0,3
17.24,188,8.58,56.5,14.9,1,2,0,1
2.1,442,5.89,59.2,18.7,0,3,0,0
2.02,210,5.84,60.1,16.3,0,1,0,0
3.21,106,1.05,55.7,4.0,1,3,1,0
14.43,291,13.19,85.8,9.9,1,2,0,3
9.53,517,6.34,50.8,16.9,1,1,1,1
15.27,127,11.47,73.1,19.0,2,3,0,2
10.35,550,6.34,58.2,7.3,1,2,0,1
13.77,127,0.87,81.4,19.5,1,0,1,1
9.04,547,2.58,55.9,13.4,1,2,1,0
16.86,398,12.42,102.8,11.4,0,1,1,4
9.32,114,8.15,72.7,8.2,0,0,1,0
0.37,664,12.03,98.6,9.7,1,1,1,3
10.19,164,4.19,91.8,14.6,0,2,0,2
7.99,571,10.65,57.2,6.2,0,1,1,0
13.45,167,6.67,58.4,8.8,0,1,1,0
7.3,221,10.34,100.9,22.9,1,2,0,4
6.71,177,5.71,78.2,4.7,1,1,0,0
3.47,131,12.75,56.6,6.3,0,1,0,0
7.17,545,9.84,104.5,14.6,0,1,1,4
16.56,235,2.57,111.7,5.9,0,1,1,3
0.35,254,1.36,84.2,6.9,0,2,1,0
10.52,206,13.46,106.1,12.5,1,2,1,4
2.22,65,6.4,105.6,19.4,1,1,0,2
16.8,534,9.29,79.5,16.9,0,1,1,3
1.73,718,2.39,69.2,17.5,2,3,1,1
2.06,392,8.89,75.1,5.3,1,0,1,0
2.04,404,9.79,87.0,14.4,2,2,0,3
17.31,397,11.95,93.8,19.0,0,2,1,4
16.07,557,4.87,96.8,14.7,0,2,1,3
11.04,447,7.25,58.3,21.8,1,2,0,2
3.16,613,11.57,97.4,22.5,0,3,1,4
7.51,307,1.22,87.5,9.1,1,2,0,1
9.67,502,13.86,57.2,9.3,0,0,1,1
11.31,203,0.8,60.7,4.6,0,0,1,0
9.84,603,3.16,70.6,9.0,1,3,1,1
8.56,174,5.49,38.7,9.7,1,2,0,0
3.95,553,8.86,75.9,22.4,2,0,1,2
13.23,136,1.45,92.3,6.2,0,1,0,2
7.76,332,8.88,66.0,18.7,2,2,1,1
1.97,571,3.48,93.0,9.6,2,1,1,2
7.51,311,12.72,41.7,14.0,1,0,0,1
2.3,178,12.29,59.3,9.0,1,1,1,0
12.29,621,11.32,98.4,15.9,1,1,1,4
2.41,714,13.13,98.7,13.4,2,1,0,4
7.93,330,12.95,100.3,21.3,2,3,1,4
9.84,623,10.35,43.2,8.2,1,3,1,2
8.7,413,5.56,50.6,16.4,1,2,0,1
13.01,89,10.55,105.4,13.5,1,2,1,4
15.66,390,4.56,80.4,17.6,2,0,1,2
4.06,543,5.49,75.9,15.0,0,3,0,1
13.03,671,8.47,44.2,17.0,2,1,0,3
10.39,632,2.23,62.2,14.4,1,2,0,1
13.32,248,13.08,98.4,7.0,0,1,0,4
12.97,341,2.59,109.8,11.7,1,1,1,3
4.39,407,4.32,95.4,7.6,0,1,1,1
15.33,486,0.56,101.7,16.2,2,1,1,3
10.25,530,12.66,77.4,7.1,1,1,1,2
12.68,22,1.5,83.9,7.2,0,1,1,0
14.44,166,10.23,62.9,6.9,1,1,0,1
11.67,699,0.69,67.0,19.9,0,1,0,2
7.78,225,4.15,84.8,14.1,1,2,1,1
4.24,537,9.35,61.7,12.3,1,3,1,1
3.16,122,2.99,49.9,17.5,2,1,1,0
4.19,229,12.84,99.1,12.8,2,2,0,4
15.02,47,10.67,59.2,22.0,0,0,1,2
7.34,25,11.21,57.7,11.3,1,2,1,0
3.58,508,5.86,39.3,11.7,1,2,0,1
14.61,543,10.86,38.7,16.1,2,0,1,2
17.71,15,7.25,69.8,19.9,1,0,1,1
10.2,437,8.91,48.5,10.3,0,2,1,1
6.26,224,4.17,111.0,5.2,1,0,1,2
12.81,362,6.3,65.0,13.5,1,1,1,0
4.31,227,10.98,108.0,21.5,0,3,1,4
7.87,488,8.24,95.9,12.6,0,1,1,3
8.35,526,5.43,61.1,16.2,0,0,1,0
14.92,472,12.26,66.3,18.9,0,0,0,3
10.7,482,10.93,45.0,17.8,0,3,0,3
17.63,171,0.5,83.6,9.9,0,2,1,1
0.89,704,6.52,71.8,18.9,2,3,1,2
1.7,328,5.28,58.6,11.1,2,0,1,0
1.32,76,10.92,39.4,6.2,0,1,0,0
13.88,628,12.63,78.1,13.0,0,0,1,3
13.09,248,8.27,58.7,5.8,2,1,1,1
15.73,78,8.09,45.8,4.5,0,2,1,1
9.15,593,3.83,56.6,4.8,2,1,1,0
16.59,351,6.66,75.1,7.2,1,2,1,2
11.8,389,6.32,54.4,13.9,0,0,1,0
7.9,195,9.32,79.2,20.7,0,1,1,1
15.84,525,5.81,63.9,9.1,2,2,1,2
12.21,196,1.83,82.1,13.6,0,3,1,1
10.17,302,7.76,43.0,18.6,1,1,1,1
4.72,616,9.31,67.9,17.2,1,1,1,1
13.0,186,12.29,106.2,14.8,0,1,1,4
2.31,525,9.92,100.9,16.7,2,2,1,4
9.01,92,7.6,68.7,14.6,1,1,1,0
3.52,183,8.0,51.5,5.7,0,1,1,0
8.75,162,13.55,92.8,22.7,2,2,1,4
6.01,354,10.91,46.6,13.5,0,0,1,1
13.39,170,11.63,90.7,20.9,2,3,0,4
10.73,336,5.13,43.5,6.7,1,2,1,0
1.18,615,2.42,104.5,10.2,0,2,1,2
8.53,707,13.68,75.1,9.8,2,2,1,3
16.16,499,11.81,57.6,4.8,2,0,1,2
8.75,488,10.96,58.6,8.7,1,2,1,1
13.17,183,1.75,77.4,18.9,2,0,0,1
5.2,170,2.61,83.5,13.5,2,3,0,1
14.16,535,8.27,99.0,10.0,0,2,0,4
2.7,471,4.89,60.6,22.9,1,0,1,0
7.27,708,3.32,75.2,21.4,1,1,1,1
7.79,127,0.74,84.4,17.5,1,3,0,2
14.98,501,4.72,80.1,4.2,2,3,0,2
13.41,671,2.22,81.7,22.5,2,1,0,3
1.95,465,3.25,98.4,22.3,0,2,1,3
4.94,238,0.67,40.8,9.0,0,1,0,0
9.64,273,6.56,95.0,10.4,0,1,0,2
15.08,29,1.26,71.3,19.4,0,2,0,1
5.04,302,1.37,97.7,19.7,1,1,1,2
11.76,515,9.92,52.0,17.0,1,1,1,2
0.34,372,6.71,68.5,10.7,1,3,1,0
1.07,374,12.96,80.7,10.1,0,3,1,2
4.81,662,5.5,87.1,10.0,0,2,0,1
15.77,44,6.65,111.2,22.8,2,0,0,4
14.97,640,10.37,85.1,13.0,2,2,1,4
13.09,176,8.29,107.7,4.8,1,2,1,4
10.74,560,11.89,101.0,10.1,1,1,0,4
6.16,351,9.18,80.1,17.6,1,0,0,1
1.27,409,3.65,75.1,12.5,0,0,1,0
5.33,529,8.66,43.9,21.3,1,1,0,1
1.16,551,10.81,40.2,17.2,2,1,1,1
4.93,241,12.02,76.2,6.1,1,1,0,0
10.87,542,8.41,76.4,5.0,2,1,1,1
4.34,439,5.62,50.5,6.2,1,0,1,0
3.6,523,9.01,41.7,15.8,1,3,1,0
6.55,199,2.75,68.7,21.0,0,3,1,0
11.72,24,7.25,103.0,9.7,0,1,1,2
17.63,23,5.5,49.3,13.5,0,0,0,0
8.64,487,6.77,101.9,15.8,0,0,1,3
3.42,151,3.4,43.4,10.7,1,3,0,0
15.19,439,11.33,73.3,10.8,0,1,0,2
10.69,542,10.51,86.2,10.4,1,1,0,3
2.32,136,11.68,43.2,9.4,1,3,0,1
3.39,102,2.6,49.4,13.8,1,0,1,0
15.7,328,5.27,70.3,10.2,2,1,0,1
1.87,446,2.59,41.7,14.7,0,1,0,1
9.91,629,4.19,74.6,7.0,0,0,1,0
13.62,628,11.31,64.4,9.1,0,3,1,2
17.71,464,11.16,82.2,13.5,1,3,1,3
0.87,131,9.99,47.7,21.1,0,3,1,0
10.56,141,4.63,38.8,11.9,1,2,0,1
14.83,646,2.3,63.0,16.4,0,1,1,2
11.35,556,3.19,49.2,22.5,2,0,0,2
13.17,28,1.82,42.0,4.0,0,1,1,0
10.27,140,12.68,55.2,17.4,1,3,0,2
2.49,608,2.66,101.5,12.4,1,1,1,2
12.5,400,4.26,49.4,4.7,0,1,1,0
4.59,365,4.09,78.7,10.7,2,3,1,1
1.54,314,4.68,65.8,6.9,1,2,1,0
6.07,6,2.66,57.6,15.6,1,2,1,0
0.87,442,4.09,111.3,11.7,2,2,1,3
3.94,660,3.57,50.1,4.4,0,2,1,0
13.25,611,4.4,40.7,15.4,0,1,1,1
4.02,43,0.82,90.0,14.6,0,3,1,1
11.79,415,13.23,70.3,17.8,2,1,1,2
15.51,537,8.22,76.6,21.0,0,2,1,3
3.4,371,9.62,81.7,11.5,0,2,1,1
8.19,117,12.7,76.2,21.0,0,1,1,2
15.62,493,11.61,38.8,13.5,2,2,1,3
16.23,634,3.52,64.7,16.9,1,2,1,2
6.27,321,3.17,105.3,4.7,2,3,0,2
4.52,684,4.98,103.4,12.7,1,1,0,3
3.81,675,9.32,62.2,4.8,2,0,1,0
3.53,674,9.32,61.9,6.3,0,3,1,1
16.98,207,10.61,57.4,12.2,0,0,1,1
0.8,21,13.44,65.9,4.1,2,0,1,0
7.02,130,6.17,109.0,10.8,0,3,1,2
10.08,332,9.62,66.8,5.3,0,2,0,1
6.22,660,8.32,71.5,9.9,2,2,0,2
2.24,162,11.59,104.0,16.7,0,0,0,4
2.79,481,9.88,68.7,9.5,1,0,0,1
4.07,718,13.34,104.7,14.3,1,0,1,4
2.35,690,1.51,47.4,6.1,0,2,0,0
0.56,112,1.28,56.7,5.7,0,0,1,0
0.65,77,13.51,50.5,15.7,2,1,1,1
10.65,171,3.36,102.7,5.1,1,2,0,3
2.49,709,3.69,60.2,16.5,0,1,0,0
16.28,534,4.63,58.5,20.8,0,1,1,2
13.55,315,11.94,78.9,4.0,2,0,0,2
6.36,342,13.54,63.8,4.8,1,2,1,2
12.91,319,8.75,64.2,10.8,1,3,1,1
9.68,278,12.47,93.0,21.9,1,2,1,4
16.9,405,8.47,62.1,14.7,0,3,1,2
17.56,351,10.86,82.1,17.5,1,1,1,3
3.07,107,7.44,76.8,11.7,2,0,1,0
16.54,442,10.79,93.6,13.2,1,1,0,4
0.85,535,7.25,97.1,12.3,1,0,0,2
6.82,121,8.86,75.1,19.9,2,2,0,4
7.51,113,13.56,97.6,21.6,1,1,1,3
13.87,386,12.41,107.8,4.1,2,1,0,4
11.01,672,13.4,101.7,9.9,1,2,0,4
6.78,264,10.76,106.3,17.6,1,0,1,4
15.65,581,7.97,41.2,10.8,0,2,1,2
16.18,279,4.74,110.0,10.2,1,2,0,3
5.13,632,7.44,83.8,20.1,1,3,0,3
12.81,278,6.34,106.7,6.3,0,0,1,3
4.95,126,4.28,39.5,10.5,1,1,0,0
9.0,288,9.64,97.9,12.6,0,3,1,4
17.05,504,10.07,62.6,5.9,0,1,1,2
5.6,582,9.18,82.8,14.1,1,1,1,3
9.81,86,7.25,70.5,16.8,2,1,1,1
12.72,713,0.71,58.0,8.4,1,2,1,1
3.85,94,1.83,71.1,11.3,1,3,1,0
3.77,174,3.83,104.9,13.7,0,3,1,2
4.39,714,13.59,76.9,15.4,2,0,0,3
7.5,250,3.95,82.0,16.2,2,1,0,1
17.52,511,8.03,47.4,18.0,1,3,1,3
4.93,684,10.6,77.0,15.5,0,1,1,2
2.23,367,11.96,111.9,15.3,0,1,0,4
2.6,67,1.91,72.8,12.4,0,1,1,0
15.18,529,11.24,87.2,15.3,1,0,1,3
12.56,352,7.25,62.0,9.2,0,1,1,0
6.56,512,3.74,69.8,17.0,2,1,1,1
5.55,643,13.31,94.3,19.7,1,1,1,4
5.65,135,10.32,50.0,18.8,0,0,0,1
11.99,424,10.93,62.8,4.7,1,2,0,2
3.43,522,4.06,109.6,18.7,0,3,0,3
8.22,168,6.31,106.5,16.7,1,0,0,2
13.31,534,7.53,103.1,5.3,1,0,0,3
8.85,717,6.67,46.8,4.5,0,2,1,1
11.27,626,3.13,43.3,22.7,1,3,1,2
9.95,578,7.09,108.2,14.8,0,0,1,3
1.69,293,13.19,89.8,12.4,0,2,0,3
15.69,318,3.15,89.0,11.5,0,2,1,2
13.31,172,9.5,59.9,10.1,2,2,1,1
11.43,659,10.21,73.7,6.9,0,2,0,3
7.44,291,4.75,68.0,14.8,2,2,1,1
17.68,411,2.26,67.8,16.2,0,1,1,1
16.3,620,9.77,56.5,18.3,0,2,1,3
6.37,601,12.45,106.7,6.0,2,2,0,4
11.83,668,10.31,77.1,14.5,0,2,0,3
13.47,384,3.26,49.4,19.2,0,3,1,1
12.82,610,3.62,88.8,16.8,0,1,1,3
15.91,661,9.42,62.7,21.8,1,2,0,3
6.63,80,13.46,77.0,7.5,1,3,0,2
11.01,134,9.58,94.1,17.5,2,3,1,3
10.53,218,11.9,76.9,22.6,0,3,1,2
14.57,524,9.44,63.8,22.4,1,0,1,3
5.92,669,8.66,72.5,19.7,1,0,1,2
15.11,97,2.01,52.5,4.9,0,1,1,0
12.34,691,8.44,98.2,12.5,2,2,1,4
12.84,584,0.7,49.9,20.1,1,2,1,2
16.74,106,5.84,50.5,4.4,0,2,1,0
6.85,367,3.62,97.5,21.9,1,0,1,2
13.09,345,2.75,48.7,11.1,0,1,0,0
16.4,644,5.8,111.5,16.2,0,3,1,4
2.2,388,11.61,110.2,22.9,1,0,1,4
11.78,189,5.55,91.1,17.2,0,2,1,2
17.57,307,11.07,75.7,6.9,1,1,1,1
17.88,567,10.52,41.6,13.5,1,3,1,2
2.6,360,12.5,78.0,4.1,2,1,1,1
17.4,447,10.05,60.0,21.3,1,3,1,3
1.62,296,7.25,88.5,13.6,0,3,0,3
9.79,97,10.6,75.9,20.9,1,2,0,2
13.64,611,11.89,90.1,15.1,0,1,0,4
5.78,713,11.35,79.9,11.9,1,2,1,3
11.13,347,6.71,67.4,12.7,0,2,0,1
3.76,309,12.66,101.7,16.2,0,1,0,4
2.12,589,2.13,92.0,16.6,0,1,0,2
7.97,603,8.01,71.1,7.8,0,2,0,1
12.72,671,7.95,103.3,8.0,0,1,1,3
11.46,618,12.2,56.8,14.8,2,2,0,3
4.97,59,4.64,79.1,20.0,2,1,1,1
11.7,303,5.55,59.3,9.4,0,3,0,0
2.79,715,5.18,100.7,20.5,2,2,0,3
17.38,365,5.13,109.5,8.5,0,2,0,4
14.5,213,8.53,94.0,18.2,1,1,1,3
13.14,539,2.56,56.0,13.7,1,1,0,2
2.32,171,5.49,72.5,18.5,0,1,1,0
7.97,541,10.15,86.9,19.7,0,3,1,4
12.52,648,13.62,78.7,20.9,1,3,0,4
2.52,618,7.0,99.6,19.6,2,1,1,3
12.61,354,6.49,47.4,11.5,1,2,1,1
7.98,230,1.16,46.4,4.0,0,1,0,0
1.85,531,12.9,57.5,22.8,0,0,1,1
9.66,470,5.16,68.4,21.1,1,0,1,2
1.31,682,1.59,67.5,22.4,0,1,0,1
6.48,548,8.0,63.0,12.5,0,2,1,1
5.23,450,12.57,99.5,14.2,0,2,0,4
17.26,300,12.46,40.6,8.5,2,1,1,2
3.42,374,4.17,63.3,17.4,1,0,0,0
12.45,47,6.17,41.2,13.0,2,0,0,0
10.66,200,6.38,66.6,14.1,1,2,0,0
17.62,560,6.79,47.5,18.0,2,0,1,2
10.22,498,3.52,58.9,18.1,0,1,0,1
16.08,305,6.99,91.8,4.7,2,2,1,3
9.65,482,7.33,55.3,13.5,1,0,0,1
2.73,696,11.85,110.6,9.9,0,1,1,4
17.01,667,7.25,92.6,8.3,1,1,0,3
5.35,174,5.25,103.5,19.2,1,3,1,2
3.31,336,10.74,40.2,21.3,0,1,1,1
6.96,53,11.08,103.0,13.5,0,0,1,4
0.8,425,6.42,108.3,21.7,2,1,1,4
5.37,651,0.94,75.1,22.2,2,2,0,2
10.28,339,4.89,74.2,7.4,1,2,1,1
16.26,531,13.64,70.7,22.1,1,0,1,3
2.74,123,3.65,59.4,12.7,2,2,1,0
15.35,642,10.36,71.5,6.4,2,1,1,2
5.42,581,11.06,45.9,7.2,1,1,1,1
8.35,711,9.01,109.0,4.5,1,2,1,4
4.54,73,12.05,76.7,4.7,2,1,1,1
8.26,684,11.01,71.7,17.2,1,1,0,2
7.35,564,13.43,100.1,20.6,0,0,1,4
0.61,272,1.21,45.4,16.6,1,1,1,0
16.53,375,7.41,87.6,4.7,0,2,1,3
6.57,303,4.62,77.0,11.1,2,2,1,0
9.98,352,8.28,67.1,21.5,1,2,0,2
5.53,628,11.41,53.3,5.4,1,2,0,1
2.47,94,4.02,106.0,19.1,0,1,1,2
16.38,370,6.14,61.5,13.5,0,2,1,2
14.18,44,11.86,44.7,9.4,2,2,0,1
6.4,715,2.78,111.6,8.7,1,2,1,3
11.0,84,1.77,55.4,17.4,1,1,1,0
17.33,393,13.53,108.2,9.1,1,3,1,4
1.18,208,3.13,101.4,19.6,1,3,0,3
17.8,321,13.32,106.1,13.1,1,3,1,4
9.13,677,7.86,98.1,8.7,1,3,0,3
12.38,522,8.98,39.8,15.7,0,2,1,3
2.9,170,9.84,79.8,13.5,0,2,1,1
9.22,425,6.29,48.5,15.4,2,0,1,1
12.71,429,8.6,58.7,18.7,1,1,0,2
11.46,475,2.45,110.5,13.0,1,3,0,4
2.94,273,10.13,100.5,15.2,1,1,0,3
1.64,659,1.12,63.1,9.3,1,0,1,0
13.44,302,4.16,65.0,21.1,1,2,1,1
6.21,334,10.8,50.1,21.2,2,1,0,2
3.99,274,5.3,75.1,9.9,1,2,1,2
13.91,391,10.4,62.4,4.6,0,1,1,1
3.85,196,10.73,93.8,6.6,1,0,0,2
3.89,702,8.55,61.7,11.9,0,2,0,2
1.26,124,5.42,53.2,12.3,1,2,0,0
7.2,426,2.46,51.3,8.1,1,3,1,0
4.85,228,8.36,97.7,19.1,0,1,1,3
17.48,204,13.25,44.8,12.7,0,2,0,3
2.63,159,1.92,39.6,17.0,1,2,0,0
8.69,341,2.38,99.2,12.8,0,0,1,2
11.35,675,7.25,105.6,15.3,0,1,0,4
12.66,689,11.86,76.5,13.9,2,1,0,3
8.81,713,8.64,104.7,18.3,1,2,0,4
8.07,201,2.18,67.1,15.6,0,3,0,0
17.53,246,4.59,73.4,6.6,1,2,1,1
5.62,519,6.18,52.5,13.5,0,1,1,1
8.26,495,3.41,80.9,22.5,0,2,0,2
11.85,158,7.25,71.1,14.3,0,3,1,2
17.14,440,7.69,87.3,5.6,1,2,1,3
13.04,647,2.57,81.8,14.2,2,3,1,3
17.89,133,7.25,46.0,10.4,1,0,1,1
2.74,364,12.23,77.0,4.4,1,3,0,1
1.86,674,12.27,53.3,21.7,0,1,1,2
13.88,422,8.25,107.3,15.4,2,1,1,4
17.18,558,11.5,50.9,16.4,1,2,0,3
12.42,497,3.91,66.6,21.2,1,1,0,2
6.62,322,5.4,82.3,16.1,1,3,1,1
13.24,458,12.67,46.4,22.2,1,2,1,3
9.75,56,5.66,75.3,8.7,0,1,1,0
15.36,38,9.89,78.0,11.8,1,3,0,1
10.21,661,7.69,55.1,12.9,2,1,0,2
13.63,97,10.34,91.3,5.0,1,1,1,3
9.9,504,5.85,66.1,6.0,0,1,0,0
5.61,255,11.14,111.6,10.4,1,2,0,4
16.58,27,5.66,42.2,13.8,0,2,1,0
14.28,463,4.41,75.1,19.8,0,0,1,1
3.32,365,12.17,60.8,22.8,2,2,1,1
12.32,671,11.18,51.9,6.5,0,1,1,2
14.29,658,6.01,101.8,4.9,1,0,0,3
2.7,91,3.08,101.1,21.2,1,1,1,2
11.43,348,13.93,98.8,16.4,2,2,1,4
2.31,358,4.49,49.7,6.7,2,2,1,0
6.93,59,11.21,89.2,22.5,1,1,1,3
13.75,365,8.64,53.1,11.3,0,2,1,1
8.82,109,9.78,54.6,8.0,2,2,0,1
3.12,209,7.25,72.8,19.3,2,2,0,2
5.18,41,8.07,47.7,10.6,1,2,1,0
17.22,543,8.48,110.8,16.9,2,2,1,4
11.65,276,12.22,62.2,21.5,0,2,1,2
4.78,397,2.89,107.6,15.9,1,0,1,3
11.66,709,4.18,108.9,9.4,0,1,1,3
4.67,678,7.25,93.8,8.0,2,0,1,2
16.1,706,10.37,82.1,7.1,0,2,0,4
12.0,536,9.82,48.1,7.6,0,0,1,1
8.42,241,1.29,101.8,9.8,2,1,1,2
15.42,305,10.16,78.6,17.4,0,1,1,2
12.81,565,1.51,77.0,13.2,2,0,1,2
2.25,594,6.96,55.9,8.1,0,0,1,0
17.23,719,9.84,61.1,21.5,1,3,0,3
4.68,391,5.2,73.4,14.7,1,1,1,0
5.61,693,12.9,109.4,19.8,2,1,1,4
10.86,283,1.77,81.8,7.7,0,2,0,1
13.32,162,7.73,47.2,10.0,0,3,1,1
5.81,237,9.73,64.6,19.5,0,0,1,0
5.53,233,13.52,93.7,16.9,1,2,1,4
0.94,472,7.84,63.4,4.3,1,0,0,0
12.49,154,0.96,101.5,21.6,2,3,1,3
16.12,372,8.59,67.9,16.2,0,2,1,2
14.47,38,4.66,95.9,15.7,1,1,1,2
3.29,96,2.08,68.3,10.0,1,0,1,0
6.95,387,4.24,75.1,22.8,2,2,1,1
14.04,455,5.26,58.8,13.9,0,2,1,1
15.41,21,11.47,40.3,15.2,2,1,0,2
1.4,185,3.29,83.6,9.6,1,2,1,0
3.71,719,4.55,100.2,10.6,0,1,1,2
5.68,441,9.17,92.7,7.1,2,1,0,3
1.31,318,10.26,47.0,8.6,0,3,0,1
15.28,75,7.92,59.9,13.5,2,1,1,0
9.14,658,9.89,76.2,8.9,0,1,0,1
9.98,275,1.5,106.0,16.6,0,0,1,3
15.24,15,10.65,105.9,17.4,0,1,1,4
9.15,167,6.6,48.9,13.4,1,2,1,1
8.89,217,13.16,55.5,11.8,1,1,1,0
15.29,156,1.36,90.6,20.2,1,3,1,2
14.36,143,9.53,38.3,12.3,2,2,1,1
9.22,100,7.25,47.6,13.7,2,0,1,1
1.26,401,6.17,102.3,4.8,0,3,1,2
5.0,317,6.2,95.5,9.4,2,1,1,2
8.39,537,7.46,68.4,15.2,2,1,1,1
17.65,532,9.82,74.6,22.2,2,1,1,3
9.47,345,7.25,65.2,16.0,2,3,0,1
11.24,405,5.29,59.1,13.5,2,1,1,0
4.81,270,0.52,78.1,22.7,1,1,0,0
10.02,596,3.01,81.6,16.2,0,1,1,2
11.98,82,9.8,50.5,6.1,0,1,0,0
16.08,615,7.83,47.1,19.9,1,2,0,3
7.67,51,4.03,69.0,16.4,2,1,1,0
7.0,476,3.61,45.5,4.2,2,1,1,0
7.16,701,1.55,67.9,4.8,0,3,0,0
17.82,656,10.71,90.2,19.2,2,0,1,4
3.18,247,5.37,49.3,14.0,2,3,1,0
17.79,310,2.5,98.4,9.3,2,0,1,2
16.71,343,11.29,71.5,6.4,1,3,1,2
1.31,401,12.29,68.6,15.2,1,0,1,1
4.64,22,11.96,80.2,12.2,0,2,0,2
6.73,64,8.68,107.1,13.5,0,1,1,4
12.03,407,1.0,45.9,21.8,1,2,1,1
11.65,329,7.25,102.7,17.7,0,1,1,4
11.05,186,8.38,80.0,8.2,2,2,1,2
3.24,203,3.28,103.0,6.2,0,1,1,2
2.94,666,7.74,90.5,14.8,1,1,1,2
9.86,130,2.59,41.1,18.6,2,0,1,0
12.65,594,1.94,45.0,16.2,1,0,1,1
10.24,14,2.57,99.7,20.4,0,1,1,2
10.33,350,11.28,59.7,9.5,0,1,1,1
14.83,360,7.25,57.9,16.7,0,1,1,2
3.4,491,9.14,60.7,21.5,1,2,1,2
1.91,203,1.07,75.8,9.8,0,3,0,0
16.94,75,6.34,106.2,16.7,0,1,1,3
14.08,327,13.97,45.3,4.0,0,0,1,1
8.78,468,1.11,39.7,5.4,0,3,1,0
5.66,255,4.83,39.6,9.4,1,1,1,0
16.96,471,12.02,84.8,9.8,0,0,0,4
6.35,276,1.39,83.2,10.8,0,3,0,0
13.24,599,9.72,75.3,4.1,0,1,1,2
17.79,450,11.36,85.1,6.6,0,1,1,3
15.95,429,6.77,81.2,16.0,2,3,1,3
11.54,651,3.83,53.7,19.1,0,1,0,2
5.08,75,12.41,60.5,8.5,0,1,0,0
16.82,665,8.74,59.7,11.5,2,3,1,3
16.64,577,2.05,63.7,10.3,2,1,1,1
8.23,565,12.97,67.4,20.2,2,2,1,3
6.21,271,4.8,84.0,17.8,0,1,1,1
9.67,111,4.62,41.8,4.4,1,2,0,0
8.24,128,1.13,72.0,6.6,0,1,1,0
16.19,192,7.13,83.9,20.9,2,3,0,3
10.59,377,4.7,43.1,18.5,0,1,0,1
14.36,87,5.48,67.7,12.4,1,3,1,0
5.26,393,8.57,57.1,16.2,2,2,1,2
6.68,699,12.99,69.5,16.6,0,0,0,2
4.15,509,2.28,82.5,21.0,2,2,1,2
8.82,511,5.97,56.0,13.4,1,0,0,0
6.17,260,9.07,100.9,17.8,2,1,1,4
7.22,43,5.39,90.4,16.6,1,3,1,1
2.07,690,4.24,48.6,17.8,0,3,1,0
12.02,482,6.25,45.8,8.7,1,2,0,1
10.68,141,2.82,44.8,16.8,2,0,0,1
12.98,575,8.69,47.9,21.9,0,3,1,3
0.7,455,1.77,54.2,8.4,1,2,1,0
7.24,574,13.9,75.5,16.2,2,2,1,3
16.58,576,13.65,57.6,16.7,0,2,0,3
1.51,161,8.02,96.0,18.2,2,1,0,3
5.37,603,13.49,46.2,7.3,2,1,0,2
16.29,505,7.25,48.1,21.0,0,1,0,1
4.09,528,8.16,69.8,14.6,2,2,1,1
1.19,438,0.72,43.5,9.1,1,1,1,0
10.21,481,6.92,64.3,7.9,0,0,0,1
12.36,471,1.82,94.6,16.4,2,1,0,3
4.88,714,7.25,65.7,6.9,1,1,1,1
10.42,163,6.07,76.0,7.6,1,1,1,0
11.56,321,8.7,89.2,13.6,2,1,0,3
15.31,719,13.09,61.2,6.1,1,1,1,2
15.94,672,10.46,65.0,14.7,0,1,1,3
3.23,634,10.58,77.8,21.5,2,0,0,2
10.27,343,4.48,63.5,20.8,1,2,1,2
0.72,288,13.87,93.7,13.3,0,2,1,3
8.13,392,7.56,80.0,17.2,1,2,1,1
14.85,431,4.55,46.9,4.4,1,3,1,1
9.62,257,6.0,44.4,11.9,2,1,1,0
4.34,283,4.41,55.6,21.6,1,3,0,1
8.7,627,10.78,83.6,13.5,1,1,1,3
5.95,65,1.1,73.6,8.9,1,2,0,0
10.32,421,7.22,45.2,5.1,1,0,0,1
3.7,388,4.74,52.2,10.5,2,2,0,0
16.62,158,11.6,74.1,6.7,2,3,1,2
14.22,399,11.37,101.7,7.3,0,3,1,4
2.71,172,2.01,59.1,13.6,0,0,0,0
15.54,651,13.61,54.0,11.3,0,2,1,3
10.7,437,2.85,75.6,13.5,1,1,0,2
2.18,234,11.08,41.4,6.6,1,1,0,0
13.01,139,2.54,48.8,13.1,1,2,1,0
6.97,36,7.25,77.5,20.2,0,1,0,2
13.11,344,9.11,96.8,10.9,1,1,0,3
12.95,197,10.78,69.1,15.0,0,1,0,2
12.48,449,11.36,79.9,14.3,0,1,0,3
17.75,691,3.65,69.4,12.6,1,2,1,2
0.76,597,12.15,56.5,18.4,1,0,1,1
0.71,104,8.93,100.3,7.9,0,2,1,3
5.69,59,10.57,49.7,16.1,2,3,1,1
9.34,263,2.37,99.8,6.0,0,3,1,2
10.67,219,10.1,45.3,5.0,0,2,1,1
11.22,306,6.3,53.2,8.7,1,3,1,0
9.98,695,0.76,53.0,11.2,0,1,0,0
9.02,472,9.75,64.4,15.8,1,0,1,2
3.76,625,2.35,38.1,17.4,1,2,1,1
1.1,295,1.1,93.3,21.9,0,1,0,2
14.59,143,3.46,110.9,14.6,0,0,1,3
11.82,517,10.7,108.5,5.6,2,3,1,4
16.85,35,4.4,75.1,15.5,1,1,1,0
4.77,494,3.22,67.4,13.5,0,1,1,0
10.35,435,0.52,99.7,13.6,1,0,1,2
9.42,57,13.85,48.4,21.5,1,0,1,3
1.41,78,7.87,56.4,4.1,2,2,1,0
7.55,320,9.27,50.6,8.4,0,2,1,0
15.59,211,1.23,58.0,7.0,2,1,1,0
9.21,130,6.62,111.0,13.5,1,2,0,3
13.26,668,2.0,41.5,5.1,0,2,0,1
0.76,672,7.25,76.7,18.6,1,0,0,1
4.69,322,12.17,45.8,6.1,0,1,0,1
6.93,293,11.24,42.6,14.6,0,2,0,1
6.11,143,7.83,79.3,20.0,1,3,0,2
16.79,590,5.6,65.6,17.0,1,3,1,2
6.54,238,6.45,70.6,22.1,0,2,1,0
9.43,618,1.78,63.6,13.5,1,3,1,0
15.85,476,2.39,96.0,22.1,2,1,0,4
8.37,333,12.16,58.8,9.3,1,0,1,1
17.16,561,6.86,101.0,19.8,0,0,1,4
13.43,421,6.81,85.8,14.9,1,3,0,3
10.04,433,6.52,43.1,9.0,0,1,1,1
14.61,263,5.16,40.4,12.2,0,3,1,0
6.23,701,2.19,52.0,13.5,0,3,1,0
0.31,390,4.94,85.4,21.1,0,1,0,1
17.67,548,4.61,57.3,14.0,1,1,1,2
17.73,451,0.78,95.5,8.3,0,3,0,3
4.63,59,7.25,54.8,10.9,0,1,1,0
1.45,181,3.77,95.4,13.5,0,1,0,1
15.72,549,1.39,58.3,19.6,1,2,1,2
14.81,19,5.15,55.2,12.3,2,1,0,0
2.0,660,11.53,95.9,15.8,1,2,1,4
2.56,399,12.14,76.2,9.3,1,1,0,1
1.83,556,11.66,100.8,19.4,1,0,1,3
17.64,529,5.92,63.6,15.3,2,3,1,2
16.69,179,9.92,50.3,22.4,1,0,1,1
0.93,49,6.34,57.4,18.4,1,0,1,0
5.25,147,8.84,48.8,14.1,1,2,1,1
2.58,332,13.04,43.4,8.0,2,1,1,2
3.15,579,4.74,110.8,18.4,2,0,1,3
15.66,439,11.3,60.1,18.4,2,2,1,3
5.7,107,13.69,66.6,14.1,0,0,1,1
1.94,639,5.22,99.8,13.9,0,3,0,3
7.2,385,3.8,43.1,13.5,1,1,1,0
9.2,313,12.75,55.1,4.5,1,3,1,1
3.78,222,12.72,77.3,15.6,0,1,0,2
5.88,572,11.07,60.7,4.8,2,2,1,1
11.19,449,4.5,39.7,12.7,0,3,0,1
14.72,260,6.12,75.1,18.2,0,2,1,1
0.84,717,8.45,104.5,7.2,1,1,0,3
5.43,263,2.14,110.9,4.0,1,2,0,3
10.44,134,3.79,75.1,6.9,0,2,1,1
1.92,27,10.68,65.2,4.5,1,2,0,0
5.4,255,6.67,86.6,15.8,0,0,1,1
1.46,348,12.35,78.6,9.5,0,3,0,2
1.43,648,4.91,41.5,5.7,1,3,0,1
15.87,541,12.64,52.6,7.7,1,1,1,3
0.85,68,7.25,80.0,4.5,2,1,1,0
14.26,183,12.86,93.8,6.7,0,3,1,3
1.94,617,2.19,77.8,15.7,1,0,0,1
8.31,714,4.53,58.3,4.3,1,1,0,0
15.36,230,3.04,49.0,16.2,1,2,1,1
4.39,414,9.85,87.1,14.4,1,3,0,3
0.95,223,11.33,101.8,17.5,2,1,1,3
12.51,113,7.2,62.2,18.2,0,3,1,0
13.41,563,13.99,94.1,15.0,0,1,1,4
12.74,261,7.25,110.8,13.5,0,2,1,4
4.19,624,8.29,91.9,13.6,1,3,1,3
7.14,150,13.35,42.8,17.5,0,3,0,2
8.96,583,0.69,61.8,21.2,0,3,0,1
11.7,258,0.56,107.6,12.2,0,0,1,3
16.95,235,0.84,80.5,9.0,1,2,1,1
14.32,621,10.1,98.9,15.0,1,1,0,4
1.9,258,9.39,40.8,21.0,2,1,0,1
10.22,6,7.01,79.7,10.6,0,0,1,0
0.67,168,1.0,52.8,10.3,1,0,0,0
11.73,635,12.72,54.9,8.4,0,3,1,2
3.44,257,11.66,57.5,13.5,2,2,0,1
1.46,672,7.25,75.0,21.3,2,0,1,2
17.66,623,4.24,75.1,14.2,0,3,0,3
11.38,648,0.54,104.4,11.7,1,2,0,3
5.82,538,4.65,75.3,11.5,2,1,1,1
6.69,541,2.69,56.6,7.4,1,1,0,0
2.79,327,13.24,40.5,10.0,0,1,1,1
3.52,51,7.31,67.4,17.6,1,1,1,0
15.64,110,12.84,99.0,21.7,0,1,0,4
6.34,668,13.12,46.9,5.5,2,2,1,2
11.28,286,8.84,77.1,9.5,1,2,0,2
2.94,340,6.8,57.3,6.8,2,0,1,0
17.6,459,7.25,100.8,4.1,1,3,1,3
14.09,528,8.86,44.5,7.0,0,0,1,2
6.34,425,10.78,55.8,5.7,1,2,1,1
15.31,134,7.28,68.0,15.6,2,2,1,1
7.78,219,1.14,58.1,5.8,1,2,1,0
15.04,226,11.01,77.5,9.5,2,2,0,3
9.3,566,6.83,47.9,8.9,0,2,1,1
2.71,118,11.15,41.1,6.7,0,3,1,0
4.83,37,1.17,72.3,18.1,0,3,1,0
4.3,217,1.28,75.1,9.8,0,1,1,0
7.74,572,9.0,103.1,19.7,1,1,0,4
11.33,691,6.81,104.0,12.7,2,1,1,3
14.88,654,9.37,79.4,13.5,1,1,1,2
6.75,325,9.73,61.4,17.9,2,1,1,1
4.82,286,4.28,107.4,6.7,0,0,1,2
8.75,525,12.28,51.4,12.3,1,1,1,1
5.92,638,2.56,40.7,18.4,2,1,1,1
8.02,370,3.86,75.1,12.5,1,2,1,2
0.47,558,7.85,95.7,10.8,0,2,1,2
6.55,37,10.19,99.1,20.8,2,1,1,3
11.74,512,5.92,66.9,8.3,2,1,0,1
14.16,158,1.32,59.4,18.3,0,2,1,1
5.73,553,2.44,42.9,11.0,2,0,0,0
9.74,490,12.58,48.7,23.0,1,0,1,2
6.23,160,4.88,67.9,13.0,1,2,1,0
14.75,543,9.42,106.1,21.2,1,3,0,4
0.65,699,0.8,61.7,6.9,2,3,1,0
2.0,97,9.02,101.0,5.1,2,1,1,3
8.93,577,6.41,59.2,14.8,0,1,0,1
12.3,504,11.64,75.5,21.5,0,1,1,3
10.0,202,12.38,99.5,15.2,0,0,1,4
2.0,354,7.17,52.3,8.0,0,2,1,0
9.81,542,12.66,70.1,5.3,2,0,1,1
16.12,699,13.24,44.3,20.4,1,1,1,3
4.18,13,8.55,68.1,4.0,0,3,1,0
1.49,263,5.03,59.7,4.8,2,3,1,0
17.98,584,7.25,79.1,9.4,1,1,0,3
10.6,352,5.01,63.8,18.9,1,2,0,1
2.07,145,2.93,61.2,9.8,1,1,1,0
8.08,199,2.06,54.3,8.8,0,3,1,0
0.33,177,6.2,72.5,17.2,2,1,1,0
10.95,460,4.7,54.8,19.0,1,2,1,2
6.05,287,1.72,89.9,18.0,1,0,0,2
4.28,526,7.21,74.8,17.9,0,2,1,1
9.47,685,3.19,47.3,7.5,0,1,1,1
8.33,467,1.14,104.2,18.3,0,1,1,3
8.37,499,1.16,75.8,12.4,0,2,1,1
15.32,575,5.52,107.7,11.9,1,2,1,4
17.28,362,3.92,89.3,6.5,1,0,0,1
17.01,381,9.02,74.5,18.9,1,0,1,2
14.5,474,11.59,76.6,17.0,0,1,1,3
13.43,489,4.98,88.6,13.6,0,1,1,3
17.39,662,2.72,42.3,6.8,2,1,1,1
9.78,560,8.04,99.6,22.5,2,1,1,4
8.48,697,13.58,105.0,9.3,2,2,0,4
1.9,86,5.21,66.4,15.3,0,1,1,0
13.07,618,9.49,98.6,13.2,0,2,1,4
13.05,518,7.35,103.7,18.8,2,2,0,4
4.36,537,3.61,68.0,18.6,2,0,1,0
0.48,269,7.45,83.4,8.0,0,3,0,0
12.19,68,12.92,79.1,17.4,1,0,1,1
15.4,124,5.86,47.8,4.7,0,2,0,1
8.2,322,1.8,82.0,5.2,1,0,1,0
10.33,344,7.85,44.0,20.8,0,0,1,1
3.29,427,8.77,48.1,14.1,0,0,0,0
12.07,477,2.6,64.8,11.4,2,0,1,1
5.65,333,12.02,103.6,12.2,0,0,1,4
6.07,57,13.41,92.0,22.3,0,1,0,3
16.93,249,8.0,88.6,7.3,1,3,1,3
17.93,571,13.6,73.4,5.0,1,3,0,3
3.92,490,6.09,57.4,21.6,2,1,0,1
11.93,647,2.61,63.3,18.9,0,3,1,2
1.28,106,5.78,80.7,22.2,1,0,1,1
9.63,260,12.73,45.7,18.5,2,3,1,2
1.07,681,12.47,88.2,20.9,1,0,1,3
8.32,72,6.03,72.1,13.7,2,1,1,0
2.08,357,1.28,52.6,17.7,1,1,1,0
3.74,129,1.84,91.7,5.8,1,0,1,0
8.92,685,3.74,60.8,15.3,0,3,1,1
2.01,558,2.46,101.0,12.6,0,2,0,2
10.72,505,3.54,62.1,21.9,0,2,1,2
11.11,59,12.34,86.6,19.6,0,1,1,3
4.66,418,5.63,106.2,20.2,2,1,1,3
12.83,123,10.55,54.0,5.3,1,0,1,1
7.77,45,11.31,78.6,10.8,1,2,1,1
11.78,324,12.16,101.8,17.0,0,1,0,4
11.41,655,13.55,100.9,14.6,1,1,0,4
3.97,219,13.54,65.7,14.3,1,1,1,1
0.92,91,13.69,96.7,15.7,2,1,1,3
14.11,661,5.77,56.1,17.5,1,3,0,2
12.5,224,3.14,75.1,13.5,2,1,0,2
11.99,92,5.91,89.5,18.8,1,1,1,2
16.77,379,1.52,88.3,17.7,2,1,1,3
1.37,610,5.48,67.6,15.9,0,0,1,0
17.07,127,7.91,81.2,10.8,2,1,1,1
6.53,331,13.08,101.6,19.6,1,0,1,4
14.64,392,2.26,100.6,22.6,2,1,1,3
7.97,257,4.04,49.0,22.4,2,3,1,2
3.5,193,9.09,48.8,18.6,1,3,1,0
3.64,468,1.14,107.7,8.6,2,1,0,3
3.36,112,13.68,93.2,13.6,0,2,0,3
17.41,260,8.77,84.9,20.0,1,1,0,3
5.57,463,11.96,107.4,20.2,0,3,0,4
8.27,661,9.68,51.1,19.5,0,2,1,2
16.77,447,7.68,90.1,6.6,0,1,1,2
2.25,497,2.19,69.5,4.4,1,1,0,0
15.44,508,7.45,55.8,5.7,0,0,1,1
3.7,645,13.42,108.5,5.7,1,1,1,4
5.04,71,7.1,95.4,11.2,0,1,1,1
2.69,234,11.12,75.6,20.8,2,1,0,2
14.4,485,9.22,108.6,12.5,0,2,1,4
6.64,692,8.4,90.8,22.0,1,3,0,3
2.96,708,4.33,64.2,13.5,0,3,0,0
11.31,399,1.74,69.4,19.8,0,1,1,1
17.2,505,2.64,101.5,22.6,2,1,0,4
0.95,294,1.51,87.4,21.3,1,1,1,2
7.68,242,7.44,83.3,20.2,1,3,1,2
9.75,310,11.8,45.6,5.8,0,2,0,1
7.66,28,4.16,55.5,9.2,0,3,0,0
12.34,422,9.6,76.9,17.4,2,1,1,2
4.56,706,6.92,90.9,12.3,2,1,0,2
1.11,459,1.99,74.9,18.6,1,3,0,1
12.34,266,12.83,75.1,12.1,0,1,0,4
4.93,423,6.35,97.4,17.8,1,1,0,2
0.64,710,5.35,75.9,21.5,1,1,1,1
7.74,197,12.11,51.0,13.5,1,2,0,2
11.34,82,9.04,60.7,18.5,0,1,1,1
1.76,188,9.14,44.9,13.4,0,1,1,0
15.19,457,12.72,91.3,19.8,1,3,1,4
1.53,156,12.58,87.5,15.5,1,2,1,3
5.06,578,2.98,73.9,22.1,2,1,0,2
0.9,200,13.12,84.2,22.7,2,2,1,3
12.61,320,1.19,43.8,15.1,1,3,1,0
16.05,273,1.81,40.9,12.0,2,1,0,0
7.96,597,6.61,40.5,9.8,2,3,1,1
13.36,144,9.11,44.6,15.1,0,2,0,2
0.95,282,4.71,88.5,13.5,2,2,1,1
12.09,296,13.15,103.6,7.1,2,3,0,4
1.71,691,5.69,94.6,7.7,0,2,1,1
11.82,262,13.87,78.1,20.8,2,2,0,3
2.14,578,2.57,108.2,7.1,0,2,1,3
2.97,23,7.29,91.5,16.8,2,1,1,1
2.42,314,5.55,110.5,9.4,1,3,1,3
10.06,677,11.7,48.8,17.5,0,1,1,2
8.97,158,10.77,93.0,22.4,2,2,1,4
15.38,348,3.36,110.0,16.2,0,0,1,3
4.52,609,6.78,102.9,5.3,1,1,1,3
3.43,598,7.88,86.3,21.7,1,0,1,2
12.23,626,3.9,59.2,18.2,1,3,0,1
4.46,167,13.31,64.1,12.3,0,0,1,0
1.45,5,5.18,67.2,13.8,0,0,0,0
15.53,135,8.47,93.6,4.3,0,2,0,3
12.41,609,9.01,75.1,5.9,2,3,1,2
13.83,704,8.6,67.9,17.7,0,1,1,2
16.35,172,6.42,108.5,6.9,1,1,0,3
10.73,697,5.56,42.5,4.9,2,0,0,1
7.86,334,9.44,75.1,9.3,1,1,0,3
12.06,596,8.28,96.1,17.4,0,0,1,4
6.47,439,2.93,45.9,6.6,2,3,1,1
0.62,628,10.68,75.1,11.6,1,0,1,2
10.49,399,11.05,103.4,18.0,1,1,0,4
9.45,473,7.44,77.9,13.5,2,3,1,1
12.99,614,1.5,69.5,9.9,0,1,1,2
8.32,289,12.51,77.4,14.1,0,0,1,2
17.2,320,12.15,61.7,5.6,2,0,1,2
15.45,131,7.92,90.0,13.5,0,1,1,2
9.06,315,6.4,110.8,14.0,2,3,0,4
6.85,68,1.27,96.3,15.3,0,1,1,1
1.15,568,6.85,77.1,20.5,0,2,0,1
13.57,560,3.13,64.1,9.9,1,0,1,0
7.41,357,11.02,89.4,7.8,2,1,1,3
13.55,394,7.91,106.9,12.2,0,1,0,3
2.18,48,7.24,40.9,12.4,2,2,1,0
8.21,235,13.0,93.6,9.6,0,1,1,3
13.18,712,3.4,44.9,22.1,1,1,0,2
16.66,100,5.54,58.6,16.5,0,0,1,0
15.82,595,4.66,65.9,8.5,0,2,1,1
14.38,199,2.21,84.9,10.5,0,2,1,1
11.64,718,1.56,42.0,6.0,0,0,1,1
11.88,390,12.73,57.6,4.5,1,3,1,1
6.01,324,2.66,109.9,11.7,0,1,1,3
8.07,660,12.28,44.1,11.0,1,1,1,2
1.63,543,12.78,38.3,8.6,0,1,1,1
11.71,362,7.28,111.5,17.4,1,0,1,4
9.37,371,2.02,93.3,19.4,1,0,0,3
5.13,190,2.89,104.4,5.3,1,1,1,2
13.52,662,5.55,56.5,12.9,2,3,1,2
11.19,25,12.83,61.6,9.8,0,1,0,1
13.09,233,10.77,62.8,12.5,2,2,1,2
9.53,269,13.32,91.5,7.4,1,0,1,3
3.95,503,3.1,96.0,13.5,0,1,0,2
12.93,327,3.26,66.0,5.3,0,1,0,0
6.0,662,4.97,44.9,9.6,0,1,1,0
17.41,381,9.92,64.4,7.8,0,1,1,0
1.44,379,11.75,93.2,14.8,0,2,1,3
15.37,239,9.48,61.1,17.2,0,1,0,2
10.72,414,0.89,63.0,17.3,0,0,1,0
12.56,213,13.63,77.3,4.7,1,1,1,2
10.76,114,7.25,62.5,18.3,0,1,1,0
11.21,636,6.19,59.6,17.5,0,2,0,2
0.79,514,6.25,72.2,20.8,2,1,1,1
4.09,579,11.73,40.5,20.0,0,1,0,2
12.13,205,12.37,68.8,16.3,1,1,1,2
15.53,151,10.76,111.4,21.8,1,2,1,4
17.07,12,0.84,87.0,20.2,1,2,1,2
9.83,555,2.94,97.6,5.9,0,2,0,3
3.59,618,10.99,106.6,17.4,1,1,0,4
3.58,650,12.58,61.8,18.0,1,2,0,2
2.71,608,3.82,106.4,5.7,2,2,1,3
14.98,453,8.14,52.2,7.6,0,2,1,2
4.46,448,13.41,80.9,11.7,2,3,1,3
9.42,486,4.12,49.1,12.5,1,0,1,0
3.88,358,7.25,75.1,19.2,1,2,0,3
16.93,523,5.33,109.4,21.8,0,1,0,4
16.15,227,2.92,80.9,7.3,0,1,1,1
13.62,359,9.82,49.0,15.5,0,3,0,2
1.33,64,0.79,49.9,13.9,2,0,0,0
12.73,612,0.85,49.4,21.9,0,2,0,3
1.87,193,4.48,58.2,4.4,0,2,1,0
13.56,343,2.17,75.1,5.1,1,3,1,2
2.67,32,7.5,107.7,21.5,1,3,1,3
10.73,710,7.56,88.6,16.8,2,0,1,3
6.44,357,2.55,68.8,15.1,1,0,1,0
7.35,558,4.92,65.0,5.3,1,2,0,0
17.34,421,12.71,53.9,16.1,2,3,0,3
15.17,689,7.96,53.5,6.8,1,1,0,2
11.97,275,5.33,106.3,9.7,1,1,1,2
7.82,651,12.23,46.1,21.5,0,1,1,2
16.51,142,12.69,67.4,15.7,0,1,1,1
17.78,542,8.48,62.6,16.4,0,2,0,3
10.05,130,11.46,79.1,13.7,2,2,1,3
8.65,38,4.95,78.0,5.3,1,1,0,0
9.2,144,0.68,106.7,16.5,1,0,1,3
6.61,73,2.2,92.8,7.0,2,3,1,1
10.92,360,3.69,85.2,20.7,0,1,1,2
5.56,72,13.82,79.2,10.1,0,3,1,2
6.62,270,13.55,75.1,12.7,1,3,1,2
12.84,202,6.47,81.9,22.1,2,2,1,2
11.08,445,11.92,44.7,14.1,2,0,1,2
17.35,361,0.71,86.3,9.6,2,2,1,2
7.86,279,5.7,72.1,14.5,1,0,1,0
8.57,631,10.8,47.3,21.1,0,1,1,2
15.62,252,12.29,56.6,7.8,1,2,0,2
13.72,600,13.68,86.0,6.2,2,3,1,4
16.21,214,2.02,90.8,9.9,2,0,1,1
0.82,403,2.59,104.4,20.5,2,2,0,3
15.34,562,1.77,96.1,19.5,2,1,1,3
11.02,251,4.65,55.1,13.9,0,3,1,0
1.49,640,11.5,53.7,12.6,2,2,1,2
9.65,519,8.72,80.3,13.9,2,1,0,2
13.07,228,10.67,71.8,16.5,1,1,1,1
17.76,407,11.09,41.8,13.2,0,1,1,2
4.62,69,10.71,88.4,18.2,0,1,1,2
2.4,6,9.61,77.1,13.4,1,2,1,1
13.98,604,2.23,88.7,10.8,2,2,1,3
5.32,403,4.25,92.2,6.8,2,2,0,1
8.11,703,11.24,44.1,14.0,1,2,0,2
11.4,609,6.57,50.9,14.7,1,1,0,2
3.14,90,2.05,80.1,15.7,1,1,0,0
14.92,414,13.09,108.9,5.1,1,1,1,4
5.69,308,4.44,102.6,14.5,2,1,1,2
12.05,277,2.91,73.4,11.6,1,0,1,0
1.59,258,2.97,70.3,22.4,0,2,1,1
7.22,498,13.49,89.4,15.5,1,1,1,3
0.88,452,12.46,80.7,4.2,2,1,1,1
11.16,46,3.89,85.2,13.5,0,1,0,1
1.82,659,7.67,102.5,22.9,0,3,1,4
7.87,303,13.25,104.5,20.5,0,2,1,4
10.11,639,7.02,55.1,14.0,2,3,1,2
15.41,552,11.84,107.5,7.9,0,1,1,4
14.2,146,2.59,44.8,16.4,2,1,1,0
3.17,149,8.59,54.3,6.0,0,3,1,0
17.43,686,10.77,49.4,19.4,0,1,1,3
3.68,576,5.21,100.6,7.0,0,1,1,2
11.6,196,7.4,58.1,17.5,1,0,0,1
10.03,378,3.4,80.4,17.9,1,3,1,1
15.48,315,10.22,96.2,21.0,1,1,1,4
0.8,45,1.3,101.3,18.1,0,2,0,3
8.27,483,12.59,68.6,16.0,2,2,1,2
6.05,501,8.98,43.4,13.1,2,1,1,1
4.23,594,6.66,106.1,7.0,0,0,1,2
5.63,337,8.97,77.7,4.1,1,1,1,0
9.12,330,6.52,107.8,11.6,1,0,1,3
6.05,658,4.49,59.2,16.8,1,1,1,1
3.94,266,4.14,89.7,9.4,0,1,0,1
12.91,155,5.83,97.6,18.4,1,3,0,2
10.53,90,3.6,43.9,10.3,2,2,0,0
13.54,513,3.41,71.5,22.2,2,2,1,3
17.39,461,7.73,96.1,9.2,2,1,0,3
17.2,183,6.03,75.0,14.2,2,2,1,2
14.31,10,13.87,86.8,5.1,0,2,0,3
14.71,467,9.46,66.8,8.5,0,0,1,1
14.46,534,12.84,83.8,20.8,1,1,0,4
12.28,503,7.19,103.8,11.7,1,2,1,4
3.18,478,11.36,98.7,21.6,0,2,1,4
8.82,576,2.43,44.7,4.9,0,0,1,0
1.97,642,1.0,87.3,5.2,2,0,0,1
15.59,645,11.24,75.0,13.6,1,2,0,3
3.82,573,7.34,44.3,15.5,0,3,1,1
3.77,488,9.43,52.2,21.6,2,2,0,2
3.24,84,13.71,56.9,4.3,2,2,1,1
9.15,100,7.0,99.5,19.7,1,1,0,2
9.52,420,10.28,74.5,8.8,2,2,1,2
14.01,564,4.35,45.8,5.5,0,1,1,0
0.87,84,4.62,60.2,13.7,2,1,1,0
10.15,173,13.6,61.9,14.0,0,3,1,2
16.26,242,12.16,67.2,8.7,0,3,1,2
0.87,14,11.91,52.8,11.2,0,0,0,0
4.3,15,4.77,68.1,23.0,0,2,0,1
16.16,176,13.89,68.8,5.6,1,1,1,1
5.76,700,1.03,82.6,6.9,1,2,0,1
12.24,590,10.42,67.9,19.6,2,2,1,3
11.94,528,7.25,66.0,19.6,2,1,1,3
3.67,12,14.0,45.6,21.0,0,3,1,1
9.66,25,9.78,56.0,14.1,0,1,1,0
3.8,288,11.09,69.7,17.1,1,0,1,1
7.51,609,7.32,69.5,16.2,0,0,1,0
11.82,171,12.68,48.0,12.1,2,1,1,1
5.95,34,8.48,76.1,17.6,0,3,0,1
6.1,525,5.61,48.5,18.8,1,1,0,1
0.94,683,3.71,75.1,19.4,0,2,1,1
16.22,14,12.9,38.0,14.4,0,3,1,2
5.48,113,5.22,43.2,9.6,0,0,1,0
15.5,399,8.58,75.6,6.5,0,1,1,1
16.93,260,6.4,55.9,13.2,1,1,0,1
2.01,511,11.49,77.0,13.0,1,3,0,2
7.41,29,3.95,77.6,13.5,1,1,1,0
16.37,296,13.26,104.2,5.1,0,1,1,4
10.97,621,4.78,98.9,19.0,0,0,1,3
3.7,512,7.6,107.9,9.3,1,3,0,2
11.99,465,5.97,47.7,14.1,1,2,0,2
12.24,358,1.62,58.8,17.5,1,1,1,0
8.57,256,2.17,90.7,15.9,2,1,1,1
8.65,615,7.92,53.0,9.2,0,1,1,1
14.31,458,5.07,53.2,5.2,1,1,1,0
10.25,527,9.02,67.6,12.9,0,1,0,2
13.91,355,13.54,42.3,15.4,0,0,1,2
14.43,421,7.3,109.2,22.2,1,2,1,4
15.06,372,4.83,87.9,14.4,0,1,1,2
14.91,399,4.71,60.7,11.4,1,2,1,0
8.8,591,12.47,75.1,15.3,0,1,1,4
13.79,639,9.12,91.0,8.8,0,0,0,4
15.84,692,11.66,57.1,14.8,1,1,1,3
11.33,179,7.26,98.2,4.2,2,1,1,3
12.82,587,12.31,77.9,7.6,0,2,1,3
1.41,661,9.96,67.2,7.1,1,0,0,0
15.82,378,1.22,64.3,20.0,2,1,1,1
13.34,26,12.08,57.0,13.5,0,2,0,2
2.37,341,6.0,86.6,22.3,2,1,0,2
1.34,350,11.85,110.4,11.9,1,1,0,4
11.23,418,3.41,99.6,14.2,1,1,1,2
14.77,101,10.57,60.6,20.1,0,3,0,2
1.52,209,3.33,99.2,16.4,2,1,1,2
17.59,401,4.66,40.6,11.1,0,0,1,0
9.38,123,10.29,71.4,7.6,0,2,1,1
10.0,219,5.6,111.4,6.5,0,0,1,3
1.34,68,8.27,38.9,19.9,0,1,1,0
16.71,478,10.3,70.9,17.4,0,1,1,2
2.32,666,7.59,75.1,4.7,1,1,0,0
2.66,507,4.68,40.8,14.6,2,1,1,0
7.59,195,4.91,74.0,18.4,2,1,0,1
13.16,486,5.14,38.6,17.5,0,1,0,1
7.19,16,3.72,59.4,4.5,2,3,0,0
14.9,572,0.62,102.2,13.4,0,1,1,3
11.43,553,6.53,69.5,5.2,1,0,0,2
5.14,307,4.57,102.8,19.9,0,0,1,2
14.88,372,6.8,111.2,15.4,0,0,1,4
4.61,257,4.14,101.0,6.0,0,3,1,1
15.75,227,6.42,98.2,6.3,1,2,0,2
6.36,698,3.27,44.5,9.2,0,2,1,0
8.92,235,1.93,62.7,12.8,2,3,1,0
11.72,286,7.83,69.2,18.3,1,1,1,1
17.07,667,4.79,49.8,20.8,0,1,1,2
4.03,503,6.1,103.7,8.2,0,0,1,2
14.38,609,4.15,43.2,16.0,2,1,1,2
17.86,28,4.67,94.1,19.1,2,2,0,3
14.58,369,6.25,56.4,12.3,1,0,0,1
6.64,299,12.98,58.9,22.0,2,1,0,2
4.25,618,6.53,82.8,13.3,1,0,1,1
3.46,387,12.32,72.3,8.5,1,2,1,1
14.75,412,4.98,39.6,22.2,2,2,1,2
17.52,520,12.27,47.8,22.5,2,0,1,3
2.29,559,0.69,108.0,11.5,2,1,1,3
5.51,476,4.33,81.3,13.5,0,0,1,1
3.33,523,7.25,41.7,7.5,0,3,1,0
7.86,469,8.28,83.5,15.5,1,0,1,3
14.16,270,3.26,44.8,21.3,1,2,0,1
17.55,131,4.37,82.9,22.7,2,2,0,2
3.39,245,3.12,84.0,17.9,0,1,1,1
9.14,8,5.9,67.6,15.3,0,2,1,0
7.97,514,5.35,72.1,7.0,1,2,1,1
16.6,76,1.47,49.0,8.8,1,1,1,0
2.01,672,4.68,60.2,22.3,1,0,1,0
9.5,159,10.55,93.8,12.6,0,0,1,3
2.32,343,2.47,85.7,22.1,0,0,1,1
7.5,94,6.1,78.9,12.2,0,2,0,1
1.13,575,11.43,42.2,14.3,0,3,1,1
14.36,107,2.87,48.3,22.7,0,2,1,1
6.21,214,13.19,78.4,10.8,0,3,1,1
5.08,445,3.4,63.9,18.6,2,0,1,0
12.15,386,13.62,92.5,5.3,0,3,1,3
1.66,218,10.13,51.8,15.1,1,2,1,1
8.49,185,4.11,72.6,10.3,0,1,1,0
1.82,553,9.52,86.6,20.7,0,0,0,3
8.34,607,12.23,76.3,13.6,0,0,0,2
9.26,460,11.78,56.7,15.8,1,0,1,2
10.01,55,9.19,54.4,17.8,1,2,1,2
3.49,182,3.26,75.1,19.3,2,1,1,1
11.74,706,0.78,47.5,7.2,2,3,0,2
10.25,253,7.25,101.2,15.6,0,0,0,4
6.62,84,11.06,65.9,21.5,1,1,1,1
8.18,659,13.88,91.5,16.8,0,3,1,4
9.41,201,11.25,42.0,13.1,1,3,0,1
7.3,658,4.5,42.0,13.3,0,1,1,0
9.39,538,12.69,59.2,19.0,2,1,0,2
12.86,357,9.59,53.0,6.0,2,1,1,0
13.85,585,5.56,91.8,20.3,1,1,0,3
17.3,361,13.54,49.2,11.5,2,1,0,2
5.64,25,10.94,42.1,18.1,0,1,1,0
3.04,589,10.44,55.4,20.1,0,0,1,1
17.18,657,5.93,100.7,19.5,0,3,0,4
13.5,130,6.71,71.2,14.1,0,3,1,1
0.76,244,6.12,84.8,8.9,0,1,0,0
16.95,687,0.55,49.5,17.0,1,1,0,2
0.38,136,5.57,89.8,7.8,1,0,1,0
6.74,8,7.83,102.4,5.0,2,0,0,2
1.94,583,4.92,68.0,21.5,2,1,0,1
13.18,702,8.35,66.4,15.1,1,0,1,1
14.72,595,4.57,47.3,18.5,0,1,1,1
14.23,468,3.92,62.6,18.8,0,3,0,2
12.63,144,4.1,55.1,20.0,0,3,1,1
13.02,475,6.03,52.1,17.1,0,0,1,1
3.91,501,5.91,73.6,11.3,0,2,1,0
9.67,639,12.3,52.6,8.5,1,3,0,2
12.99,541,5.16,99.1,21.4,2,1,0,4
9.58,516,1.38,60.8,15.6,1,1,1,0
2.85,646,3.91,78.7,22.3,0,1,0,1
5.02,386,7.54,51.6,20.8,1,2,0,2
7.82,66,8.06,85.8,13.5,0,3,0,1
4.75,390,9.66,51.5,7.5,0,1,1,1
9.4,218,2.59,66.0,9.2,1,0,1,0
15.91,612,6.16,88.8,11.1,1,1,1,2
6.94,230,12.35,61.4,7.8,1,2,1,1
17.16,630,2.51,46.6,12.9,0,3,1,1
5.75,622,6.08,56.3,15.7,1,1,1,1
0.48,566,7.42,51.1,18.2,1,2,1,1
14.98,50,4.33,58.6,17.1,2,0,0,1
11.04,325,6.43,75.1,22.3,2,2,1,3
12.58,459,3.63,55.9,18.5,0,1,1,1
14.63,326,3.59,93.7,14.8,0,2,1,2
16.7,396,0.72,61.1,13.5,1,3,1,1
11.72,35,6.36,74.0,16.4,0,1,1,0
15.92,57,13.6,53.3,17.0,1,0,0,2
12.35,559,10.82,46.9,16.0,2,2,1,3
5.43,611,3.26,44.6,18.0,0,1,0,0
2.44,668,3.17,72.6,10.7,0,1,1,0
2.75,99,6.11,108.6,8.2,1,2,1,2
5.48,139,9.61,56.9,7.4,0,2,1,0
1.24,217,13.06,50.9,18.2,1,1,0,1
17.16,217,9.47,66.8,7.8,2,1,0,1
7.5,176,7.68,93.1,6.3,1,2,0,2
9.91,620,0.51,74.9,7.3,0,2,0,1
3.94,81,4.77,96.4,17.6,0,1,0,2
14.54,713,5.2,52.5,22.4,0,0,0,2
5.57,598,6.67,91.1,9.7,2,3,1,2
4.39,176,12.47,67.5,15.2,0,2,0,2
1.3,601,8.45,43.6,16.6,1,2,1,2
15.84,118,3.95,75.1,5.4,0,2,0,1
13.41,395,10.01,44.5,8.3,0,0,0,1
2.37,170,12.58,88.1,19.0,2,2,1,3
6.69,680,13.75,105.0,9.6,2,3,1,4
16.23,242,12.92,63.7,19.7,2,2,1,3
14.7,504,12.08,87.5,10.2,1,0,1,4
16.57,710,2.63,80.0,15.4,0,0,0,2
2.32,510,4.92,101.3,15.7,2,0,1,3
16.15,9,4.54,106.0,23.0,2,1,0,3
14.7,400,11.45,99.9,18.3,1,1,0,4
9.0,155,7.07,81.3,13.7,0,1,1,1
14.47,241,1.86,64.9,9.4,2,3,0,1
13.91,138,13.06,50.2,19.6,1,2,0,2
16.14,260,3.7,58.7,8.2,1,3,0,0
2.7,437,11.33,83.4,14.1,0,1,1,2
11.91,267,2.34,80.1,12.1,0,3,0,1
13.26,308,5.68,59.9,16.8,1,2,0,2
1.12,478,10.98,72.9,17.2,0,1,1,0
9.28,543,2.84,41.9,4.7,2,0,1,0
9.01,177,5.11,106.5,22.0,2,2,0,3
1.45,191,1.44,78.0,6.9,2,2,0,0
13.02,171,1.16,97.0,4.7,0,1,0,1
11.63,162,7.33,58.5,9.1,2,0,1,0
5.45,379,8.43,43.8,6.9,1,1,1,0
15.37,620,1.47,109.5,22.7,2,1,0,4
7.19,680,5.89,82.9,17.6,0,1,1,2
10.07,690,11.03,106.1,11.4,0,2,1,4
4.12,127,5.61,68.9,13.8,1,1,1,0
8.09,688,12.01,74.6,6.3,1,2,0,3
14.26,699,6.17,87.5,12.4,0,2,1,3
0.36,546,0.8,103.2,5.5,1,0,1,1
16.37,333,12.56,39.2,11.9,0,2,0,3
7.05,126,12.95,50.3,7.7,2,1,1,1
0.67,71,5.93,43.9,6.4,2,0,1,0
9.05,425,8.37,88.1,19.6,1,0,1,3
2.69,35,11.83,63.5,13.9,1,1,1,0
3.07,242,2.43,96.8,10.1,0,1,0,1
10.06,321,9.97,99.7,16.8,0,0,0,3
10.68,386,6.56,86.2,13.4,1,1,0,0
4.09,409,2.35,49.6,7.5,0,1,1,0
10.05,361,10.55,91.4,9.4,0,1,1,3
12.1,312,13.86,103.0,10.5,2,1,0,4
14.21,647,6.45,75.1,11.7,0,2,1,3
3.31,225,12.33,40.5,5.5,1,1,0,0
7.93,88,3.56,87.1,16.3,0,0,1,0
3.26,641,8.44,105.0,22.2,2,3,1,4
12.97,173,6.5,108.1,6.0,0,2,1,3
3.7,437,13.07,98.3,10.5,0,1,1,3
7.53,502,1.74,49.2,18.8,2,1,1,1
11.03,6,11.29,54.0,20.0,1,3,1,2
13.76,585,3.92,105.6,15.3,1,1,0,3
6.59,288,8.04,65.1,14.8,1,2,1,0
5.35,353,7.25,108.4,9.2,1,3,1,3
8.84,456,9.38,66.0,20.0,1,1,1,1
6.99,233,4.3,53.0,8.4,1,1,0,0
11.48,453,7.25,56.9,20.1,1,3,0,2
4.94,143,9.41,86.9,13.3,2,2,1,2
14.73,330,4.42,83.8,10.2,0,2,1,1
3.78,234,6.01,82.1,8.4,0,1,1,0
8.98,581,8.97,46.5,16.3,1,1,0,1
4.46,377,5.75,41.8,9.2,2,1,1,0
10.3,23,5.99,56.4,10.0,1,1,1,0
3.66,512,2.45,104.5,12.5,2,2,1,3
2.81,694,10.54,57.3,11.8,1,1,1,1
5.8,692,9.95,64.0,13.5,0,0,1,1
15.17,307,10.6,78.7,21.9,1,0,0,3
11.27,675,2.97,63.7,14.0,2,3,1,2
6.06,444,7.46,102.0,12.1,0,0,1,3
3.62,600,8.62,50.7,16.6,2,0,0,2
8.64,306,6.76,82.1,13.3,2,1,0,2
11.94,525,1.33,68.6,22.8,0,1,1,2
9.08,75,3.44,83.7,20.0,2,2,0,2
17.9,380,5.29,69.1,12.0,2,1,0,2
1.65,400,7.34,92.3,4.4,0,3,1,1
15.73,322,5.65,91.3,4.2,1,1,0,1
6.17,406,9.45,56.0,19.5,1,0,0,1
10.6,463,9.86,95.7,4.7,1,0,0,3
14.72,417,9.08,108.9,18.2,1,2,1,4
6.64,458,9.11,79.5,7.8,2,1,0,1
4.83,481,2.84,100.3,21.5,1,0,0,2
9.95,369,4.84,63.0,18.8,2,0,1,1
8.98,66,7.25,61.3,16.1,1,2,1,0
17.78,468,6.21,62.5,14.1,0,2,0,2
16.5,604,3.64,81.6,7.9,2,0,1,2
13.32,111,12.96,75.5,17.8,0,1,0,3
6.35,616,8.89,86.3,12.0,2,1,0,3
14.02,655,3.63,106.3,14.8,2,3,1,4
4.75,47,7.25,73.7,8.8,0,1,0,1
14.8,666,12.47,47.4,11.1,0,1,1,3
8.97,254,7.57,59.1,16.3,2,0,0,1
16.77,220,13.9,61.0,10.0,1,1,0,2
3.18,596,5.71,87.6,13.1,0,2,1,1
2.34,493,9.2,108.8,22.6,1,1,1,4
13.82,577,7.22,38.7,22.8,1,1,1,2
13.06,582,12.56,65.9,15.1,2,3,1,3
5.08,576,4.23,80.3,16.0,0,2,0,2
8.77,18,8.54,56.0,17.5,1,2,1,1
10.15,364,4.21,56.2,17.2,1,2,1,1
4.23,64,11.78,76.1,21.7,2,2,0,2
15.41,624,8.65,64.1,10.4,2,0,1,2
4.63,167,12.39,92.6,4.6,1,1,1,3
16.7,55,10.66,43.2,21.5,2,2,0,3
16.53,516,6.0,58.9,7.2,2,1,1,1
9.97,106,8.7,71.3,10.8,0,1,1,0
16.52,555,9.22,88.3,6.1,2,0,1,3
13.67,108,9.61,89.4,22.4,0,2,0,3
11.59,410,6.75,110.6,18.5,0,3,0,4
17.59,31,4.95,111.5,19.3,2,1,1,4
4.12,84,2.8,105.5,20.0,1,1,0,2
6.37,212,10.72,90.1,18.2,1,1,1,3
3.66,189,4.92,75.1,8.6,0,2,1,0
13.05,544,12.29,91.9,14.3,2,2,1,4
13.08,627,1.1,71.5,13.5,1,3,1,2
1.66,675,12.45,71.5,14.5,2,0,0,2
13.56,325,12.4,103.3,11.1,1,2,1,4
14.03,668,11.81,95.3,13.0,2,1,1,4
7.44,87,7.17,92.0,5.9,0,0,1,1
9.48,281,9.12,41.4,8.8,0,1,1,0
14.41,698,3.66,54.3,11.2,0,3,1,2
10.84,540,3.09,54.7,13.7,0,0,1,1
16.07,324,11.57,104.7,16.2,2,2,1,4
4.86,265,11.47,87.5,23.0,2,1,0,3
9.38,526,4.32,89.6,4.3,2,1,1,2
2.05,432,10.16,39.4,10.3,1,2,0,1
1.61,539,3.02,53.3,17.0,2,1,0,1
6.92,9,11.83,43.9,13.4,2,1,0,1
4.14,64,3.35,65.8,13.1,2,1,1,0
14.01,375,7.55,44.6,20.6,2,1,0,2
17.09,602,3.57,106.6,6.6,0,2,0,4
4.79,165,7.83,55.2,19.3,2,0,0,1
6.25,68,10.84,57.5,11.8,2,1,0,1
14.02,397,10.28,59.4,14.1,0,2,1,2
8.54,689,9.09,56.7,21.8,0,2,1,3
8.94,138,13.44,55.5,18.5,2,2,1,2
11.06,227,3.99,90.5,13.1,0,3,0,2
2.61,81,13.64,64.9,19.9,0,2,0,1
14.94,534,3.18,74.4,14.4,2,1,1,2
8.41,197,13.46,83.5,13.5,2,3,0,3
11.62,228,0.69,110.4,12.1,2,2,1,3
4.31,368,1.9,107.6,22.3,2,3,1,3
10.11,181,6.68,56.2,21.1,1,1,1,0
13.58,510,3.41,38.6,5.8,1,2,1,1
17.27,330,3.71,87.2,19.8,0,3,1,3
11.7,573,13.07,72.0,12.7,1,3,1,3
7.85,35,11.99,46.7,10.5,1,2,0,1
13.48,610,13.01,55.2,14.4,1,3,1,3
11.21,30,7.35,49.0,22.3,2,3,0,1
13.06,275,13.26,99.7,6.0,1,3,1,4
7.06,408,2.22,100.2,13.5,1,1,1,2
14.41,125,7.12,90.3,6.4,1,1,1,1
2.88,424,11.27,91.5,20.7,2,2,1,4
8.62,454,9.14,104.3,11.9,0,1,1,4
6.25,573,7.66,62.0,6.9,2,1,0,0
11.25,354,2.41,90.9,20.5,0,0,1,2
4.68,128,0.91,84.5,14.1,1,3,1,0
5.91,714,9.69,78.2,20.9,0,1,0,2
11.47,494,4.11,55.6,12.7,0,1,1,1
14.57,382,9.65,55.0,15.3,0,1,1,1
14.71,615,7.98,93.4,4.9,2,1,0,4
14.85,41,6.34,98.4,14.2,1,1,1,2
2.09,239,7.12,91.0,17.6,0,1,1,1
3.81,306,2.6,79.4,6.7,0,2,0,1
9.81,33,11.88,55.1,21.6,2,3,1,2
7.65,521,12.92,88.9,17.6,1,2,1,4
14.84,418,5.62,96.3,17.4,1,1,1,2
2.61,91,8.9,101.4,14.3,0,1,1,3
6.68,710,1.29,96.4,5.4,0,1,0,2
11.03,240,7.92,100.8,22.3,0,3,1,4
16.37,599,7.05,92.8,10.1,1,2,0,4
7.0,610,10.93,94.2,21.8,0,1,1,4
6.6,107,5.37,81.2,17.5,2,0,1,1
3.63,252,6.25,105.9,17.2,2,1,0,3
8.95,457,3.67,83.8,15.9,0,0,1,1
1.19,459,10.11,57.0,6.8,1,2,1,1
2.88,235,1.23,95.2,7.8,1,3,1,0
1.92,42,12.94,102.2,15.8,1,2,0,4
17.03,21,3.55,100.9,14.3,2,1,1,3
6.22,262,4.51,70.9,19.0,2,1,1,0
12.36,64,5.69,58.0,19.7,1,2,0,0
8.79,474,10.63,49.5,6.3,0,0,1,1
0.94,69,0.88,74.9,22.1,0,0,0,0
8.06,479,3.16,91.9,7.7,0,1,0,1
1.19,64,5.88,47.9,19.3,0,1,0,0
12.75,182,2.69,107.6,16.0,1,1,1,3
3.29,257,11.2,75.9,13.5,1,3,0,2
2.29,314,11.25,52.9,21.3,0,3,1,1
0.66,586,10.2,75.1,8.9,2,3,0,4
12.03,44,1.02,75.6,17.3,1,3,1,1
8.12,552,7.07,76.4,19.3,0,1,1,2
16.02,267,12.54,68.2,5.3,2,0,1,2
4.35,500,3.73,94.4,15.6,2,2,0,2
14.9,75,0.94,38.3,15.6,1,0,1,0
10.1,235,6.73,94.5,13.5,2,1,1,2
4.51,281,5.82,83.9,22.9,2,3,1,2
14.01,462,7.89,40.1,8.7,1,2,1,2
15.3,150,3.37,50.5,5.9,1,3,0,0
8.46,70,12.57,61.7,13.8,1,1,1,1
4.84,70,11.88,64.7,10.0,1,1,0,1
2.67,158,7.73,74.2,16.8,1,1,0,0
5.2,367,13.16,42.4,10.2,2,1,1,1
1.9,686,10.21,104.1,8.4,2,1,0,4
14.68,645,1.09,86.2,6.1,0,1,1,3
3.01,41,11.97,107.8,7.2,1,2,1,3
2.36,92,7.47,78.6,5.5,2,1,1,0
7.34,147,7.71,98.2,13.0,0,2,0,2
14.11,216,7.25,78.2,6.3,0,1,1,0
14.25,247,10.07,80.6,11.4,0,1,1,1
3.68,543,8.15,63.3,7.6,0,3,1,0
2.42,674,9.72,86.4,22.4,0,2,0,4
12.07,122,2.01,43.3,5.4,1,0,1,0
17.99,234,2.19,107.5,13.5,0,3,1,4
17.94,214,8.09,68.3,11.8,1,3,1,1
4.57,139,1.27,86.0,21.7,0,3,1,1
11.82,133,11.4,42.2,16.9,0,0,0,1
13.47,277,2.65,96.4,12.6,1,0,1,2
14.71,592,11.84,109.7,6.9,2,0,1,4
10.3,696,9.59,67.8,12.6,1,2,1,3
8.67,547,7.61,48.9,11.4,2,0,0,1
3.41,523,4.77,77.1,6.9,2,3,1,0
9.49,47,5.35,84.0,13.2,1,0,1,1
4.05,80,10.22,92.7,20.8,2,2,1,3
7.25,396,9.3,55.2,7.7,0,0,1,0
1.6,139,12.08,98.7,16.0,1,0,1,3
17.03,504,12.64,95.2,4.6,1,2,1,4
2.01,409,8.71,56.8,12.3,2,0,0,1
15.21,450,7.53,94.3,22.1,0,1,1,3
5.0,618,10.05,85.5,13.8,1,3,1,3
6.41,487,3.67,75.0,16.9,2,1,1,1
2.5,79,10.43,91.1,11.8,0,1,1,2
17.65,513,7.98,61.2,11.0,1,1,0,2
16.37,47,3.11,49.8,15.0,0,3,1,1
11.38,213,8.49,109.2,12.4,0,3,1,4
13.26,377,12.07,90.7,14.5,1,0,0,4
5.96,459,9.81,46.3,5.1,0,1,1,0
12.81,77,9.64,82.8,11.0,1,1,1,2
3.34,84,12.76,83.1,18.1,2,2,0,3
4.91,366,13.14,91.6,13.5,1,2,1,3
8.0,300,7.25,43.7,21.1,1,0,1,0
1.27,687,8.6,81.1,17.3,0,1,1,1
1.24,662,7.44,105.7,19.7,0,1,0,3
15.01,134,7.25,89.5,15.5,2,1,1,3
17.92,691,1.05,93.8,17.5,0,2,1,3
6.78,190,2.06,87.7,14.9,1,1,1,1
9.32,321,11.58,49.8,13.8,2,2,1,2
10.94,140,6.65,98.6,18.5,1,1,1,3
5.18,689,9.02,104.2,13.3,0,3,0,4
1.76,184,12.77,77.6,4.4,1,3,1,1
8.41,371,8.07,85.6,17.7,0,1,1,3
10.7,657,2.38,70.9,7.4,1,1,1,0
17.28,636,5.05,92.5,21.6,1,0,0,3
11.47,457,4.07,93.9,19.7,0,1,1,3
9.87,691,5.78,38.4,14.1,0,2,0,2
17.33,614,6.39,72.7,5.8,2,2,0,2
10.86,349,9.07,108.7,7.9,2,3,1,4
5.09,205,10.05,60.5,22.3,1,3,1,1
1.07,135,1.74,54.1,19.8,0,1,1,0
9.21,95,11.6,61.5,20.8,0,3,0,2
17.7,555,10.21,75.6,16.2,0,3,0,3
0.77,59,1.81,65.0,11.6,1,3,0,0
2.86,12,7.25,38.1,8.5,0,2,0,0
12.03,107,10.7,70.5,7.1,2,2,1,2
11.08,663,8.22,40.0,7.6,0,1,1,2
7.16,717,0.74,106.9,6.7,0,2,1,3
14.45,221,6.03,90.9,21.2,2,1,1,2
2.75,712,1.79,101.3,20.2,2,0,0,3
17.01,81,7.34,108.1,17.8,0,1,1,3
16.13,591,8.89,94.2,11.8,0,0,0,4
4.02,216,10.99,45.0,6.1,1,2,1,0
6.4,173,9.22,111.9,6.4,0,0,1,4
7.11,685,1.05,64.8,16.3,0,0,0,1
14.71,434,4.82,57.3,9.0,0,2,1,2
16.47,24,7.0,57.7,18.9,2,3,1,1
7.95,206,2.01,67.2,20.1,1,1,1,0
3.31,136,13.51,110.7,5.4,0,1,1,3
17.38,438,12.24,60.7,14.5,1,2,0,3
17.57,209,1.8,101.9,9.0,0,1,1,2
6.15,34,1.02,78.8,20.9,2,1,1,1
3.88,351,3.55,44.8,18.0,1,2,1,0
8.66,418,2.34,65.0,20.1,0,2,1,1
7.77,520,8.09,44.9,7.0,1,1,0,0
4.72,658,1.77,101.8,16.6,1,3,0,3
5.75,363,7.25,68.4,15.6,2,0,1,1
8.94,236,11.07,74.3,15.7,0,0,0,2
10.7,577,2.93,57.2,21.0,0,2,1,2
15.45,414,4.75,52.8,12.1,0,1,1,0
7.15,67,11.26,65.6,19.9,1,2,1,2
1.67,155,2.01,69.2,14.8,2,1,0,0
16.68,638,7.25,75.1,8.6,1,0,1,2
13.73,72,8.75,67.9,14.1,1,2,1,0
13.66,171,11.14,60.5,9.8,1,1,1,1
16.99,467,13.81,67.5,21.2,0,2,0,4
13.79,104,13.47,40.1,11.7,1,3,1,2
1.37,528,13.67,51.8,21.5,0,2,1,2
4.79,371,3.72,110.2,16.0,1,0,1,2
15.37,16,12.45,102.8,19.1,0,1,1,4
13.47,470,9.17,89.7,8.2,0,3,1,4
7.62,677,4.95,45.8,15.5,0,1,1,1
9.24,248,5.97,38.2,4.2,1,1,1,0
5.31,617,4.73,64.9,7.0,0,1,1,0
1.19,717,3.4,98.4,18.9,0,2,1,3
16.15,667,12.14,47.2,9.0,0,3,1,2
16.8,116,8.81,77.3,8.9,1,1,0,1
2.63,425,3.47,38.4,11.5,0,3,0,0
14.19,443,9.33,69.2,8.1,1,2,1,2
17.62,632,4.56,71.2,21.2,0,3,1,2
16.42,191,6.86,108.9,14.7,2,1,1,3
5.39,138,5.33,51.8,4.4,0,3,1,0
9.26,605,9.63,84.8,22.3,0,1,1,3
0.94,517,12.8,94.2,4.4,0,2,1,3
6.96,474,3.28,83.8,13.5,2,3,1,2
4.26,527,7.73,85.2,13.5,0,0,1,2
17.57,628,11.68,92.7,12.5,1,2,1,4
16.51,233,9.4,50.1,10.3,1,0,0,1
8.58,470,12.78,46.1,15.3,2,1,1,1
13.48,603,4.82,101.0,4.9,2,1,1,3
17.79,187,9.06,43.0,12.8,1,1,1,1
7.38,170,7.04,102.2,5.6,2,0,1,2
11.61,309,11.19,41.2,10.9,0,0,0,2
16.28,641,13.08,75.1,4.7,2,1,1,3
8.89,712,10.61,74.8,6.7,1,2,1,2
12.59,422,1.63,83.1,20.3,0,2,0,2
17.01,167,7.72,82.6,15.9,1,2,0,3
9.23,546,7.01,40.2,12.2,1,2,0,1
1.58,488,9.29,63.9,17.2,1,2,0,2
13.63,305,11.98,38.2,13.5,2,2,1,3
7.05,442,4.35,60.3,22.5,1,1,1,0
9.07,49,2.25,70.8,9.2,2,0,1,0
9.57,315,6.74,47.4,8.3,0,1,1,0
7.7,606,6.28,91.8,15.9,0,3,1,3
16.66,167,2.72,76.3,8.4,1,1,1,0
8.45,693,5.34,81.1,10.9,1,1,1,1
15.2,565,13.09,111.1,19.4,1,1,1,4
16.46,434,7.43,79.0,10.2,0,1,1,2
2.86,417,2.17,89.4,8.0,0,0,1,1
16.08,468,11.99,88.8,16.8,0,1,1,4
1.86,363,0.59,87.0,19.4,2,0,0,1
7.37,365,2.55,102.1,21.6,2,3,1,3
6.58,314,11.23,97.2,12.5,1,1,1,3
0.69,398,7.01,44.3,20.9,0,2,1,1
16.91,350,4.58,110.1,16.2,1,0,1,3
15.04,599,0.7,110.1,11.3,1,2,1,4
13.76,126,3.97,93.8,8.4,1,1,1,2
10.77,197,4.85,112.0,17.3,0,2,0,3
8.46,168,5.91,68.4,14.3,0,0,0,0
1.86,633,3.55,54.0,12.3,1,1,0,0
7.51,135,10.28,41.5,14.8,0,1,0,1
11.8,542,12.83,112.0,5.6,2,3,1,4
9.71,189,6.18,90.1,6.8,0,3,1,0
10.36,280,2.66,70.0,15.9,2,3,0,1
2.57,609,1.62,76.2,17.2,0,2,1,1
2.78,430,1.29,63.5,6.0,0,2,1,0
12.04,250,6.11,83.7,15.7,2,1,1,1
17.31,211,4.26,52.0,15.8,2,1,0,1
12.16,421,7.13,88.1,4.5,1,1,1,1
14.75,355,9.87,39.6,6.9,2,2,0,2
3.84,573,3.43,58.6,8.7,1,2,0,1
3.25,19,12.77,56.3,4.6,1,3,1,0
7.09,70,8.01,93.8,22.9,2,1,0,3
17.26,204,10.01,78.5,21.0,1,1,0,3
11.16,60,1.55,50.1,5.4,0,2,1,0
12.99,586,2.62,67.4,6.1,2,1,1,1
5.35,355,13.63,110.6,4.2,0,3,1,4
7.94,524,5.39,43.7,22.0,1,2,1,1
17.66,38,12.84,72.4,7.7,1,3,0,1
2.78,218,1.7,110.9,5.4,0,1,1,2
14.11,213,7.21,51.9,16.6,0,1,1,0
8.38,409,10.06,102.5,16.6,0,2,1,4
8.13,552,4.87,96.3,4.8,0,1,1,2
17.91,223,5.6,102.0,20.8,0,1,0,4
4.87,271,4.47,102.9,8.7,2,2,0,3
15.57,253,8.08,84.9,12.0,0,1,0,3
4.74,323,8.4,64.1,13.9,1,1,1,0
2.88,26,10.42,82.2,18.3,0,1,1,2
4.3,348,9.72,52.1,4.4,0,2,0,1
9.0,505,8.92,64.1,19.0,0,0,1,1
12.06,533,6.32,94.2,8.5,0,0,0,3
6.24,277,12.31,101.0,5.9,0,1,0,3
9.61,199,12.48,91.4,4.1,1,3,0,3
9.47,250,4.6,94.7,13.8,0,0,1,1
8.14,476,7.99,61.2,6.1,2,2,0,1
10.8,222,13.17,75.1,12.1,1,3,1,3
7.49,288,5.21,95.7,11.1,2,0,0,2
5.31,410,5.04,88.1,8.7,0,1,0,1
8.42,594,11.39,84.4,4.1,1,2,0,3
9.79,22,5.4,88.5,8.9,0,0,0,1
6.41,285,9.96,78.0,17.5,0,0,0,1
16.08,569,8.15,63.8,22.8,0,1,1,3
2.03,350,11.46,44.7,14.1,2,0,1,1
14.44,481,2.71,59.4,21.9,2,2,0,2
1.43,558,4.8,47.8,8.3,0,3,1,0
7.65,691,7.95,54.8,14.3,0,1,0,1
2.8,338,3.04,80.0,6.1,1,1,1,0
14.81,153,3.75,86.2,8.5,0,0,0,1
9.42,223,8.46,68.5,18.4,0,2,1,2
11.61,318,10.34,98.8,5.1,2,3,1,3
17.31,510,2.63,90.1,5.7,0,1,0,2
16.31,326,10.6,72.2,9.7,2,3,1,2
13.4,82,8.45,79.1,19.5,2,0,1,2
8.58,663,1.19,97.5,14.3,0,1,0,3
10.92,466,2.29,101.8,16.5,1,2,1,4
9.6,431,13.07,45.9,19.8,0,1,1,2
10.33,23,7.55,73.4,22.9,0,1,1,1
8.13,474,12.21,108.7,6.1,0,1,0,4
7.62,677,5.24,82.7,15.6,2,1,1,2
2.32,294,12.01,100.0,8.8,1,2,0,3
10.56,570,2.1,53.2,12.0,1,3,0,1
11.95,242,8.92,54.9,11.3,1,1,1,1
10.26,298,4.22,80.1,7.3,1,2,1,1
5.15,193,13.71,50.6,4.7,1,0,0,1
11.28,550,13.79,87.1,20.7,2,0,1,4
13.89,411,9.24,65.9,16.4,1,2,0,2
16.19,339,7.02,87.4,18.6,1,0,1,2
14.27,353,1.34,42.7,15.9,0,1,0,0
10.77,153,5.33,100.2,18.6,2,3,0,3
17.46,496,4.92,50.2,10.2,0,1,1,1
12.69,164,1.84,88.5,16.5,2,2,1,2
11.92,400,5.05,47.9,17.6,1,0,1,1
2.53,503,4.2,87.1,10.2,1,0,1,1
2.68,484,2.35,92.3,14.8,1,1,1,1
10.01,138,13.84,78.7,9.0,0,1,1,1
14.27,637,11.09,83.9,4.4,2,2,1,4
2.81,377,6.26,94.9,13.5,2,0,0,2
14.13,104,3.6,75.1,21.2,1,1,1,1
6.14,350,13.49,71.3,14.1,1,1,1,2
4.35,663,12.21,85.8,19.6,2,2,0,4
9.94,175,9.16,77.7,4.1,1,3,1,1
7.83,694,2.26,89.5,4.1,0,0,0,1
16.79,315,5.74,102.9,19.8,1,2,1,3
4.07,672,11.66,49.0,9.0,1,1,1,1
15.52,422,3.39,86.0,12.2,2,1,1,2
9.26,195,7.65,91.7,14.7,1,1,1,1
1.93,280,7.46,62.0,21.6,1,2,0,1
13.91,695,13.98,64.1,8.8,2,0,1,2
2.19,368,11.73,102.7,5.9,2,3,0,4
12.98,455,8.54,49.9,22.6,0,1,1,2
7.41,301,3.72,51.3,13.5,0,0,1,0
6.71,7,2.58,68.4,21.5,1,3,1,1
8.56,104,5.89,53.8,9.2,1,0,1,0
15.95,307,3.77,106.9,16.4,1,1,0,3
15.75,111,8.56,107.0,12.9,1,1,1,4
14.54,382,9.15,51.0,14.8,2,0,1,2
13.79,115,13.13,67.5,6.8,1,1,1,1
2.23,279,8.45,50.7,13.5,1,3,1,0
8.04,599,2.86,61.5,6.2,1,1,0,0
15.53,97,10.58,51.1,18.3,1,3,0,1
13.48,614,13.85,60.7,23.0,1,1,1,3
15.06,85,2.18,42.9,16.3,2,2,1,1
16.54,714,4.44,98.4,9.6,0,2,1,4
5.86,313,13.15,42.7,6.4,0,2,1,1
5.2,555,4.04,108.8,18.7,0,1,1,3
7.52,147,3.56,46.2,22.0,1,3,1,0
9.46,410,13.67,96.9,8.9,2,1,0,4
15.15,694,8.54,102.3,6.6,0,1,1,4
16.93,203,12.71,79.1,22.3,0,1,1,2
14.04,70,7.41,87.5,21.4,0,3,1,2
12.15,572,12.85,61.4,18.6,2,2,1,3
9.95,672,8.96,86.4,13.4,1,2,0,3
3.42,593,2.61,61.2,19.8,1,1,1,1
8.35,120,12.98,103.4,7.8,2,1,0,4
14.29,88,11.39,105.4,13.5,0,1,1,4
15.5,625,13.43,87.4,13.5,1,1,1,4
6.58,39,4.45,102.0,6.0,1,3,1,2
11.39,486,9.17,75.4,20.2,2,2,0,3
2.74,531,11.7,70.7,14.0,0,0,1,1
10.66,519,9.98,109.3,11.1,0,0,1,4
2.03,314,4.12,42.0,19.7,1,0,0,0
15.19,50,1.47,96.0,6.1,2,2,1,2
5.47,322,7.25,50.6,4.4,2,1,0,1
7.19,490,4.33,41.7,15.3,1,0,0,0
12.24,514,2.95,80.6,9.8,0,2,0,2
0.36,539,7.2,60.5,13.9,0,0,0,0
6.24,693,6.11,58.3,22.9,2,3,0,2
1.57,15,1.54,61.7,19.3,0,2,0,0
4.37,341,0.56,57.3,14.0,1,1,1,0
16.74,595,9.88,73.9,9.3,0,1,1,3
14.18,236,6.84,74.6,5.6,0,3,1,0
11.11,300,12.51,59.0,16.4,2,3,1,2
2.01,275,3.95,77.4,12.2,2,3,1,0
2.47,488,4.56,68.6,21.3,2,0,1,0
17.67,469,8.44,73.5,12.8,1,0,0,2
13.01,64,3.72,65.8,17.2,0,2,1,0
10.65,683,3.81,109.3,22.8,2,3,0,4
17.66,656,8.7,88.0,21.9,1,0,0,4
17.56,13,1.95,66.6,6.3,2,0,1,0
10.55,547,9.62,47.5,13.6,1,3,1,2
5.57,157,7.45,62.2,20.5,2,1,0,1
6.96,231,11.49,104.7,6.3,0,3,1,3
14.97,235,10.39,38.2,7.4,0,0,1,1
9.85,720,11.59,40.3,4.6,1,2,1,2
4.36,103,10.34,71.3,14.0,0,3,1,1
8.47,472,8.78,73.2,5.1,0,3,0,1
6.75,558,13.56,75.1,20.0,0,0,1,2
16.94,379,9.7,42.0,19.9,1,3,1,2
3.07,151,9.65,53.9,15.0,2,2,1,0
13.34,455,5.76,111.7,9.2,2,2,0,4
10.09,415,7.25,82.0,12.9,0,3,0,1
16.22,194,11.56,68.9,5.5,2,3,0,2
5.67,617,9.03,83.4,12.0,1,1,0,3
5.22,198,13.55,92.7,6.2,2,0,1,3
17.9,65,7.76,100.4,20.7,2,1,1,3
3.42,686,9.69,86.0,4.9,0,1,0,2
3.34,712,2.83,75.1,9.9,1,1,0,2
0.71,139,6.69,79.5,18.6,1,3,1,1
12.13,517,6.54,43.8,15.3,1,3,0,1
12.4,384,3.27,111.4,17.4,1,3,0,4
17.5,330,10.96,111.6,11.1,1,2,1,4
12.65,639,1.16,75.1,10.9,2,1,1,3
8.0,598,0.54,91.8,22.6,2,0,1,2
3.26,318,1.17,74.7,18.9,0,3,0,1
3.78,412,4.89,108.9,11.8,1,2,1,3
12.19,189,13.33,76.3,16.8,2,2,1,3
3.11,360,11.67,45.6,21.3,2,1,0,2
16.69,155,3.9,101.9,11.7,0,2,1,3
0.78,74,12.57,65.2,5.4,0,1,0,0
2.95,14,10.78,108.7,13.3,0,3,0,4
4.14,126,1.02,88.1,18.2,2,2,1,1
7.72,102,1.46,52.3,20.5,0,1,1,0
4.04,287,4.01,56.2,14.0,2,1,1,0
3.68,337,0.84,79.0,11.5,0,3,0,0
7.04,376,9.61,40.4,10.6,2,2,0,2
15.9,661,10.98,110.4,20.6,1,1,0,4
13.92,349,7.98,47.8,19.4,0,1,1,2
1.56,179,7.25,47.4,17.1,0,2,1,0
9.66,428,13.15,75.6,21.4,2,0,0,3
7.12,472,1.59,95.4,19.3,1,1,1,2
13.97,236,2.2,48.4,20.8,2,1,1,1
3.54,581,6.67,49.8,8.7,0,1,1,0
6.84,111,11.09,106.9,12.6,2,0,0,4
4.8,608,2.98,57.1,20.4,2,1,0,1
16.17,241,9.03,70.1,18.3,0,2,1,2
8.09,289,4.86,64.3,22.7,1,2,0,1
17.73,312,8.78,105.0,19.5,1,1,1,4
16.02,592,9.55,76.0,19.9,1,2,0,3
12.12,89,0.92,50.6,4.2,2,1,1,0
12.08,476,11.89,68.6,13.5,0,1,1,2
15.51,190,2.12,44.7,19.2,2,2,0,2
5.12,338,4.31,58.4,15.4,0,2,0,0
2.32,240,12.4,60.5,7.5,2,2,1,1
17.52,405,11.11,111.2,4.3,1,2,1,4
13.39,497,5.27,104.9,22.8,1,3,1,4
15.02,113,12.37,46.2,21.5,2,1,0,3
10.25,195,13.7,40.8,8.6,1,1,1,1
13.03,591,11.45,85.1,13.7,0,1,1,4
16.86,192,6.4,109.0,10.1,0,2,1,3
13.74,720,3.92,72.4,5.4,1,0,0,1
11.97,88,13.13,47.0,16.3,1,2,0,2
2.06,142,12.04,94.7,17.3,1,1,0,3
15.17,588,7.25,100.7,20.2,2,1,1,4
2.63,572,0.89,69.0,21.6,2,0,1,1
5.2,706,5.41,38.9,14.9,1,0,1,0
5.48,502,2.18,87.5,4.9,0,2,1,1
17.81,188,6.23,99.9,14.9,0,2,1,3
2.27,497,4.35,45.4,6.7,2,2,1,0
6.07,170,6.33,65.3,15.7,0,1,0,0
10.2,13,9.76,91.7,13.5,0,1,1,2
5.72,148,5.5,94.7,20.6,2,0,1,2
9.44,496,7.3,48.8,7.5,2,1,0,0
15.43,417,3.09,106.6,11.8,1,2,1,4
11.18,12,13.42,62.0,18.3,1,1,1,2
13.09,316,12.84,104.7,11.6,0,2,0,4
5.78,530,2.8,70.5,12.8,2,3,1,1
2.46,41,1.05,86.6,9.7,1,2,1,1
10.6,596,10.1,73.6,20.9,2,3,1,3
14.96,194,4.29,49.6,15.9,1,0,0,0
14.77,277,9.85,71.6,21.2,0,1,1,2
0.79,573,4.0,76.7,21.8,1,1,1,0
8.52,273,3.67,55.9,11.7,1,1,1,0
3.69,134,3.17,75.4,20.5,1,1,0,0
14.62,447,13.51,49.0,6.4,0,1,0,3
2.93,460,4.21,110.1,22.9,1,1,0,3
8.54,431,8.78,64.0,10.5,0,2,0,1
2.64,543,13.78,91.7,10.7,0,2,1,4
17.11,151,9.35,83.6,9.6,2,0,0,3
3.83,571,8.59,87.3,6.9,0,1,0,3
9.45,25,12.95,97.7,15.7,0,1,1,3
9.79,607,7.25,82.5,6.6,0,1,1,1
15.54,423,1.08,63.9,7.4,0,1,1,0
3.38,466,5.97,76.6,15.0,1,1,0,1
17.98,236,5.89,60.7,13.4,0,3,1,1
15.75,646,10.45,41.8,21.4,2,2,1,3
0.83,142,13.43,97.9,12.2,0,3,1,4
9.43,53,1.32,89.6,15.8,1,2,1,1
1.11,265,11.86,81.1,8.7,0,1,0,1
12.32,510,5.37,105.0,22.4,0,3,1,4
1.87,216,2.42,52.6,9.9,2,1,1,0
5.53,670,4.32,104.8,5.5,0,1,0,3
5.6,336,10.97,110.0,17.4,1,2,1,4
1.9,126,12.51,63.9,4.3,2,1,1,0
10.57,180,6.79,43.5,13.5,1,1,1,0
11.11,14,8.93,101.7,16.9,1,3,0,3
8.01,201,2.35,81.9,16.3,0,2,1,1
9.75,208,3.74,92.8,13.0,1,2,1,2
8.4,565,4.86,96.7,12.1,0,2,1,3
12.49,397,1.17,66.1,19.9,2,1,0,1
16.18,368,8.13,72.9,21.0,2,1,1,2
11.69,62,3.88,86.9,20.9,1,0,0,2
16.93,166,1.88,111.6,9.4,1,3,1,3
16.49,198,10.56,52.2,7.8,1,1,0,1
17.0,570,6.21,60.0,20.3,2,3,0,3
6.87,162,6.83,111.5,10.4,1,2,1,3
13.93,365,4.9,80.3,7.2,0,0,0,1
5.0,256,5.95,95.4,15.8,0,3,1,2
5.31,268,6.09,106.5,5.3,2,1,1,2
5.09,441,3.47,59.2,15.2,0,1,1,0
16.99,42,3.48,90.8,17.3,1,1,1,2
8.73,26,4.62,89.4,19.3,0,0,1,1
16.53,447,3.18,75.1,5.5,2,0,1,2
13.62,555,5.82,78.1,20.1,1,1,1,2
12.41,190,9.18,58.3,18.5,1,3,0,1
10.18,533,2.12,78.0,10.0,0,1,1,1
9.22,495,13.3,87.1,18.4,0,0,1,4
1.74,276,1.06,109.3,7.1,1,2,0,2
14.01,327,6.61,103.6,16.5,0,0,0,3
9.09,377,13.05,48.7,4.1,2,2,0,2
7.61,587,8.25,105.5,20.4,1,3,1,4
2.74,584,4.37,63.9,6.9,0,1,0,0
9.29,419,12.36,102.6,12.2,1,3,0,4
7.69,543,12.66,94.4,16.1,2,3,0,4
17.15,177,8.3,43.6,7.2,1,0,0,1
13.75,593,13.53,103.7,12.7,0,1,1,4
0.81,490,4.45,108.7,11.1,1,3,1,2
17.21,308,1.12,79.2,13.6,1,1,0,1
13.68,578,2.07,83.6,22.2,0,1,1,3
4.31,372,4.48,93.4,20.4,1,2,1,2
15.23,499,7.01,83.7,12.2,0,2,0,3
4.88,468,0.57,77.9,15.9,2,2,1,2
16.9,417,6.99,78.0,5.1,2,0,1,2
0.74,317,1.33,44.0,20.2,2,3,1,0
0.48,326,6.88,104.3,11.8,0,1,1,2
14.27,585,5.42,103.5,22.0,2,3,0,4
12.81,470,6.35,108.8,21.1,0,2,0,4
17.67,13,5.21,59.0,11.9,0,1,1,0
1.05,425,4.21,57.2,20.4,0,1,1,0
1.26,408,12.75,53.4,21.8,2,2,1,2
1.06,167,9.23,93.4,5.1,1,1,0,2
3.63,610,5.27,63.2,16.6,1,0,0,0
5.85,683,1.39,98.2,8.5,0,1,1,2
2.07,681,7.43,109.4,22.6,2,0,0,4
5.96,60,9.62,46.1,18.6,2,0,1,1
10.77,515,12.17,73.8,19.4,1,3,1,3
8.04,318,12.49,56.4,6.3,0,1,1,0
13.73,681,9.79,73.7,5.8,1,2,1,3
14.0,98,11.92,89.0,9.5,0,2,1,3
3.62,245,6.87,58.6,5.0,1,3,0,0
16.99,666,1.64,81.1,9.3,0,2,0,2
16.22,452,5.61,98.5,8.8,1,2,1,4
17.38,197,5.04,87.0,22.9,0,2,0,3
15.86,394,11.1,65.8,22.6,0,3,1,3
6.19,585,9.99,84.5,18.6,0,1,1,3
9.12,632,8.93,94.4,12.0,2,2,0,4
10.1,505,3.65,95.5,18.7,0,2,1,3
11.28,640,10.86,46.8,20.8,0,1,1,2
8.89,411,1.91,62.6,11.7,0,3,0,0
14.33,126,9.42,84.8,21.4,0,0,0,3
1.16,641,9.07,62.4,12.0,0,1,1,0
6.38,710,5.96,65.6,15.6,2,1,0,1
2.6,282,8.74,83.3,18.8,0,2,1,2
1.77,397,2.04,68.6,9.9,1,2,1,0
14.71,708,9.28,111.6,14.6,1,1,0,4
7.02,197,10.03,92.5,18.6,0,2,1,3
11.27,366,2.37,70.3,19.1,0,1,1,1
17.18,358,4.63,50.5,14.1,0,1,1,0
7.29,462,7.65,106.2,20.8,1,1,1,3
2.39,16,10.48,79.8,19.8,1,3,1,1
7.59,577,7.44,86.7,13.4,0,3,1,2
5.56,185,9.39,68.0,6.3,0,2,1,0
5.26,217,8.08,90.9,6.4,2,2,1,2
9.92,465,7.18,104.0,13.7,1,0,0,3
9.18,656,6.87,83.4,19.6,0,0,0,3
17.81,363,10.22,85.3,10.8,2,1,0,3
8.12,649,2.05,95.4,9.5,0,1,0,2
0.71,709,8.03,82.6,7.7,0,1,1,1
2.68,316,9.16,106.4,20.9,2,2,1,4
15.31,211,3.62,41.1,6.5,2,0,0,1
9.54,517,12.21,73.8,22.6,1,2,0,3
3.49,335,4.11,94.0,19.1,1,1,1,1
6.41,138,12.77,62.4,8.5,2,3,1,2
1.43,676,9.03,57.3,11.2,1,0,1,0
3.25,415,13.85,61.5,18.1,0,1,0,2
2.23,710,6.53,68.9,16.4,1,2,1,2
0.4,365,0.88,48.1,17.6,0,0,0,0
8.14,426,4.66,38.3,17.7,0,1,1,1
16.01,632,3.73,90.0,20.7,2,2,0,4
6.96,324,6.59,76.3,8.4,2,0,0,1
16.85,628,8.5,49.4,7.0,2,1,0,2
4.98,596,3.46,111.0,21.7,0,1,1,3
1.16,188,6.83,87.7,10.8,0,1,1,1
7.27,415,4.11,51.1,18.6,1,0,0,0
13.37,101,6.75,59.2,13.5,1,1,1,0
11.11,696,5.14,88.9,18.1,0,2,1,3
4.04,320,2.58,87.6,23.0,0,1,0,1
7.66,707,1.71,61.3,6.8,1,0,0,0
10.24,118,9.41,54.6,11.2,0,1,1,0
12.15,282,9.08,63.7,19.4,2,3,0,2
0.57,116,5.29,77.3,20.1,0,0,1,0
15.84,14,0.98,65.0,18.8,1,1,1,1
15.25,332,4.81,61.7,19.1,2,2,1,2
8.83,147,7.95,95.6,20.6,1,1,0,2
13.91,417,8.1,48.4,16.7,0,3,1,1
6.24,57,7.62,96.9,13.5,1,2,1,2
3.69,454,8.25,107.9,5.4,0,3,0,4
14.88,222,5.8,94.4,6.8,1,1,1,2
3.81,99,9.34,71.4,7.6,0,0,1,0
9.01,687,3.17,90.8,21.1,1,0,1,2
3.29,307,9.92,47.8,11.9,0,3,1,1
13.81,588,2.97,55.6,9.9,1,2,1,1
17.32,347,4.13,65.7,17.7,2,1,1,1
13.74,233,6.04,48.3,17.8,1,3,0,1
14.73,495,9.78,86.1,7.3,1,1,0,3
0.85,235,3.15,41.4,11.9,2,3,0,0
15.37,450,11.37,79.6,22.4,1,3,0,4
10.4,7,10.68,107.1,10.9,0,1,1,3
15.67,71,11.81,58.2,13.5,2,2,0,2
15.93,647,7.38,75.1,23.0,0,1,1,2
16.73,517,9.09,83.4,20.1,0,3,1,3
15.27,567,5.21,63.8,10.4,0,3,1,1
14.49,309,11.89,54.8,5.5,2,1,1,1
6.91,664,12.69,111.6,14.3,0,1,1,4
4.87,524,13.77,51.5,22.1,0,1,1,2
16.71,615,0.77,84.7,14.7,2,2,1,3
5.01,24,4.61,83.4,12.9,2,3,0,1
15.74,532,4.15,107.2,10.9,2,2,1,4
8.35,366,11.43,98.7,10.0,1,3,1,3
2.52,445,3.55,85.2,16.8,0,1,1,1
5.14,517,0.58,75.1,16.0,1,1,0,0
10.83,12,6.74,91.6,9.1,0,1,1,0
3.89,264,12.64,60.2,9.2,0,3,0,1
10.5,621,4.74,40.4,10.9,1,3,1,1
15.64,186,4.65,42.7,13.5,0,0,1,0
11.2,254,4.36,90.1,9.8,1,2,0,2
12.71,513,2.51,97.8,23.0,1,2,0,4
7.49,659,6.56,65.3,13.5,1,3,1,2
4.11,418,11.11,86.8,7.8,0,2,0,3
1.93,685,5.42,71.5,13.5,1,0,1,0
16.25,9,6.73,94.7,21.0,0,0,1,2
15.75,232,6.73,101.1,15.6,2,2,0,3
16.28,618,4.88,106.5,7.2,2,2,1,4
16.15,514,3.31,71.4,10.0,2,2,1,2
8.02,65,9.51,56.8,12.5,2,2,1,1
2.86,441,1.39,86.4,7.3,2,2,1,1
9.04,714,7.92,91.9,21.6,1,2,1,3
11.6,700,12.66,88.2,8.2,2,2,1,4
17.66,587,12.63,59.3,6.7,0,2,0,3
15.48,28,4.03,85.6,20.2,2,1,1,2
0.99,317,5.75,90.4,16.3,2,2,1,1
4.64,617,6.7,82.7,15.1,0,0,0,1
15.16,693,1.35,96.8,8.1,0,1,1,3
8.62,364,13.27,73.3,11.7,0,1,1,2
2.6,677,9.07,76.4,10.9,1,3,0,2
11.25,446,6.22,60.9,16.2,0,1,1,0
13.95,308,13.93,61.0,9.2,1,1,1,2
9.69,638,7.25,105.0,19.8,0,3,1,3
8.84,117,7.35,102.8,20.2,0,1,0,3
2.22,529,10.81,47.7,18.0,0,3,0,1
12.06,51,11.46,94.9,19.0,1,1,1,3
2.74,144,9.46,88.1,17.0,2,2,1,3
17.48,437,8.81,62.8,14.0,0,0,1,2
0.81,109,12.64,47.4,16.5,1,2,1,1
14.16,324,4.55,49.4,16.4,2,0,1,2
6.79,681,2.94,43.6,20.6,0,3,0,1
7.58,498,7.94,60.0,13.9,1,0,1,1
11.1,209,8.1,38.6,19.0,1,1,1,1
9.02,540,4.67,107.3,12.1,1,1,1,3
8.49,516,4.91,74.1,13.4,1,2,1,1
13.46,355,0.76,44.7,18.7,2,1,0,2
6.56,384,9.75,77.7,9.1,1,0,0,1
6.3,582,2.97,54.6,15.7,1,2,1,1
11.83,682,7.25,89.4,13.2,0,2,1,3
16.26,440,2.93,71.0,15.3,1,3,1,2
16.44,358,7.25,111.9,8.1,0,2,1,3
5.1,411,8.82,70.0,11.8,0,2,1,1
11.25,267,5.25,85.9,16.4,0,2,1,2
1.63,223,1.63,98.9,18.8,1,1,0,2
6.76,579,11.48,41.6,13.5,0,2,1,2
13.81,661,7.25,64.2,20.3,0,1,1,2
15.98,24,11.81,104.4,5.5,1,0,1,4
16.82,7,0.78,103.7,20.4,2,3,0,3
9.44,293,3.65,52.6,17.8,2,0,1,1
5.95,114,12.08,41.5,6.0,2,1,1,0
4.28,333,9.94,87.3,21.0,0,3,0,3
11.5,238,10.84,68.5,18.9,0,1,1,1
2.78,246,6.63,78.8,20.1,2,0,1,1
10.16,411,4.59,51.4,13.5,1,3,0,0
12.8,293,12.4,45.2,16.3,0,0,1,2
5.39,61,9.81,84.7,11.5,0,3,0,3
14.29,593,4.44,66.7,5.6,1,1,1,0
10.07,59,9.32,83.2,8.8,0,1,0,2
12.84,670,1.2,101.9,13.9,1,2,1,3
4.8,140,3.01,45.2,21.4,1,1,0,0
12.09,698,5.04,75.1,12.0,0,2,0,3
1.71,50,2.19,100.8,17.1,1,0,1,1
13.96,555,1.19,46.6,11.3,1,0,0,1
3.88,81,5.7,41.7,17.5,0,2,1,0
13.69,420,10.08,74.0,20.3,0,1,1,2
1.1,328,4.47,93.2,22.0,1,0,0,2
14.95,558,10.41,108.6,19.3,0,1,1,4
0.31,207,7.85,109.7,22.3,1,0,1,3
17.19,206,12.17,93.7,4.6,1,3,1,4
12.01,705,1.03,83.7,14.7,1,1,0,3
6.94,49,8.58,87.5,12.4,0,0,1,2
10.0,245,12.64,70.1,13.3,2,0,1,2
17.07,313,6.64,101.9,14.9,2,1,0,3
16.04,495,4.92,102.2,4.1,0,1,1,3
10.81,322,10.35,60.1,21.8,1,1,1,2
7.15,247,6.36,90.5,5.2,1,0,1,1
7.51,71,6.97,56.7,9.9,0,1,1,0
11.42,108,4.58,83.9,22.5,2,1,1,1
16.8,547,13.83,45.4,4.7,1,1,0,3
12.98,567,8.33,64.3,16.4,0,1,0,2
8.89,516,11.16,54.6,4.3,2,3,1,1
5.0,578,7.41,41.6,13.3,1,3,1,1
0.54,51,9.17,102.6,19.0,1,0,1,3
8.75,203,5.82,41.5,4.6,0,2,1,0
3.66,594,6.93,96.3,15.1,1,2,1,2
3.74,77,7.65,62.0,10.8,0,2,0,0
8.25,79,3.87,85.4,21.1,2,1,1,2
7.85,354,9.61,59.3,22.0,1,3,1,2
14.26,450,6.15,111.4,16.4,0,1,0,4
0.75,168,9.76,87.2,18.7,1,2,1,3
6.41,638,12.31,49.5,21.9,0,3,0,2
14.66,170,8.13,65.8,9.0,0,2,0,1
8.12,662,13.33,68.7,10.3,1,1,0,2
3.91,391,11.99,45.5,9.6,0,2,1,1
3.38,371,0.54,63.7,11.3,2,2,0,0
4.54,162,5.47,48.7,17.9,0,0,1,0
13.3,220,6.51,98.7,11.4,2,1,1,3
17.29,501,0.5,79.1,7.3,1,0,1,1
0.45,656,13.48,75.5,15.1,0,2,0,2
12.33,717,1.63,86.0,15.4,1,2,0,3
14.13,492,5.03,87.0,11.8,1,1,1,2
3.74,120,5.77,69.3,9.4,1,1,1,0
4.25,196,8.64,46.6,18.2,2,0,0,1
0.71,234,9.78,75.2,10.9,2,2,1,1
15.0,450,13.3,107.1,21.2,2,2,1,4
15.3,509,3.92,85.1,13.2,1,3,0,2
12.61,447,1.14,103.2,10.0,1,2,1,3
3.71,481,13.2,97.9,21.6,2,1,0,4
17.97,463,8.68,50.4,13.5,1,1,1,2
5.41,215,7.61,43.6,8.8,2,1,1,0
14.53,507,3.68,90.3,19.9,1,2,1,3
14.76,111,13.73,75.1,6.7,0,1,1,4
17.95,255,11.29,105.2,9.7,1,2,0,4
4.2,401,7.25,42.0,10.9,0,0,1,0
2.63,35,1.52,85.4,22.0,0,1,1,1
16.53,502,8.28,76.2,18.6,1,1,0,2
10.62,126,1.59,103.8,7.6,2,1,1,2
0.52,336,7.41,70.7,21.3,1,3,1,1
10.16,89,0.67,63.9,16.9,1,3,1,0
5.48,482,8.42,93.3,4.2,0,3,0,2
15.99,165,7.02,78.4,19.5,0,0,0,1
0.95,480,8.49,61.6,6.1,2,1,1,0
12.81,571,10.14,72.7,20.7,1,1,0,3
13.92,169,1.87,43.3,7.4,2,2,1,1
7.24,277,6.85,45.1,17.5,1,1,1,1
2.65,37,7.25,43.7,22.2,2,0,1,2
14.3,244,6.51,46.5,15.1,0,1,1,0
0.32,198,6.15,94.6,12.0,0,1,1,1
17.99,134,7.61,87.6,20.2,0,3,0,3
17.16,470,3.02,51.6,16.3,2,3,1,2
11.66,149,1.41,66.2,7.0,1,1,1,0
0.73,69,7.13,42.4,15.9,2,1,1,0
14.07,81,2.68,90.1,12.8,2,1,1,2
11.86,452,10.9,49.8,19.6,2,3,1,2
17.76,452,9.75,88.5,18.7,1,3,1,4
14.84,37,8.55,98.0,10.9,0,2,1,3
5.87,633,2.23,103.2,20.1,2,0,1,3
4.36,677,6.49,70.7,10.9,0,1,0,0
2.65,434,9.36,111.0,15.4,1,3,1,4
3.35,186,11.64,64.0,11.0,1,0,1,0
8.17,649,4.41,107.8,11.2,1,3,1,3
13.75,87,8.73,110.2,4.5,2,2,1,4
16.87,146,10.17,108.4,15.2,0,1,1,4
2.95,13,12.77,108.8,20.0,0,2,1,4
12.35,289,6.41,79.8,17.7,1,2,1,2
12.25,400,9.86,95.4,5.0,1,2,1,3
13.05,427,6.12,78.8,14.2,2,2,0,2
10.61,110,8.54,40.5,6.5,1,0,1,0
14.99,19,6.64,78.4,21.1,2,1,0,2
10.2,636,0.83,100.5,12.2,2,1,0,3
15.85,547,8.67,79.8,17.1,2,1,1,3
9.27,320,1.16,80.5,15.9,1,0,1,1
6.15,668,4.47,81.5,10.0,1,0,1,1
11.65,523,5.29,65.0,13.5,1,1,1,0
16.0,482,4.73,61.8,21.5,0,3,0,2
14.27,162,3.36,110.9,13.9,1,2,1,4
4.32,132,7.25,60.3,4.1,2,0,1,0
4.64,583,11.04,75.2,4.4,2,1,0,1
13.57,625,7.42,59.3,12.4,0,0,0,2
7.41,475,1.86,80.4,15.2,0,2,1,1
4.54,78,6.42,68.3,5.6,0,1,1,0
8.95,346,7.25,100.7,10.7,0,0,1,3
10.6,369,11.81,98.6,14.7,0,0,1,4
15.33,115,7.7,49.9,14.1,0,0,0,1
11.76,140,4.76,46.9,5.4,0,3,1,0
6.72,227,6.27,95.4,14.2,2,1,1,2
6.18,205,11.58,103.7,20.8,1,2,1,4
16.35,290,13.39,79.7,8.9,1,2,1,3
15.59,621,0.75,108.2,10.6,1,1,1,4
14.25,87,3.21,79.7,20.6,1,1,1,1
14.52,135,0.57,73.5,13.5,0,3,0,1
9.0,338,1.0,40.7,11.5,2,3,1,1
8.21,638,3.24,40.7,15.3,2,0,1,1
8.09,369,3.3,39.1,20.1,0,1,1,0
8.42,8,3.14,56.7,6.0,1,0,0,0
4.35,235,3.52,90.8,16.3,1,1,1,1
12.1,421,6.31,83.6,8.0,0,2,0,2
9.55,395,5.47,61.4,22.7,1,1,1,1
9.55,661,6.66,96.4,21.7,0,2,1,3
4.11,428,9.76,79.8,6.3,0,2,1,2
7.77,564,2.94,62.1,18.8,1,3,1,1
10.53,391,8.18,96.1,21.8,0,1,1,3
8.43,577,13.59,88.8,14.0,1,0,1,4
17.63,579,10.3,68.7,15.1,0,3,1,3
14.53,444,9.47,105.6,11.1,0,3,1,4
13.55,201,13.62,111.8,8.5,0,2,0,4
14.43,654,9.23,50.6,8.0,2,2,0,3
15.23,551,7.69,57.7,15.7,1,0,1,2
16.43,423,1.8,62.1,7.7,1,3,0,1
13.31,636,9.12,60.4,5.5,0,3,1,2
3.77,186,5.59,91.8,18.0,1,2,1,2
7.79,509,8.22,96.2,7.4,1,1,1,3
4.95,508,10.35,82.1,9.4,0,1,1,2
7.48,371,9.09,79.9,9.4,2,0,1,1
12.86,17,10.1,55.5,11.3,0,2,1,1
6.66,389,12.85,53.4,4.5,2,2,1,2
14.76,179,10.67,51.3,10.4,0,3,0,1
7.47,602,5.53,88.8,17.8,0,3,0,2
3.45,524,5.06,79.9,6.9,1,2,0,1
17.36,372,1.92,103.3,16.9,1,2,1,3
5.44,421,2.11,71.0,9.1,0,3,1,0
10.35,652,8.55,82.6,18.8,2,1,1,4
10.25,506,13.21,96.1,13.5,2,3,1,4
10.27,335,13.04,94.8,15.3,1,2,1,4
7.51,610,12.91,110.9,23.0,0,1,1,4
5.24,607,4.27,85.5,10.6,1,1,1,1
14.05,142,0.52,61.1,15.4,0,3,1,0
9.79,331,10.84,38.8,22.2,1,3,0,2
2.67,709,10.58,81.5,14.4,0,1,1,2
2.16,398,10.46,79.7,7.3,0,1,0,1
16.01,394,10.84,75.8,10.1,0,2,1,2
9.2,142,8.36,70.9,6.3,0,1,1,0
5.11,135,7.66,88.1,7.7,0,3,0,1
4.67,410,9.45,62.7,8.0,1,0,0,1
3.03,425,3.25,107.0,23.0,2,1,1,3
13.44,46,9.51,90.7,4.3,2,3,0,3
10.14,425,3.89,64.4,8.6,1,3,0,1
5.33,230,4.67,96.4,17.7,0,1,0,2
8.25,72,5.74,69.9,5.9,0,3,0,0
10.09,5,10.71,41.0,20.0,2,1,1,1
15.29,269,1.65,54.3,7.5,0,1,1,0
12.49,50,13.69,83.2,5.2,0,3,1,2
1.75,387,8.19,75.1,19.8,2,0,0,1
16.65,164,5.62,86.5,7.6,0,3,1,1
1.08,264,3.18,81.4,7.6,2,2,0,0
7.75,42,7.44,68.1,6.8,1,1,1,0
2.85,360,7.25,110.4,19.6,0,2,1,3
3.35,203,4.49,75.2,11.4,0,0,0,0
6.73,364,0.64,72.0,14.7,1,0,1,0
16.05,545,3.63,96.7,6.4,0,3,1,3
7.87,366,1.26,44.8,18.3,0,0,1,0
14.87,493,4.87,79.8,14.0,2,3,0,3
13.85,669,4.91,61.7,4.1,1,2,1,1
8.04,247,2.77,82.1,5.9,0,2,0,0
7.8,357,0.87,90.0,20.1,1,2,1,2
4.93,43,4.69,61.8,21.9,0,2,0,1
10.21,717,5.05,62.9,20.4,0,0,1,2
16.79,149,5.46,88.2,14.2,1,1,1,2
7.92,163,11.75,82.4,10.5,1,3,1,3
0.98,646,7.25,69.6,14.4,1,2,1,1
13.39,102,9.06,50.6,6.5,0,3,0,0
10.62,528,1.56,111.3,17.2,0,1,1,3
10.79,660,9.24,41.6,10.5,1,2,0,2
7.74,23,10.62,70.0,20.4,2,2,1,2
6.0,393,9.03,75.1,16.5,1,2,1,1
10.34,174,9.55,83.5,5.6,1,2,1,2
6.88,297,7.26,87.2,16.3,2,0,0,2
9.27,76,11.46,62.6,16.0,1,1,1,1
6.3,475,5.31,46.0,7.8,0,2,1,0
10.95,601,7.25,94.2,15.7,0,1,1,3
12.06,688,3.04,109.4,6.3,0,3,1,3
13.05,575,11.35,75.1,21.6,0,1,1,2
13.49,369,12.57,88.7,22.8,0,3,1,4
2.0,40,3.91,81.2,22.3,1,2,1,1
10.33,179,13.23,41.1,12.3,2,3,0,2
0.56,358,6.21,110.2,5.6,1,1,1,2
2.67,313,1.04,85.8,13.6,0,1,0,1
12.53,629,0.63,104.9,13.5,2,0,1,4
6.17,471,2.63,93.0,4.5,1,1,1,1
8.93,367,3.17,38.8,14.4,1,3,1,1
10.37,712,6.75,109.7,11.4,0,1,0,4
3.52,677,12.2,41.2,5.1,1,1,1,1
15.43,521,1.22,52.2,10.0,0,1,1,0
17.82,368,12.8,75.0,17.7,0,0,0,3
9.03,327,11.79,100.9,8.5,1,2,0,4
4.74,619,3.94,83.7,7.2,1,1,1,1
15.01,428,7.82,84.3,5.5,2,2,0,3
13.07,135,11.43,61.8,11.0,1,1,1,1
12.51,153,8.42,58.1,7.2,0,1,1,0
0.97,544,11.58,61.0,12.6,0,2,1,1
16.12,21,2.71,110.8,18.2,0,3,1,3
4.33,162,12.97,74.9,14.4,1,1,1,1
15.44,449,3.44,95.2,18.1,0,2,0,3
7.18,251,10.76,44.8,15.7,1,1,1,1
17.08,108,0.99,88.2,22.2,0,3,1,2
10.52,59,7.76,77.1,11.3,0,3,1,0
15.97,495,3.3,101.0,7.5,2,3,0,3
15.48,194,11.17,81.8,20.9,0,2,0,3
11.06,353,13.92,105.9,12.3,2,2,0,4
13.08,141,6.04,84.2,20.8,2,1,0,2
6.08,621,3.96,84.4,11.8,1,0,1,0
15.51,71,8.88,108.7,11.5,2,2,1,4
8.73,84,8.39,101.4,16.0,1,2,0,3
3.21,587,9.47,101.7,21.1,0,1,1,4
15.85,682,3.7,84.9,17.6,1,2,1,3
17.44,523,5.11,97.5,5.0,1,2,1,3
11.78,180,13.79,91.7,17.1,0,1,1,3
7.86,427,12.04,110.2,13.9,0,1,0,4
0.98,651,8.81,110.9,6.5,0,3,1,3
7.47,548,5.41,67.2,16.0,1,0,1,0
13.23,627,10.1,95.1,7.0,1,0,1,4
9.79,620,6.76,40.5,8.5,2,2,1,1
15.2,256,7.19,86.0,19.1,0,2,1,2
7.89,35,12.54,94.6,10.0,0,1,1,3
3.2,345,4.19,46.0,11.6,0,1,0,0
3.78,365,10.62,71.5,12.7,1,0,1,1
10.44,397,7.71,96.3,10.3,0,1,1,2
10.65,94,12.13,54.5,17.6,2,0,0,2
1.19,301,8.42,74.4,19.6,0,0,1,1
0.88,362,11.94,65.6,20.9,2,1,1,1
5.96,391,11.98,76.1,22.8,1,2,1,3
12.99,109,12.52,60.6,4.9,0,2,1,1
6.32,243,1.85,55.7,5.4,0,1,1,0
1.9,683,5.33,72.7,12.7,1,3,0,0
4.7,713,5.14,85.7,18.4,2,1,0,2
1.53,429,9.84,45.7,17.1,0,1,0,1
2.22,317,1.75,92.3,17.2,2,0,0,1
0.86,160,7.2,56.7,4.5,2,2,1,0
3.22,310,7.25,78.6,14.5,1,2,1,1
5.18,124,1.15,39.8,17.2,0,3,0,0
5.37,511,1.7,55.5,22.5,0,2,0,1
3.76,361,3.1,94.7,8.1,1,2,0,1
9.11,230,2.02,65.9,19.6,2,1,1,1
14.06,115,1.98,102.1,18.8,1,1,1,3
0.9,653,12.26,68.4,15.4,0,1,1,1
0.47,507,9.37,96.4,17.5,1,3,1,3
10.25,393,8.41,67.8,16.4,0,1,0,1
4.66,313,8.39,94.2,18.4,1,1,1,3
4.65,627,3.71,94.9,13.9,0,0,0,2
16.7,391,8.94,39.6,18.3,1,3,0,2
8.96,310,1.14,48.3,21.0,0,0,1,0
11.72,527,7.25,75.1,13.3,2,2,0,4
16.77,326,6.18,68.4,8.5,2,2,1,1
8.36,629,6.27,43.3,22.4,1,0,0,1
0.55,562,12.3,60.0,18.7,0,0,1,2
13.33,500,1.76,82.4,14.9,0,1,1,2
8.75,367,0.58,75.1,14.4,0,3,1,1
11.14,518,7.64,42.5,15.1,1,2,1,2
14.67,81,0.55,38.4,20.7,0,2,1,1
15.34,275,6.39,46.9,12.5,0,2,1,0
8.97,225,1.56,94.0,17.5,0,3,1,2
3.88,310,1.02,51.0,7.5,0,3,0,0
5.16,590,12.71,43.0,16.3,1,3,0,2
7.0,53,2.47,46.7,19.5,2,2,1,0
14.63,430,6.94,71.8,15.4,1,2,0,2
4.28,466,6.27,49.0,6.8,0,2,0,1
2.03,668,11.0,75.0,17.7,0,0,1,1
9.41,245,3.53,40.5,22.9,2,2,0,2
0.59,319,9.36,81.6,4.4,1,1,0,0
7.23,315,10.43,99.3,10.8,1,3,1,3
14.25,121,8.24,96.3,5.4,0,2,1,3
7.65,709,6.56,66.0,21.9,2,1,1,1
16.35,101,3.44,72.6,14.9,1,2,1,1
8.83,508,3.72,75.5,21.4,1,1,1,1
11.69,359,1.32,67.0,11.9,1,1,0,1
9.79,713,10.32,56.6,9.6,1,2,1,2
14.69,59,5.22,72.1,11.4,0,1,1,0
17.37,505,13.19,90.6,19.5,1,2,1,4
11.86,472,5.19,63.9,18.4,1,1,1,2
5.88,454,13.91,100.9,15.0,0,2,0,4
9.22,213,12.73,80.7,11.0,0,1,1,2
14.24,160,11.73,56.5,18.9,1,3,0,2
2.81,400,4.67,42.6,19.8,0,2,0,0
8.97,517,3.33,58.0,12.3,1,0,1,0
6.84,32,13.19,75.1,19.5,0,2,1,3
4.21,560,3.97,54.5,11.3,1,2,0,0
9.25,265,12.88,47.2,17.3,0,1,0,2
5.3,261,8.54,60.8,13.5,1,1,1,1
16.33,541,7.31,76.4,6.1,2,1,1,2
0.65,604,10.51,84.3,6.8,2,2,1,3
9.11,398,7.37,109.2,22.4,0,2,0,4
13.03,573,11.97,88.9,19.6,1,3,1,4
7.15,709,1.26,110.0,7.0,0,3,1,3
7.71,571,5.84,38.4,11.2,0,1,1,0
1.15,348,3.08,66.4,15.3,1,3,1,0
7.83,541,10.4,73.3,21.6,1,3,1,2
8.29,282,7.02,108.6,5.8,1,0,1,2
0.85,556,10.4,42.0,20.4,0,1,1,1
5.01,261,4.35,106.4,5.3,1,1,1,2
16.37,552,13.52,60.3,13.5,2,2,1,4
0.45,51,5.94,104.0,21.6,0,1,1,2
4.04,671,2.92,57.4,10.0,1,1,1,0
8.57,108,2.54,98.5,10.4,0,1,1,2
16.68,10,10.1,95.1,7.7,2,1,0,3
12.35,664,0.68,111.3,18.6,0,1,1,4
16.51,704,10.26,38.7,13.7,0,0,1,2
4.22,193,12.22,55.3,5.7,1,2,1,0
5.52,332,3.94,39.6,8.5,0,1,1,0
16.68,711,6.55,89.0,6.4,0,3,1,3
6.2,418,10.3,89.5,14.6,2,3,1,3
3.87,681,12.92,51.1,13.5,0,0,1,2
1.33,338,2.16,60.2,4.9,1,0,0,0
17.42,410,7.25,43.0,16.7,2,2,0,2
11.43,345,1.05,53.6,16.5,1,0,0,0
16.24,95,12.91,97.5,6.0,2,2,0,3
14.9,210,8.24,76.7,22.5,1,2,1,2
8.94,666,10.98,61.8,19.8,0,1,1,2
10.28,550,3.02,59.1,8.2,1,2,0,1
9.81,432,8.48,56.6,4.3,1,3,0,1
9.97,256,1.65,52.4,9.4,0,1,1,0
3.1,184,11.37,45.4,16.3,1,1,1,0
17.85,480,9.44,77.0,11.2,1,2,0,3
7.38,118,3.68,63.6,9.2,1,2,1,0
17.86,445,9.42,96.8,13.2,0,2,1,4
16.02,232,10.05,57.3,22.5,2,2,1,3
7.93,16,9.17,100.3,20.3,0,3,1,3
0.58,365,1.15,51.3,21.2,0,3,1,0
7.86,593,3.86,45.1,16.9,2,0,1,1
16.63,565,12.46,89.9,8.2,2,3,1,4
16.62,536,9.12,70.8,8.2,0,0,0,1
17.09,445,10.16,46.6,4.5,0,2,1,2
11.08,296,9.29,68.2,6.3,2,2,1,1
8.96,82,0.59,51.0,13.7,0,3,1,0
15.34,517,11.27,87.4,11.6,1,3,1,4
15.02,132,9.26,77.4,11.7,1,2,1,1
8.19,419,2.71,97.0,11.6,1,3,1,2
10.55,582,7.37,78.2,13.3,1,1,1,2
3.45,359,7.57,99.9,4.6,1,1,0,2
0.68,258,1.24,80.3,20.4,2,1,0,1
7.34,560,9.88,69.0,4.1,1,0,0,1
4.35,532,6.4,97.1,16.5,0,2,0,3
12.94,483,2.26,38.0,6.8,2,0,0,0
7.14,458,7.25,64.6,18.8,0,0,1,2
15.61,706,4.9,50.2,15.2,1,2,1,2
14.26,474,4.17,91.5,20.5,1,0,0,3
1.15,691,1.67,47.1,22.0,0,1,1,0
12.24,664,12.33,46.9,19.9,1,0,1,3
12.07,476,7.8,93.2,7.6,2,1,1,3
6.58,404,5.65,111.1,9.9,0,1,1,3
3.32,219,6.07,56.0,6.5,1,1,1,0
11.76,217,8.77,81.1,9.2,2,2,1,2
6.95,416,11.12,76.0,14.9,2,2,0,3
1.03,77,7.41,80.6,15.8,2,2,1,2
9.44,283,11.58,72.3,14.6,1,3,0,2
4.75,155,5.33,83.5,7.8,1,1,1,0
11.98,515,1.57,48.7,21.2,1,1,1,1
8.45,204,10.58,42.2,11.3,0,3,0,1
13.65,167,13.17,93.8,7.1,0,1,1,3
16.64,663,13.78,68.6,4.5,0,2,1,3
13.94,507,2.48,85.5,18.3,1,0,1,3
2.9,324,8.87,69.8,9.3,2,1,1,0
17.42,249,4.31,64.5,21.9,2,2,1,1
16.75,632,0.86,85.5,6.8,0,0,0,3
12.53,358,2.42,39.6,18.9,0,2,0,1
10.98,281,6.74,66.9,15.3,0,1,1,0
8.13,300,12.88,68.0,4.4,0,3,1,2
3.95,220,3.85,60.5,16.2,1,1,1,0
12.9,73,8.42,80.4,10.0,0,2,1,1
4.56,348,10.88,111.7,21.0,2,1,1,4
9.09,630,13.28,67.8,4.7,1,1,1,1
6.34,274,9.62,99.8,11.0,1,1,0,3
12.75,327,12.91,104.7,19.3,1,2,1,4
5.46,182,4.1,64.8,9.9,1,1,1,0
13.99,144,5.4,64.3,12.7,2,2,1,1
0.77,99,8.52,89.0,21.2,0,1,0,3
14.4,43,9.3,40.4,14.8,0,3,0,1
8.83,685,11.98,51.7,5.3,1,2,0,2
8.64,43,9.7,62.9,10.2,1,1,1,0
0.63,712,1.88,61.9,4.1,0,1,1,0
8.91,652,11.83,99.3,11.8,1,1,0,4
11.31,118,0.81,46.9,20.2,2,2,1,1
7.4,603,10.93,40.0,18.9,2,1,1,2
5.16,488,3.58,50.6,4.3,2,1,1,0
3.26,709,3.78,43.4,8.9,1,2,0,1
5.37,491,1.42,90.1,14.9,0,0,0,2
5.22,165,8.43,73.1,9.6,1,1,0,0
6.92,168,4.95,64.5,21.6,2,3,0,1
7.9,667,1.5,108.5,6.1,1,0,1,2
9.63,603,0.77,51.0,8.2,0,2,0,0
6.57,124,13.78,74.4,12.4,0,2,0,2
15.92,157,5.75,109.5,21.3,1,3,0,4
9.1,681,1.3,40.2,7.8,1,1,1,0
1.29,362,5.56,46.8,15.8,1,3,0,0
12.93,431,12.36,66.2,9.2,0,0,1,2
10.78,386,10.04,38.3,11.5,0,1,1,1
17.14,579,1.23,38.4,15.8,1,3,1,2
14.57,381,3.74,88.3,4.1,1,3,0,1
8.18,216,10.57,41.6,5.3,0,2,0,1
9.14,27,3.81,107.0,6.6,1,3,1,2
2.1,257,6.57,67.7,14.9,0,2,1,0
8.61,389,9.56,61.2,14.8,0,1,1,1
14.09,439,0.96,56.5,20.0,1,3,1,1
10.71,502,13.63,73.4,22.9,0,1,1,3
2.16,449,10.59,74.8,15.1,0,3,1,1
9.98,618,10.18,101.0,9.1,0,3,1,4
1.25,620,0.51,61.6,18.1,0,2,1,1
5.25,564,12.14,46.0,5.0,2,0,0,1
3.83,50,11.86,51.2,7.7,2,3,1,0
13.87,81,11.28,104.7,5.3,0,1,1,3
15.77,271,5.26,73.0,13.5,2,2,0,2
16.54,543,5.15,92.3,17.4,1,1,1,3
10.45,659,5.19,101.2,6.4,0,2,0,3
15.7,707,12.72,53.6,4.4,2,3,0,3
15.35,189,2.02,96.5,20.3,0,0,1,2
14.23,9,7.09,59.2,16.4,0,1,1,0
1.98,409,5.04,44.3,16.7,2,1,0,0
17.82,268,12.2,97.8,12.6,2,3,0,4
16.31,23,1.0,49.4,4.9,0,2,1,0
14.55,548,7.62,57.9,17.5,2,1,1,2
4.35,591,7.25,66.7,10.1,0,1,1,1
12.4,303,0.92,75.6,11.9,2,1,1,0
4.48,482,6.7,43.6,15.0,0,1,1,1
3.55,155,11.57,72.4,13.5,1,1,0,1
7.94,607,11.51,51.0,12.0,0,1,0,2
13.96,550,3.24,76.5,14.7,0,1,1,2
13.48,360,13.18,109.1,18.2,1,1,1,4
7.91,195,11.03,98.0,6.9,2,2,0,4
8.32,144,2.5,50.3,18.9,0,0,0,0
15.73,677,12.47,110.8,10.6,0,2,1,4
14.53,514,5.7,82.8,18.2,0,1,0,3
8.14,587,4.23,73.4,21.2,2,0,1,1
6.42,706,1.82,59.3,15.0,2,2,1,1
2.02,127,1.09,105.7,17.6,1,2,1,3
9.28,500,5.19,47.9,8.2,2,1,1,0
9.96,304,0.66,103.1,12.0,0,3,1,3
16.36,29,13.02,49.0,10.0,1,2,1,1
4.6,209,4.9,48.5,4.1,1,3,1,0
11.59,285,7.25,58.4,14.5,0,1,0,0
9.03,270,6.06,105.0,21.8,1,1,0,4
16.95,665,12.54,105.0,5.2,2,1,1,4
13.38,381,9.19,93.1,9.0,0,3,0,3
5.03,423,2.89,52.1,19.4,2,1,1,0
17.95,497,13.13,55.9,21.5,0,1,1,3
8.69,281,6.95,109.9,10.4,1,3,0,3
17.85,409,10.68,73.8,4.1,0,3,1,1
17.27,43,9.79,50.7,20.4,0,3,1,2
2.85,443,6.71,46.8,20.5,1,0,0,0
13.99,104,13.97,50.7,17.5,2,2,1,3
8.91,154,7.25,107.3,9.8,0,3,1,3
14.11,24,11.69,92.0,10.6,0,0,0,3
2.51,477,5.9,64.3,5.1,2,3,1,0
7.39,423,11.0,64.3,12.5,2,0,1,0
7.56,559,4.41,52.4,17.6,1,2,1,1
10.4,188,13.55,106.0,20.5,1,2,0,4
17.1,462,7.25,46.0,16.7,0,1,0,3
1.84,388,7.47,64.0,19.7,0,3,1,1
10.73,513,13.98,73.0,16.4,1,3,1,3
1.08,277,7.39,74.2,8.7,0,0,1,0
3.09,293,3.31,61.3,11.3,0,2,1,0
14.74,230,4.65,50.0,18.2,1,0,1,0
17.55,439,10.35,106.7,15.0,0,1,1,4
1.15,197,10.65,80.8,19.6,0,1,1,1
9.51,266,9.6,110.6,4.5,0,0,0,3
12.91,432,13.67,68.9,16.1,1,0,0,3
0.83,268,9.92,110.8,13.5,0,3,1,3
13.98,313,7.54,50.4,9.1,0,1,1,0
17.08,441,12.57,67.8,16.2,1,2,1,3
11.82,207,2.11,87.1,6.5,2,0,1,1
8.81,569,10.34,92.0,21.0,1,1,0,4
0.82,333,4.02,51.5,12.9,2,1,0,0
14.42,198,7.24,83.1,9.3,0,1,1,1
14.11,717,0.59,66.3,5.6,2,1,1,1
1.21,691,10.97,77.2,10.4,0,1,1,1
6.07,265,7.37,77.5,12.2,0,2,1,1
6.91,495,4.31,100.3,17.0,1,0,1,3
15.84,160,11.02,67.7,19.3,0,1,1,2
16.16,106,3.38,56.9,4.2,2,0,1,0
13.5,109,13.19,95.3,21.5,2,1,0,4
17.07,629,12.04,77.8,4.3,0,2,0,3
10.51,703,7.0,59.2,9.1,1,1,1,1
8.21,309,11.66,106.3,17.2,1,1,1,4
3.6,650,5.85,53.2,4.9,2,2,1,1
3.06,408,5.21,101.2,14.5,1,2,1,2
7.77,708,13.56,49.2,12.1,2,2,1,2
6.67,695,10.91,57.4,6.9,0,0,1,1
17.95,362,7.63,72.0,19.0,0,2,1,2
17.97,518,9.38,48.0,6.9,1,1,1,2
14.11,323,10.08,71.5,12.4,0,3,1,1
6.96,249,9.17,68.0,20.2,1,2,0,1
17.25,40,1.65,110.7,22.1,0,1,1,3
17.36,709,0.81,94.4,15.7,1,1,1,3
6.4,114,3.22,48.2,5.2,2,2,1,0
14.45,549,6.55,39.8,9.5,1,0,0,1
3.33,208,12.73,52.2,9.4,0,3,1,1
13.16,108,6.45,91.9,17.5,1,1,0,2
11.48,189,8.42,50.8,17.8,0,3,1,1
1.95,213,13.64,101.7,20.8,0,2,1,4
16.42,271,9.86,41.3,13.8,2,0,1,2
12.14,360,10.15,110.5,8.0,2,1,1,4
17.05,541,3.91,47.3,22.6,2,0,1,3
5.41,670,9.83,104.6,13.6,1,1,0,4
13.53,12,4.13,66.7,22.8,1,0,1,0
3.89,93,5.69,67.9,22.2,2,1,1,0
7.25,241,2.28,51.9,4.0,1,3,1,0
13.55,578,10.75,64.5,20.4,0,1,1,3
9.6,438,13.21,107.2,9.1,1,2,0,4
15.67,103,6.3,88.5,12.0,0,2,1,2
0.83,605,8.92,87.4,5.3,2,3,1,3
12.35,392,2.54,75.1,21.7,1,2,0,2
11.76,292,5.78,85.7,17.4,2,3,1,2
1.95,622,12.03,54.6,6.8,0,3,1,1
15.85,582,3.44,73.3,9.4,0,1,0,2
8.26,37,3.2,82.0,7.2,2,0,0,0
0.33,260,0.71,77.3,11.2,0,0,0,0
16.53,129,6.99,102.9,11.8,2,0,1,3
5.23,651,11.7,87.5,20.1,0,1,0,3
2.11,586,12.75,93.3,22.1,1,3,0,4
10.73,711,5.88,53.9,13.5,0,3,1,1
7.56,142,7.25,66.6,11.5,1,2,0,2
0.95,659,4.94,39.6,18.5,1,1,1,0
8.21,708,5.39,71.7,8.5,1,2,0,1
17.44,241,3.56,100.1,4.2,0,1,1,2
17.88,411,11.45,58.7,17.6,0,1,1,2
12.79,309,7.19,62.1,22.1,0,2,0,2
12.86,404,2.9,83.5,10.8,2,2,1,2
4.43,261,1.95,66.4,8.0,1,3,0,0
6.28,556,1.6,47.2,11.0,2,1,1,0
3.27,94,9.53,78.7,18.5,2,2,0,2
7.36,231,3.71,45.0,8.7,0,1,0,0
4.72,153,8.7,63.7,17.6,2,3,0,1
8.45,708,10.79,83.2,19.7,1,1,1,3
13.08,220,1.63,88.2,9.0,2,1,1,1
7.72,41,7.25,104.5,4.7,2,0,0,3
12.15,528,1.6,69.1,12.7,0,2,0,2
11.0,612,12.76,40.9,11.9,0,1,1,2
7.75,547,2.04,42.8,20.3,0,3,0,1
12.41,111,11.73,63.6,7.6,1,2,0,1
1.14,458,12.07,100.1,21.4,1,0,1,4
7.29,138,1.14,100.0,17.0,2,2,1,2
15.52,170,0.8,60.1,15.2,0,2,1,1
1.2,690,2.65,79.4,22.8,1,2,1,2
2.73,394,2.79,78.7,7.0,2,1,1,0
6.92,278,1.84,63.8,9.3,1,3,1,0
4.5,81,8.46,89.3,9.4,0,1,0,2
0.85,497,5.8,50.5,21.7,2,1,1,0
9.4,640,6.75,61.9,10.8,2,2,0,1
6.0,395,2.26,71.3,16.9,0,1,1,1
7.32,206,11.45,80.1,15.8,1,3,1,2
3.58,229,6.29,50.5,8.4,0,1,0,0
6.18,507,11.83,77.0,17.9,1,1,0,2
8.45,633,2.81,75.1,4.6,2,3,1,3
2.28,293,4.43,94.5,15.8,0,3,0,2
8.3,137,9.76,78.5,15.3,1,2,0,1
12.82,671,13.07,79.7,12.3,1,1,1,3
16.65,249,4.37,51.5,7.2,1,1,0,0
12.8,124,2.94,75.1,8.9,1,0,0,2
17.42,327,4.36,72.1,16.6,1,1,1,1
8.53,144,11.62,51.2,7.9,1,0,0,1
13.66,487,6.31,103.5,13.1,0,1,1,4
14.64,716,13.78,103.6,12.4,2,1,1,4
15.81,92,1.67,107.5,22.1,2,0,1,3
1.2,439,13.05,104.0,18.1,1,2,1,4
16.79,493,12.63,101.1,11.8,2,3,0,4
17.62,218,7.73,89.3,6.7,1,1,0,2
12.51,132,6.98,84.8,19.4,1,0,0,1
4.84,485,2.22,99.0,19.4,0,2,1,3
16.35,596,11.87,108.3,8.0,2,1,1,4
4.15,214,3.82,109.0,23.0,0,1,1,3
17.38,631,13.03,62.7,10.9,0,2,1,3
11.53,243,3.79,111.9,5.1,0,0,1,2
13.59,712,3.1,44.6,10.1,1,0,0,2
9.13,57,11.26,96.2,14.9,2,0,0,3
16.36,388,4.54,58.9,19.8,1,1,1,1
4.93,649,0.72,78.1,17.9,2,1,1,1
17.28,704,4.61,84.9,11.8,0,3,0,3
7.72,646,12.92,101.1,9.8,1,0,0,4
9.54,110,2.74,75.1,4.6,1,1,1,0
13.4,51,4.86,100.4,9.0,0,3,1,2
13.79,293,11.62,75.3,11.5,0,1,0,2
17.58,504,4.57,57.8,6.2,1,1,1,1
13.55,15,6.36,75.1,6.5,0,1,0,0
11.76,168,11.41,69.2,6.9,0,0,0,1
10.89,593,4.5,64.2,12.1,1,0,0,1
3.33,71,4.13,71.3,8.5,1,2,1,0
5.04,85,8.74,96.9,6.2,0,1,0,2
1.3,198,10.56,40.8,21.1,0,2,1,1
0.42,570,2.82,86.7,20.2,0,0,0,1
0.76,504,13.25,81.2,20.6,1,3,0,3
13.7,564,1.69,75.1,11.0,2,1,0,4
13.58,548,9.05,49.2,8.2,2,0,1,2
7.06,297,3.52,69.7,7.3,0,0,0,0
2.08,49,12.01,73.4,6.7,0,1,0,0
13.6,82,9.66,108.1,13.2,2,1,1,4
9.47,411,8.82,75.3,12.8,0,1,1,1
3.33,176,7.86,99.7,16.4,1,1,1,2
7.1,597,4.07,43.9,9.4,2,0,0,0
5.11,246,6.87,92.9,18.5,2,1,0,2
14.08,567,2.81,87.5,21.8,2,1,1,3
13.82,583,5.59,83.4,21.7,1,2,1,3
3.84,667,7.39,81.3,20.6,2,2,0,2
3.64,606,12.36,85.5,22.3,2,2,1,4
17.4,46,13.99,45.6,5.5,1,2,1,2
14.1,206,7.77,78.8,7.7,1,1,0,2
2.43,582,5.48,82.4,7.9,0,3,1,1
4.7,596,2.81,61.5,4.1,1,1,1,0
8.02,9,4.19,54.3,13.4,1,0,0,0
7.47,528,9.19,62.0,22.1,1,0,0,2
13.61,358,13.4,99.6,18.8,1,1,1,4
3.49,336,11.65,94.8,15.1,1,1,1,3
8.54,525,10.42,53.6,6.2,1,1,1,1
8.8,411,2.38,96.7,7.2,1,3,0,2
11.86,701,5.18,92.3,14.4,2,0,1,3
1.66,374,13.74,64.7,13.3,2,1,0,1
8.94,536,7.25,106.5,6.6,0,1,1,3
3.26,89,5.17,100.6,19.2,2,1,0,2
1.82,190,1.69,105.9,5.0,0,1,1,1
3.41,656,11.07,97.7,13.5,2,1,1,3
5.49,626,3.78,41.6,8.1,2,2,0,1
15.11,351,0.95,75.1,21.1,0,0,0,2
17.86,291,1.58,50.5,16.3,0,0,0,1
13.52,373,1.11,46.8,4.7,0,2,0,0
16.97,187,0.85,101.6,5.5,1,0,1,2
11.44,372,0.98,81.2,22.5,2,1,1,2
11.29,72,0.7,92.2,9.5,1,2,1,1
16.32,71,9.85,44.2,4.3,1,2,1,1
1.26,565,8.54,96.4,9.7,0,2,0,3
8.35,280,10.82,107.1,6.0,2,1,1,4
0.51,281,2.89,44.7,12.1,0,0,1,0
8.16,633,5.96,102.0,15.6,0,1,1,2
4.49,299,8.58,54.8,12.4,2,3,0,0
7.33,390,7.25,93.0,19.1,2,1,0,4
7.05,261,13.38,106.5,7.9,1,1,0,4
9.54,343,11.98,75.1,21.4,1,1,1,3
6.66,399,3.82,58.0,5.3,1,0,1,0
3.59,33,7.22,88.6,16.1,2,3,0,2
11.47,148,2.98,71.2,20.1,0,2,1,1
4.42,566,2.33,86.5,8.5,1,1,1,0
9.53,493,1.56,42.6,18.7,2,1,1,1
4.22,217,4.14,67.4,9.9,2,1,1,0
13.3,647,2.86,86.0,5.3,0,1,0,2
5.68,451,4.28,96.7,4.9,0,3,1,2
7.1,42,6.68,99.4,20.9,1,1,0,2
17.25,681,0.86,48.9,5.5,2,1,0,2
3.27,242,9.26,44.3,21.2,0,0,1,0
1.13,282,1.27,75.1,7.0,0,1,1,0
14.18,293,6.66,83.6,17.6,0,2,0,3
12.04,284,10.34,75.1,13.3,0,2,1,2
0.41,126,12.49,54.9,10.9,0,3,1,0
14.84,244,4.99,100.7,17.7,0,2,1,3
17.13,177,10.46,101.0,13.5,0,3,1,3
13.19,606,8.69,74.7,13.3,1,3,1,2
15.54,549,6.96,48.9,4.3,0,0,1,1
12.98,38,8.78,53.6,5.1,1,3,1,0
6.77,231,3.4,106.8,18.2,1,3,1,2
8.24,241,7.25,106.3,6.3,1,1,1,2
11.59,452,7.25,41.1,20.7,2,1,1,2
16.93,657,13.96,79.8,15.1,1,0,1,4
14.52,282,5.14,46.7,16.5,2,3,1,1
7.26,340,2.11,55.0,7.2,0,1,0,0
0.76,262,11.73,111.5,22.2,1,1,1,4
4.65,323,8.58,43.6,7.3,2,1,1,0
3.62,97,6.75,44.1,5.4,0,2,1,0
6.25,435,9.26,58.6,20.8,0,1,1,1
17.08,130,9.36,44.7,10.4,1,0,0,1
4.64,248,11.83,57.8,12.2,0,1,0,0
8.52,656,9.32,52.4,8.3,0,0,1,0
13.09,475,8.28,62.4,16.8,0,2,0,2
8.88,397,3.16,72.0,20.8,2,1,0,1
14.18,152,3.86,106.7,20.3,1,2,1,3
11.76,660,4.01,91.0,6.1,0,1,0,3
7.12,406,2.06,106.9,13.9,1,0,1,2
1.34,560,2.57,110.7,19.7,0,1,1,3
0.7,367,8.29,93.6,4.0,2,0,1,2
5.15,595,0.52,66.4,17.6,0,1,1,1
0.72,519,13.92,81.2,11.0,1,3,1,2
13.91,480,4.99,108.0,17.8,2,0,1,4
10.76,230,12.56,81.5,18.1,1,1,1,3
17.91,257,6.88,58.1,9.3,0,1,1,0
13.63,454,11.56,108.9,14.9,0,1,1,4
7.88,90,2.5,102.0,14.5,2,1,1,2
5.61,599,3.79,72.2,21.3,0,1,0,2
11.35,650,6.23,84.6,6.9,1,2,0,3
4.3,592,1.12,77.0,18.1,1,2,1,1
6.02,35,13.65,105.8,13.9,0,1,1,4
5.04,715,5.41,76.7,12.2,2,3,1,1
1.12,321,10.61,65.3,21.5,2,2,0,2
8.58,241,6.63,52.6,19.7,0,1,1,1
5.03,173,8.33,81.9,14.5,0,0,0,1
16.16,25,2.06,56.6,9.1,2,1,1,1
14.4,644,3.05,42.7,17.7,2,2,0,2
8.02,429,4.47,97.9,13.5,1,2,1,3
11.85,219,7.91,54.5,20.2,1,1,1,1
1.86,61,6.5,90.2,22.7,0,2,1,2
14.15,134,1.66,75.5,15.1,1,3,0,1
8.76,477,4.19,76.7,6.8,0,1,1,0
11.36,463,1.38,56.1,14.7,1,2,0,2
7.29,50,4.72,96.1,10.6,1,1,1,1
11.09,322,9.66,55.9,21.6,0,2,0,2
6.61,691,3.63,78.9,7.9,1,2,1,1
12.72,669,4.18,52.8,14.5,0,1,1,1
14.67,488,8.1,41.9,17.4,1,0,1,2
10.23,574,3.57,98.4,13.5,2,3,1,3
10.5,583,9.09,57.1,21.5,0,1,1,2
16.0,87,10.06,103.7,9.2,2,0,1,4
9.92,108,4.9,70.7,16.7,1,3,1,0
5.85,261,13.28,92.9,22.2,1,1,0,4
11.37,178,4.3,51.3,13.5,0,1,1,0
0.71,229,8.02,67.7,20.3,0,2,1,1
9.63,267,8.89,72.1,14.3,0,3,1,1
16.34,522,8.42,109.2,16.3,2,2,0,4
0.49,560,7.09,42.3,22.6,0,2,1,1
17.55,558,9.56,66.0,22.8,0,1,0,3
3.12,355,7.25,79.7,7.0,0,2,1,1
8.15,473,9.21,75.0,10.1,0,3,1,1
9.45,362,7.33,98.5,6.4,0,2,1,3
7.96,332,10.78,100.8,18.7,0,1,1,3
1.45,687,3.02,110.5,7.8,1,1,1,2
13.72,56,2.05,44.1,13.9,0,1,1,0
10.62,488,5.49,38.3,13.1,2,2,0,2
2.59,683,2.74,64.2,11.7,2,1,0,1
4.39,299,12.23,107.8,10.5,0,1,0,4
2.82,673,7.18,89.2,10.0,2,0,1,2
15.33,271,9.17,88.5,5.9,0,1,1,2
13.12,235,12.73,44.4,15.1,1,1,1,2
12.48,42,8.2,69.6,17.9,0,3,1,1
16.37,117,11.33,70.1,21.6,1,0,1,2
7.38,638,7.25,93.5,10.9,1,2,1,3
9.49,29,0.62,81.0,10.7,1,0,1,0
1.35,694,2.79,59.6,20.8,0,1,0,0
11.33,642,6.05,57.4,5.9,2,0,0,1
10.61,263,8.25,66.7,11.6,2,1,1,1
14.59,167,11.5,55.4,10.7,0,2,0,2
17.2,281,9.43,57.5,14.0,1,1,1,2
16.52,684,13.96,77.8,14.8,1,1,1,4
14.28,460,0.96,102.9,7.7,0,0,0,3
13.01,476,7.25,50.8,17.0,0,1,1,2
12.61,179,1.83,83.1,10.7,2,0,1,1
13.78,516,11.19,43.7,22.9,1,2,0,3
15.33,55,8.04,69.8,19.9,1,0,0,1
9.39,137,1.13,88.7,5.2,1,2,1,1
7.05,705,2.24,97.6,19.9,0,2,1,3
13.03,717,10.59,78.4,14.1,1,3,1,3
5.3,28,13.37,42.0,14.0,2,2,1,1
8.89,65,9.96,47.8,16.2,0,1,1,0
9.22,369,3.74,39.8,18.4,1,2,1,1
1.35,507,7.25,70.2,13.5,1,0,0,0
16.19,276,0.84,72.6,16.9,1,1,0,1
7.34,25,5.89,79.1,12.0,2,0,1,0
2.14,709,6.21,45.0,19.4,1,0,1,1
8.44,579,1.18,41.6,18.8,0,0,1,0
17.1,338,8.85,71.5,13.5,2,1,0,2
6.77,291,0.82,65.4,17.0,0,3,0,1
9.61,214,1.58,106.4,19.9,2,3,1,3
17.86,125,13.06,75.1,20.6,2,2,1,3
14.13,117,5.44,75.1,7.0,1,0,1,0
11.7,276,2.96,88.9,12.0,0,2,1,2
2.42,502,13.1,73.6,18.7,1,0,1,2
6.52,467,5.76,43.5,14.0,1,3,0,0
13.83,418,2.3,52.8,14.9,1,2,1,1
3.2,563,13.2,105.1,13.8,2,1,1,4
8.64,106,1.31,52.4,13.6,1,0,1,0
0.51,13,6.25,91.5,17.0,0,1,0,1
8.58,268,11.99,104.0,9.8,1,1,0,3
2.37,437,8.77,67.4,7.4,1,1,1,0
0.56,30,7.48,55.2,14.9,2,0,1,0
7.87,475,3.25,107.7,11.4,2,1,0,3
2.21,658,7.37,71.5,11.8,1,3,1,1
2.98,165,4.79,52.2,4.1,0,1,1,0
5.69,559,6.2,40.0,6.9,1,1,1,0
11.93,491,5.72,68.3,18.5,0,0,1,2
10.41,14,7.25,51.6,11.5,1,1,1,0
5.44,522,2.62,46.5,13.0,0,2,1,0
1.7,351,1.79,44.8,21.2,0,3,1,0
10.82,468,1.68,90.1,13.9,0,1,1,2
9.58,490,7.29,56.8,18.2,1,1,0,1
15.93,694,12.03,39.6,9.4,1,2,0,3
3.07,713,13.1,41.1,8.4,1,3,1,1
3.0,328,9.19,106.8,22.8,0,1,0,4
14.14,245,6.66,73.7,8.5,0,2,1,1
8.22,478,13.1,60.4,12.8,0,0,1,2
10.72,572,11.32,64.3,22.9,2,1,1,2
6.09,244,5.23,44.4,13.5,1,0,1,0
15.73,305,11.76,107.4,19.1,1,1,1,4
3.89,249,6.11,38.4,6.2,2,2,0,0
1.05,82,5.61,97.4,12.1,0,1,1,1
10.28,440,0.67,95.0,8.7,0,2,1,3
8.29,210,4.2,59.9,13.4,0,2,1,0
4.51,384,11.39,63.1,13.5,0,0,0,1
2.03,66,12.57,83.2,14.9,0,1,1,2
11.06,563,1.72,55.2,23.0,2,3,1,2
14.24,660,13.78,61.4,22.5,0,2,0,4
11.75,438,0.78,47.5,5.0,0,1,0,1
8.93,491,5.48,99.2,21.1,0,3,0,3
14.38,432,7.51,56.9,13.5,1,0,1,2
13.54,642,2.4,67.7,10.3,0,1,1,1
13.07,270,2.29,54.9,10.4,2,1,0,0
7.54,146,8.64,47.7,9.1,0,0,0,0
9.81,675,2.5,89.6,5.0,0,3,1,2
1.21,12,6.87,60.1,8.3,0,1,0,0
4.12,51,4.2,52.4,13.9,2,1,1,0
2.65,160,2.66,95.0,11.2,0,3,0,1
1.61,36,6.74,58.0,14.6,0,0,1,0
16.17,375,13.31,52.5,19.4,0,1,0,3
16.83,347,10.74,106.8,16.8,0,2,1,4
16.34,415,13.34,110.6,16.4,2,2,1,4
17.47,427,7.86,82.2,16.4,0,3,1,3
8.11,295,7.25,103.9,11.9,2,1,1,3
0.87,64,10.95,40.0,7.7,0,2,0,0
9.41,501,10.64,65.3,7.1,2,1,0,1
8.09,694,7.94,63.5,15.5,2,2,1,1
5.32,250,4.37,42.1,20.1,0,2,1,1
13.69,470,6.13,76.9,5.5,1,1,1,1
0.8,281,12.31,49.3,5.2,2,0,0,1
5.84,232,1.49,67.5,13.5,0,1,1,0
12.88,528,12.68,49.4,7.6,0,3,1,2
15.69,54,2.99,77.1,12.7,0,3,1,1
10.64,605,10.66,78.9,6.0,1,3,1,3
16.58,285,8.43,49.3,12.8,0,1,0,1
15.71,340,13.37,103.2,7.9,1,1,0,4
12.01,457,3.38,107.5,21.0,0,3,1,4
9.74,441,8.09,45.4,6.6,1,3,1,0
17.44,263,3.95,70.1,5.5,2,0,0,1
16.04,184,9.64,72.6,5.3,2,1,1,1
12.46,377,1.71,111.2,21.4,1,0,0,4
0.93,210,8.0,103.2,18.6,2,3,1,3
1.18,539,4.15,49.8,6.0,1,3,1,0
4.43,157,5.24,48.5,15.3,1,1,1,0
2.34,92,8.57,88.9,15.4,1,3,1,3
2.67,299,5.76,86.5,4.2,2,2,1,1
4.44,615,13.24,98.6,18.1,1,2,1,4
3.55,538,13.68,49.9,11.9,2,2,1,2
2.73,389,1.11,62.8,18.8,0,1,0,0
4.74,44,10.16,95.4,21.0,2,2,0,3
11.7,720,8.36,39.1,17.7,1,0,1,2
9.29,323,10.43,93.5,4.5,0,0,1,3
9.49,429,4.89,72.8,14.6,0,1,0,1
16.99,39,11.22,95.2,7.2,2,1,0,3
8.9,572,10.76,106.5,14.4,2,1,1,4
2.65,348,1.99,72.5,12.3,1,2,1,0
17.87,80,6.32,102.8,9.7,1,1,0,3
12.94,153,12.83,109.0,11.7,2,1,0,4
12.97,489,8.28,41.5,18.7,0,2,0,3
11.5,344,11.6,81.0,4.3,0,2,0,2
5.44,127,14.0,38.3,18.0,1,0,0,1
7.21,326,10.45,56.5,17.3,0,2,1,2
16.61,127,8.91,65.0,16.1,0,1,1,1
15.33,510,3.74,42.0,22.5,0,0,1,2
10.82,150,8.05,80.8,17.1,1,2,1,1
8.2,259,9.46,105.7,11.7,0,1,0,4
7.73,142,6.0,57.9,18.0,1,1,1,0
11.68,22,6.59,55.1,4.8,1,0,1,0
12.28,509,2.51,89.9,10.3,0,3,1,2
13.24,674,3.62,67.9,20.7,0,1,0,2
2.97,36,13.32,79.0,8.7,0,3,0,1
3.76,521,6.82,91.2,8.2,0,2,0,2
11.24,534,3.75,75.1,18.2,0,1,1,2
6.78,386,3.19,82.2,12.9,0,0,1,1
10.54,341,5.25,69.3,4.6,2,3,1,0
9.55,193,11.25,72.1,8.2,2,2,1,1
11.39,479,5.14,111.0,7.0,1,2,1,3
16.06,176,6.2,78.3,7.8,2,1,0,1
6.91,150,5.12,101.2,16.3,2,1,0,2
16.66,138,9.44,84.4,4.4,0,3,1,2
15.19,260,11.93,43.5,16.7,2,3,0,3
7.55,650,9.84,57.4,15.7,1,0,0,1
2.88,452,10.03,75.1,19.4,1,3,0,1
12.16,635,0.96,85.0,16.2,2,1,0,3
15.76,375,2.97,104.4,12.5,2,1,1,3
11.17,359,13.42,101.3,21.3,0,2,0,4
5.5,185,5.42,65.7,8.5,2,3,1,0
16.29,190,1.74,106.3,11.4,2,1,0,3
13.02,428,9.56,71.7,16.3,1,0,1,2
4.09,265,2.6,52.4,6.2,1,1,1,0
13.22,659,6.24,95.9,11.9,0,2,1,3
12.85,270,2.45,75.2,19.1,0,3,0,1
17.13,343,2.95,49.9,12.9,0,1,0,1
5.61,411,14.0,93.6,9.1,2,1,1,4
15.61,298,3.61,49.0,13.8,2,1,1,0
12.99,355,6.37,42.0,22.2,0,1,0,2
6.23,555,7.07,46.8,13.3,0,3,0,1
4.25,584,13.51,41.9,17.6,0,2,1,2
9.21,168,8.15,70.0,9.3,0,2,1,1
7.0,294,6.89,64.2,14.9,2,3,1,1
10.71,225,11.36,46.9,15.4,1,1,0,1
7.5,707,4.78,88.0,7.2,0,1,1,2
13.28,190,6.25,82.7,18.4,1,1,1,2
4.27,181,5.08,64.9,16.5,0,1,1,0
12.95,69,3.29,58.7,13.5,0,1,0,0
17.63,115,6.84,64.8,6.0,0,1,0,1
15.28,717,12.78,111.3,6.1,1,2,0,4
4.91,632,3.72,70.2,4.6,1,2,1,0
16.53,404,9.6,95.1,6.5,0,0,1,4
0.97,596,11.47,41.9,18.2,0,3,1,2
1.13,595,7.29,80.5,16.0,1,1,1,1
5.18,17,13.48,86.9,10.9,0,2,0,3
0.44,118,13.8,54.3,14.0,2,0,0,2
11.27,246,5.21,45.6,10.4,0,1,0,0
0.92,283,9.88,93.1,14.5,1,3,1,3
9.04,345,7.72,87.2,11.7,0,0,0,2
5.4,321,0.88,92.7,15.3,2,0,1,1
6.64,329,13.76,97.1,9.1,1,2,1,4
8.26,507,7.98,77.7,13.9,0,0,1,1
17.59,80,3.98,104.7,21.3,0,2,1,3
11.89,596,11.0,109.3,10.0,1,0,0,4
2.58,320,6.15,58.6,10.3,1,0,1,0
15.61,213,11.01,107.1,5.4,1,3,0,4
12.24,204,3.8,75.1,10.2,2,3,1,2
10.47,200,2.11,56.9,5.4,2,2,1,0
14.92,562,7.25,77.7,21.7,0,1,1,2
15.99,261,2.99,94.0,6.2,2,0,1,1
10.64,641,8.95,103.2,19.4,0,2,0,4
13.32,15,3.75,59.9,16.8,1,2,0,0
10.5,160,1.33,86.0,14.2,2,1,0,1
4.24,146,9.63,56.0,6.8,1,0,1,0
8.19,458,5.76,64.8,11.1,2,3,0,1
16.5,73,5.83,38.3,15.3,2,3,1,1
1.5,115,13.46,75.1,12.1,1,1,1,3
16.96,57,4.76,91.6,13.5,0,0,1,1
11.42,144,8.25,59.3,9.3,2,0,0,1
15.22,487,12.69,59.8,5.5,1,2,1,3
5.05,565,3.91,79.6,10.1,0,3,1,1
15.84,71,2.25,85.7,17.6,0,2,0,1
2.26,226,9.75,42.8,12.7,0,1,0,0
10.42,10,7.71,109.4,13.5,1,3,1,3
8.03,490,5.03,83.4,19.7,2,1,1,2
7.91,83,11.5,47.4,17.3,2,2,1,2
3.18,590,2.2,71.7,18.0,1,0,1,1
14.69,395,8.74,65.0,7.3,2,1,1,1
13.61,544,8.9,79.2,18.8,1,0,0,2
2.67,292,7.25,77.8,20.5,1,3,1,2
12.3,427,1.51,88.3,20.1,2,1,1,3
10.63,485,9.05,72.6,21.4,1,2,1,3
11.8,151,9.72,58.9,11.6,0,2,1,1
5.47,190,4.25,104.2,10.9,0,1,0,3
3.95,444,10.51,82.2,7.7,0,0,0,3
16.6,307,4.11,75.1,14.8,0,2,0,3
17.61,218,8.16,78.4,15.8,2,3,1,2
6.43,32,3.46,42.5,6.4,2,2,0,0
13.8,197,1.49,101.5,12.8,0,2,0,3
4.73,17,0.83,70.0,10.4,1,1,1,0
14.64,62,4.51,78.1,11.1,0,1,0,1
14.35,627,4.67,93.9,6.2,2,2,0,3
4.4,546,4.09,75.1,18.1,2,2,1,3
17.26,189,4.91,52.3,8.9,1,2,1,1
7.28,198,8.14,51.1,5.6,1,1,1,0
10.25,163,6.89,74.6,10.7,1,2,1,1
11.59,61,5.88,71.7,21.5,1,3,0,1
15.02,298,0.61,56.8,19.5,0,0,1,0
8.79,545,8.45,55.6,20.3,1,2,1,2
7.31,208,11.71,39.2,13.9,0,2,1,1
2.49,153,9.65,90.9,12.3,1,1,1,2
12.93,264,9.95,98.6,15.3,2,3,0,4
11.92,700,9.27,86.5,8.9,0,3,1,4
5.29,574,6.66,110.5,19.4,0,0,0,3
12.77,646,13.43,56.2,6.1,0,2,1,3
6.2,674,8.46,93.7,11.1,1,0,1,3
15.95,576,2.66,80.3,20.7,1,0,1,3
15.1,618,3.71,39.3,9.9,1,1,0,2
17.07,163,2.96,69.5,16.3,2,1,1,1
5.0,516,10.54,68.9,8.8,1,2,1,1
16.81,194,7.65,75.1,6.2,1,3,1,1
3.72,519,3.05,75.4,13.3,0,2,1,0
7.88,717,4.93,55.8,10.5,0,3,1,0
14.76,202,4.3,45.6,22.0,1,3,0,1
5.74,617,6.38,90.7,18.5,2,1,1,3
16.56,142,0.91,53.5,11.1,0,2,1,0
10.34,458,13.57,97.6,12.6,2,2,0,4
8.15,121,10.01,63.4,14.0,0,2,0,1
0.89,676,1.86,39.6,18.2,1,1,1,0
15.82,663,8.26,99.1,9.2,1,0,1,4
4.45,227,3.3,73.0,17.9,1,2,0,0
5.75,228,6.39,74.8,8.5,1,1,1,0
15.54,187,12.6,84.5,14.9,0,3,1,3
1.36,440,5.46,81.5,16.9,2,0,0,1
15.66,83,8.28,61.7,8.3,1,2,1,1
4.41,630,11.15,54.9,6.1,1,1,0,1
14.29,163,13.79,50.1,12.4,0,0,0,2
10.92,584,13.41,39.8,8.0,0,2,1,3
12.08,711,0.96,70.0,21.4,0,0,1,2
5.48,476,4.55,94.8,4.1,1,1,1,1
14.7,512,3.42,82.4,4.9,0,0,0,2
1.5,55,2.6,74.1,16.1,1,1,0,0
9.09,396,8.59,42.0,22.2,1,0,0,2
17.8,396,3.01,70.1,7.5,0,1,0,1
13.58,683,9.5,107.4,12.2,1,2,0,4
6.87,240,6.8,84.6,8.3,1,2,1,1
15.62,485,2.95,106.2,4.6,1,2,1,3
12.08,536,7.7,109.6,15.4,1,3,1,4
3.42,223,12.79,87.2,11.5,1,1,1,3
0.65,650,7.35,46.1,7.4,1,2,1,1
15.07,229,10.25,78.2,17.7,0,3,1,2
0.78,551,11.09,56.8,8.8,1,1,1,0
14.26,319,11.48,85.0,21.1,2,3,1,4
7.2,424,5.52,69.2,18.8,0,1,0,1
2.51,627,12.69,103.1,6.4,0,2,0,4
2.88,524,3.85,39.9,22.0,1,2,1,1
0.66,515,7.53,81.0,16.7,0,3,1,2
14.19,269,10.07,88.6,22.0,0,3,1,3
0.55,272,8.26,92.8,14.2,1,3,0,3
4.37,41,7.25,57.6,15.2,0,1,1,0
5.79,208,4.41,79.1,12.4,0,2,1,0
7.46,328,12.49,107.3,4.9,0,2,1,4
8.82,135,1.31,74.9,16.2,1,0,1,0
10.12,197,2.71,51.8,18.9,2,1,1,0
12.93,487,7.25,87.4,18.0,0,0,0,4
10.26,402,6.06,61.7,15.5,2,1,0,1
9.88,213,7.25,109.9,21.1,2,1,1,4
7.21,671,9.87,88.8,14.1,0,3,0,3
17.43,647,7.29,86.3,16.9,0,2,0,3
12.7,396,5.19,92.0,13.8,1,2,0,2
12.61,179,12.48,74.2,11.3,2,1,1,2
6.22,159,4.29,75.3,6.0,1,0,1,0
5.4,15,1.31,109.6,21.9,1,2,1,3
3.86,714,11.18,100.2,18.5,0,1,1,3
1.62,253,3.53,47.1,11.6,1,1,1,0
10.5,12,10.02,58.1,17.5,1,0,0,1
4.67,689,3.73,40.4,13.5,0,1,0,1
10.22,431,4.27,45.1,13.5,1,1,0,1
6.97,288,6.79,93.4,20.1,2,1,1,2
6.21,95,4.73,68.2,16.3,2,0,0,1
1.59,215,1.27,88.1,4.4,0,1,0,0
15.67,49,9.82,51.0,14.7,2,3,0,2
10.74,429,12.49,84.1,10.8,2,3,1,3
6.4,30,12.24,49.4,22.5,2,2,1,2
11.24,711,7.0,98.2,19.1,1,2,0,4
5.66,482,4.09,79.0,10.3,0,1,1,0
17.04,672,3.39,52.2,13.5,0,0,1,2
3.77,576,8.26,84.0,5.2,2,2,1,2
5.9,415,1.07,80.2,13.5,0,2,0,1
13.77,530,4.29,56.0,15.8,0,1,0,1
8.27,42,8.55,54.3,13.9,1,2,0,1
5.65,197,1.01,111.2,15.6,0,0,1,3
1.76,576,8.92,75.1,13.5,0,1,1,3
11.38,563,10.67,107.2,22.1,1,2,1,4
3.51,241,1.79,67.6,13.5,1,2,0,0
11.97,366,7.25,103.8,13.8,2,1,1,4
4.28,557,1.81,77.3,11.7,0,1,1,0
11.27,57,12.19,61.7,16.0,2,2,1,2
9.96,101,10.46,107.2,20.0,1,1,0,4
4.43,416,4.32,77.5,6.4,1,1,1,0
17.5,493,12.08,53.9,11.3,0,3,0,3
6.81,530,2.42,79.2,7.0,0,1,1,1
14.87,515,10.7,83.7,4.5,0,0,1,3
8.22,680,6.25,61.4,8.4,0,3,0,0
17.98,111,6.47,47.2,14.1,2,1,1,1
8.4,151,4.91,104.7,18.3,1,0,1,2
8.21,368,9.91,101.1,16.0,0,1,0,3
14.75,395,2.87,66.7,20.0,0,2,0,1
14.19,90,9.75,101.1,17.3,1,1,0,4
6.8,683,9.98,95.5,5.8,0,2,1,3
2.08,317,5.85,42.3,11.1,0,1,1,0
17.96,313,2.97,109.3,8.2,2,1,1,3
8.33,627,2.3,110.3,17.5,2,0,0,4
12.17,372,8.51,46.6,12.5,0,1,0,1
8.89,440,0.87,63.3,10.3,2,2,0,1
2.08,107,3.83,98.6,4.8,1,1,1,0
13.24,498,12.21,46.6,14.1,1,2,1,3
8.52,555,2.09,89.6,19.7,2,2,1,3
6.16,660,8.87,41.5,21.3,0,2,1,2
10.93,139,9.0,103.6,20.2,0,1,1,4
1.35,263,6.41,88.9,11.3,1,2,1,1
0.75,158,9.1,47.6,16.8,1,1,1,0
13.59,217,3.24,43.7,21.4,1,3,0,1
6.55,64,7.98,51.5,12.5,1,3,1,0
5.96,251,2.53,68.5,20.3,1,3,1,0
9.85,414,5.49,38.9,21.5,0,1,0,1
8.5,709,1.32,87.3,21.7,1,3,1,2
6.98,249,3.43,43.3,15.1,1,2,0,1
13.58,550,10.72,48.8,9.2,2,1,0,3
4.36,588,6.68,102.7,6.4,0,1,0,2
2.46,256,8.43,57.3,7.0,1,3,1,0
16.42,86,7.82,94.0,20.8,2,3,1,3
14.51,23,1.2,64.9,14.4,0,1,0,0
9.49,267,3.35,70.4,14.1,2,0,1,1
14.09,338,11.59,73.6,10.7,0,1,0,2
17.2,343,5.26,57.9,19.2,0,0,0,0
6.49,581,8.59,79.5,12.0,1,1,0,1
4.55,375,6.39,72.7,17.0,0,3,1,1
17.89,216,1.73,109.1,19.2,0,0,1,4
9.27,229,3.45,87.7,10.2,0,0,1,0
10.28,310,6.54,63.8,19.0,0,2,1,1
2.76,457,5.69,53.4,5.9,0,0,0,0
15.62,628,11.93,70.2,9.9,2,2,1,3
3.75,549,3.18,48.8,7.0,2,2,1,0
12.07,712,2.86,88.1,9.5,2,1,1,3
15.1,567,12.15,39.2,9.3,0,0,1,3
14.82,509,4.8,98.4,14.5,0,0,0,3
17.2,119,3.5,51.1,7.2,1,0,0,0
4.62,116,10.15,38.5,22.9,0,1,1,1
4.58,589,1.18,85.6,6.0,0,0,0,1
8.57,245,7.92,88.0,10.7,2,1,0,2
3.02,37,6.41,105.9,19.9,0,2,0,3
0.66,490,2.35,88.4,14.4,1,0,1,0
16.65,360,10.99,50.5,19.0,2,1,1,3
14.31,533,13.06,62.5,7.5,0,1,0,3
5.25,512,12.84,79.8,21.2,1,3,1,3
17.12,551,12.9,80.9,9.8,0,2,1,3
6.56,113,13.93,51.7,4.1,2,1,0,0
4.57,440,11.54,106.6,16.6,1,2,0,4
7.41,522,10.56,47.9,7.8,0,1,1,1
17.96,264,1.72,70.4,9.2,2,2,0,1
13.92,592,8.36,71.8,5.9,1,1,1,2
3.35,474,1.37,43.5,11.4,0,0,1,0
14.77,654,12.29,89.1,17.8,0,0,0,4
5.59,263,4.99,55.0,19.2,2,0,0,1
8.27,631,11.32,72.9,5.3,2,2,0,3
11.6,696,9.24,107.5,19.8,0,1,1,4
1.57,258,0.87,75.1,14.8,0,1,1,0
0.47,379,11.68,86.6,22.2,2,1,1,3
10.83,577,13.97,57.6,18.8,2,1,0,3
4.28,84,10.21,53.7,7.2,2,2,1,0
15.28,151,5.7,70.5,20.5,1,2,0,1
12.29,456,10.17,76.9,20.0,0,1,0,3
13.57,437,13.28,65.3,8.9,1,1,1,2
15.92,460,12.52,47.3,8.8,2,1,0,3
15.02,516,8.21,51.4,4.4,0,3,0,1
14.43,624,12.75,100.6,6.3,2,1,1,4
4.13,549,9.02,75.1,22.5,1,2,0,3
17.68,381,7.93,86.5,10.6,0,0,1,2
16.31,382,10.31,75.1,6.2,2,1,1,3
12.31,581,6.9,69.6,7.1,0,2,1,1
17.04,191,3.9,102.9,11.0,2,2,1,3
6.21,110,7.6,70.8,13.0,1,1,1,0
12.11,668,8.14,110.0,14.0,1,1,0,4
16.64,416,4.64,108.4,18.6,2,1,1,4
8.31,388,1.67,104.8,16.7,1,2,0,3
12.57,55,13.15,44.6,20.4,2,1,1,3
17.26,123,7.48,44.3,8.5,1,1,1,0
0.52,558,13.45,53.5,10.2,2,2,0,2
0.97,226,5.02,58.2,19.0,0,1,0,0
8.24,76,12.31,102.0,7.5,1,3,1,3
10.42,343,7.46,106.4,10.9,2,2,1,3
14.73,647,13.75,65.0,20.4,2,1,1,3
11.41,626,10.95,50.4,8.4,0,0,1,2
7.03,621,9.76,93.0,8.6,2,0,1,3
9.13,265,13.87,72.5,11.0,2,3,1,2
12.18,572,7.25,102.8,5.0,0,2,1,3
3.47,249,13.53,66.5,6.0,1,2,1,1
7.4,480,1.82,84.4,8.4,0,0,1,1
9.79,304,9.92,97.4,10.7,2,0,1,3
5.96,378,2.54,56.0,22.3,0,0,1,0
7.97,474,12.23,44.6,9.7,1,3,1,2
14.67,269,4.61,109.2,17.0,0,2,1,4
9.98,346,3.27,75.0,21.0,1,2,1,1
5.53,227,0.51,75.1,17.4,0,2,0,2
1.95,715,10.19,101.5,6.7,0,1,1,4
10.13,346,3.7,111.5,5.7,2,0,0,3
8.25,121,7.58,42.8,10.3,1,0,1,0
3.48,383,1.01,75.8,8.8,0,2,0,0
16.83,554,10.48,44.7,13.4,0,3,0,2
1.66,11,7.28,75.1,16.9,1,1,1,0
8.94,323,1.99,59.0,22.1,1,3,1,1
5.35,602,7.63,84.2,14.0,2,1,1,2
8.22,106,6.55,90.3,13.1,1,3,1,2
3.48,152,3.1,41.9,14.3,0,3,1,0
5.19,422,5.87,105.8,13.5,2,3,1,3
15.44,376,1.06,56.0,14.6,2,1,1,1
11.38,185,7.44,98.2,19.0,2,3,1,3
15.46,677,9.82,96.5,6.0,2,1,1,4
10.08,690,8.86,87.8,11.9,1,2,1,4
9.36,701,11.21,56.5,14.5,1,1,1,2
3.6,156,12.61,87.4,17.2,1,0,1,3
2.29,615,2.76,90.9,12.7,2,1,1,2
0.37,414,12.18,47.6,20.7,1,2,1,2
4.93,349,6.8,91.0,11.9,0,1,0,2
5.05,183,2.51,104.6,18.2,1,1,0,2
4.65,74,0.69,103.3,11.0,1,2,1,2
17.31,645,0.66,44.4,14.9,1,2,1,3
12.08,24,8.63,97.0,4.3,0,2,0,3
5.16,366,9.97,83.4,11.6,1,1,1,2
16.51,684,12.56,45.0,21.3,0,1,0,3
13.23,260,0.68,50.5,22.3,1,3,1,1
4.46,326,12.28,82.3,11.9,0,1,1,2
2.17,468,8.85,76.9,10.6,2,3,0,1
10.25,240,3.47,81.6,22.6,1,2,1,2
11.69,624,14.0,44.4,7.7,1,1,1,3
1.23,56,2.29,75.1,11.3,1,2,0,0
10.92,17,1.53,52.4,14.8,0,1,1,0
4.6,494,13.42,38.9,19.2,2,0,0,2
0.31,502,5.46,111.9,10.9,0,0,1,3
2.13,416,2.02,78.6,14.6,2,3,0,1
14.98,277,5.52,77.4,6.8,0,2,0,2
4.84,162,0.69,57.7,11.6,1,1,1,0
4.93,172,10.5,83.0,21.1,0,1,1,2
1.6,599,13.79,91.5,15.1,2,0,1,4
0.68,427,12.06,111.9,10.4,0,1,0,4
6.02,504,9.0,89.8,13.3,1,0,1,3
13.51,181,6.19,68.0,14.2,0,1,1,1
17.77,347,4.55,59.1,21.5,1,2,1,1
16.54,354,9.05,47.9,7.8,0,1,1,0
8.97,488,12.43,77.4,12.4,0,1,0,3
12.0,529,7.25,60.9,14.8,2,3,0,2
9.23,174,7.43,102.5,21.0,2,1,1,3
13.44,585,3.76,68.8,8.4,1,0,1,1
3.93,136,2.22,39.5,13.5,0,2,1,0
5.74,600,7.59,108.1,6.1,0,2,1,3
5.26,632,0.82,73.5,20.3,2,3,0,1
8.68,650,5.04,38.5,21.1,0,2,1,1
3.84,182,13.01,48.6,17.6,1,1,0,1
13.5,511,7.58,92.1,7.0,1,3,1,2
1.55,301,13.87,70.8,17.6,0,3,0,1
15.87,534,10.22,111.1,21.4,1,2,1,4
15.7,310,8.1,83.5,14.8,1,1,1,3
9.75,238,10.89,41.7,11.9,0,3,0,2
7.77,226,10.5,76.0,14.8,0,3,0,2
9.6,194,10.86,83.9,20.2,2,0,0,3
15.62,71,12.49,92.2,13.5,0,0,1,3
6.04,135,11.16,63.8,8.6,2,3,0,1
7.37,487,2.32,103.4,21.2,2,0,1,2
7.99,685,11.42,78.0,6.6,2,3,1,2
16.1,207,9.8,111.7,17.5,2,1,0,4
15.47,52,3.99,46.2,15.3,1,1,1,0
5.05,247,4.71,59.3,13.9,1,3,0,0
3.34,680,3.4,44.8,20.7,0,1,1,0
13.24,707,2.58,38.1,13.5,1,1,0,2
1.22,46,12.25,81.8,6.0,1,2,0,1
10.54,521,12.03,75.1,12.9,0,2,1,2
14.55,613,4.37,92.6,11.3,2,3,1,3
12.26,296,8.51,88.8,21.0,1,3,1,3
10.91,290,6.07,108.8,14.6,1,1,1,3
0.66,77,1.24,58.0,7.9,0,1,1,0
1.81,456,8.43,80.1,21.8,1,1,1,1
12.93,169,5.31,73.1,16.7,1,2,0,1
14.65,369,1.31,100.6,19.3,0,1,1,3
15.81,293,10.61,76.5,7.1,1,1,1,2
9.68,61,11.54,72.5,21.7,1,2,0,2
10.99,543,0.75,46.6,13.2,1,3,1,1
15.06,292,6.08,53.1,20.6,1,0,1,1
16.87,116,5.57,42.2,18.8,2,1,1,1
15.74,183,3.21,105.9,22.2,0,3,0,3
8.88,396,1.52,97.9,18.7,2,2,1,3
7.62,78,0.5,82.6,5.8,0,1,1,0
11.32,439,10.39,78.3,21.3,2,2,0,3
17.0,544,5.22,86.1,11.7,1,1,0,2
8.55,339,11.98,90.4,21.5,0,0,1,4
5.86,439,4.56,69.4,10.9,1,3,1,0
2.47,320,13.07,98.3,7.4,1,1,1,3
17.33,624,10.07,85.6,16.0,0,0,0,4
4.55,72,1.76,61.6,14.1,0,1,1,0
12.85,511,3.39,72.2,13.9,1,1,0,1
5.17,360,11.45,110.7,18.3,0,1,0,4
11.4,263,13.75,107.3,19.5,0,2,1,4
11.18,575,1.69,50.9,17.7,1,1,0,1
6.48,194,4.9,70.2,11.3,0,0,1,0
3.8,141,3.22,102.8,9.9,0,2,1,2
8.46,638,1.46,102.7,13.8,0,1,1,3
1.26,383,12.99,72.7,13.5,0,0,1,1
1.94,415,10.41,104.8,7.7,1,1,0,3
6.54,651,9.26,47.1,19.6,1,1,0,2
14.89,183,13.81,89.6,16.9,1,2,1,4
5.59,718,10.58,75.1,14.0,0,2,0,2
9.24,375,4.13,74.7,14.3,1,1,1,0
9.66,90,1.04,96.4,11.7,1,0,1,2
3.55,670,4.03,93.8,5.8,0,2,0,1
1.82,25,13.83,49.1,5.7,0,1,1,0
7.88,373,6.0,68.7,20.1,0,0,0,0
5.48,623,12.69,39.9,5.6,1,1,1,1
7.79,91,7.25,76.4,20.6,2,1,1,0
10.0,144,2.32,79.3,19.8,0,1,0,0
4.02,357,6.0,50.1,13.4,1,0,1,0
9.93,136,7.2,71.0,6.0,0,3,1,0
9.78,490,2.99,69.7,12.2,1,2,1,0
10.93,241,8.64,80.3,19.1,0,0,1,2
4.67,390,5.01,109.3,8.9,1,3,0,3
6.03,455,5.7,88.8,11.6,0,1,1,1
10.75,713,12.34,110.0,14.7,1,2,1,4
17.95,528,7.56,98.2,18.6,0,2,1,4
16.01,402,3.26,55.5,4.2,0,1,1,0
3.28,324,7.72,105.9,16.1,1,1,1,3
10.72,228,2.62,73.5,6.3,2,0,1,0
10.41,150,7.61,66.4,9.0,1,1,1,0
1.96,305,2.58,105.5,18.1,2,1,1,3
0.55,109,11.5,96.4,17.7,2,1,1,3
15.11,641,1.67,75.1,6.1,1,1,1,3
14.11,474,12.46,94.0,20.2,1,3,1,4
14.13,277,4.3,91.8,18.3,0,0,0,2
7.64,193,5.03,48.0,8.8,0,1,1,0
9.07,128,4.5,102.7,5.2,0,0,1,2
1.1,200,3.23,73.0,20.5,1,1,1,0
12.68,514,4.14,83.8,21.2,0,1,1,3
10.18,499,3.07,78.8,9.8,0,1,1,1
16.23,294,12.61,91.4,16.9,2,0,1,4
1.07,172,12.42,101.2,10.7,1,3,1,3
12.33,456,12.55,61.7,10.4,1,2,1,2
4.82,716,10.51,111.0,17.3,1,2,1,4
0.61,207,9.67,107.9,9.8,2,2,1,3
1.86,251,8.03,71.0,13.3,1,3,0,0
2.83,501,1.54,83.0,8.6,0,1,0,1
3.2,366,4.02,103.5,11.5,1,1,1,2
0.47,361,7.66,105.1,16.7,1,2,1,3
8.18,323,0.87,100.7,22.2,1,2,1,3
17.11,322,3.16,86.1,15.8,1,1,0,2
6.74,445,2.13,46.0,6.8,2,0,1,0
3.61,317,7.95,55.6,14.9,0,1,0,0
11.74,375,3.28,106.9,12.1,0,0,1,3
14.7,695,12.99,111.0,15.3,0,1,0,4
16.69,656,6.11,99.3,22.3,0,3,1,4
14.96,615,11.9,64.1,21.6,0,1,1,3
15.09,363,13.81,59.1,9.8,2,1,1,2
3.11,478,10.27,102.3,9.7,0,1,0,3
10.22,706,3.96,75.7,9.9,1,0,1,1
1.04,261,12.37,106.6,15.7,1,2,1,4
11.11,616,4.73,79.7,16.3,0,0,0,2
0.73,347,2.33,71.4,18.8,1,1,1,0
7.19,720,6.68,46.7,16.3,1,2,1,2
17.2,357,3.25,53.0,22.6,0,0,1,1
11.69,624,10.15,56.8,12.7,0,1,1,2
9.27,157,0.95,67.7,7.2,1,0,0,0
8.44,132,5.22,105.3,17.3,2,1,1,3
7.84,661,1.07,38.9,4.5,0,0,1,0
2.75,672,1.23,50.9,10.2,0,3,1,1
2.18,574,6.36,110.4,17.7,0,2,1,3
17.06,368,8.12,83.0,8.8,2,1,0,3
2.23,55,6.27,98.9,9.5,0,2,1,2
4.24,449,2.82,109.1,22.7,1,2,1,4
6.98,610,1.95,46.2,12.5,0,0,1,0
3.81,360,0.53,109.6,8.1,0,2,1,3
2.13,555,11.61,65.4,4.7,0,1,1,0
13.18,141,9.65,68.4,13.5,1,0,1,0
3.4,254,9.87,88.1,17.9,0,1,1,2
11.28,356,4.04,92.2,17.4,0,0,0,2
3.94,18,11.92,62.4,9.0,1,2,1,0
17.57,64,10.96,62.3,9.1,1,1,0,2
3.73,196,9.89,61.5,11.8,2,2,1,1
8.08,218,4.67,50.9,19.2,0,1,1,0
15.01,337,10.95,67.0,8.8,0,2,1,1
14.31,591,5.33,39.7,20.1,2,1,0,1
2.11,410,13.3,50.0,21.4,1,1,1,1
15.75,336,4.43,105.9,7.2,0,1,1,3
14.48,711,3.98,97.1,14.9,2,1,1,4
14.11,239,10.89,49.5,15.2,1,1,0,1
9.43,445,7.04,72.5,11.1,2,1,0,2
4.67,458,2.82,59.5,20.1,0,1,1,0
2.62,270,8.86,90.1,9.6,0,2,0,3
12.86,322,13.87,59.0,12.5,1,3,1,3
6.93,108,8.24,110.9,5.9,0,0,1,3
11.51,204,11.79,98.7,21.7,1,3,1,4
16.18,79,2.01,47.2,13.5,2,1,0,1
14.24,61,3.22,60.1,4.6,0,1,1,0
3.65,597,2.37,79.6,19.2,1,1,0,1
3.11,463,7.72,49.5,9.7,0,2,1,0
12.38,399,7.25,83.5,5.2,1,3,0,1
15.06,593,1.45,41.5,5.4,0,0,1,1
14.31,27,1.34,55.4,15.5,1,1,0,0
2.34,700,7.02,54.5,22.7,2,1,1,1
1.01,434,6.79,106.6,7.7,1,1,1,2
9.83,679,7.25,59.1,7.2,1,2,0,1
13.39,400,9.87,69.5,4.3,1,0,0,0
13.91,618,2.45,53.0,5.4,0,3,0,1
11.09,108,5.22,83.7,15.7,0,2,1,1
14.25,8,10.93,58.2,10.4,0,2,1,1
3.01,256,8.35,63.8,14.2,2,1,1,1
17.42,546,9.67,75.1,11.0,2,2,1,3
13.7,495,1.01,85.9,9.1,0,0,1,2
13.31,435,2.18,76.8,4.6,2,2,1,2
1.81,515,5.81,54.4,4.8,0,0,1,0
8.03,98,1.15,67.0,14.4,1,2,1,0
14.0,339,3.52,71.7,16.1,2,2,1,2
9.91,173,13.1,74.1,12.1,0,1,1,2
3.02,621,11.28,95.4,20.7,1,3,0,4
5.45,588,2.9,69.9,22.7,0,1,1,1
17.85,420,7.93,95.1,11.2,0,2,0,3
13.03,657,5.75,93.1,18.3,0,2,1,4
1.8,43,3.32,85.8,7.2,0,1,0,0
5.83,439,7.25,71.6,15.4,0,0,1,0
6.48,492,2.97,59.1,7.2,2,1,1,1
13.87,113,0.79,88.1,19.9,0,2,1,1
14.75,267,5.47,96.8,15.2,1,2,0,3
4.1,155,5.75,38.4,8.9,0,2,0,0
7.55,177,3.64,70.3,11.2,1,1,1,0
12.04,72,5.03,91.4,5.4,2,1,0,1
12.68,494,8.66,110.6,18.3,1,1,1,4
4.24,650,12.54,69.9,8.1,0,3,1,1
1.5,555,1.8,96.7,20.1,1,2,1,2
2.91,409,6.76,103.9,17.3,0,2,1,3
8.7,646,12.08,58.7,13.4,1,3,1,2
14.07,670,8.63,62.9,17.0,1,2,1,3
9.95,279,5.91,58.4,9.6,1,0,1,0
8.96,55,1.77,54.8,17.4,2,1,0,1
5.07,532,4.38,78.0,14.2,0,2,1,1
8.71,119,7.25,97.8,19.7,0,0,1,3
0.67,587,13.17,109.9,18.4,0,0,0,4
3.82,426,4.33,69.2,18.6,0,1,0,0
12.08,110,7.58,70.7,7.0,0,3,0,0
17.72,361,12.19,103.3,6.8,0,1,1,4
13.54,182,11.27,109.0,13.1,1,1,1,4
1.25,18,7.16,38.9,10.5,0,1,1,0
11.81,95,11.75,109.0,22.2,1,2,1,4
14.51,337,5.7,83.0,21.8,0,0,0,2
1.17,482,4.03,59.0,11.8,0,1,0,0
4.47,565,13.05,75.1,4.9,1,3,1,1
0.48,43,8.15,49.0,9.9,2,0,0,0
16.31,325,7.87,109.6,20.3,1,3,0,4
4.34,261,2.01,107.0,8.1,1,1,1,2
13.69,686,10.38,42.0,6.4,2,3,1,2
16.26,467,7.25,84.1,16.1,0,1,0,4
12.04,128,3.54,42.8,17.8,1,0,0,0
4.38,564,5.53,88.8,16.3,2,2,1,3
14.78,388,13.35,42.2,6.1,0,1,0,2
15.94,647,6.96,73.9,22.0,0,0,1,3
3.84,501,8.7,66.3,5.2,0,0,1,0
2.94,74,7.97,75.2,10.0,2,2,1,0
11.6,379,12.0,70.2,4.9,2,1,1,1
16.73,97,1.07,84.2,6.2,2,3,0,1
11.3,220,11.91,105.1,18.8,2,1,0,4
9.67,15,5.06,64.0,21.1,1,1,0,0
12.92,141,6.13,87.5,11.4,1,1,1,1
17.65,361,3.43,78.3,7.5,0,2,1,1
15.95,102,9.6,80.8,18.2,0,1,1,1
3.28,390,0.51,63.3,18.9,0,3,0,0
17.99,318,11.64,61.9,15.0,2,2,1,2
6.51,316,1.63,76.9,5.7,2,3,0,1
16.51,124,4.59,70.2,7.6,0,2,0,1
8.21,578,3.57,89.1,7.9,2,1,1,2
12.08,573,7.57,62.8,15.0,0,1,1,2
8.21,157,9.79,108.7,6.6,2,2,1,4
11.32,366,7.92,78.4,21.9,0,1,1,2
10.46,417,3.02,64.2,21.3,0,3,1,1
5.3,253,12.76,76.6,16.6,1,2,1,2
9.13,432,0.97,101.3,5.9,2,1,0,2
5.63,440,13.93,109.7,18.0,0,1,0,4
12.48,305,5.5,56.1,17.0,0,1,1,0
4.91,33,7.11,55.8,18.7,1,0,0,0
3.86,33,1.18,50.7,14.6,2,1,0,0
6.63,602,1.86,89.6,17.1,1,2,1,2
15.35,29,4.9,50.9,7.6,0,0,1,0
11.37,436,10.1,54.7,8.2,0,2,1,2
17.1,527,6.25,86.9,18.8,0,1,0,3
10.46,252,5.57,75.1,6.7,1,2,1,3
12.44,211,2.93,89.3,22.2,0,3,0,2
3.61,236,5.48,50.0,11.2,1,1,1,0
17.63,598,6.86,48.3,18.8,2,0,1,2
14.61,442,3.37,41.3,9.1,0,1,1,0
3.16,309,2.9,70.0,12.9,1,1,0,0
11.16,177,5.98,62.6,22.4,2,2,0,1
3.14,425,3.31,46.7,19.8,2,0,1,0
11.17,470,2.08,110.4,22.5,1,3,0,4
6.84,135,11.52,110.8,17.3,1,1,1,4
11.34,649,2.24,93.9,14.0,1,3,0,3
17.03,454,5.39,94.9,9.9,1,1,1,3
17.23,676,8.33,111.3,12.8,2,1,1,4
15.75,460,8.24,90.8,18.9,1,1,1,4
2.05,665,0.81,69.4,4.2,2,1,1,0
11.17,625,9.04,61.2,15.6,1,1,0,2
7.62,629,1.56,67.9,20.8,2,1,1,1
4.02,173,1.96,103.1,11.5,2,1,0,2
16.14,81,9.15,67.9,18.5,2,1,0,1
3.46,29,9.89,49.5,9.5,0,2,0,0
10.92,338,3.59,101.7,21.6,2,3,0,3
12.24,209,3.56,50.8,5.9,1,3,1,0
8.82,159,11.11,75.3,12.2,2,1,0,1
11.61,519,9.18,106.1,17.5,2,2,0,4
13.98,555,3.56,74.2,4.0,0,2,1,1
17.42,401,4.41,90.9,5.4,0,1,1,2
4.47,101,9.85,99.4,5.7,1,2,0,3
15.69,496,10.16,80.4,14.9,1,2,1,3
1.89,23,0.83,84.4,4.7,2,3,1,0
4.02,440,5.09,111.4,12.6,0,2,1,3
10.45,580,10.9,107.2,18.9,0,1,0,4
15.56,147,13.64,67.3,15.6,2,1,1,2
8.13,181,8.31,45.3,20.0,0,0,0,1
7.95,330,4.23,111.5,22.1,0,1,1,3
14.29,668,3.35,52.3,14.5,0,2,1,2
12.62,6,0.88,58.4,5.2,1,2,1,0
7.11,693,2.96,104.1,6.0,1,3,0,3
1.97,111,9.97,89.8,16.0,1,2,1,2
15.51,532,1.77,80.2,12.9,2,1,1,2
14.69,39,1.02,109.7,6.9,1,3,0,2
16.7,77,10.57,75.1,7.3,2,0,0,3
9.63,222,6.47,56.4,22.1,2,3,1,1
6.88,432,7.44,43.8,22.4,2,1,1,1
14.92,265,11.67,52.6,17.9,2,3,1,3
16.52,477,5.28,75.1,19.9,1,1,1,2
17.45,231,7.38,69.3,9.7,2,2,1,2
7.69,187,6.78,110.3,13.5,1,0,0,3
8.66,688,11.5,65.8,19.5,1,2,1,3
16.49,236,13.51,102.1,17.8,1,1,1,4
3.51,599,5.56,101.9,9.1,0,0,0,2
16.8,417,8.71,110.7,7.5,0,1,1,4
16.3,484,6.51,40.4,5.5,1,1,1,1
5.46,523,12.46,49.8,11.5,1,1,1,1
13.07,38,8.77,111.6,14.6,2,3,1,4
17.45,612,9.26,95.5,6.0,1,0,1,3
14.26,613,8.45,45.5,16.6,1,2,1,3
7.74,61,1.57,108.4,13.5,1,1,1,2
8.2,159,7.02,99.1,18.1,0,0,1,2
17.48,623,12.58,88.3,10.5,0,1,1,4
5.64,535,5.29,63.0,6.8,1,2,1,0
4.76,470,2.74,108.0,12.7,0,1,1,3
14.59,496,10.86,44.4,16.6,1,2,1,2
6.01,620,11.38,38.7,6.1,0,0,1,1
2.72,346,6.35,73.9,9.2,2,2,1,0
9.37,470,4.19,86.2,12.2,0,2,1,2
2.67,483,4.52,87.0,7.3,1,1,1,1
11.69,26,12.51,97.6,16.6,0,0,1,4
13.45,176,3.07,50.1,22.4,0,1,0,1
11.89,274,4.41,81.0,11.7,0,2,1,1
4.25,622,1.13,79.1,10.1,2,2,1,1
16.11,510,8.34,45.5,20.7,0,2,1,3
15.89,109,13.16,41.5,13.5,0,1,0,1
7.24,621,8.69,39.5,17.7,2,2,1,2
4.25,170,8.69,51.5,13.6,0,2,1,0
13.56,463,10.69,97.5,5.1,1,1,0,3
3.66,10,9.49,80.2,22.9,1,0,1,2
3.38,84,13.72,105.3,9.2,2,1,1,4
5.23,143,6.92,85.9,8.2,0,2,0,1
3.78,171,8.66,51.4,13.7,0,3,0,1
9.33,520,1.96,72.9,12.4,1,1,0,1
10.86,614,12.38,40.1,6.1,2,1,1,2
17.33,48,1.12,77.7,12.5,0,3,1,1
12.89,159,10.57,70.4,13.5,1,0,0,1
6.77,299,7.08,52.6,13.5,2,2,1,0
11.97,717,6.01,65.3,4.9,1,2,1,1
13.39,116,13.16,60.9,5.6,2,3,1,1
11.07,70,6.48,44.9,10.2,0,1,1,0
16.38,289,2.35,93.3,4.2,2,0,0,2
6.59,372,5.8,105.4,19.5,1,1,0,3
4.33,40,2.82,45.8,23.0,1,3,1,0
8.97,363,12.48,105.7,12.1,0,0,1,4
12.23,419,2.43,90.5,4.2,0,1,1,1
3.29,217,11.02,47.4,19.9,0,0,0,1
1.84,338,13.15,100.8,13.8,2,2,0,4
13.27,580,7.35,75.1,15.7,0,3,1,2
2.49,12,1.52,40.9,20.8,2,0,1,0
1.34,364,5.54,61.3,18.5,2,3,1,1
10.37,521,3.1,97.7,13.5,1,1,0,3
6.67,251,13.44,58.5,14.3,2,0,1,2
6.12,585,8.69,39.7,14.9,0,3,1,1
5.81,720,6.31,42.1,17.3,1,3,1,1
10.69,142,4.76,62.8,13.7,1,2,0,0
2.56,709,10.49,66.0,16.2,0,2,1,2
6.4,679,12.36,107.5,20.9,0,2,0,4
2.45,357,12.29,41.0,12.5,0,1,1,0
11.93,68,6.52,45.6,12.9,0,0,0,0
7.22,156,8.23,90.2,17.8,1,1,1,2
10.01,514,6.09,47.5,16.2,2,2,1,2
15.65,226,10.65,79.5,13.4,0,1,1,2
13.32,39,1.09,53.1,15.6,1,0,1,0
12.11,406,11.35,69.1,13.2,1,2,0,2
1.82,565,8.43,88.4,16.7,1,0,0,3
5.79,63,7.25,80.8,12.3,2,2,0,2
10.9,316,7.25,90.4,14.5,2,1,1,2
2.71,366,3.22,81.7,7.5,1,1,1,0
2.32,706,9.81,104.6,14.4,1,1,1,4
14.17,360,1.54,80.0,22.3,2,1,1,2
12.05,96,7.53,57.6,18.7,0,2,1,1
4.05,600,7.25,59.1,5.2,0,2,1,0
0.47,510,9.06,94.1,22.7,2,2,0,4
1.84,267,10.67,92.6,5.7,0,1,1,2
2.25,175,7.24,110.3,9.4,1,2,1,3
5.65,512,0.6,79.7,10.4,1,2,1,2
14.45,161,13.57,91.7,6.2,0,3,1,3
7.7,553,4.75,76.7,12.5,0,1,1,1
15.56,337,7.23,98.8,18.4,1,1,1,3
3.92,678,12.43,111.0,22.0,2,0,0,4
17.09,178,8.02,95.8,21.3,1,2,1,4
1.18,242,9.55,38.5,19.5,2,1,0,1
15.62,610,10.98,46.7,11.8,2,2,0,2
15.97,478,1.61,102.5,17.1,2,1,1,4
11.96,255,9.52,99.1,22.2,1,0,1,4
11.24,323,13.16,93.4,20.9,0,1,0,4
10.06,311,4.79,76.4,10.3,2,1,0,1
14.65,413,10.94,46.4,21.7,1,0,1,2
0.57,444,4.78,87.3,22.6,0,0,1,1
11.13,528,11.02,111.4,18.9,0,1,1,4
10.37,364,11.14,42.1,6.4,2,1,0,2
7.41,171,7.97,44.6,17.0,1,1,1,0
12.95,513,6.77,66.0,7.1,2,3,1,1
10.37,275,1.56,93.6,7.1,1,2,1,1
4.64,115,1.89,80.0,13.1,0,3,1,0
14.38,568,10.0,92.5,9.8,0,3,0,4
3.36,316,7.25,101.5,15.0,0,0,0,2
0.43,256,11.34,96.0,5.9,1,1,0,2
5.53,577,11.74,69.9,14.5,2,0,0,2
0.74,456,9.52,88.2,22.7,1,2,1,3
5.17,656,2.71,81.9,10.2,2,2,1,2
0.42,58,5.32,48.1,16.4,0,0,0,0
15.4,561,11.39,73.4,10.3,2,2,1,3
8.06,691,0.62,38.2,22.1,0,2,0,1
10.69,83,8.5,75.9,22.4,0,1,1,1
11.04,227,4.37,44.1,7.8,1,2,0,1
4.51,412,10.0,61.3,21.6,1,0,0,2
16.0,448,3.81,45.0,20.0,2,1,1,2
10.13,282,4.5,95.0,18.9,1,0,1,2
10.51,558,13.65,64.3,5.6,0,2,1,2
10.01,16,0.83,81.0,17.1,0,2,0,1
0.57,399,12.31,50.3,14.0,1,3,1,0
14.81,51,2.64,101.2,13.4,2,0,1,3
10.4,12,11.51,39.0,10.7,1,1,1,0
3.32,171,4.08,111.0,13.7,0,2,1,3
5.95,208,1.28,90.9,7.5,0,3,0,1
15.86,98,10.04,45.6,16.7,0,1,1,1
2.39,422,8.6,97.6,21.9,0,3,1,3
4.94,70,9.54,58.7,11.0,1,1,1,0
10.22,480,8.09,86.7,14.7,1,0,0,3
2.84,375,7.25,81.6,13.5,0,2,1,1
17.38,141,5.59,95.8,8.7,1,0,1,2
17.26,237,4.17,91.3,15.7,1,0,0,3
14.63,314,10.61,39.9,7.5,1,2,0,1
9.53,687,1.6,87.8,4.8,0,2,0,2
11.66,655,11.46,42.5,13.5,0,2,0,3
3.99,168,10.66,83.8,7.2,1,1,1,1
1.51,606,6.29,61.8,14.1,0,0,0,0
9.03,714,13.89,64.4,9.7,1,2,0,2
6.4,559,11.16,57.2,14.6,0,2,1,2
2.28,715,6.06,43.0,13.5,1,1,1,0
15.06,685,9.06,40.9,19.3,0,2,1,2
7.1,336,7.03,78.8,18.6,0,2,0,2
16.37,707,5.47,63.0,15.3,0,2,1,2
3.87,161,5.63,75.1,14.1,2,1,0,0
5.42,611,12.51,52.8,8.6,2,1,1,1
8.92,207,12.01,45.1,9.2,1,2,1,1
2.44,453,8.89,75.1,17.2,1,0,0,3
5.54,511,10.2,69.5,10.7,1,0,1,1
16.03,553,3.71,89.0,9.9,0,1,1,2
12.61,168,7.55,42.6,21.8,1,2,1,2
7.9,286,0.94,49.7,12.3,2,2,1,0
4.06,177,5.93,62.9,11.4,1,2,1,0
9.94,596,5.16,45.5,15.6,1,1,1,0
9.12,291,7.04,91.7,13.8,0,2,1,2
14.75,299,1.83,96.5,18.2,1,1,1,3
5.16,339,4.36,38.3,9.0,0,1,1,0
8.23,217,12.31,85.2,4.9,0,1,1,2
0.58,519,1.99,74.5,16.7,1,1,0,0
8.53,299,10.55,80.6,9.9,2,0,1,1
10.61,675,3.04,78.0,12.4,2,3,1,2
7.17,474,4.54,108.0,17.3,1,1,1,3
13.15,120,2.42,48.7,10.0,0,1,0,1
15.56,277,11.73,47.6,22.6,0,1,1,2
10.52,295,5.85,42.1,4.7,0,1,0,0
11.21,111,13.24,82.5,6.7,1,2,0,3
16.84,586,12.35,109.3,6.2,0,0,1,4
12.13,652,12.69,91.8,6.9,0,2,1,4
10.01,380,5.04,55.5,22.8,1,2,0,2
13.39,282,4.14,65.7,15.8,0,2,1,1
15.67,425,5.84,80.9,7.2,0,2,1,3
2.0,570,12.97,49.2,6.2,0,2,0,1
2.89,250,1.7,58.3,18.4,0,1,1,0
5.58,510,7.25,48.6,9.8,2,1,1,0
3.18,341,13.35,58.8,10.8,1,2,1,2
14.6,142,5.46,77.6,21.1,0,2,1,2
7.32,451,6.89,102.5,11.9,1,0,1,2
0.62,277,5.63,79.9,9.8,0,1,0,0
15.39,409,6.89,88.6,23.0,2,2,1,3
14.49,7,11.93,81.5,10.9,0,1,0,3
16.0,673,5.63,85.7,12.4,1,1,0,3
12.64,70,12.85,46.5,8.8,1,3,1,1
13.02,291,5.79,95.0,13.0,0,1,1,2
3.95,578,3.68,98.0,12.2,1,1,1,2
14.26,517,11.0,99.4,4.6,0,2,0,4
0.91,392,11.0,94.4,11.3,0,1,1,3
9.22,388,11.23,40.7,19.0,0,2,1,2
8.42,396,7.25,68.0,16.8,2,2,1,1
17.29,466,9.22,56.8,13.7,0,1,1,3
5.17,337,5.77,38.6,7.4,1,1,1,0
1.88,644,7.59,91.6,21.5,1,3,1,2
4.98,311,2.27,61.9,15.8,1,2,1,0
5.35,19,7.31,91.7,16.8,1,1,1,2
14.95,607,6.05,102.5,8.3,1,1,1,3
7.96,262,3.5,40.9,18.8,1,0,1,0
0.83,507,4.86,81.5,13.5,1,3,0,1
12.59,222,7.25,52.8,8.2,0,1,1,0
17.65,361,12.56,100.9,4.8,0,2,1,4
7.72,495,8.67,97.2,5.4,1,1,0,2
17.18,431,7.25,51.2,19.2,0,1,0,3
6.56,216,2.75,96.3,7.1,1,2,1,1
14.53,47,9.04,43.4,5.1,0,2,1,0
2.14,710,6.79,103.3,5.2,0,2,0,3
12.63,484,11.8,111.1,15.4,1,3,1,4
12.08,220,8.15,83.5,15.2,0,1,0,2
5.72,516,6.35,66.1,4.7,0,1,1,0
8.88,588,4.45,82.6,6.4,0,0,1,2
12.62,93,9.48,50.3,15.9,2,1,1,1
4.43,649,13.76,98.6,16.2,2,1,1,4
6.13,496,1.7,83.3,16.7,1,1,0,0
15.81,537,5.24,75.9,16.8,0,3,0,3
1.89,8,10.95,103.3,21.0,0,2,0,3
12.26,385,7.99,57.7,5.5,1,1,1,0
15.86,24,6.04,105.0,15.1,2,1,1,3
9.07,364,1.38,105.9,10.2,1,1,1,2
2.43,348,9.85,101.2,20.8,1,1,1,3
14.18,640,5.5,93.2,4.1,0,1,1,3
9.49,90,8.09,71.6,5.2,0,3,0,1
7.4,587,7.82,73.4,19.9,2,2,1,2
1.26,712,1.53,95.9,17.2,2,1,1,3
7.85,587,13.33,108.6,7.9,0,1,1,4
3.29,38,2.42,52.8,6.0,0,2,0,0
8.0,300,0.64,70.4,13.3,0,3,0,1
2.64,17,12.01,54.6,21.5,1,0,1,0
13.08,408,4.24,103.1,6.6,1,0,1,3
1.87,5,1.03,60.8,13.7,1,1,1,0
2.62,628,4.67,91.5,9.3,1,2,1,2
10.23,263,9.28,101.0,13.5,0,1,1,4
7.36,625,4.48,77.5,15.0,0,2,0,1
11.91,488,7.18,74.1,6.9,2,1,1,1
13.96,690,3.66,103.7,22.0,0,3,0,4
9.3,115,13.84,107.1,11.5,1,3,1,4
17.13,196,13.58,74.6,21.8,2,0,1,3
8.69,521,9.61,99.9,5.8,1,0,1,3
1.07,40,4.16,46.0,13.7,1,2,1,0
16.16,80,9.96,82.4,6.5,2,2,0,3
7.54,406,6.5,89.1,9.0,1,1,1,1
2.23,439,11.25,75.1,8.5,0,1,1,3
6.44,278,7.43,102.2,20.2,1,2,1,3
13.66,130,3.23,43.2,11.5,1,0,1,0
17.16,549,4.39,102.0,17.7,0,0,1,4
1.14,402,12.62,87.0,9.2,2,1,1,3
13.27,552,5.34,39.9,16.3,1,2,0,2
3.0,410,1.96,83.5,19.0,2,0,1,1
7.84,574,6.61,68.7,13.3,0,2,0,2
12.04,375,12.96,54.7,4.5,1,3,1,1
5.11,217,13.92,39.0,21.2,0,1,1,2
15.63,81,5.23,89.3,8.6,0,1,0,2
15.78,377,5.77,59.5,13.5,1,1,1,1
14.89,6,1.46,67.4,17.0,0,1,1,1
6.96,530,4.05,95.2,6.3,0,1,1,2
1.28,442,8.08,40.1,6.7,2,0,1,0
10.64,10,12.44,72.3,22.6,1,2,1,2
4.28,105,11.65,44.4,22.7,1,2,0,2
11.16,157,6.05,109.1,16.2,0,2,0,3
16.92,83,1.37,99.2,23.0,0,3,1,3
11.74,685,4.72,93.9,18.2,0,2,1,3
3.25,533,8.86,41.1,15.7,2,3,1,1
11.97,532,11.14,83.5,13.5,1,1,1,3
1.9,96,4.95,39.6,19.4,2,0,1,0
0.93,527,9.47,48.2,5.5,1,2,1,0
12.05,667,13.05,65.6,6.5,0,2,1,3
4.03,346,0.93,99.5,22.5,0,3,1,3
7.19,31,10.47,99.5,19.8,0,2,1,4
12.12,177,8.5,92.6,21.7,2,2,1,3
13.34,103,2.77,96.3,20.7,1,1,1,2
1.19,259,9.75,95.4,21.5,0,0,1,3
10.32,184,8.92,70.5,14.8,0,2,1,1
7.72,606,10.75,71.0,17.1,2,2,0,3
3.98,171,9.52,67.9,22.0,0,1,1,0
1.95,175,1.75,99.9,13.5,2,0,1,1
11.73,11,10.69,88.4,22.7,2,3,0,4
5.61,621,1.32,79.7,17.0,0,3,1,1
15.04,334,4.16,92.4,5.5,0,3,1,2
1.51,716,11.12,97.0,8.3,0,1,0,3
0.6,258,8.55,83.2,13.4,0,1,1,2
17.86,342,8.67,41.4,17.1,1,1,1,2
4.25,137,7.14,75.6,7.3,0,3,0,0
15.88,394,7.25,98.7,5.5,2,3,1,3
9.91,405,11.96,72.6,17.5,2,1,1,2
5.78,331,3.57,38.8,18.3,0,1,1,0
13.95,235,12.39,41.5,14.9,0,2,0,2
13.54,658,3.57,87.6,22.6,2,2,0,3
15.88,174,4.73,103.9,17.9,2,0,0,4
8.69,75,13.12,59.0,16.6,2,2,1,2
3.49,115,10.11,94.1,17.1,0,1,1,3
8.14,681,10.52,42.9,12.2,1,1,1,2
16.08,627,2.17,95.0,13.7,1,1,1,3
12.26,179,2.03,84.5,18.0,1,3,1,2
16.8,261,3.18,86.8,8.1,2,1,1,2
9.05,423,3.02,100.6,22.5,2,3,1,3
11.39,161,13.85,97.5,8.8,1,1,0,4
16.47,705,5.7,88.3,9.2,0,1,1,3
17.0,195,7.25,50.7,11.0,0,0,0,0
17.34,668,2.04,85.1,21.9,0,1,0,3
7.4,237,1.75,74.7,12.8,0,2,0,1
5.12,447,12.41,38.9,6.1,1,2,0,2
4.77,122,8.04,49.5,9.8,0,1,0,0
15.82,159,4.4,80.8,22.0,2,0,1,2
12.86,180,1.45,63.1,12.4,0,1,1,0
10.98,630,7.34,76.1,11.6,1,2,1,3
6.84,461,12.41,57.1,4.9,0,0,1,1
16.02,172,1.43,88.0,9.5,1,1,1,1
3.37,630,13.36,84.7,7.7,0,1,1,3
5.53,212,9.54,52.6,9.0,1,3,1,0
5.55,403,0.73,80.7,18.1,2,0,1,2
16.66,501,2.4,95.1,12.1,1,1,0,3
3.12,636,10.75,39.7,5.9,0,1,0,0
0.46,549,13.18,87.3,21.6,0,3,1,3
4.79,523,13.5,77.6,20.5,2,1,0,3
6.11,453,2.33,105.5,5.7,0,1,1,2
16.89,516,10.45,71.8,22.5,0,0,1,3
15.01,612,3.33,42.3,7.5,1,1,1,1
13.61,669,7.55,58.2,9.6,0,0,0,2
17.76,657,6.01,55.4,7.8,0,3,0,2
12.95,19,11.03,44.1,9.5,0,3,1,0
13.54,447,12.05,59.7,18.5,2,2,1,3
10.64,652,1.64,57.5,19.7,0,3,1,2
10.6,537,10.96,69.2,13.5,2,0,1,3
12.86,236,4.5,97.5,4.7,1,1,0,1
9.41,690,11.03,46.7,10.9,0,1,1,1
4.9,400,7.53,46.4,14.0,0,3,1,0
0.86,98,0.75,50.8,12.1,2,2,1,0
14.67,428,3.43,105.3,14.2,0,2,0,4
3.87,25,1.68,88.0,13.5,2,1,1,1
16.75,558,8.36,92.2,13.1,0,0,1,3
0.82,675,2.59,69.2,16.5,1,1,0,0
4.04,280,12.41,67.1,5.2,2,2,1,1
10.9,316,9.23,111.0,5.2,0,1,0,4
3.95,22,6.17,74.8,19.6,0,1,1,0
16.75,47,1.66,98.4,22.0,1,0,1,3
10.29,457,7.27,74.2,8.0,1,3,1,2
5.02,398,4.01,103.6,17.3,2,1,1,3
11.07,422,3.73,74.8,4.1,1,2,1,1
14.77,90,7.25,89.5,4.4,0,2,0,2
5.77,318,13.3,48.7,19.4,1,1,1,1
9.4,326,7.25,50.1,14.4,2,1,0,1
16.54,60,6.65,100.9,13.5,1,2,1,3
0.52,217,2.37,97.0,16.8,0,3,1,2
6.65,333,10.94,96.2,21.4,0,1,0,4
10.4,246,7.25,46.7,13.5,1,1,0,0
17.26,655,10.53,85.0,12.7,1,2,0,4
11.14,153,8.65,108.2,19.7,1,3,1,4
15.64,164,4.84,63.6,7.1,0,1,1,0
12.45,315,8.88,80.2,9.0,0,3,0,2
0.62,299,1.03,53.4,4.3,1,2,1,0
10.27,443,8.0,38.8,5.1,1,0,0,1
9.61,487,13.09,41.3,20.5,1,3,1,2
4.13,231,3.22,75.1,22.3,1,1,1,2
11.88,256,4.08,52.5,21.0,2,3,0,1
2.56,215,12.23,88.0,10.5,2,0,1,3
10.9,594,4.66,45.6,16.1,1,3,1,2
17.02,67,11.9,67.6,21.6,0,0,0,3
13.81,184,2.74,57.4,14.4,1,1,0,0
5.55,394,5.59,51.4,12.7,0,1,1,0
6.73,21,8.54,94.7,20.4,2,1,1,3
9.28,387,12.97,101.8,12.0,2,0,1,4
6.86,39,10.63,60.3,22.5,2,2,1,2
15.33,355,11.44,81.1,14.9,0,1,0,2
11.4,170,12.06,76.7,21.3,0,2,1,3
1.37,106,6.67,52.4,5.8,2,1,0,0
10.12,41,5.41,100.0,10.5,0,0,1,2
5.33,263,7.25,81.3,17.6,0,3,1,1
11.63,61,6.56,56.4,11.0,0,3,0,0
10.63,491,7.25,100.0,9.2,2,0,1,3
6.96,79,13.08,76.6,15.1,2,1,1,2
13.49,523,1.11,100.3,22.3,2,0,0,4
1.32,379,9.38,78.3,4.1,1,1,0,0
1.2,703,12.57,53.0,12.6,0,0,0,1
4.0,195,6.3,102.0,14.7,2,2,1,3
2.36,342,2.93,88.3,16.8,2,1,1,1
5.71,324,1.47,50.1,13.5,0,3,1,0
3.03,36,12.84,60.1,20.4,0,1,1,1
16.25,152,5.52,73.6,9.1,0,2,1,1
16.03,518,9.67,102.6,13.5,1,0,1,4
2.97,707,4.46,61.4,13.7,1,0,1,0
11.22,462,11.74,47.4,11.1,2,0,0,2
2.23,144,12.23,75.1,10.4,0,0,1,2
14.17,378,3.54,55.3,13.5,1,1,1,1
15.65,246,8.49,79.6,10.5,2,1,0,2
0.76,182,8.72,55.3,4.2,1,2,1,0
12.65,580,2.07,69.4,22.4,1,3,1,2
10.77,478,3.75,96.4,6.0,0,1,1,2
1.16,234,1.65,111.5,18.3,0,1,1,3
5.36,443,1.51,48.3,4.8,0,1,1,0
14.16,284,13.88,59.8,18.4,2,3,1,3
12.88,266,11.0,75.1,4.7,2,1,1,2
2.23,33,1.85,75.1,14.9,0,1,1,0
12.22,473,6.72,80.1,4.4,1,2,0,2
15.78,592,13.89,83.9,10.6,1,1,1,4
0.82,88,4.44,57.2,9.7,2,2,1,0
5.28,635,6.8,107.5,15.3,2,3,0,4
4.37,212,4.75,78.1,16.7,1,2,1,0
3.84,87,1.87,45.1,21.4,0,2,0,0
13.83,542,2.28,80.3,16.5,1,2,0,3
5.31,273,8.02,93.9,4.4,2,0,1,2
11.22,589,6.06,75.2,7.8,0,0,1,2
5.2,222,4.25,56.3,13.5,1,2,1,0
8.63,578,3.44,57.2,12.8,1,1,1,0
9.37,171,7.52,69.2,13.9,1,1,1,0
13.23,35,11.29,48.7,8.5,0,1,0,0
11.89,94,6.71,87.8,22.8,1,3,1,2
15.46,629,2.11,79.6,12.8,2,1,0,2
13.9,208,3.54,92.0,10.0,1,3,1,2
8.6,255,13.65,64.6,21.5,1,0,0,2
8.74,339,5.21,109.4,12.0,2,1,1,3
7.92,11,11.88,84.7,15.9,1,0,1,3
1.12,517,10.49,41.0,10.9,2,2,1,1
3.07,281,3.95,89.9,16.0,0,2,1,1
5.91,494,9.98,50.9,13.9,1,3,0,1
13.38,483,5.62,45.0,19.3,1,1,0,2
16.75,378,10.28,56.2,15.0,1,3,1,2
11.73,183,9.99,101.9,18.3,1,2,1,4
4.22,471,8.24,81.0,18.9,0,2,1,2
1.58,250,9.89,47.6,17.7,0,2,1,1
16.94,558,1.99,103.6,21.6,2,1,0,4
7.86,69,7.25,83.8,13.6,2,1,0,1
11.77,282,3.94,67.1,17.1,0,1,0,0
2.52,164,12.58,100.4,5.1,1,0,1,3
7.46,245,4.1,78.5,8.6,2,2,1,1
17.56,85,7.0,106.7,15.0,0,2,1,3
14.4,140,1.92,54.5,6.1,1,1,1,0
3.69,574,13.28,75.1,6.3,1,2,1,2
14.64,455,7.34,101.9,22.6,2,0,1,4
9.87,402,10.9,64.7,13.1,1,3,1,1
9.36,164,7.72,74.2,11.2,1,2,0,1
13.23,145,10.33,104.5,16.7,0,3,1,4
8.26,658,4.89,67.7,8.6,1,2,1,0
14.94,170,3.59,92.6,20.8,0,1,1,2
12.96,230,10.81,85.8,12.3,1,1,1,2
15.75,303,12.15,61.3,13.5,0,2,1,2
14.85,36,8.28,85.8,10.6,0,1,1,2
17.54,547,5.06,100.6,4.1,1,0,1,3
3.02,278,5.8,84.8,11.3,2,0,1,0
0.6,601,8.32,57.7,22.8,1,1,0,1
6.98,680,1.21,67.1,15.3,1,2,1,2
7.65,426,1.09,40.3,6.7,2,1,1,0
9.28,81,13.88,84.4,20.7,1,2,1,3
7.43,96,11.36,79.5,19.1,0,1,1,2
4.1,595,12.49,90.7,5.6,1,2,1,3
8.46,483,4.14,95.9,13.8,2,2,0,3
8.29,451,3.02,75.1,6.9,0,0,0,0
1.05,296,9.43,54.7,17.4,1,1,1,0
3.04,418,8.43,48.9,19.3,0,1,1,1
4.45,497,1.49,39.8,12.4,1,1,1,0
5.27,165,3.75,88.3,19.4,1,3,1,1
13.85,172,11.21,59.3,13.9,1,2,1,2
7.86,242,4.3,41.7,4.2,2,2,0,0
14.28,300,6.82,48.5,6.7,0,1,0,0
13.75,315,11.57,42.7,15.5,1,3,0,2
5.34,656,4.31,80.0,5.1,1,3,1,1
9.51,412,6.65,75.1,13.5,0,3,1,2
14.34,310,8.83,63.5,6.0,0,3,1,1
16.96,206,5.0,104.6,20.9,1,2,1,3
8.68,30,9.28,106.9,5.8,1,1,1,3
9.12,234,2.48,99.9,12.8,1,0,0,2
9.16,216,3.28,52.8,22.0,0,1,0,0
5.3,232,11.28,84.6,17.8,2,1,1,3
15.77,81,0.92,49.9,9.0,2,2,0,1
3.36,357,3.86,70.3,17.4,1,3,0,0
16.04,283,1.58,106.5,7.9,0,1,1,2
16.92,249,2.18,66.0,9.5,2,0,1,1
17.28,564,13.72,68.5,9.6,2,3,1,3
10.1,552,4.27,71.4,8.4,1,3,1,1
16.78,552,10.2,42.4,22.7,0,0,0,3
6.3,637,13.28,64.5,8.7,0,2,0,2
15.45,525,8.61,87.0,12.6,1,1,1,3
7.51,581,8.85,93.4,9.7,1,2,1,3
5.45,5,8.93,97.3,6.4,1,1,0,2
16.7,502,6.49,71.9,4.8,0,1,0,2
13.97,366,2.16,73.0,7.5,0,0,1,1
10.71,109,1.37,71.4,4.2,1,3,0,0
14.43,532,2.88,80.6,16.8,0,2,0,3
13.91,223,2.99,98.4,16.9,0,1,1,3
7.86,132,4.55,56.5,11.8,0,2,1,0
5.74,718,11.14,42.8,5.7,0,1,0,1
12.68,9,1.91,67.1,20.1,0,2,0,0
3.43,6,11.32,98.3,7.5,2,2,1,3
6.96,102,4.82,80.7,21.0,1,0,1,0
16.59,342,11.4,48.5,22.1,1,2,0,3
17.83,122,10.15,75.1,8.5,1,3,0,1
6.09,148,11.74,68.7,16.5,0,1,0,1
3.86,607,2.13,84.6,8.5,0,2,1,1
1.6,362,2.55,48.1,14.6,1,2,1,0
10.74,623,11.57,44.8,11.3,1,1,1,2
4.06,122,10.09,100.9,4.2,1,0,1,2
15.26,224,9.68,55.6,16.6,0,2,0,2
9.05,197,7.25,42.3,14.9,2,0,1,1
14.22,51,9.04,90.6,22.3,0,2,0,3
17.66,634,4.66,65.3,21.5,1,2,1,2
7.58,390,8.95,79.5,21.9,1,1,1,2
3.64,342,9.19,42.9,15.7,0,0,1,0
3.37,613,2.87,86.1,9.7,0,3,0,1
10.19,654,10.35,97.1,12.6,0,1,1,4
0.7,369,6.01,89.4,19.1,1,3,1,1
3.87,537,7.16,86.4,13.0,1,0,1,1
10.43,72,13.98,91.7,18.7,0,3,1,4
4.78,380,3.84,100.6,10.5,2,1,1,2
5.27,11,6.99,98.2,10.5,1,3,1,1
12.52,224,10.01,55.0,19.4,2,1,1,2
13.82,254,5.4,70.6,15.8,2,0,0,1
7.74,157,1.4,85.1,9.7,2,0,0,1
9.32,266,6.49,94.9,20.5,0,1,1,3
1.79,33,11.19,76.6,23.0,0,3,0,2
13.2,306,11.22,105.7,17.1,0,1,0,4
15.42,9,5.84,72.3,6.9,2,1,1,0
11.94,291,8.86,106.0,8.7,1,1,1,4
11.79,86,13.01,90.2,20.5,2,2,0,4
6.23,568,2.27,58.8,10.7,2,2,1,1
10.69,82,12.86,46.3,18.3,1,1,1,2
7.47,278,9.27,111.3,13.9,0,1,1,4
4.58,127,6.13,88.3,13.3,2,2,0,2
10.24,516,9.21,106.4,19.6,0,1,1,4
3.94,598,3.77,71.4,21.1,2,1,1,1
11.02,567,4.62,83.2,20.8,1,2,1,3
0.32,278,12.74,59.1,18.8,0,0,1,2
15.95,582,8.84,54.4,19.1,1,1,1,3
11.34,74,13.43,56.1,8.9,1,2,0,1
16.58,205,12.28,92.0,18.0,0,2,1,4
2.96,702,3.52,73.6,12.6,0,1,1,0
6.81,507,10.61,75.5,16.5,1,3,1,2
12.11,533,3.6,110.4,13.8,1,1,1,3
5.36,651,5.09,43.1,7.1,1,1,1,0
15.0,440,8.58,107.4,20.1,1,2,1,4
8.4,633,10.82,86.0,15.1,0,1,1,3
5.06,328,0.75,97.4,11.0,2,3,0,3
5.31,360,12.06,59.1,13.5,0,3,1,1
5.95,278,5.83,84.9,16.8,1,3,0,1
6.2,618,4.02,50.7,8.1,1,1,0,0
11.33,334,8.71,48.9,4.9,1,3,1,0
0.69,700,4.43,75.0,14.4,1,0,0,0
17.29,48,7.75,85.0,6.0,2,0,0,2
1.73,16,3.47,39.1,14.2,0,1,1,0
11.52,109,8.71,98.1,6.9,2,2,1,3
2.24,54,5.72,63.8,22.8,0,0,1,0
0.85,191,1.31,92.5,21.6,2,3,1,2
15.64,505,4.19,52.9,21.2,0,2,1,2
11.58,690,3.09,41.8,19.6,1,1,0,2
5.51,279,10.26,38.6,14.6,2,2,1,1
6.26,504,8.39,74.9,7.4,0,2,0,1
10.69,163,7.73,100.5,4.7,1,1,1,2
14.82,132,2.28,79.9,18.4,0,3,1,2
13.84,583,5.58,44.2,5.5,0,2,1,1
16.56,155,2.23,91.8,18.2,1,1,1,2
4.63,713,0.91,42.1,15.0,0,3,0,1
3.8,558,2.32,85.7,17.1,2,0,1,1
0.48,138,1.12,73.6,18.6,2,1,1,0
10.44,362,11.9,43.0,18.7,2,1,0,3
7.28,591,1.89,83.0,14.4,2,3,1,2
6.49,267,9.32,88.0,6.7,0,0,1,2
15.06,28,0.76,102.3,8.4,0,3,0,2
0.48,682,5.37,79.1,17.4,2,1,0,1
5.81,636,7.77,52.2,11.2,0,2,1,1
17.74,551,13.12,42.4,14.8,1,2,1,3
16.19,446,9.29,54.3,21.4,0,1,1,2
1.14,463,0.72,75.1,6.2,1,2,1,0
2.31,455,12.18,69.3,19.3,1,1,0,2
13.37,121,10.64,75.0,7.0,0,1,1,1
17.98,717,9.31,99.9,21.0,0,1,0,4
3.43,42,1.57,42.4,14.9,0,2,0,0
1.12,630,7.88,88.0,6.7,2,1,1,1
5.4,331,6.93,41.3,6.9,0,2,1,0
14.49,555,1.51,100.3,9.8,2,0,1,3
1.66,178,10.64,85.8,8.9,1,3,0,2
12.17,94,8.7,47.0,21.5,0,3,1,1
2.08,671,9.96,85.5,17.4,2,1,1,3
7.35,504,2.49,102.9,9.3,1,1,1,2
17.38,532,7.12,75.6,17.5,2,1,0,3
12.16,57,12.28,83.3,18.9,1,2,1,3
8.39,377,10.1,75.3,17.6,1,0,1,1
16.28,654,6.33,49.6,20.9,1,3,0,2
6.31,397,13.94,53.0,16.9,0,1,1,2
1.31,384,11.46,58.5,17.0,0,2,0,1
0.97,596,4.92,75.1,22.9,0,1,0,2
17.64,290,10.72,73.3,14.9,0,0,1,2
10.81,601,7.69,38.4,20.6,1,1,0,2
1.52,449,12.33,69.7,17.4,1,3,1,1
7.09,530,2.15,47.8,4.1,0,2,1,0
3.72,62,7.25,79.5,15.3,0,3,1,1
14.51,595,5.44,57.7,14.8,2,1,1,2
4.85,667,2.8,97.5,9.6,2,2,1,2
13.46,45,11.58,59.5,8.0,2,1,1,1
5.05,154,2.82,66.9,18.1,0,1,1,0
2.71,216,11.98,47.0,6.7,1,2,1,1
17.65,260,4.1,40.4,21.0,1,0,0,1
10.0,265,5.82,81.9,22.5,2,2,1,2
6.88,569,12.04,101.6,5.1,0,3,0,4
12.88,630,5.67,46.2,18.6,1,2,1,2
11.05,548,3.57,98.6,4.2,0,1,1,3
17.17,404,1.15,76.3,4.1,2,1,0,1
7.19,158,1.1,105.6,12.3,1,1,1,2
5.66,677,12.64,92.1,13.5,0,0,1,4
4.21,260,11.87,95.0,4.6,1,2,0,3
8.17,651,7.25,80.7,11.8,1,2,1,1
14.85,284,9.02,44.3,13.7,2,1,0,1
12.47,5,4.96,69.6,6.1,0,0,1,0
15.43,164,7.82,109.5,19.9,0,3,0,4
16.31,241,5.22,48.8,13.5,0,1,1,0
9.72,325,9.74,85.3,5.1,0,1,1,1
11.72,556,4.83,91.3,16.2,2,1,1,3
10.63,132,1.42,75.1,18.3,0,1,1,1
8.92,105,9.32,61.0,22.3,1,1,0,1
14.53,401,13.71,70.6,20.1,2,1,0,3
14.6,495,10.04,75.1,15.1,1,2,1,3
14.14,641,11.08,96.0,16.3,0,0,1,4
9.3,12,9.15,109.5,4.8,2,0,1,3
5.78,539,4.12,89.2,18.4,1,1,1,2
7.72,412,1.39,72.2,16.8,0,1,1,0
8.86,262,11.09,53.1,10.9,2,1,1,1
8.9,500,1.46,88.7,12.8,1,1,1,2
10.33,323,11.13,86.4,13.5,0,0,1,3
11.31,600,12.09,101.8,13.4,1,2,1,4
5.99,76,7.84,39.0,4.8,0,1,0,0
6.3,111,1.95,93.1,14.1,1,0,0,2
13.7,46,7.1,110.5,10.5,0,1,0,3
2.91,349,3.19,87.9,21.9,2,0,1,1
4.3,198,8.15,95.8,7.9,1,2,0,3
11.36,471,8.25,68.6,9.8,1,0,1,1
10.62,556,12.83,91.0,21.4,1,1,0,4
4.47,347,4.6,75.1,18.0,0,2,1,3
10.35,125,7.62,56.4,21.6,2,3,1,1
4.47,261,9.45,69.6,19.1,0,0,1,1
8.17,266,2.0,75.1,15.3,0,0,0,1
1.65,111,10.44,57.6,16.4,2,2,1,1
8.42,97,0.87,102.9,22.5,2,2,0,3
4.96,618,7.25,88.8,18.5,0,0,1,2
11.02,312,5.45,64.4,7.2,1,2,1,0
1.35,277,8.23,76.9,22.5,0,1,1,1
16.2,87,8.18,50.6,15.1,1,2,1,1
4.27,78,2.14,59.2,10.7,0,0,1,0
10.0,486,4.17,99.9,13.6,2,3,0,3
15.17,385,3.27,54.9,17.0,0,2,0,1
15.64,440,12.2,55.3,8.2,0,2,1,3
1.41,211,1.74,77.2,11.6,1,1,0,0
12.32,205,12.56,60.5,14.9,1,2,0,2
13.66,593,6.44,102.9,8.6,1,0,1,3
16.34,179,3.63,94.3,7.7,2,0,1,2
17.63,336,7.25,91.9,7.9,2,1,1,3
6.85,103,1.62,75.1,19.8,0,1,1,0
9.06,185,13.01,55.0,19.1,1,1,1,1
5.96,233,4.63,99.1,19.4,0,3,1,3
12.64,242,3.54,54.5,19.7,0,0,1,1
1.23,630,4.55,44.1,14.7,1,2,1,1
0.91,404,1.32,76.9,18.6,0,3,0,1
5.42,312,10.01,99.2,8.3,0,1,0,3
12.54,531,12.76,75.1,7.2,0,2,1,4
9.36,141,4.13,40.7,13.8,1,1,1,0
5.05,565,10.36,73.9,13.8,0,2,1,1
10.34,159,4.92,54.8,12.9,2,3,1,1
0.43,387,11.49,52.6,19.4,2,0,1,1
0.8,164,1.74,75.4,10.4,0,2,0,0
13.85,18,3.65,89.2,13.5,1,3,1,2
6.19,505,7.18,60.3,21.6,0,1,1,1
17.61,495,10.8,87.8,4.7,2,1,0,3
7.59,291,9.35,46.2,20.0,0,1,0,1
14.07,438,6.35,49.9,22.3,0,1,1,2
8.73,517,8.03,54.5,20.2,0,1,1,1
1.57,668,4.21,39.2,13.5,2,1,0,1
8.08,520,14.0,81.8,9.3,2,2,1,2
10.84,94,5.63,91.4,10.9,1,3,1,1
8.27,422,5.88,41.6,20.0,1,0,1,1
6.85,599,3.53,105.5,12.2,1,2,0,3
15.51,153,4.74,79.9,5.9,1,0,1,0
4.75,166,13.57,80.1,18.5,1,2,0,2
5.0,565,5.78,66.2,7.2,1,2,1,0
1.95,269,3.88,80.6,4.9,1,1,1,0
10.72,286,3.91,83.8,8.0,2,1,0,1
17.44,619,4.62,70.1,22.4,2,0,1,3
4.99,513,13.21,62.9,22.6,0,2,1,2
10.51,432,7.18,57.7,5.3,0,1,0,1
15.23,83,11.53,49.8,8.6,0,1,1,1
12.84,496,13.22,47.4,4.5,2,2,1,3
7.82,501,4.04,102.8,7.9,0,2,0,3
5.78,676,11.18,85.5,14.1,0,2,1,3
11.29,232,3.24,90.9,14.3,2,1,1,2
10.26,81,13.52,55.9,22.6,2,3,1,2
6.08,377,3.9,83.3,18.8,0,1,1,2
5.54,546,0.98,96.1,12.1,1,1,1,2
14.5,5,12.6,111.4,19.8,2,2,1,4
2.31,580,0.7,99.7,18.0,0,1,1,2
5.34,456,2.33,97.7,10.5,0,2,0,3
4.22,373,3.33,51.2,13.5,0,2,0,0
16.67,87,13.59,110.5,12.8,1,1,1,4
6.72,20,7.25,57.5,22.6,0,1,0,1
8.54,677,6.23,51.7,6.8,0,1,1,0
10.61,720,13.04,47.8,5.1,2,1,0,2
9.9,45,13.73,97.7,13.8,2,3,1,4
5.45,86,4.42,71.0,9.7,0,2,0,0
9.05,158,9.69,54.8,6.2,0,1,0,0
8.31,197,12.15,73.4,11.5,2,0,1,2
1.53,251,1.4,109.2,21.3,0,1,1,3
13.36,299,13.41,57.0,17.8,1,1,0,2
4.04,284,12.23,83.5,12.7,2,0,0,3
3.65,78,12.3,48.0,16.7,2,0,1,1
1.79,513,1.98,79.1,17.9,0,1,0,1
14.85,313,12.04,50.0,6.5,0,1,0,1
15.48,582,7.78,92.5,21.3,0,1,0,4
6.11,561,4.05,76.1,22.7,0,1,1,1
3.15,245,13.3,99.5,13.7,0,1,0,3
8.09,16,7.55,106.6,12.9,1,2,1,3
1.18,537,7.62,51.0,11.4,0,2,1,0
7.07,510,11.29,78.9,21.6,0,0,1,2
1.59,132,5.3,107.1,18.6,0,2,1,3
16.7,517,8.32,43.5,13.5,2,2,0,3
11.15,300,10.82,75.1,15.1,0,0,1,1
0.34,615,2.61,99.2,8.7,0,2,1,2
5.7,576,11.65,46.5,9.6,1,2,1,2
7.51,686,12.2,40.2,20.1,2,2,1,3
1.59,532,3.26,48.1,5.2,1,2,0,0
8.88,140,4.76,89.8,7.8,0,3,1,1
13.37,700,0.82,75.5,5.4,2,3,0,2
12.44,291,7.97,101.3,10.2,0,1,1,3
4.19,216,2.79,64.9,13.0,0,2,1,0
11.26,382,5.5,75.1,10.0,2,2,1,1
2.1,376,11.08,108.7,17.8,1,1,1,4
4.04,635,9.23,54.0,22.0,0,1,0,1
13.01,647,6.38,44.5,18.8,1,2,1,2
6.28,31,10.66,71.7,20.6,2,1,0,1
4.97,86,5.22,68.0,20.9,0,2,0,0
12.02,273,10.32,71.6,6.8,1,2,0,2
14.88,435,7.25,100.6,8.4,0,1,1,3
4.62,447,5.16,72.3,15.3,0,1,0,1
9.45,431,10.53,100.3,15.9,2,3,1,4
17.38,49,3.4,52.9,22.2,2,1,1,1
17.19,292,1.98,89.5,21.1,1,0,0,3
1.19,73,5.28,92.1,7.4,1,0,1,1
6.33,157,1.25,44.8,5.6,1,1,0,0
11.41,485,8.16,69.7,4.6,2,1,1,2
12.63,430,6.53,72.6,19.2,2,2,1,3
4.58,244,4.72,102.3,18.7,0,2,0,2
12.39,53,9.9,82.1,11.8,0,3,1,2
5.34,628,7.25,63.5,4.7,1,0,1,0
4.18,241,5.61,91.1,20.2,2,1,1,1
15.51,588,5.84,66.8,13.5,0,1,0,1
12.69,651,2.82,94.5,14.3,2,2,1,4
11.1,303,5.77,95.9,15.7,0,0,1,2
10.19,348,3.73,41.9,8.5,1,1,0,0
6.71,503,6.11,74.7,16.5,0,2,1,1
5.33,422,1.11,54.3,20.7,2,1,1,1
1.74,496,12.72,89.3,21.8,2,0,1,4
9.3,604,1.02,44.2,6.0,0,0,0,0
16.91,596,4.91,92.8,19.8,2,3,0,4
13.98,217,5.57,77.9,14.6,0,1,1,1
6.73,138,7.9,73.2,19.0,0,2,1,1
9.84,95,6.73,94.1,11.5,0,1,0,2
8.75,346,12.41,97.3,22.1,2,2,1,4
10.74,658,2.58,107.0,12.5,0,3,1,3
1.8,169,11.89,110.9,14.8,2,0,1,4
3.86,536,13.41,51.7,15.7,0,2,0,2
14.1,435,13.53,109.5,4.1,1,1,1,4
4.57,154,9.89,57.4,19.3,0,2,1,1
17.86,697,12.05,74.6,18.9,2,1,0,4
14.55,542,2.74,96.9,8.7,2,0,0,3
14.96,218,10.09,78.2,10.5,1,2,0,3
9.82,664,0.72,69.4,7.9,0,0,1,1
15.12,509,8.02,87.4,15.5,1,1,0,4
16.96,696,8.13,100.1,18.4,1,3,1,4
17.89,142,11.48,46.6,13.5,1,1,1,2
8.5,421,5.48,38.7,20.9,2,0,1,1
3.78,579,10.96,59.0,17.5,0,2,1,2
9.22,380,6.03,73.2,12.7,2,1,1,1
7.93,638,0.52,51.5,22.9,2,2,0,2
3.78,526,12.62,105.3,19.8,0,3,1,4
13.16,712,6.91,50.1,21.8,2,0,1,2
14.31,533,7.96,91.6,21.0,0,0,0,3
4.08,370,4.02,111.1,17.7,1,3,1,3
12.96,648,11.14,49.7,19.1,0,2,1,3
7.0,268,4.2,73.1,22.4,2,1,1,2
8.64,166,5.86,103.3,4.8,1,2,0,2
11.42,195,8.63,78.7,7.9,1,1,1,1
14.83,84,11.61,92.5,17.1,1,1,1,3
8.55,321,4.82,101.4,5.3,0,2,0,2
5.11,380,1.93,104.6,9.7,0,1,0,2
10.36,547,7.11,59.8,11.6,1,2,1,2
13.57,13,11.82,50.4,7.4,1,1,1,1
0.84,340,5.25,85.2,10.2,1,3,1,1
10.62,42,6.11,107.1,22.3,1,1,0,3
17.57,362,12.83,80.5,22.2,1,2,0,4
11.65,168,13.99,47.9,20.6,2,1,1,3
1.46,355,2.73,98.8,21.3,1,2,1,2
8.1,412,2.29,101.8,7.8,0,1,1,2
11.13,684,7.05,98.7,4.0,1,1,1,3
17.72,517,8.81,51.8,8.1,1,1,0,2
11.04,60,10.07,48.8,11.2,0,1,1,0
7.13,428,1.94,41.6,8.0,1,1,0,0
13.22,399,9.11,47.5,19.4,0,1,1,2
6.97,322,9.78,67.2,6.6,1,2,0,1
9.88,91,8.23,94.2,19.2,2,2,0,4
0.37,70,8.07,79.5,17.9,2,1,1,0
1.38,253,2.25,80.8,19.2,1,2,1,0
3.95,149,13.33,41.2,22.9,0,3,1,2
8.22,244,7.25,85.6,19.0,2,3,0,4
12.4,426,2.99,58.9,4.6,1,1,1,0
6.89,452,9.84,47.3,16.5,1,1,1,1
14.03,41,12.77,54.2,9.6,0,0,1,1
3.66,393,12.11,74.4,17.2,0,3,0,2
3.77,136,10.36,49.4,18.4,2,2,0,2
13.41,148,1.65,82.5,16.0,2,0,0,2
5.72,676,0.58,93.1,12.1,2,1,0,2
4.57,370,2.57,84.6,10.3,1,1,1,1
11.56,216,5.37,105.4,16.2,0,1,1,2
1.72,158,10.61,78.4,20.5,2,1,0,2
11.67,76,1.01,47.1,22.3,0,3,1,0
4.3,597,10.99,38.9,11.3,0,0,1,1
9.54,578,4.24,111.2,20.2,2,3,0,4
16.13,37,4.38,38.8,5.4,2,1,1,0
17.71,443,13.52,61.9,10.1,1,2,1,3
0.44,429,5.09,40.7,9.6,1,3,1,0
9.28,288,6.24,107.8,12.1,2,1,1,3
3.36,652,2.74,75.1,9.0,1,0,0,0
12.66,125,7.25,103.4,17.1,2,0,1,2
11.02,138,13.07,66.8,12.8,1,2,0,2
14.82,453,13.16,65.6,6.6,1,0,0,2
5.33,618,1.06,94.2,18.9,2,2,0,3
12.57,156,11.73,68.5,14.2,0,1,1,1
16.97,347,10.08,101.8,17.3,0,1,0,4
2.84,92,5.69,108.9,8.6,2,3,1,2
4.5,617,6.63,76.2,22.7,0,0,1,2
1.52,684,10.23,98.1,8.6,1,1,1,3
10.73,137,11.9,69.3,4.8,0,3,0,1
4.59,547,1.13,43.9,22.5,0,3,1,1
6.39,266,8.91,67.2,9.8,1,0,0,0
5.86,575,3.75,90.8,6.4,2,1,1,1
7.57,409,12.64,100.5,9.6,0,0,0,3
5.73,173,13.63,104.5,18.5,0,1,0,4
14.89,145,3.49,95.7,11.6,0,2,1,3
5.72,266,6.26,56.2,16.9,1,3,1,1
16.03,481,11.57,60.4,11.8,1,0,0,3
3.76,411,2.94,75.5,7.8,0,1,0,0
4.37,231,11.51,42.6,19.9,1,1,0,0
13.02,390,4.03,85.6,20.1,1,1,0,2
3.24,643,2.44,68.5,7.5,2,1,0,0
8.2,649,11.29,53.7,11.7,0,1,1,2
9.62,134,7.98,69.1,21.4,2,2,1,2
11.84,49,10.25,106.7,19.1,1,0,1,4
7.33,59,9.17,49.1,13.9,0,2,1,0
17.24,189,4.47,98.8,16.4,0,3,1,3
15.99,529,3.13,109.7,20.2,2,1,1,4
13.23,538,3.01,38.4,11.6,0,2,1,2
7.38,323,9.3,54.6,10.4,2,3,1,1
13.19,548,10.5,45.8,14.0,2,1,1,2
15.02,639,8.98,104.0,11.9,1,3,1,4
10.57,264,13.77,50.8,7.6,0,1,1,1
3.92,717,10.94,40.6,16.2,1,1,1,1
5.42,295,8.14,41.8,14.9,0,0,0,0
3.67,163,5.89,64.3,8.7,2,2,1,0
15.23,638,5.69,82.0,20.0,0,3,0,3
10.1,276,6.18,106.6,20.8,0,1,1,3
11.92,53,1.13,56.9,19.7,2,0,1,1
1.64,55,2.97,41.3,5.9,0,2,1,0
0.72,715,7.25,62.7,21.0,0,3,1,2
11.75,211,12.37,97.8,19.5,1,1,0,4
12.55,460,2.62,71.2,16.7,2,1,1,3
4.41,109,10.94,91.8,19.3,0,1,1,3
7.87,594,4.57,57.6,6.0,1,1,1,0
17.98,63,5.96,108.6,16.3,2,2,0,4
0.74,239,12.79,83.1,20.3,2,1,1,3
8.48,675,3.67,69.3,17.5,1,0,1,1
11.32,289,10.01,104.0,8.9,0,1,1,3
11.8,574,13.54,111.4,12.0,0,2,1,4
14.97,80,13.24,86.1,7.2,0,1,0,3
8.69,139,1.27,43.3,10.7,1,2,1,0
0.64,13,6.6,84.4,16.0,0,1,1,0
7.36,310,5.07,79.1,12.4,2,1,1,1
1.45,698,9.82,58.7,13.6,0,1,1,1
10.04,672,11.19,83.8,9.5,1,1,0,3
0.55,479,1.21,100.9,5.6,2,1,0,2
12.53,376,10.35,110.1,7.4,2,3,0,4
9.23,585,10.97,76.8,14.7,2,3,1,2
11.58,334,9.41,106.1,22.4,0,0,1,3
10.61,358,5.43,74.7,18.7,2,1,0,2
11.11,363,6.03,56.7,9.0,1,0,1,0
15.36,379,12.63,77.7,11.1,2,3,1,3
13.67,225,0.78,45.2,19.7,2,1,0,1
11.59,518,12.51,104.8,13.8,1,3,0,4
10.87,86,1.31,56.3,9.7,1,1,0,0
5.98,316,0.83,52.6,10.2,0,3,1,0
0.54,473,4.94,83.9,16.3,0,0,1,1
15.24,310,2.78,86.1,15.2,0,1,1,2
6.7,389,1.85,99.4,6.8,2,1,0,2
17.88,532,13.02,81.4,14.7,2,0,0,4
14.92,622,1.76,84.5,13.0,0,3,0,3
8.51,363,3.57,44.7,19.8,2,1,1,0
11.67,602,8.23,110.1,21.3,0,1,0,4
7.97,378,10.63,100.1,8.9,2,0,0,3
11.88,621,6.32,69.2,5.6,0,1,0,2
5.22,202,7.42,108.7,15.8,0,3,1,3
2.97,412,12.23,87.0,20.7,0,1,1,3
17.47,443,4.86,104.1,22.5,2,3,0,4
0.41,69,7.81,40.1,7.0,0,0,0,0
0.93,669,0.62,101.2,19.6,1,1,1,2
14.63,550,6.47,76.9,10.5,2,2,0,3
10.87,635,0.76,52.8,13.5,2,0,1,1
4.76,409,6.24,42.8,9.0,1,0,0,0
5.62,391,7.66,62.2,11.4,2,3,0,1
11.11,594,4.46,70.7,5.5,0,1,1,1
3.08,125,6.22,77.3,5.3,1,1,1,0
11.37,34,4.62,100.9,21.4,1,1,0,3
12.77,342,6.03,100.8,19.9,0,1,1,3
12.45,565,2.31,61.4,13.2,1,1,0,1
16.46,444,11.17,87.4,8.7,0,0,1,3
3.88,694,3.02,60.8,16.5,0,0,0,1
12.69,140,6.34,67.1,13.5,1,1,1,0
2.57,154,2.84,43.2,16.8,1,3,0,0
2.22,512,6.06,77.6,22.4,1,1,1,1
3.67,185,10.43,96.6,18.4,0,2,1,4
14.05,353,1.69,81.9,11.9,1,0,1,1
3.48,487,2.23,94.6,10.0,0,2,1,2
5.87,71,0.56,72.4,10.0,1,1,1,0
17.17,438,8.78,45.6,14.7,0,2,0,3
10.1,616,9.36,107.6,7.9,0,0,1,4
13.03,584,0.86,95.0,8.1,1,1,1,3
12.41,695,13.07,50.2,22.5,2,3,0,4
10.59,591,11.33,59.9,10.4,2,1,1,2
9.49,190,8.92,86.9,7.9,1,2,1,2
13.54,451,3.17,92.7,19.0,2,3,0,3
17.06,362,7.47,39.1,11.1,0,0,1,0
6.6,230,5.59,84.3,20.6,1,3,1,2
15.72,711,7.98,89.5,6.4,1,1,1,3
2.87,47,10.19,111.1,21.4,0,2,1,4
1.08,519,9.81,86.9,12.5,0,0,1,2
16.22,344,9.22,111.8,13.3,1,3,1,4
15.84,619,4.44,75.5,15.6,1,3,1,2
3.05,485,7.28,111.2,9.9,0,2,0,3
3.56,50,7.57,101.0,15.6,0,1,1,2
14.94,39,9.06,71.4,14.9,2,0,1,1
6.69,624,7.25,77.9,11.9,2,3,0,2
17.12,346,10.93,45.6,22.4,1,3,0,2
14.83,329,4.6,55.8,10.3,0,1,0,0
0.94,562,3.94,53.9,18.8,1,3,0,0
7.0,472,12.76,78.8,22.5,1,0,0,2
6.29,501,5.34,47.1,6.8,1,0,1,0
9.19,474,5.64,65.2,16.9,0,2,1,1
3.98,82,13.1,61.7,5.6,0,1,0,1
14.28,496,5.25,85.2,7.3,1,0,1,2
11.03,155,7.25,106.6,12.9,0,3,1,3
12.1,218,10.4,82.1,10.3,0,1,0,3
5.81,640,8.66,109.1,12.3,1,2,0,4
17.56,224,2.22,80.4,13.5,0,2,0,1
11.38,238,11.41,79.9,4.7,0,1,1,1
11.25,306,1.06,103.7,6.3,0,1,1,2
4.55,526,3.68,111.1,19.4,2,1,0,3
13.2,343,1.67,94.4,20.8,0,1,0,2
16.12,210,4.67,50.8,12.6,0,1,0,1
10.42,719,13.14,49.4,12.2,1,0,0,2
7.44,475,8.61,73.9,17.3,0,0,1,1
6.09,280,7.25,74.5,12.5,1,3,0,1
10.32,553,2.09,46.6,9.7,0,1,0,1
15.9,44,4.67,67.2,19.5,2,2,1,1
4.18,334,10.86,93.1,4.4,2,0,1,3
16.87,402,2.01,99.5,16.7,0,3,0,3
3.29,404,0.96,52.6,16.2,1,2,0,0
4.93,64,8.31,83.2,17.0,1,2,0,2
0.92,410,10.48,58.3,10.1,1,1,0,1
16.6,127,2.93,62.7,15.7,0,3,1,1
17.66,685,4.74,41.4,22.8,0,3,0,3
16.54,475,4.08,54.7,14.4,1,1,1,1
8.12,120,2.79,44.8,10.6,0,0,0,0
16.56,100,2.48,108.5,19.7,0,0,1,3
13.66,586,11.6,61.5,5.6,0,3,0,2
11.49,100,5.02,78.4,5.1,0,1,0,0
3.8,205,12.89,99.1,12.9,1,2,0,4
3.86,310,13.92,51.3,7.8,2,2,1,2
11.32,288,7.48,74.3,12.5,1,1,0,1
17.75,481,12.26,48.7,17.7,1,3,0,3
0.8,712,12.77,39.8,20.0,2,1,0,3
10.89,566,4.36,71.8,4.4,0,2,1,1
17.11,556,9.61,87.1,13.9,1,1,1,4
12.05,671,9.26,79.3,12.5,2,3,0,3
14.25,159,7.05,97.7,6.5,2,3,0,2
9.4,300,10.85,102.9,15.7,2,1,0,4
12.38,193,9.39,103.0,15.6,1,1,1,3
4.23,562,7.4,85.0,21.9,0,2,1,3
14.49,706,3.13,107.3,10.9,0,1,1,3
10.39,718,6.87,93.8,17.3,0,2,1,4
11.28,169,0.91,44.1,8.1,1,1,1,0
0.35,710,7.58,79.0,5.3,2,3,1,1
14.86,168,10.57,40.8,22.7,1,1,1,2
6.43,508,9.89,76.2,14.8,0,1,1,2
15.4,474,5.42,62.5,19.3,2,0,0,2
8.95,659,9.44,38.2,17.8,0,0,0,1
12.18,667,2.05,44.2,20.4,0,3,1,2
13.01,686,5.81,47.1,6.0,2,2,1,2
12.59,193,3.81,69.2,8.2,0,0,0,0
2.12,453,5.96,58.8,10.6,1,0,0,0
14.36,144,2.49,66.9,14.4,0,3,1,0
7.3,577,7.63,106.3,20.3,0,2,1,4
6.42,598,8.63,109.5,19.1,1,2,1,4
3.39,716,9.54,96.6,21.2,1,1,1,3
7.37,497,2.95,111.6,5.1,0,1,1,3
10.89,702,8.16,47.2,12.9,1,0,1,2
16.4,455,1.77,58.2,13.0,1,2,0,2
2.4,666,11.49,98.9,19.8,2,0,1,4
16.98,665,8.92,49.4,14.3,0,2,1,2
16.11,95,11.87,59.7,19.5,2,3,1,2
5.68,612,6.03,87.0,13.5,0,3,0,2
10.78,541,13.72,88.7,13.5,0,0,1,4
5.36,504,8.54,91.1,22.6,1,3,1,3
12.45,614,12.85,38.6,6.5,0,1,0,2
9.37,110,12.6,92.8,21.3,1,0,1,3
5.14,20,11.91,60.6,4.6,2,2,1,0
4.7,63,5.46,107.8,20.1,0,0,1,2
7.28,634,4.01,82.9,7.8,2,3,1,2
11.46,626,13.47,78.5,20.6,2,0,0,4
3.97,348,5.46,44.6,6.1,1,2,0,0
7.95,112,9.73,52.1,22.2,1,1,1,1
6.75,221,12.49,84.2,17.8,0,3,1,3
10.09,675,0.8,84.9,6.8,0,2,1,2
10.31,53,1.06,45.6,15.8,1,3,0,0
7.37,521,6.36,99.4,6.4,1,2,1,3
17.22,576,1.48,93.9,22.9,0,1,1,3
14.37,279,3.83,54.3,13.8,1,1,0,1
5.97,26,8.61,43.5,8.6,1,1,0,0
5.82,564,12.65,82.4,18.3,0,1,0,3
17.19,702,2.07,99.3,7.6,2,2,1,4
6.34,449,9.58,62.8,4.6,0,1,1,0
6.22,86,10.07,67.6,18.8,1,1,1,0
3.01,39,2.53,40.6,18.2,1,1,0,0
14.31,264,3.43,58.9,20.5,1,1,1,1
9.22,701,10.12,62.5,18.4,0,1,1,1
1.48,352,4.39,56.2,19.2,2,2,0,1
8.19,35,9.78,50.5,14.6,2,1,0,0
6.28,344,7.25,40.7,8.9,2,2,1,2
10.57,479,10.76,51.2,20.0,0,1,1,2
14.97,458,0.91,44.2,13.3,2,2,1,2
3.85,626,6.62,88.1,18.6,1,0,1,2
15.58,558,6.34,59.5,7.1,2,2,1,1
1.62,262,8.44,61.7,6.1,0,2,0,0
10.71,355,4.61,107.2,14.5,1,2,0,3
15.2,42,1.03,104.4,14.2,0,0,1,3
2.11,673,6.91,98.0,5.0,0,1,1,2
13.49,547,8.58,92.3,12.8,1,3,1,4
13.77,80,0.99,65.3,15.0,0,0,1,0
4.98,253,9.4,47.7,10.0,1,2,1,0
17.85,119,8.24,102.9,18.3,2,1,1,4
7.61,624,3.14,102.6,20.3,0,2,0,3
7.09,470,4.31,87.1,7.8,0,1,1,1
1.1,613,11.5,53.0,9.8,2,2,1,2
7.06,110,7.25,53.2,11.8,0,1,0,0
8.88,94,13.98,45.9,6.2,0,1,1,0
13.59,41,11.33,100.5,19.6,2,1,1,4
16.08,413,1.62,107.2,7.0,1,3,1,3
13.44,585,3.98,87.3,11.6,2,2,1,3
8.15,470,2.51,110.1,4.1,1,1,0,3
5.83,456,4.58,107.9,16.0,0,3,1,3
6.14,48,5.39,48.5,6.9,0,2,1,0
5.02,586,3.47,103.1,19.3,0,1,0,2
7.03,214,12.38,101.6,14.8,2,1,0,4
9.33,113,0.75,111.7,12.5,1,1,1,3
2.33,582,9.23,86.3,6.0,0,1,1,3
10.28,562,9.22,69.3,8.4,0,0,1,1
4.98,613,1.48,54.0,20.2,1,2,1,0
6.04,266,7.25,62.1,17.1,1,2,1,0
2.1,261,12.99,89.9,11.8,1,1,1,3
2.71,13,3.68,92.4,7.9,0,3,1,0
12.88,499,7.96,51.4,16.4,2,1,1,1
17.07,480,12.9,54.2,19.4,1,1,0,3
1.26,240,9.56,42.9,18.3,1,2,1,1
0.63,480,4.84,110.0,9.0,0,1,0,2
14.31,456,4.12,54.1,17.1,1,2,1,2
6.89,336,3.75,61.9,9.9,0,0,1,0
17.02,574,13.14,69.4,13.0,1,1,1,3
7.05,41,10.97,89.1,13.7,1,1,0,2
12.98,553,12.28,88.9,11.4,1,1,1,4
15.28,229,8.24,107.3,14.9,2,3,0,4
16.21,669,4.04,66.1,17.5,2,1,0,2
5.8,697,8.32,64.9,14.1,0,2,0,0
8.6,711,10.06,100.4,18.9,2,1,0,4
4.57,562,5.75,104.9,5.3,2,2,1,3
13.55,232,13.3,70.2,21.4,0,0,1,2
17.29,356,3.66,92.8,13.5,2,1,1,2
10.41,528,4.82,78.7,13.2,0,2,1,2
9.35,426,12.08,70.3,12.8,1,2,0,2
1.35,496,10.0,40.0,20.3,0,3,1,1
12.99,457,6.89,103.2,16.4,0,3,1,3
6.97,690,4.11,100.4,18.7,0,0,1,3
16.93,37,8.57,41.2,10.4,0,1,1,0
6.09,269,6.65,67.4,13.5,1,1,1,0
9.74,185,9.98,84.7,10.1,1,0,1,2
0.99,537,12.2,50.7,21.8,2,0,0,2
17.27,607,7.28,49.1,22.7,2,3,1,3
4.32,670,11.98,110.4,21.4,0,0,0,4
8.97,260,1.63,99.7,21.6,0,3,0,3
2.18,172,0.98,57.5,13.4,1,0,0,0
4.25,295,10.59,63.8,7.3,2,1,1,1
6.14,158,0.61,98.8,14.9,1,3,0,3
6.06,677,11.63,94.9,5.1,1,1,1,3
5.92,675,0.58,79.8,12.8,1,2,1,1
2.11,646,10.12,54.5,19.2,1,1,0,2
1.29,557,3.34,87.9,17.5,0,2,0,2
2.15,397,6.98,84.9,13.5,2,0,0,2
4.81,269,6.68,103.0,7.6,1,1,1,2
2.08,562,1.45,82.6,20.9,1,2,1,1
6.52,129,5.54,42.0,21.6,2,3,1,1
13.86,708,12.15,47.6,8.8,0,1,1,2
9.77,61,11.46,68.3,21.6,2,1,0,1
12.79,17,9.67,50.1,8.3,0,0,0,0
6.71,586,4.03,76.4,11.0,1,0,1,0
5.01,486,8.27,63.8,13.5,0,2,0,0
1.91,110,1.88,43.4,10.7,0,0,1,0
16.87,309,0.6,59.7,11.4,0,0,0,0
4.6,701,7.25,90.7,13.5,2,1,1,3
10.99,46,10.48,93.3,12.2,2,1,1,3
7.18,314,12.31,41.0,12.2,0,1,1,1
13.89,718,12.14,56.5,6.5,1,3,1,3
10.87,590,0.56,76.4,12.4,2,0,1,2
11.59,125,6.08,90.0,5.7,1,0,0,1
11.58,485,3.45,93.8,9.9,1,1,1,2
4.34,405,11.52,72.2,17.9,2,0,1,1
13.82,290,9.76,54.8,7.9,0,2,0,1
11.73,532,5.99,56.4,10.2,1,1,0,1
8.11,644,8.67,86.2,22.2,1,3,1,3
7.1,356,1.04,62.1,8.7,0,1,0,0
9.62,423,0.8,74.7,9.0,1,0,1,1
7.89,158,3.21,88.3,10.5,1,1,1,1
10.87,581,6.03,61.7,10.3,0,1,0,1
2.64,356,5.42,95.1,11.2,0,2,1,2
3.26,407,10.06,108.2,17.1,2,0,1,4
4.93,471,8.32,79.1,4.1,0,1,0,0
3.78,610,6.81,91.7,13.4,1,0,1,2
16.03,445,2.69,61.8,20.7,1,2,1,2
11.08,259,4.12,79.1,18.4,0,1,0,2
9.27,501,6.14,97.6,17.9,0,1,1,3
17.96,354,4.65,41.6,15.2,1,1,1,1
9.74,259,0.62,106.2,13.5,0,1,1,2
4.73,10,8.31,109.9,10.8,1,1,1,3
9.12,654,12.52,104.0,13.2,0,0,1,4
12.25,558,10.04,70.1,14.9,0,1,0,3
9.31,265,13.24,109.8,5.0,1,1,1,4
1.66,254,5.71,92.9,9.9,1,2,1,1
11.3,381,7.46,68.8,8.4,0,2,0,1
4.67,379,6.42,84.5,19.4,1,0,1,1
9.54,484,9.34,108.2,17.8,0,2,1,4
0.44,449,3.33,103.9,14.5,1,3,0,3
13.68,315,7.56,46.7,5.9,1,2,1,1
14.26,103,8.99,54.6,6.4,2,3,0,0
2.35,630,3.25,42.2,11.8,2,1,1,1
0.91,240,1.42,90.9,21.2,0,2,1,1
16.88,33,9.56,90.5,10.3,1,3,0,3
5.11,136,2.46,102.7,18.6,0,1,1,2
14.08,532,6.62,94.7,20.2,1,3,1,3
9.51,376,4.69,91.4,16.6,1,3,1,2
8.64,435,7.25,66.0,11.2,2,1,1,0
8.2,240,9.94,79.8,5.8,0,2,0,1
5.42,556,13.83,110.7,17.4,1,3,0,4
16.39,493,5.49,81.7,8.2,1,2,0,2
10.78,302,7.87,75.1,22.7,0,2,0,2
1.54,208,11.12,89.0,14.5,0,1,1,2
1.42,355,9.89,71.2,11.3,2,3,1,0
5.4,488,12.67,90.8,19.0,0,2,1,4
5.57,242,0.76,53.1,14.6,2,1,1,0
17.78,151,9.89,69.4,21.1,0,3,1,2
13.59,648,7.07,75.1,16.0,2,0,0,2
12.82,545,6.81,88.2,9.9,0,1,1,3
17.85,245,9.2,65.2,13.5,0,2,1,2
1.88,639,1.81,101.2,22.7,1,2,1,3
17.9,514,0.5,60.4,14.1,0,1,0,2
13.34,564,8.5,38.7,4.3,2,3,0,2
17.55,219,8.01,54.9,20.1,1,1,0,1
17.65,21,1.43,108.1,22.6,0,2,1,4
10.83,13,4.14,74.3,12.6,0,0,1,0
11.83,172,10.83,109.2,21.2,2,1,1,4
10.31,223,9.74,54.5,4.2,2,1,1,0
4.23,133,10.39,73.9,16.0,1,1,0,0
9.22,79,11.5,43.1,22.4,0,0,0,1
0.87,245,1.4,108.0,16.7,2,0,1,2
10.58,410,8.69,54.1,14.4,0,1,1,1
1.05,379,13.18,91.8,22.5,1,3,1,3
9.85,154,1.76,106.0,4.8,1,1,1,2
9.18,30,13.13,105.0,22.3,2,1,1,4
7.29,461,5.24,110.1,23.0,0,1,0,3
5.51,701,13.94,65.7,18.0,0,2,0,3
13.23,235,1.44,49.4,7.4,2,2,1,0
8.7,142,6.44,94.6,15.8,0,2,1,2
3.35,655,11.71,38.5,14.2,0,2,1,2
5.56,214,12.59,92.3,12.4,1,0,1,3
8.36,587,13.78,83.6,13.5,0,2,1,3
15.59,17,13.62,103.4,5.0,0,2,1,4
13.33,34,2.88,76.5,18.0,0,3,0,1
0.92,374,13.96,65.8,21.4,1,1,1,2
15.77,160,2.59,97.6,5.3,1,1,1,1
7.22,613,10.8,88.9,8.5,2,2,1,4
9.79,418,2.31,71.5,20.0,0,1,0,1
5.57,165,7.25,49.2,21.5,0,3,1,1
1.35,304,12.88,69.8,12.2,0,1,1,1
12.87,698,11.48,65.1,19.6,0,1,0,3
9.64,461,8.08,67.2,17.1,1,2,1,1
3.95,467,3.78,81.6,17.2,0,3,1,1
11.3,251,12.8,51.4,14.8,1,3,0,2
5.4,330,3.22,80.2,16.9,0,1,1,0
13.98,462,0.78,92.7,6.9,0,1,0,3
11.24,653,1.02,41.9,22.5,0,2,0,3
7.61,424,13.79,83.2,14.2,0,2,1,3
13.49,492,11.83,60.3,10.7,2,2,1,3
3.27,620,13.91,102.8,19.0,2,0,1,4
8.72,325,12.17,77.0,8.5,1,2,1,2
1.86,183,11.26,55.2,21.0,1,0,0,1
10.64,595,11.79,96.0,9.0,0,2,1,4
13.0,550,7.25,105.8,18.2,1,1,0,4
1.88,13,13.81,55.6,20.2,1,0,0,1
17.02,435,10.94,110.2,17.1,1,1,1,4
13.65,50,11.26,53.9,20.2,1,2,0,2
15.06,224,6.28,65.9,20.0,0,2,1,1
5.95,131,8.35,80.0,5.9,1,1,1,0
6.96,689,2.48,106.4,6.0,0,1,1,3
14.54,322,4.28,78.3,19.8,0,3,0,2
8.93,6,7.38,102.0,13.0,2,0,1,3
0.53,696,3.25,75.1,20.8,0,0,1,3
8.09,394,13.22,52.8,5.4,1,2,0,1
15.85,204,2.92,101.9,14.2,2,2,1,4
4.01,463,6.63,68.5,8.8,1,3,0,0
10.79,290,6.91,40.3,4.9,1,0,0,0
2.74,297,3.79,38.2,17.1,1,3,1,0
16.87,34,9.66,102.2,5.4,0,0,1,3
15.68,186,11.25,59.6,6.5,2,3,1,1
11.66,634,10.0,103.7,6.6,1,0,1,4
10.56,684,7.07,81.6,10.4,0,2,1,3
13.25,315,9.08,47.1,5.6,2,2,0,2
7.75,261,7.25,101.3,7.8,0,0,1,3
7.95,286,5.67,49.7,5.9,1,1,1,0
10.95,624,9.48,50.8,15.0,2,1,1,3
17.77,592,7.13,64.3,9.7,2,2,1,3
11.64,103,9.14,63.6,12.3,1,1,1,0
5.65,460,5.28,46.4,6.6,2,2,0,1
16.79,83,5.0,96.1,7.8,0,1,1,2
9.5,533,8.44,85.5,5.4,1,2,1,3
12.61,79,13.56,98.2,8.2,1,2,1,3
1.06,661,2.41,48.4,17.4,2,2,0,0
15.22,110,5.7,93.4,12.5,0,2,1,2
9.83,34,6.44,50.4,11.9,0,1,1,0
17.73,345,0.75,58.4,12.2,0,1,0,1
0.59,145,4.5,92.4,13.5,1,1,1,1
8.96,16,6.58,102.2,4.7,2,2,1,2
13.22,516,2.63,80.6,8.8,1,1,1,2
16.05,157,10.26,108.4,18.4,2,2,1,4
16.19,6,3.31,87.4,15.1,1,1,1,2
10.94,50,13.85,85.5,5.7,1,1,1,3
17.86,250,3.07,47.0,16.0,0,1,1,1
10.21,532,7.25,89.2,20.4,1,2,1,2
15.1,528,2.0,105.8,15.3,0,1,1,4
2.97,485,6.35,109.2,21.4,2,2,0,4
3.31,25,7.38,72.2,18.6,0,0,1,0
11.47,252,9.48,70.0,18.3,0,3,1,2
3.68,118,6.35,83.3,22.9,2,1,0,1
16.3,313,10.0,53.8,4.9,1,2,0,2
8.51,716,4.15,67.7,8.4,1,2,1,0
7.57,41,11.32,84.6,17.5,1,2,1,3
13.85,243,9.92,69.5,11.0,2,3,1,2
7.78,103,6.84,38.5,7.6,2,0,0,1
14.45,529,9.11,65.4,8.6,2,1,0,2
15.27,361,7.48,91.2,6.2,0,2,0,2
12.28,251,11.96,75.1,13.2,1,0,0,1
10.9,215,13.4,97.4,6.8,1,3,1,3
6.37,510,11.77,107.4,13.5,2,2,1,4
2.65,346,2.51,44.3,17.1,1,1,1,1
12.97,565,10.59,101.3,5.6,2,1,1,4
2.36,251,1.27,52.4,15.4,1,1,1,0
2.5,336,11.59,98.5,9.6,0,2,1,3
13.12,105,1.72,60.4,13.9,2,1,1,0
2.66,269,11.49,46.2,10.6,0,2,0,1
15.52,24,7.25,62.6,19.4,0,1,0,1
2.49,245,3.87,70.5,13.5,1,2,0,0
7.88,673,6.35,107.4,15.9,0,1,0,3
8.51,443,10.56,81.6,15.3,1,3,1,2
17.45,567,6.44,47.1,4.1,2,2,1,2
14.79,309,9.39,53.0,11.3,1,2,0,2
5.16,260,2.49,73.1,4.0,2,2,1,0
3.86,313,11.33,92.4,9.6,1,1,1,3
2.83,333,10.79,39.8,20.3,0,3,1,1
3.15,390,10.09,81.8,5.7,1,1,1,1
0.43,449,3.44,108.0,20.4,0,1,1,2
0.74,126,10.39,61.0,6.0,0,2,0,0
9.41,54,12.98,75.3,19.0,0,1,0,2
15.52,578,1.81,80.1,5.7,0,2,1,2
14.37,452,10.16,45.5,8.1,1,2,1,2
12.84,385,1.93,98.0,19.7,2,2,1,3
16.26,427,11.06,74.0,18.9,2,0,1,3
3.49,155,8.61,54.5,20.9,0,2,1,1
4.14,168,6.25,75.9,19.6,0,2,0,0
6.79,433,0.81,45.9,22.1,1,0,1,0
5.37,317,6.39,105.7,20.7,2,2,1,4
7.11,645,8.43,67.6,8.9,0,2,1,1
15.95,31,7.4,95.2,13.9,0,1,0,2
5.09,352,1.6,75.1,4.6,1,0,1,0
7.96,465,12.05,49.0,9.7,1,0,1,1
14.37,87,13.53,75.1,8.6,1,1,0,3
13.47,461,9.86,62.8,9.9,0,0,0,2
7.85,615,13.3,49.9,11.3,1,3,0,2
6.32,204,9.83,106.4,8.5,1,2,1,3
4.22,383,11.56,99.9,9.1,2,1,1,3
3.96,688,9.24,75.1,7.1,1,3,0,3
9.3,117,9.36,68.9,14.7,1,2,0,0
16.55,16,6.71,75.1,14.6,0,3,1,0
7.06,704,2.24,77.7,21.2,1,1,1,1
1.92,315,5.55,75.1,7.5,0,1,1,2
2.41,242,1.22,86.6,4.9,1,2,1,1
12.82,23,12.29,61.2,5.9,0,1,1,1
9.69,566,0.98,54.8,18.2,1,2,1,1
8.92,134,3.25,85.7,8.5,1,2,1,1
11.92,479,9.49,55.5,13.2,0,0,0,2
8.36,19,10.98,82.4,13.5,2,2,0,3
4.69,400,11.7,110.2,13.5,1,0,1,4
15.5,513,3.02,109.9,22.7,1,0,1,4
1.72,392,13.56,93.1,5.5,0,0,1,2
14.97,203,4.23,93.6,5.5,1,1,1,1
2.99,148,6.4,93.4,12.8,2,0,1,2
14.33,378,3.52,64.9,16.5,2,2,1,2
14.78,470,2.75,108.3,21.1,0,1,1,4
7.24,405,1.15,95.4,20.7,1,1,1,3
3.73,518,13.28,105.3,7.5,2,1,1,4
5.12,707,9.89,104.3,8.7,0,3,1,3
0.85,688,2.03,105.5,17.1,1,1,1,2
8.03,57,8.75,75.1,20.3,1,1,1,3
4.49,264,3.32,101.5,22.2,2,2,1,3
10.13,632,11.42,67.0,21.1,2,0,0,3
17.62,318,13.42,78.9,14.5,2,1,0,3
15.56,25,2.68,67.9,16.3,0,1,1,0
14.92,639,2.87,96.7,15.6,0,1,0,3
12.61,433,7.47,51.0,6.5,2,2,1,2
5.05,437,2.47,75.8,5.8,1,0,1,0
3.04,453,4.68,83.4,14.8,1,0,1,0
17.2,251,12.49,78.7,15.3,1,1,1,3
9.41,361,7.25,55.1,18.3,2,1,0,1
7.22,376,5.72,38.0,8.6,2,0,1,0
17.02,440,7.04,80.6,19.9,0,0,1,3
7.29,683,6.8,77.5,8.3,1,1,1,1
3.23,26,3.49,72.3,4.6,1,1,0,0
3.79,201,1.41,92.8,5.7,1,3,1,0
12.64,35,1.42,110.1,19.6,1,1,1,3
1.29,491,12.22,111.0,12.3,2,3,0,4
3.94,309,2.1,44.0,10.0,0,2,1,0
4.22,678,13.47,41.2,21.3,1,2,1,3
5.27,118,10.31,54.8,17.2,1,1,1,1
1.47,641,4.31,93.0,21.0,1,1,1,2
3.13,626,0.75,69.4,13.9,1,1,1,0
2.76,174,10.48,68.0,21.9,0,2,0,2
7.79,280,9.11,99.3,9.6,1,1,0,3
12.17,106,8.29,48.7,14.2,0,1,1,1
9.34,90,5.68,112.0,21.9,2,3,0,4
9.91,672,5.7,52.3,11.9,2,3,0,1
16.37,589,2.83,97.9,17.1,1,1,1,4
11.39,548,8.31,85.4,16.7,0,1,1,3
13.45,247,0.88,76.5,21.4,0,1,1,1
1.59,328,11.48,74.8,10.1,2,3,1,1
4.66,42,11.79,97.5,12.6,0,1,1,3
7.79,313,7.27,65.0,9.6,0,2,0,1
6.49,555,13.93,111.3,8.0,1,2,1,4
14.67,586,12.37,76.6,10.5,2,1,1,3
14.9,529,2.51,65.3,6.8,1,0,1,1
4.0,586,12.68,54.6,8.5,0,1,0,1
1.37,147,4.83,88.4,7.1,0,1,1,0
9.53,430,1.96,73.6,16.1,1,1,0,1
9.78,395,0.65,41.2,21.2,1,2,0,1
8.18,303,1.4,104.7,9.6,2,1,1,3
13.46,270,7.56,80.7,18.6,0,3,0,2
8.08,129,10.7,51.4,22.6,1,3,0,2
6.37,470,6.89,62.3,22.7,2,0,0,1
12.25,406,2.61,77.5,5.6,1,1,0,0
4.76,377,3.64,54.6,17.5,2,1,1,1
2.13,23,7.44,84.9,4.4,1,1,0,0
5.51,241,9.39,108.8,21.0,0,1,0,4
13.11,75,5.83,77.7,16.7,1,2,0,2
8.91,560,3.85,110.9,6.9,0,2,1,3
15.35,434,7.7,41.3,11.6,1,1,1,2
5.22,27,12.88,62.6,11.2,1,1,1,1
5.71,43,11.48,75.1,10.3,0,1,0,0
10.55,179,13.85,110.2,7.7,2,2,1,4
16.47,687,4.06,93.2,7.2,0,2,1,3
10.01,21,11.56,107.1,21.0,0,1,0,4
14.37,256,2.1,72.1,8.3,2,1,1,1
3.43,718,12.56,57.0,16.1,0,2,1,2
17.1,642,3.02,55.3,12.2,1,2,1,2
9.4,386,7.25,49.3,7.0,1,3,1,0
15.39,470,4.28,85.7,9.6,0,2,1,2
11.35,176,11.01,110.6,20.7,1,1,1,4
14.92,501,12.82,83.2,17.6,2,1,1,4
7.18,646,7.07,43.6,18.4,0,2,1,1
15.14,273,12.7,108.5,20.2,0,0,0,4
7.61,593,6.18,40.4,17.8,1,3,1,0
12.2,189,8.15,84.6,17.7,1,2,0,2
1.59,478,5.26,93.7,13.3,1,2,1,2
14.36,150,5.29,75.1,9.9,1,1,1,2
16.74,264,3.3,64.7,19.8,0,1,1,0
16.46,151,13.22,43.3,10.4,2,2,1,2
6.71,45,10.03,100.5,17.1,2,3,1,4
3.9,618,4.47,75.1,8.4,1,2,0,1
14.94,41,1.8,88.3,7.6,1,1,1,1
16.57,216,13.8,59.8,13.9,1,1,1,2
14.39,255,12.95,110.5,19.7,0,2,1,4
12.83,13,2.59,50.4,22.2,0,1,0,0
11.57,545,5.6,73.3,18.2,0,1,1,2
8.14,268,5.19,40.8,8.3,2,0,1,0
16.9,165,7.27,91.3,16.8,1,1,1,2
5.27,562,7.35,45.6,21.6,2,0,1,1
4.83,234,12.76,77.4,21.3,0,3,0,3
2.45,322,9.4,51.8,13.0,2,1,0,1
15.97,485,11.98,87.9,16.0,0,2,0,4
8.05,620,4.66,55.2,10.9,2,1,1,1
6.18,374,5.47,54.8,6.7,1,1,1,0
7.45,219,9.9,49.9,10.8,0,3,1,0
4.54,279,8.16,55.1,4.5,1,2,1,0
17.6,517,8.19,57.6,13.5,0,3,1,2
5.75,92,5.73,42.3,18.7,1,1,1,0
9.92,566,4.57,57.7,19.5,1,3,1,1
8.71,591,4.17,107.7,17.5,2,1,0,3
15.52,361,4.93,64.5,16.7,0,1,1,1
9.43,518,3.31,93.1,8.5,1,2,0,2
15.17,634,5.8,53.2,5.3,2,0,1,1
11.16,327,1.37,89.8,14.7,0,1,0,2
16.96,529,11.6,44.1,18.6,1,3,1,3
6.05,590,3.07,62.5,14.4,0,1,1,0
9.76,590,7.94,108.9,22.5,1,0,1,4
3.22,302,5.56,62.6,4.2,1,2,1,0
8.7,239,11.59,102.1,17.5,1,3,1,3
12.93,61,1.81,53.9,9.0,2,0,1,0
13.18,206,0.63,110.8,11.6,1,1,1,3
9.26,711,13.88,58.4,17.0,2,3,0,3
6.74,123,10.58,88.5,5.4,0,2,0,3
13.89,462,10.92,87.8,19.4,0,2,0,4
5.47,271,5.86,50.2,12.4,1,2,1,0
9.98,237,5.08,72.6,13.5,0,2,0,1
13.06,453,9.87,85.7,8.2,2,1,0,3
15.96,52,4.15,65.9,13.9,2,2,0,1
6.82,86,1.44,72.7,15.1,0,3,1,0
8.0,99,4.36,76.5,13.4,0,1,1,0
14.7,545,12.08,106.1,12.3,0,1,0,4
3.09,119,3.92,61.9,8.6,2,1,0,0
4.9,92,4.49,80.7,7.3,0,3,1,0
13.58,643,9.68,88.4,19.0,1,1,1,3
14.59,321,12.76,41.1,14.7,1,1,1,2
15.12,437,3.6,50.9,17.4,0,3,1,2
17.47,370,5.81,99.2,20.7,0,1,0,3
6.65,161,9.13,47.4,11.8,2,1,1,0
5.9,310,3.4,65.4,13.6,1,3,1,0
0.51,345,12.6,75.1,19.6,0,1,1,1
6.79,688,1.61,46.1,19.0,1,1,0,1
9.18,604,6.51,47.3,17.3,1,1,1,1
9.33,246,6.18,71.6,10.0,2,0,0,0
1.4,269,8.11,110.6,5.1,1,1,1,3
3.78,529,1.75,101.5,10.8,0,0,1,2
16.57,362,2.06,52.5,4.4,1,3,1,0
13.5,575,10.49,51.2,10.3,0,2,0,3
11.66,574,13.22,78.9,7.3,1,1,0,3
6.4,717,4.92,73.0,20.9,1,1,0,2
4.91,138,5.74,102.0,6.8,1,2,0,2
3.7,178,9.59,97.5,10.0,2,2,1,3
2.42,538,12.29,105.8,13.8,0,2,0,4
10.51,536,6.45,48.7,17.7,1,1,1,1
14.36,108,0.54,71.2,22.4,1,2,0,1
15.44,263,6.21,48.2,17.6,1,1,0,1
6.64,22,6.8,49.1,10.8,0,3,1,0
3.31,346,11.22,66.8,4.4,1,0,0,0
9.06,504,8.43,93.1,13.2,1,0,1,3
11.35,394,13.3,75.1,14.6,0,1,0,2
17.33,491,7.06,84.7,22.8,1,1,0,3
8.25,224,1.49,93.9,9.7,1,0,1,2
5.82,141,8.7,81.0,10.3,2,2,0,1
9.36,240,11.23,109.6,13.5,0,1,0,4
9.07,385,5.55,103.3,21.1,1,2,1,3
8.47,331,12.58,68.1,17.4,0,1,1,1
7.93,338,7.31,98.2,17.7,0,0,0,3
8.02,222,2.7,104.2,5.9,2,0,1,3
4.65,152,9.72,100.8,17.1,0,1,1,3
7.79,418,11.97,78.0,11.1,0,1,0,2
3.78,34,7.96,83.4,6.6,1,2,1,0
7.36,303,10.15,75.6,7.7,1,1,0,1
7.53,577,0.85,54.2,10.2,0,0,0,0
5.17,120,4.23,94.7,7.5,1,1,0,1
8.91,79,10.09,60.9,17.9,0,3,1,1
5.29,193,10.18,105.3,22.2,2,1,1,4
4.16,583,0.78,39.3,13.5,0,1,1,0
1.97,550,9.9,100.2,22.0,0,3,0,4
5.44,422,1.92,43.1,15.2,1,2,0,0
10.92,572,2.05,82.2,20.8,2,3,1,3
4.26,87,9.58,75.1,11.8,0,1,0,0
12.3,67,7.49,43.6,11.1,0,0,0,0
9.51,581,1.38,80.6,14.0,1,2,1,2
3.29,110,7.99,106.1,11.3,0,1,1,2
17.32,500,7.37,110.0,16.9,0,1,0,4
8.11,696,9.15,109.0,7.3,1,1,1,4
6.69,283,2.77,110.1,7.5,0,1,1,2
7.85,374,2.67,65.0,11.5,1,0,1,0
12.4,389,11.13,50.0,14.0,0,1,0,1
12.35,131,6.6,41.8,19.5,2,3,1,1
10.07,564,9.56,82.7,18.5,1,1,0,3
11.56,462,10.04,41.9,4.8,0,1,1,2
10.07,205,8.96,86.9,17.3,1,1,1,3
5.76,132,3.37,103.6,14.8,1,2,1,2
0.95,215,2.4,109.6,16.8,0,0,1,3
9.47,341,5.0,51.8,18.4,0,2,1,1
11.0,298,3.06,43.0,15.8,2,1,1,1
14.15,473,3.71,108.5,22.9,2,0,0,4
5.79,508,10.5,92.6,4.9,0,1,0,3
12.99,166,1.16,77.3,10.8,0,1,0,1
12.77,192,12.22,82.9,16.2,2,1,1,3
9.81,504,10.4,79.7,14.0,0,0,0,2
15.03,624,1.05,46.2,12.7,1,0,0,2
1.19,150,6.06,83.6,4.2,2,2,0,0
3.25,6,3.29,93.4,18.3,0,1,0,1
15.2,499,8.91,61.7,4.9,0,0,1,1
6.8,413,9.79,100.3,13.7,2,1,1,3
0.4,212,12.16,108.8,20.9,2,3,1,4
1.25,224,1.17,87.5,19.4,0,1,0,1
16.68,332,3.95,61.8,8.4,1,3,0,0
10.63,172,1.32,85.4,12.7,1,1,0,1
1.85,504,6.99,69.3,13.9,2,2,1,1
3.19,671,8.9,99.0,17.3,1,3,1,3
10.46,18,7.21,92.2,7.4,0,3,0,2
8.82,551,4.09,78.0,13.3,0,1,1,1
15.57,38,13.38,53.2,7.1,0,0,0,1
7.43,49,10.7,86.4,5.0,2,3,1,2
2.75,537,4.09,75.1,17.6,0,2,1,1
16.9,77,9.88,95.4,13.5,0,1,0,3
11.25,575,1.83,107.2,11.7,0,3,1,4
12.13,448,1.08,92.7,22.4,0,3,0,3
7.36,54,9.19,49.0,14.1,1,3,1,0
16.88,108,10.51,39.0,12.5,0,0,0,1
7.32,27,10.38,46.9,13.3,0,1,0,1
8.74,106,7.41,98.7,13.5,0,1,0,2
12.07,88,4.67,78.2,15.9,0,1,0,0
3.98,498,10.46,46.0,20.1,0,1,0,1
4.37,535,7.6,72.9,13.5,0,0,1,1
5.7,226,10.21,47.1,17.1,1,2,1,1
1.12,173,13.98,45.8,6.9,2,2,1,1
10.47,142,7.47,111.7,17.2,2,1,1,3
3.41,222,11.66,57.7,16.4,0,3,0,1
4.31,453,10.36,72.4,18.0,1,0,0,2
8.67,696,1.5,106.3,20.2,0,1,0,4
4.68,641,12.67,90.9,17.8,0,1,1,3
8.93,96,5.09,76.1,16.9,2,2,0,1
7.92,146,7.56,79.3,8.0,0,2,1,1
15.62,19,8.91,103.9,17.6,2,2,0,4
9.47,530,7.18,65.7,17.0,1,1,1,1
10.3,642,3.94,87.6,10.6,1,3,0,3
5.64,624,4.38,41.4,10.6,0,3,1,1
7.58,253,11.22,74.7,16.3,0,0,0,2
12.86,502,9.94,107.2,14.8,0,0,0,4
5.54,188,9.45,88.8,19.0,0,1,0,3
13.26,160,1.24,71.6,10.7,2,3,0,1
3.88,121,11.49,74.1,17.1,0,1,1,1
15.54,43,4.67,101.5,12.6,2,1,1,3
4.78,568,8.41,92.4,15.9,2,2,1,3
4.29,285,2.03,46.6,12.6,0,3,1,0
3.69,21,3.24,60.4,16.5,0,0,1,0
4.67,658,2.86,80.3,13.5,1,1,0,1
9.12,306,8.47,94.0,21.4,1,1,1,3
16.49,312,2.86,79.6,10.6,0,3,0,1
5.93,240,1.88,76.6,11.4,1,2,0,1
16.86,574,4.64,104.8,9.2,0,1,0,4
4.01,171,0.54,93.0,8.8,1,3,0,1
15.58,380,1.89,51.0,13.1,0,2,0,1
3.29,667,8.66,80.6,6.0,2,2,1,2
3.04,467,4.6,104.7,21.4,0,1,1,3
7.23,246,7.25,86.4,5.1,2,3,1,2
16.09,423,2.82,77.0,8.6,1,2,0,2
9.82,553,12.28,64.3,16.2,2,1,0,2
8.11,408,12.76,90.3,15.0,1,1,1,3
8.79,265,2.05,80.5,20.6,1,1,1,1
9.98,62,11.27,67.4,9.5,0,2,0,2
10.55,636,4.45,106.7,5.3,2,1,1,3
16.65,151,5.77,109.5,13.5,0,1,0,3
16.5,546,11.17,52.5,17.8,2,2,0,3
6.58,481,4.53,48.9,5.7,2,1,1,0
2.98,386,8.7,48.8,14.6,2,3,1,0
4.03,434,6.09,75.1,10.2,0,2,1,0
14.5,487,7.25,56.3,10.1,1,1,0,1
8.76,468,10.85,56.1,19.7,0,2,1,2
11.5,407,12.36,85.1,19.8,2,2,1,4
16.35,15,12.11,62.2,16.3,1,2,1,2
7.68,710,13.44,41.1,13.5,0,0,1,2
11.81,394,1.25,83.0,5.4,0,0,1,1
15.19,654,8.11,40.5,7.5,1,1,1,2
5.02,362,6.2,95.8,10.4,2,1,0,3
16.86,366,3.83,78.1,5.1,0,3,1,1
8.28,96,0.99,82.2,22.3,0,2,1,1
3.52,684,7.73,72.5,18.7,0,2,1,2
10.38,263,8.02,81.2,8.0,1,3,1,1
15.63,451,7.25,75.1,11.2,0,3,0,2
14.44,147,7.25,47.0,17.4,2,0,1,1
4.42,97,12.77,74.1,12.9,0,1,1,0
13.95,712,7.87,41.7,8.4,1,1,0,1
5.76,646,4.5,85.7,19.8,0,1,1,1
16.49,105,13.41,104.8,5.3,2,0,1,4
2.4,132,1.08,75.1,11.0,1,2,0,1
5.39,178,5.81,93.7,21.5,1,1,1,2
6.83,41,11.96,60.1,17.2,1,1,1,1
6.26,353,11.32,78.2,14.4,0,2,0,2
12.1,147,12.94,75.0,14.5,0,2,1,3
11.5,25,11.81,86.9,11.1,1,3,0,3
17.94,75,8.65,68.6,6.7,2,3,0,2
17.48,553,13.35,98.4,21.7,0,1,1,4
9.47,334,13.55,75.1,10.5,1,0,1,1
12.74,236,2.87,48.6,7.3,0,2,0,0
3.45,663,8.45,103.0,18.7,0,0,1,4
15.69,352,3.3,94.2,19.8,0,2,0,3
2.84,397,7.78,100.1,4.9,0,1,1,1
12.92,51,11.56,61.5,16.7,0,0,0,1
13.4,665,10.91,65.2,7.5,0,1,0,3
9.15,445,4.03,79.1,6.6,0,3,1,1
3.65,581,7.17,96.8,9.3,0,1,0,2
10.15,47,12.43,85.9,16.5,0,1,1,3
16.28,387,1.12,62.5,18.2,1,1,1,1
11.04,251,13.82,42.8,18.6,1,0,0,3
11.28,623,8.88,75.5,13.5,2,3,1,3
15.45,619,8.47,109.4,17.6,0,0,0,4
13.46,363,8.13,59.2,12.5,2,1,1,1
3.38,321,7.78,51.6,7.2,0,0,0,0
6.73,139,5.73,112.0,18.7,1,3,1,3
15.09,591,5.0,62.2,5.2,0,2,1,1
9.46,109,11.51,101.7,16.6,2,1,0,4
16.08,433,2.88,44.3,13.3,1,0,0,2
0.64,305,7.21,43.2,14.1,1,1,0,0
13.88,389,5.26,71.7,8.0,0,2,1,1
16.25,331,7.25,65.2,15.0,0,2,0,1
6.98,478,7.04,93.8,17.9,0,2,0,3
2.72,180,8.97,77.9,4.6,0,2,1,0
16.63,486,12.03,92.3,10.7,2,1,1,4
1.5,10,7.25,61.2,15.3,0,1,0,0
8.86,204,12.46,104.3,6.5,2,2,0,4
17.56,256,12.75,91.1,13.1,2,3,1,4
2.53,606,11.47,95.9,13.5,2,2,1,4
9.27,401,9.21,76.4,7.9,0,1,1,1
4.61,280,7.25,104.9,13.5,0,2,1,4
15.9,55,10.33,99.3,11.0,0,3,0,4
12.2,394,9.49,38.7,19.2,2,1,0,1
6.6,118,7.13,103.6,16.8,1,3,0,3
6.35,294,10.99,71.5,12.8,0,1,1,0
10.47,404,6.21,103.0,12.5,0,0,1,3
9.79,628,1.89,75.1,14.8,0,1,1,0
10.39,22,1.79,44.9,18.6,1,1,1,0
6.05,204,7.17,48.1,12.2,0,2,1,0
2.33,716,2.29,87.0,11.7,1,1,0,1
17.94,197,10.56,56.3,22.8,0,3,0,2
13.18,428,12.32,60.8,14.8,2,2,1,3
11.49,673,6.4,98.8,19.1,0,1,1,4
15.53,64,0.75,78.2,22.4,0,2,0,2
17.15,594,4.2,58.9,7.3,0,3,1,1
2.06,190,11.56,57.5,4.8,1,1,1,0
9.89,98,9.73,45.1,12.4,1,3,1,1
9.24,32,8.08,83.9,14.2,1,1,1,2
8.31,486,12.96,78.0,19.9,0,1,1,2
4.34,372,8.15,74.3,22.7,0,3,1,2
6.82,271,5.72,87.1,11.1,0,2,1,1
5.27,650,1.55,70.3,16.7,1,3,1,1
12.29,556,3.58,52.1,21.6,0,1,1,2
2.19,447,6.98,110.1,11.7,1,2,1,3
6.27,220,13.09,86.8,8.7,0,1,1,3
13.8,650,13.06,108.1,16.7,0,1,0,4
15.86,90,8.24,80.5,14.9,2,2,1,2
16.3,159,13.6,77.6,8.0,0,2,1,3
10.9,477,8.88,39.0,5.4,1,0,1,1
5.16,626,0.55,98.7,19.9,0,2,1,3
9.32,357,4.41,109.4,13.5,2,1,0,4
5.07,559,10.73,100.1,14.6,1,3,1,4
14.57,582,5.35,53.5,9.2,0,1,1,2
0.74,18,1.35,49.9,12.3,1,1,1,0
2.36,344,9.75,45.3,12.0,2,2,0,1
11.97,572,12.4,61.1,17.1,1,2,0,3
15.54,32,3.96,40.4,7.1,0,1,1,0
11.68,585,3.94,69.9,7.3,1,3,1,1
10.16,218,11.38,103.3,10.5,0,0,1,4
8.4,345,10.42,39.8,18.7,2,2,1,2
8.6,406,1.6,64.7,13.1,1,2,1,0
0.59,293,13.44,57.2,21.1,2,2,0,2
8.26,475,11.11,93.8,16.1,2,1,0,4
17.28,37,10.58,79.1,11.4,1,1,1,2
0.86,131,5.66,91.8,8.8,1,2,1,1
0.69,696,9.03,62.8,15.3,1,0,0,1
4.6,253,2.4,71.7,7.6,0,3,1,0
4.32,600,10.65,64.0,20.8,0,0,0,1
0.36,236,0.68,54.4,4.9,0,1,1,0
16.75,643,11.2,75.1,22.5,1,1,1,3
10.66,715,3.78,70.5,7.9,0,0,1,1
5.54,457,9.83,50.6,21.5,2,2,0,2
1.54,500,5.53,68.6,21.8,1,2,1,1
9.8,174,4.88,45.2,6.9,1,1,0,0
6.45,686,9.34,66.1,14.1,2,3,1,1
2.7,511,1.11,82.1,19.9,0,3,0,1
2.03,587,12.79,85.7,21.0,0,3,1,3
12.49,177,13.34,102.7,23.0,1,0,0,4
13.98,284,3.12,68.6,10.8,2,0,1,1
4.83,550,4.46,88.7,14.9,1,1,0,2
12.09,141,7.76,96.1,5.8,2,1,1,2
6.7,643,4.82,42.7,5.3,1,0,1,0
13.01,371,12.33,105.9,20.4,1,2,0,4
14.42,153,12.68,61.5,15.4,0,2,1,2
9.75,522,8.16,78.5,18.5,2,1,0,2
8.58,602,7.04,88.6,19.1,1,1,0,3
7.55,189,1.69,75.1,20.8,1,2,1,2
1.57,191,7.53,78.5,18.9,1,2,1,1
10.77,591,4.84,92.2,5.6,1,0,0,2
12.78,528,8.18,92.6,17.0,0,1,1,3
15.45,508,12.48,63.9,17.3,0,1,0,3
13.18,468,2.52,63.8,8.4,0,1,1,0
17.77,360,2.79,58.7,15.3,0,1,1,1
15.71,240,12.91,41.1,14.6,2,2,1,2
4.0,320,5.48,79.8,4.2,2,3,1,0
15.33,609,13.66,80.9,12.4,0,1,0,3
7.8,450,5.07,65.1,14.8,2,1,1,1
7.17,366,9.49,62.9,15.4,1,1,0,1
8.84,9,3.44,74.0,12.5,1,1,0,0
5.64,701,13.88,54.4,17.1,0,2,0,3
17.51,145,2.2,101.3,6.8,0,1,0,3
3.41,516,8.87,110.6,7.6,1,2,1,4
2.88,495,12.05,99.2,18.9,1,3,0,4
0.86,633,9.2,111.7,15.6,0,0,1,4
1.1,602,7.25,58.8,21.7,1,2,0,3
2.26,243,7.71,40.9,9.7,2,1,1,0
3.36,619,3.22,65.3,17.0,0,1,1,0
12.0,467,8.25,103.0,10.2,0,1,0,4
0.98,679,6.79,81.5,4.7,0,1,1,0
10.04,358,3.04,70.2,17.7,2,0,0,1
10.73,342,5.31,84.5,5.0,0,3,1,0
15.77,434,7.25,99.0,14.8,0,2,1,3
15.93,478,2.02,83.9,10.7,0,1,0,2
12.9,649,11.96,89.5,13.2,1,3,0,4
12.61,59,11.0,76.3,20.2,2,2,1,3
8.43,293,8.57,96.7,23.0,0,3,0,4
2.13,224,6.16,48.9,21.4,1,1,0,0
17.98,13,8.98,71.9,21.8,0,3,1,2
10.58,326,0.99,73.8,6.8,0,2,1,1
0.47,368,11.72,103.3,10.5,1,1,1,3
15.74,297,12.01,100.4,8.9,1,3,0,4
2.07,584,1.64,61.2,17.8,1,2,1,1
4.01,81,5.29,53.1,4.5,2,3,1,0
13.18,398,1.21,48.8,17.9,1,0,0,1
16.39,9,1.86,77.3,22.9,1,2,0,1
0.6,716,10.78,93.5,22.6,2,2,1,4
3.41,161,12.24,106.9,7.9,2,1,1,4
7.84,569,4.0,80.4,21.3,0,1,1,1
9.78,550,11.46,51.2,7.4,1,1,1,1
17.1,517,11.48,65.5,4.7,0,0,1,2
12.72,536,10.2,85.9,8.1,1,2,0,4
15.17,659,12.02,71.1,19.3,2,2,1,4
7.71,127,8.46,107.6,14.8,0,0,1,3
1.77,476,7.73,96.7,16.8,2,3,1,3
6.31,92,12.17,98.6,12.3,0,0,0,3
6.35,69,7.95,71.4,14.5,0,1,1,0
0.63,683,8.67,40.3,21.7,1,2,1,1
5.05,369,1.41,80.3,16.1,0,1,0,1
6.59,364,1.65,44.7,21.8,2,1,1,1
6.63,158,6.34,77.4,12.9,0,2,1,1
8.73,352,7.96,40.1,4.4,2,1,0,0
7.13,314,12.96,97.4,16.8,0,1,1,4
1.83,74,9.63,45.7,9.5,1,1,1,0
14.26,323,5.13,107.3,11.0,0,1,0,3
2.2,197,13.8,85.2,14.6,2,1,0,3
4.26,416,0.88,40.7,20.9,1,0,0,0
3.42,614,9.37,70.8,10.7,0,1,1,1
13.06,456,6.73,73.4,13.5,0,0,0,2
1.45,698,4.77,67.6,22.7,1,1,0,1
11.18,532,6.15,95.0,6.3,1,3,0,3
0.91,115,5.76,75.1,22.9,0,1,1,0
9.9,203,4.76,47.9,5.5,0,1,0,0
3.38,299,1.51,94.8,21.2,0,1,1,1
4.1,706,1.27,103.0,21.8,2,3,1,3
2.65,330,7.22,87.7,5.6,1,1,0,1
16.18,284,3.69,106.9,19.4,0,1,1,3
16.08,55,5.27,75.1,4.3,1,1,1,3
15.95,432,7.25,65.9,18.8,0,2,0,3
16.57,73,4.24,78.3,21.2,1,1,1,1
9.97,453,8.57,65.3,20.9,0,3,1,2
5.96,193,9.29,68.1,11.1,1,1,1,0
10.69,492,6.56,47.0,19.9,0,1,1,1
6.43,393,8.07,105.3,21.7,2,1,1,4
6.33,612,7.35,49.6,21.5,0,3,1,2
13.93,697,10.8,40.4,19.0,0,0,1,3
13.87,313,3.09,83.6,13.7,1,0,1,1
13.51,97,10.75,90.2,16.9,1,2,1,4
7.66,267,12.87,49.2,12.5,0,1,0,2
17.74,514,10.45,65.3,5.1,1,1,0,2
2.93,595,10.77,73.2,11.8,1,0,1,1
1.45,102,12.01,41.9,13.1,0,1,1,0
3.46,372,8.72,98.0,13.5,0,1,0,2
9.06,565,7.6,52.5,19.8,0,0,1,1
11.25,567,11.97,76.1,10.2,1,3,1,2
1.15,612,4.96,98.0,13.4,0,0,0,2
10.92,451,9.45,58.7,21.1,0,1,1,2
6.64,475,8.1,75.0,13.5,0,2,0,2
8.57,577,1.44,106.9,16.0,2,1,1,4
16.21,619,5.36,71.6,13.4,1,3,0,2
15.55,503,1.42,67.0,10.4,2,1,1,1
3.38,16,7.42,93.4,6.3,0,2,0,1
16.02,503,7.6,82.3,11.8,1,3,1,3
15.97,164,4.18,46.0,8.8,1,2,1,0
6.84,599,6.26,62.2,18.9,1,2,0,2
4.06,608,12.05,97.4,5.0,0,1,0,3
3.71,620,2.34,101.5,22.3,0,2,0,3
15.12,95,13.38,48.7,14.1,0,1,0,2
13.35,475,7.01,99.5,8.1,2,1,1,3
6.68,467,12.64,77.5,9.6,1,2,0,2
13.85,365,6.12,81.0,22.4,0,1,1,2
9.38,55,4.4,96.2,22.0,0,1,1,2
1.61,547,9.16,51.1,21.6,2,1,1,1
14.84,633,3.43,44.6,22.6,2,3,1,2
9.15,121,2.6,87.9,15.5,1,1,1,1
16.07,317,9.34,64.5,11.5,2,3,0,2
11.95,138,1.06,103.0,7.7,0,2,0,3
3.22,180,2.23,41.4,22.8,2,0,1,0
8.28,159,1.87,45.4,6.9,1,1,0,0
2.09,562,3.09,95.8,5.2,0,2,1,1
12.52,359,12.17,39.2,22.1,1,1,0,2
12.01,551,13.51,104.2,7.9,0,0,0,4
2.45,593,1.99,73.1,21.5,1,0,1,1
5.64,125,11.4,58.1,15.2,1,2,1,1
4.05,259,3.17,73.4,12.6,2,2,0,1
3.45,538,13.1,107.8,8.9,0,0,1,4
13.13,209,13.27,85.0,22.7,2,0,1,4
14.74,426,2.25,109.8,5.7,0,1,1,3
12.14,195,8.66,76.4,13.2,1,2,1,1
2.31,501,6.3,61.5,5.0,2,0,1,0
17.88,177,7.7,39.7,6.1,0,0,1,0
15.08,65,12.69,41.0,21.3,1,2,1,2
15.39,425,9.43,91.6,17.6,1,1,0,4
0.36,396,6.24,100.4,13.7,2,3,1,3
9.0,399,13.52,66.9,21.4,1,1,1,3
16.16,252,5.4,71.6,6.6,1,1,1,0
4.01,259,4.2,46.3,17.9,0,3,0,0
12.57,118,13.06,42.7,17.5,2,0,1,2
15.78,246,1.44,54.7,17.3,0,2,0,1
5.54,601,2.46,92.8,18.6,0,3,1,3
5.6,216,3.8,75.1,4.2,1,1,0,0
13.22,242,9.08,108.0,15.3,0,3,1,4
11.09,539,1.69,64.0,20.4,0,1,0,2
3.44,462,2.1,64.1,20.9,0,1,1,0
3.43,138,12.06,80.5,12.8,2,2,1,2
1.13,229,7.01,41.0,22.2,2,2,1,1
9.84,445,2.91,75.1,15.6,1,2,1,0
13.16,395,8.68,50.1,22.7,0,2,1,2
3.07,685,4.42,75.1,19.7,1,0,1,2
12.44,531,7.36,108.5,16.5,2,1,1,4
3.32,21,6.44,46.8,4.1,0,2,1,0
16.12,225,5.73,90.2,19.1,0,1,0,3
3.09,302,7.64,38.5,22.2,0,1,1,0
3.82,53,1.95,69.7,15.1,2,1,0,0
15.39,486,6.2,84.5,7.3,0,0,1,3
12.59,461,7.25,65.9,9.6,0,2,0,3
9.36,674,4.48,58.1,6.3,2,1,0,1
17.77,114,9.91,87.9,21.2,0,1,0,3
17.47,620,5.4,38.7,4.0,2,0,0,2
7.03,448,9.25,61.4,19.7,1,2,1,1
11.95,43,5.28,82.8,5.1,0,2,1,0
7.07,43,8.02,51.6,13.7,1,3,1,0
5.79,543,1.79,55.2,13.9,0,2,1,0
4.67,504,5.14,75.1,15.0,2,1,1,1
1.79,620,3.0,102.9,12.7,0,1,1,2
15.18,491,12.39,83.0,13.8,1,0,1,4
16.56,408,4.02,96.2,16.9,1,0,0,3
4.15,184,9.8,45.6,19.2,2,2,1,1
7.8,633,13.76,105.9,22.3,1,3,1,4
1.15,374,2.12,111.8,15.6,1,2,0,3
11.39,626,7.25,70.6,17.5,0,3,0,3
10.73,565,3.83,82.0,13.7,0,0,0,3
17.36,283,12.34,98.5,21.6,2,2,1,4
16.09,609,2.1,96.5,17.3,2,3,1,3
12.18,423,2.47,64.6,21.5,2,1,1,2
7.59,325,11.23,49.4,7.2,2,2,1,1
5.7,474,13.56,86.4,7.6,0,3,0,3
0.63,355,7.97,52.3,17.4,2,1,1,0
9.0,497,7.31,61.9,18.0,1,3,0,1
17.08,535,11.18,95.2,20.5,1,1,1,4
5.06,325,6.07,108.9,20.2,0,1,1,3
14.04,326,7.44,48.2,13.5,2,1,1,1
15.62,8,9.66,109.4,14.0,0,0,1,4
0.7,525,8.81,100.7,18.7,0,2,1,4
12.83,555,11.63,86.6,11.7,0,0,0,4
14.36,181,1.3,54.2,17.9,1,1,1,1
13.78,145,2.25,69.6,16.5,0,1,1,0
1.85,50,5.75,43.0,20.0,2,2,1,1
5.19,646,13.76,89.7,15.6,2,2,1,4
16.88,590,7.5,43.4,18.1,0,2,1,2
0.55,593,11.77,73.2,5.3,2,2,0,2
17.49,221,4.44,75.1,18.7,1,0,1,1
5.96,516,9.99,88.1,15.5,0,2,1,3
13.98,259,2.24,98.4,10.8,2,3,0,3
4.99,458,10.18,79.4,8.0,0,0,1,1
9.09,366,1.93,70.5,18.6,2,2,1,2
4.79,529,0.78,75.1,17.5,0,1,0,3
8.8,319,5.21,111.2,15.8,0,2,0,4
6.21,173,8.73,92.0,13.5,1,2,1,3
12.09,712,0.76,87.7,7.8,1,1,0,2
3.92,719,8.23,77.7,4.8,1,1,1,0
14.23,216,7.25,88.7,12.3,1,0,0,3
17.22,206,7.29,49.5,4.5,2,1,0,0
5.28,304,1.65,54.1,11.1,0,0,1,0
11.64,240,3.57,47.5,6.7,2,0,1,0
12.57,316,6.16,76.0,11.0,1,0,1,0
12.52,472,11.59,79.1,6.8,0,2,0,3
7.4,195,11.38,75.3,12.8,2,1,1,1
9.51,233,0.93,78.5,15.0,1,2,0,1
10.37,720,5.29,50.3,6.6,1,1,1,0
16.02,416,7.25,75.6,8.9,0,1,0,1
10.6,80,11.89,63.9,10.1,0,2,1,2
8.54,227,9.3,96.7,18.7,0,0,1,3
15.5,605,2.21,105.6,22.6,2,1,1,4
13.21,305,11.28,59.6,11.0,0,1,1,1
8.64,216,12.47,71.8,17.6,1,1,1,1
14.31,678,5.55,93.1,20.5,2,1,0,3
17.66,305,3.45,84.7,8.3,0,1,0,2
7.25,642,6.45,47.1,19.1,0,1,0,1
0.44,538,10.03,97.7,20.2,0,1,0,3
6.05,36,10.9,51.9,5.5,0,2,0,1
11.36,216,10.01,47.3,22.9,1,3,1,2
2.25,438,4.07,40.6,5.9,2,1,1,0
7.71,625,5.53,53.0,22.6,0,1,1,0
13.41,691,6.64,81.7,5.6,2,2,0,3
3.0,639,9.72,75.1,11.2,1,3,0,1
9.29,674,8.91,72.1,14.8,2,0,1,1
13.86,327,1.89,66.0,17.2,0,3,1,1
6.03,102,8.54,76.9,4.9,2,1,1,0
4.42,402,8.79,48.5,6.0,1,1,1,0
5.21,379,2.81,60.4,21.8,2,0,0,1
9.58,277,6.06,79.3,22.7,2,1,0,2
2.81,313,4.98,56.3,16.7,2,3,0,0
8.3,607,1.88,74.4,18.9,0,2,1,1
0.57,681,7.32,110.9,19.2,2,3,0,4
12.21,632,8.69,95.8,18.3,1,2,1,4
8.05,447,2.93,95.5,21.0,2,1,0,3
16.67,519,12.72,107.4,13.5,0,1,1,4
3.62,186,6.91,91.4,13.5,2,1,0,2
7.85,181,7.59,69.8,16.2,1,2,1,1
8.64,339,11.43,76.6,10.6,0,1,1,1
10.53,132,8.25,75.1,7.5,1,1,1,2
11.49,480,7.75,86.6,18.1,1,1,1,3
6.73,7,1.3,70.6,16.6,2,1,1,0
14.45,107,10.16,94.1,21.0,2,2,0,4
12.13,474,7.81,104.9,12.1,0,2,1,4
15.66,38,12.51,73.9,12.0,2,1,1,2
7.0,540,4.66,87.3,7.0,2,0,1,1
8.77,513,7.25,58.8,9.3,0,1,1,0
9.69,228,10.85,54.0,21.2,1,2,0,2
4.57,28,7.98,43.0,6.6,2,1,1,0
0.82,467,8.71,108.3,13.5,1,3,1,4
4.27,151,10.07,72.7,11.8,0,1,1,0
8.6,437,10.65,45.8,7.3,1,2,1,1
13.08,144,4.29,99.2,15.9,0,0,1,2
4.55,374,11.45,51.2,4.6,2,0,0,1
4.82,160,7.25,99.6,6.3,1,0,0,2
3.81,652,10.66,108.9,4.9,1,3,1,3
5.72,492,11.35,62.2,14.9,2,0,0,1
2.17,548,10.03,51.2,11.0,1,2,1,1
5.73,26,9.4,38.2,13.5,2,3,1,1
11.15,519,8.35,50.4,22.6,1,1,0,2
2.56,63,10.71,81.2,5.4,1,0,0,1
12.53,219,5.07,68.9,7.9,2,2,0,1
13.83,718,7.49,73.0,16.0,2,0,0,2
2.87,556,7.38,49.0,6.7,0,0,1,0
12.34,685,4.08,97.3,11.4,1,1,1,3
12.44,72,4.44,46.9,10.6,0,2,1,0
13.21,638,12.32,107.5,11.7,0,0,0,4
5.8,24,7.92,69.0,18.7,0,3,1,1
14.33,687,2.44,81.6,17.5,0,2,1,3
13.2,457,7.25,90.1,18.8,2,1,1,3
9.18,42,2.34,111.3,11.3,1,1,1,2
16.19,450,2.54,61.8,13.5,2,1,0,2
17.27,423,9.39,70.9,14.9,0,2,1,3
8.62,77,7.46,57.2,19.5,2,0,1,1
6.52,78,3.0,45.6,13.5,1,2,1,0
8.44,568,2.47,69.0,15.4,0,0,1,0
10.21,389,6.01,98.2,20.3,0,2,1,3
13.56,696,1.42,79.8,11.4,0,1,1,2
4.16,274,11.87,63.5,11.8,2,3,1,2
7.1,154,7.25,85.9,8.8,1,2,1,1
5.36,70,8.67,86.5,14.2,1,1,1,1
9.2,116,3.28,101.5,20.9,1,1,1,2
14.88,458,7.93,100.3,5.1,0,3,0,4
11.67,153,5.58,77.5,11.6,1,1,1,0
12.11,658,13.45,42.9,21.1,2,3,0,4
5.47,594,4.25,65.7,11.3,1,3,1,0
2.35,648,12.3,93.9,12.2,0,2,1,4
2.58,469,0.97,66.6,13.5,2,1,1,0
4.21,709,6.39,105.1,12.9,0,1,1,2
11.09,444,4.42,103.4,4.9,0,1,1,3
13.2,540,7.95,59.2,21.6,2,1,1,2
13.43,151,9.31,77.3,21.5,1,1,1,2
4.64,433,9.61,75.2,8.1,2,2,1,2
13.82,504,2.8,94.5,18.0,1,1,1,3
9.66,719,1.3,91.1,5.4,1,2,1,2
12.84,177,8.83,55.0,11.5,2,1,1,0
13.49,195,3.79,77.5,15.2,0,0,0,1
0.33,371,9.43,75.3,10.3,1,2,1,1
6.24,707,11.46,86.6,10.6,0,1,0,3
7.79,70,8.93,56.0,9.9,1,0,1,0
13.86,710,0.81,53.0,10.2,0,1,1,1
4.39,293,7.28,79.8,8.1,1,2,1,1
8.01,519,7.73,111.9,20.8,1,0,1,3
0.46,544,9.98,70.9,17.0,1,2,0,2
15.41,401,10.97,73.8,11.0,1,3,1,2
14.33,498,6.7,65.3,9.2,1,2,1,2
11.07,134,12.15,51.4,11.9,0,0,1,1
4.6,646,14.0,79.8,11.1,0,1,1,2
9.42,199,6.15,75.1,7.1,2,3,0,0
6.13,226,13.68,66.4,13.5,0,2,1,1
2.39,491,8.28,59.7,14.0,0,2,1,1
2.93,92,12.67,55.4,18.2,1,2,1,1
4.19,489,2.52,40.1,15.8,2,3,1,0
12.36,128,8.61,80.4,21.8,1,2,0,3
14.69,22,4.19,107.4,18.9,0,1,0,3
17.02,240,12.5,98.4,19.9,1,3,0,4
16.55,181,10.88,78.6,19.7,2,1,0,2
0.98,109,2.12,49.3,10.8,0,0,1,0
3.43,549,11.54,104.7,9.2,0,1,1,3
10.09,628,11.61,92.9,16.9,1,1,0,4
14.4,386,2.32,88.6,7.4,2,2,0,3
14.87,13,0.63,74.6,5.2,1,0,1,0
9.8,680,12.55,102.6,8.3,0,3,1,4
5.52,492,10.78,43.7,5.6,1,3,1,0
2.77,485,6.87,93.1,12.8,0,1,1,2
10.36,382,8.48,71.1,5.4,1,1,1,0
8.77,667,11.34,63.1,21.7,1,1,1,2
12.13,166,3.88,79.0,17.5,0,1,1,1
1.22,41,7.25,109.1,20.9,1,3,1,4
2.1,697,8.32,38.9,5.6,0,1,1,0
11.89,372,5.53,57.6,21.1,2,0,0,1
3.93,422,2.99,41.9,22.5,0,3,0,0
0.39,98,7.25,92.1,16.0,2,0,1,3
1.81,361,2.53,41.8,16.7,1,1,1,0
15.33,695,12.27,79.1,10.4,1,1,1,3
14.33,161,11.81,70.5,10.4,0,1,1,1
7.2,94,5.56,49.9,10.1,1,2,1,0
3.24,221,7.29,75.1,6.6,1,2,1,2
11.3,151,11.14,60.0,8.1,2,1,0,1
9.92,230,13.42,90.4,13.6,2,3,1,4
13.52,410,5.88,110.0,6.9,0,1,0,3
17.23,715,6.42,105.4,15.3,2,1,0,4
5.51,376,6.98,47.8,15.1,1,1,1,0
16.71,308,6.85,100.3,4.9,0,2,0,3
3.74,115,11.06,52.7,13.2,2,2,1,1
6.35,448,2.66,62.9,10.6,2,2,0,1
7.53,716,6.92,41.1,13.5,0,2,1,1
0.55,485,6.95,46.3,18.1,2,3,0,1
6.75,384,5.18,75.1,10.7,1,2,1,1
9.59,241,10.89,45.8,8.4,1,3,1,1
12.57,204,8.47,94.0,15.8,2,1,1,3
5.89,661,9.66,97.8,16.4,2,2,1,4
10.98,416,12.15,45.0,20.5,1,2,0,2
1.73,501,7.25,48.3,13.4,1,2,1,1
9.78,145,12.01,93.9,21.6,0,0,1,3
15.28,212,5.97,91.7,7.8,1,1,1,1
1.58,88,3.26,87.6,7.8,2,3,0,0
17.17,630,9.8,50.8,12.1,0,1,0,2
11.71,549,3.05,52.3,9.2,1,2,0,2
14.23,325,7.98,38.3,21.5,2,1,1,2
16.67,670,2.64,77.4,14.9,0,2,1,3
4.87,514,0.97,109.6,17.4,2,1,0,3
15.02,678,4.27,83.2,21.9,1,1,0,3
6.09,362,11.21,93.7,11.9,0,2,1,3
13.24,482,10.01,52.9,21.9,0,1,1,2
10.46,566,7.19,75.1,6.3,2,1,0,1
11.36,375,1.49,61.1,11.5,1,1,1,0
3.12,681,2.15,91.3,21.5,0,3,1,2
15.81,655,9.8,88.9,14.9,1,1,0,4
17.93,277,10.01,102.6,7.2,2,1,1,4
0.78,159,10.65,67.9,12.6,0,1,0,0
14.27,526,11.84,91.5,19.2,2,3,0,4
16.71,92,9.23,104.6,20.7,0,1,1,4
15.32,524,10.36,101.1,18.6,2,1,1,4
13.77,714,6.27,71.3,5.3,1,1,1,1
1.24,86,7.17,86.1,12.1,2,2,0,1
8.68,567,7.56,90.5,21.2,1,1,1,2
3.15,624,11.09,97.3,5.2,1,1,1,2
14.82,704,4.1,89.4,13.9,1,2,1,3
15.53,316,7.49,68.3,8.8,0,3,0,1
9.81,390,12.99,88.8,12.1,1,0,1,3
13.7,307,4.19,40.6,7.6,1,1,0,0
17.02,587,2.47,111.2,7.1,0,1,1,3
9.31,25,6.33,83.3,19.6,2,1,1,2
10.88,368,2.14,48.1,20.8,0,2,1,1
17.51,357,9.05,42.1,8.3,1,2,1,1
9.92,233,13.32,73.2,13.5,1,1,1,2
4.82,411,5.77,94.9,15.0,2,2,0,3
13.19,502,6.26,95.0,20.3,1,0,0,3
15.21,158,11.39,81.6,13.5,1,0,0,2
12.15,383,1.39,111.8,19.5,2,1,0,4
3.24,699,10.11,44.9,19.7,2,1,0,2
11.89,551,10.54,101.9,15.9,0,1,0,4
3.16,530,13.33,56.1,17.6,2,3,1,2
14.55,89,3.15,101.2,14.1,0,0,1,2
11.84,714,12.33,59.4,4.8,2,2,1,3
14.91,577,2.97,51.9,15.8,1,1,1,1
8.68,110,11.9,92.6,13.1,2,3,0,4
17.15,423,3.83,75.1,9.9,0,1,1,2
2.22,692,12.94,41.5,18.2,1,3,1,1
11.48,261,8.79,76.6,7.6,0,1,1,1
10.75,667,2.33,85.5,8.2,2,2,0,3
11.94,622,12.38,108.9,21.4,2,2,1,4
14.45,519,12.16,85.7,18.7,0,2,1,4
17.41,548,13.89,58.5,17.5,0,0,1,4
17.69,718,6.48,56.5,9.4,2,3,1,2
4.78,473,6.06,40.6,18.0,2,2,1,0
14.62,224,8.96,79.7,15.5,1,1,1,1
16.54,320,0.58,59.7,10.3,2,3,1,1
12.84,104,7.41,60.1,17.9,1,2,0,1
8.97,331,11.85,70.2,22.1,0,1,1,2
17.64,131,6.11,112.0,9.5,1,0,1,3
17.78,664,1.4,103.5,18.3,1,0,0,4
12.69,204,12.54,86.4,11.8,2,1,1,3
17.27,199,6.65,85.3,13.3,1,1,0,2
10.49,677,3.81,102.2,22.0,0,1,0,3
15.07,327,3.75,82.9,6.8,0,3,1,1
6.03,11,9.5,68.9,16.2,2,3,1,1
6.29,205,7.25,75.1,18.3,0,3,1,0
2.72,71,9.14,41.3,7.7,0,1,0,0
3.56,631,8.8,47.1,4.9,1,2,0,0
6.33,546,5.0,86.6,19.0,0,0,0,2
9.83,15,0.56,99.2,8.0,0,2,1,2
7.39,624,9.33,47.6,20.9,2,2,1,2
1.56,606,7.82,99.8,18.5,0,0,1,3
3.07,433,11.12,56.1,4.2,0,2,1,1
6.08,392,3.09,42.0,18.0,2,1,1,1
0.4,669,6.53,61.9,13.6,2,1,0,1
16.2,493,2.77,72.2,19.2,2,3,1,2
14.75,218,1.42,91.7,14.9,1,3,1,2
8.38,208,13.35,106.0,6.5,0,3,1,4
3.44,685,12.87,43.6,10.9,1,3,1,2
14.21,321,9.69,84.4,15.8,1,1,1,3
1.0,250,10.26,40.7,11.1,1,1,1,0
12.09,206,13.35,82.8,16.2,2,2,1,4
4.06,270,8.8,57.6,9.5,1,1,1,0
17.24,165,1.25,111.2,6.7,2,1,1,3
8.7,557,7.25,60.8,22.0,0,2,1,1
13.46,713,8.75,84.4,19.8,2,1,0,4
6.5,462,8.43,48.0,12.3,2,2,1,1
11.21,342,3.51,106.8,22.6,2,1,0,3
15.06,531,7.54,60.1,7.9,1,3,0,2
3.01,463,10.49,104.3,18.5,0,0,0,4
0.56,682,13.98,83.8,11.6,0,3,0,3
8.61,642,13.88,61.7,19.6,2,1,1,2
5.22,249,13.83,83.0,4.2,0,2,0,3
7.1,155,2.32,102.2,18.9,2,1,1,2
12.67,300,6.21,49.7,13.5,0,2,1,1
13.51,183,2.08,40.5,9.2,2,2,0,1
5.87,631,8.57,95.8,19.0,1,1,0,3
7.23,544,0.98,82.9,20.9,1,1,1,2
5.69,570,11.88,100.7,8.2,0,2,1,4
9.49,247,4.6,89.5,22.0,0,1,0,2
5.78,300,12.76,75.6,20.8,2,1,0,3
10.76,190,1.74,78.8,16.2,1,3,1,1
11.49,630,9.46,104.3,22.4,1,1,1,4
2.39,232,3.53,61.6,20.6,1,1,0,0
7.59,672,7.13,109.8,8.9,0,1,1,3
14.34,534,2.57,86.8,10.1,2,0,0,3
1.03,50,4.69,49.3,8.6,0,0,1,0
11.05,528,10.98,49.8,12.9,1,3,1,2
16.9,436,11.86,72.5,19.8,1,1,1,3
9.69,675,3.66,42.4,17.3,0,0,1,2
15.74,322,7.78,53.2,4.2,2,3,1,1
17.98,407,10.03,56.3,21.0,0,1,1,2
6.83,484,5.76,98.4,4.3,2,1,1,2
10.47,543,5.53,53.6,5.8,0,1,1,1
1.76,45,1.62,110.3,6.7,0,1,0,2
14.68,207,5.4,63.1,20.0,1,0,0,1
5.11,313,9.06,108.5,6.7,0,1,1,3
13.3,686,8.42,50.6,17.6,0,1,0,3
2.62,379,6.31,90.0,6.4,0,0,0,0
17.52,651,0.67,38.6,8.9,2,2,0,3
17.09,380,12.03,56.6,8.0,0,3,1,2
11.11,487,10.06,55.8,6.2,1,2,1,1
1.27,95,6.36,51.7,17.4,2,2,1,1
16.64,707,7.25,65.9,14.4,1,1,1,2
9.27,34,1.58,110.7,15.3,2,0,1,3
2.94,228,0.6,60.7,18.9,2,0,1,0
5.16,678,3.52,97.7,6.9,2,2,0,2
2.85,498,9.11,77.9,7.6,1,2,0,1
1.25,524,9.28,39.0,7.8,0,1,0,1
15.33,159,0.65,108.5,14.2,1,2,1,3
8.31,79,1.22,66.1,7.4,0,1,1,0
8.93,218,4.52,109.3,14.7,1,0,1,3
17.55,358,1.4,101.5,20.6,2,2,0,4
11.39,698,9.33,82.2,10.4,0,3,0,3
6.1,97,4.33,72.4,15.6,0,1,1,0
14.11,478,8.36,47.4,15.2,1,3,1,2
10.05,535,6.36,105.5,16.7,1,1,0,4
4.71,669,11.1,102.5,19.1,2,1,1,4
11.85,369,11.01,94.3,4.4,0,1,1,3
9.73,436,12.64,94.4,19.9,1,2,1,4
9.71,597,11.34,61.7,19.0,0,1,1,2
11.92,212,10.8,84.6,13.5,0,0,1,3
16.61,576,6.23,72.1,6.1,0,2,0,2
16.16,504,12.43,71.1,5.3,1,3,1,3
12.77,319,10.56,65.6,8.8,0,0,0,2
3.29,289,4.51,83.6,11.5,1,1,1,1
0.91,40,12.85,88.1,13.5,1,1,0,2
1.56,198,7.72,75.1,15.1,2,0,1,2
10.87,539,7.57,109.7,20.2,1,1,1,4
4.23,153,1.37,93.3,16.8,1,1,1,1
3.2,369,10.19,53.6,6.2,2,3,1,1
17.06,656,4.74,66.0,16.2,0,1,0,2
1.94,587,9.9,100.2,5.6,1,0,1,3
5.23,256,3.19,108.1,16.9,2,1,1,3
18.0,290,4.67,65.0,13.0,2,1,1,1
14.48,338,8.03,65.6,11.8,2,1,1,2
16.62,256,9.68,102.1,16.7,0,1,1,4
5.51,120,5.71,68.6,4.3,1,1,1,0
6.34,332,11.38,96.9,4.8,0,1,0,2
10.46,55,3.46,58.6,19.6,2,3,1,0
16.0,188,8.58,108.1,15.5,1,2,0,4
7.07,19,7.27,71.5,20.8,2,0,0,1
2.86,520,9.91,41.1,18.1,2,1,1,1
17.82,408,8.17,72.7,12.5,2,1,1,1
17.14,637,11.42,59.3,21.0,2,3,0,4
1.35,95,4.17,105.5,10.6,0,0,0,2
4.55,76,12.7,92.0,13.5,0,2,1,2
0.83,554,7.25,38.6,12.7,2,3,0,0
9.47,132,7.75,75.6,8.0,0,1,1,0
13.06,554,0.55,96.3,5.7,0,1,1,3
12.38,301,9.16,78.1,13.0,0,2,1,2
14.38,522,6.89,96.0,18.9,2,1,1,3
6.77,64,1.73,72.6,18.8,2,1,1,0
3.2,274,5.55,89.9,13.5,2,1,1,2
16.67,687,2.75,108.8,6.1,0,3,0,4
15.39,230,7.88,97.8,19.7,1,1,1,3
2.69,303,12.47,75.1,16.0,0,3,1,0
12.92,433,9.16,101.7,13.0,2,1,1,4
2.18,610,5.4,38.2,21.1,0,1,1,1
14.32,241,4.59,92.2,18.2,0,2,0,3
13.45,574,3.03,68.9,5.7,0,0,1,1
1.5,85,5.46,106.7,7.3,2,1,1,1
6.98,252,9.69,73.6,11.6,1,1,1,0
8.02,626,7.01,95.8,6.6,0,0,1,2
9.34,43,11.82,46.3,21.4,0,2,1,1
13.98,618,13.47,96.7,17.3,2,1,1,4
7.9,572,7.25,48.3,20.4,0,3,0,1
11.65,71,4.81,108.7,21.5,0,3,0,3
11.03,79,4.33,85.4,11.5,2,0,0,1
6.35,8,2.03,69.1,9.1,1,2,1,0
6.74,7,9.12,62.2,4.6,0,1,0,0
2.67,122,9.99,62.3,20.0,0,3,0,1
1.6,581,8.78,91.0,15.1,1,2,1,3
6.19,611,2.75,94.2,16.7,2,2,0,2
3.08,398,12.88,75.9,15.7,0,1,1,2
3.44,437,7.25,100.8,21.0,1,1,1,3
0.92,378,5.17,103.2,8.7,0,1,0,2
13.11,633,12.92,99.4,15.4,2,2,0,4
11.35,106,9.46,69.6,22.6,2,3,0,2
4.88,589,2.0,68.7,13.5,0,1,1,0
17.18,416,3.97,105.4,16.0,1,1,1,3
15.48,320,7.25,98.6,16.4,2,1,1,3
10.57,53,2.7,101.0,13.5,0,0,0,2
10.46,227,11.62,63.7,16.7,0,1,0,1
10.18,218,4.84,75.1,19.4,2,0,1,0
3.34,83,9.43,90.9,15.7,0,2,1,2
4.57,535,10.94,81.2,9.9,0,3,1,2
2.01,653,8.47,42.1,6.9,1,1,0,0
4.73,18,3.58,95.9,4.2,0,0,0,1
15.74,433,13.69,99.9,22.8,0,2,1,4
4.75,575,12.45,44.8,22.4,1,2,0,3
15.52,40,7.03,64.9,4.7,0,0,0,0
13.48,259,6.55,99.8,14.7,1,2,1,3
16.16,299,11.09,40.0,19.9,0,1,1,2
1.03,377,13.54,106.0,4.7,1,0,1,4
4.14,114,8.93,43.1,22.5,1,0,1,0
13.99,18,4.27,61.5,15.9,1,3,1,0
14.48,112,12.03,111.5,17.9,2,0,0,4
2.72,703,3.58,102.5,22.1,0,0,0,3
13.77,627,12.87,56.6,20.1,0,2,1,3
9.46,502,5.98,61.1,4.4,2,2,1,1
11.3,656,13.21,70.3,11.4,2,2,0,3
10.8,439,5.23,74.9,14.5,0,1,1,1
5.21,232,1.84,57.9,20.6,1,0,1,0
14.65,247,10.74,75.1,12.3,0,2,1,1
9.79,151,9.74,100.5,4.4,0,3,1,3
11.37,125,2.36,40.8,10.3,2,3,1,1
3.45,625,7.25,49.2,8.8,0,2,1,1
3.23,114,0.53,90.1,22.9,0,2,1,1
11.18,479,4.33,102.5,17.3,0,3,0,4
5.66,363,12.08,44.4,7.8,0,2,0,1
9.64,702,5.78,88.0,10.1,0,1,0,2
10.96,443,7.25,44.7,11.4,1,2,0,2
9.3,584,11.44,79.3,11.3,0,2,1,3
15.91,626,13.75,91.2,16.7,0,2,0,4
3.75,683,13.04,53.5,4.7,2,0,1,2
6.02,629,8.04,57.6,7.9,2,2,1,1
7.57,66,11.04,57.1,15.0,2,1,1,1
7.17,93,12.99,45.5,11.9,0,3,0,1
11.53,412,12.08,104.5,11.3,1,3,0,4
15.23,390,2.52,82.3,18.7,1,1,1,2
2.53,230,7.92,53.0,10.7,2,1,1,0
14.9,418,9.56,79.6,19.8,0,1,1,3
1.72,223,2.14,95.1,5.2,2,0,1,1
12.31,479,2.52,71.4,17.2,0,3,1,1
0.31,216,7.25,60.6,17.7,0,0,1,0
12.68,297,4.57,110.3,10.5,0,3,1,3
12.42,145,13.47,57.0,10.2,2,0,0,2
12.04,314,10.57,102.1,7.3,0,2,1,4
6.63,16,1.38,96.9,22.4,0,2,1,2
14.32,375,10.31,90.6,18.4,0,1,0,4
3.79,107,7.72,72.2,13.5,1,1,0,1
2.62,235,11.58,97.8,6.5,0,2,1,3
8.03,485,1.11,104.8,18.4,1,1,1,2
4.87,693,3.18,103.3,6.3,2,2,1,3
0.49,273,3.33,55.4,21.1,1,1,0,0
3.63,529,11.77,92.9,18.5,1,0,1,4
10.07,339,11.6,86.0,10.3,1,1,0,3
9.82,541,9.21,64.3,20.6,2,2,1,2
17.17,278,11.87,50.5,20.9,1,1,0,2
15.28,333,10.39,109.9,19.9,2,0,0,4
15.06,153,3.13,43.1,11.8,0,2,0,0
0.75,713,9.47,50.9,20.6,0,2,0,2
15.73,311,7.11,59.0,22.6,2,1,1,2
2.56,483,0.89,54.6,4.4,0,0,1,0
2.94,285,12.8,80.6,13.1,2,1,1,2
16.2,128,7.8,52.8,15.2,1,2,0,2
11.22,31,7.58,52.2,15.4,2,2,1,0
8.19,538,9.08,110.9,14.3,0,2,0,4
17.16,438,11.95,62.0,18.2,0,0,1,3
12.9,479,5.7,90.9,7.4,0,2,1,2
15.2,714,7.25,71.4,19.0,1,0,1,2
12.79,426,1.53,71.2,19.3,2,1,1,2
11.04,245,8.21,73.4,13.5,1,1,1,1
17.11,51,9.67,108.8,15.7,0,1,1,4
5.43,713,10.05,59.3,9.3,2,0,0,1
0.61,574,4.22,74.9,11.2,0,1,1,0
7.95,217,4.73,109.9,9.0,1,0,1,2
13.37,318,2.46,94.2,15.9,0,1,1,2
12.49,306,8.37,111.7,19.5,2,1,1,4
15.09,257,4.97,75.1,22.9,2,2,1,2
16.15,454,2.32,87.7,21.9,0,0,1,3
6.67,6,5.51,94.4,14.5,0,3,0,1
14.4,235,9.29,48.6,17.3,0,3,0,2
9.31,16,13.89,42.5,5.5,0,2,1,1
2.14,113,9.82,72.8,9.6,0,0,0,0
17.77,544,7.8,78.4,19.5,0,1,1,3
7.71,185,13.93,102.7,9.9,1,1,1,4
10.67,92,13.59,83.9,13.2,2,2,1,3
1.68,595,8.33,71.4,18.8,0,2,1,2
5.6,305,8.76,76.6,5.3,1,1,1,0
0.77,315,7.03,75.1,15.5,1,0,1,0
17.23,531,1.15,54.8,16.6,2,1,0,2
5.6,144,0.67,82.3,15.3,1,0,1,0
8.08,393,4.23,87.4,11.0,0,1,0,2
1.93,156,9.02,79.1,5.2,1,0,1,0
15.7,268,7.8,44.0,18.1,0,2,0,2
8.73,175,6.3,53.2,17.1,0,1,1,0
17.62,284,1.28,75.3,10.6,0,1,0,1
12.63,516,13.78,69.2,8.6,2,0,0,3
1.13,520,2.32,52.6,4.5,1,2,0,0
14.08,298,11.78,111.5,10.1,0,0,0,4
16.74,295,13.55,78.6,16.2,1,1,0,3
10.65,297,7.48,108.9,19.6,0,2,1,4
10.31,71,3.42,77.3,13.5,0,3,1,0
4.36,151,2.05,64.3,6.0,0,0,1,0
11.83,180,7.25,82.7,7.3,0,3,0,3
0.67,577,11.83,48.2,9.3,1,1,0,1
5.58,690,12.08,63.8,13.8,0,2,1,1
12.38,242,4.5,54.0,17.6,0,0,0,0
15.83,217,12.46,79.1,9.8,2,1,0,2
10.47,292,7.53,42.0,12.7,2,1,0,1
9.61,67,13.14,43.2,15.0,1,2,0,1
7.77,720,5.97,52.7,5.6,2,0,1,1
7.69,648,7.97,102.1,20.2,0,3,1,3
14.24,450,8.36,41.8,9.6,0,0,1,2
7.17,299,12.1,68.4,13.9,2,1,0,2
3.98,183,1.37,75.1,4.9,0,0,1,0
0.61,714,1.32,98.2,19.4,0,0,1,2
6.55,605,12.76,68.0,7.2,2,2,0,2
7.59,647,12.66,71.4,15.5,2,2,1,3
13.33,360,2.3,88.5,13.9,0,2,0,2
1.08,272,1.25,71.3,13.9,0,3,1,0
3.52,54,3.49,54.1,10.7,2,3,1,0
11.83,561,5.47,88.3,6.2,1,2,0,3
2.21,129,6.23,99.9,22.1,2,3,1,3
17.89,529,11.31,106.7,18.1,2,1,1,4
7.41,690,0.83,49.7,13.5,1,3,1,0
10.15,544,7.65,41.1,15.1,0,1,1,1
7.82,268,1.81,64.0,14.3,1,3,1,0
4.85,651,5.34,55.2,20.4,2,1,1,1
2.82,719,7.1,81.0,5.1,2,0,1,2
9.15,143,6.64,88.4,10.8,1,1,0,1
14.52,87,12.06,92.9,20.8,1,1,1,4
10.22,666,8.26,100.8,4.6,2,0,1,4
9.3,613,8.87,52.2,19.9,0,1,1,2
12.66,499,7.25,45.5,13.2,2,2,1,2
14.32,262,5.4,75.1,18.2,0,2,1,1
16.13,470,10.49,91.7,8.6,0,0,0,4
7.69,178,5.75,103.4,22.6,1,2,0,3
14.96,328,6.92,69.1,18.6,1,2,1,2
1.24,642,0.51,99.5,7.2,1,0,1,1
16.31,238,7.85,87.5,17.4,0,3,0,3
17.77,496,4.55,110.1,14.6,1,1,1,4
3.5,67,7.49,78.0,8.1,0,2,1,0
14.82,113,5.79,75.1,5.9,1,3,0,2
14.03,119,8.55,80.4,20.2,0,2,1,2
2.81,66,11.91,108.3,16.9,1,2,1,4
3.48,559,7.71,84.7,5.0,0,1,1,1
1.5,444,4.93,58.3,14.9,1,3,1,0
16.02,634,2.55,73.4,19.5,2,3,1,3
17.59,198,7.19,110.4,5.4,0,1,1,3
16.54,156,3.06,54.0,21.2,0,1,0,2
4.53,178,4.14,78.9,7.4,1,2,0,0
9.62,698,5.51,86.4,4.9,0,0,1,1
17.56,240,10.23,59.9,14.0,0,2,1,2
12.78,337,13.66,55.7,11.3,2,1,1,1
16.08,475,11.86,61.0,10.8,2,2,1,3
9.5,197,10.84,67.1,22.6,2,3,1,2
3.8,646,2.89,49.8,8.9,1,2,0,0
15.2,53,13.64,85.4,19.0,2,3,1,4
0.48,246,4.92,94.6,8.0,0,3,0,1
16.17,587,5.25,43.3,11.2,1,3,0,2
2.25,115,1.71,55.7,10.0,0,0,1,0
13.93,35,7.72,77.0,6.6,1,0,1,0
7.91,713,11.89,83.1,7.0,0,0,1,3
9.68,396,13.29,64.3,19.2,2,3,1,2
16.5,637,1.59,59.8,10.7,1,3,1,1
8.43,615,3.68,79.7,9.7,2,1,1,1
15.37,444,8.37,101.0,4.2,1,0,1,4
8.77,537,8.16,48.0,15.5,2,1,1,2
13.69,316,3.28,46.7,10.1,0,1,1,0
8.3,493,1.87,98.3,16.0,1,2,0,3
7.02,214,13.66,74.7,7.7,0,1,0,1
14.69,10,4.0,67.4,13.5,2,2,0,1
12.82,359,1.49,107.3,13.8,0,0,1,3
3.53,513,0.7,72.2,13.6,0,2,1,1
14.76,319,8.83,42.3,7.8,0,0,0,1
13.43,398,6.4,52.4,10.4,1,1,1,1
12.4,261,5.74,91.7,13.1,1,1,1,2
1.1,371,4.71,53.4,12.3,0,1,1,0
4.45,347,7.15,92.1,17.3,2,1,1,3
8.11,336,2.24,51.7,7.3,0,3,1,0
4.04,156,9.73,56.8,14.5,0,3,1,0
11.3,440,10.73,52.9,8.9,1,3,0,2
17.83,79,6.75,47.9,9.5,0,1,1,0
6.43,356,7.25,94.3,19.5,1,0,1,3
4.01,100,7.25,65.1,9.3,1,0,0,0
4.84,32,0.92,60.4,14.3,2,1,0,0
8.29,590,13.51,39.3,11.7,2,1,1,2
9.02,282,12.87,48.3,10.4,0,2,0,1
12.2,45,9.3,75.1,6.9,0,0,1,1
15.97,449,2.71,107.2,11.4,1,2,1,4
14.28,432,12.77,69.2,21.5,0,1,1,3
7.39,559,0.68,77.9,9.1,0,1,0,1
4.35,311,12.9,39.2,4.8,0,1,0,1
10.16,14,7.4,39.6,6.7,0,0,0,0
10.39,659,5.68,111.6,13.3,1,0,1,4
7.46,498,9.25,47.4,4.5,0,1,1,0
17.35,456,2.46,103.0,19.1,1,1,1,3
14.03,419,13.78,44.7,14.9,0,3,0,2
12.67,259,7.49,40.4,12.6,1,3,0,1
6.22,686,2.56,111.8,8.3,1,1,1,3
11.51,287,5.26,108.0,21.9,1,3,0,4
16.21,709,3.74,106.0,20.0,0,3,0,4
0.79,356,13.91,58.6,11.0,0,1,0,1
10.93,477,7.92,69.7,16.6,0,2,1,2
7.73,383,13.64,43.8,10.7,0,2,0,2
2.43,658,8.05,75.1,20.8,0,2,1,1
5.29,166,9.25,39.4,13.1,2,1,0,1
6.63,312,3.18,111.9,9.8,2,0,1,3
6.22,9,7.37,94.3,20.2,1,1,1,1
9.79,329,5.25,97.3,17.2,2,1,1,2
5.73,252,12.15,62.5,10.8,0,1,1,1
12.91,185,2.91,52.1,8.6,2,0,0,0
10.19,590,11.72,73.4,7.9,2,1,1,2
0.58,323,1.64,77.8,8.7,0,1,1,0
16.5,58,8.56,81.8,11.5,0,2,0,3
0.84,681,11.95,95.5,9.1,2,1,1,4
7.66,616,6.95,93.1,6.4,2,2,1,2
16.84,165,2.6,47.5,14.3,0,0,1,1
12.14,545,8.39,38.2,15.5,1,0,1,2
10.41,197,8.74,100.1,10.3,1,3,1,3
12.96,682,9.02,61.8,6.6,2,0,0,2
6.99,189,5.15,50.2,14.5,1,1,1,0
12.61,60,13.74,45.5,17.3,0,1,1,1
17.26,570,10.59,99.4,4.1,1,1,1,4
15.6,560,0.73,81.0,13.5,0,0,1,2
16.8,550,13.99,54.3,5.9,1,2,0,3
16.49,694,12.82,53.0,20.1,2,0,1,3
9.56,347,3.24,75.1,4.5,2,2,1,1
1.31,660,4.68,91.2,12.7,0,2,0,1
15.4,275,8.0,48.9,20.7,0,3,1,2
0.31,550,3.12,89.9,4.5,1,1,1,0
11.65,13,13.9,43.1,11.1,2,1,0,2
11.27,75,1.59,59.6,8.0,0,1,0,0
1.54,392,11.76,87.3,13.5,1,0,1,3
8.19,125,7.25,75.1,20.2,0,1,1,1
7.34,359,8.96,49.7,21.4,0,3,1,2
9.89,558,7.5,59.5,14.1,0,1,1,1
10.18,563,12.32,58.4,8.6,2,0,1,2
11.47,379,9.97,41.9,8.6,1,1,0,1
9.73,462,6.12,62.8,5.0,2,1,0,0
15.86,233,7.42,91.4,20.9,2,3,1,3
9.16,241,9.63,78.5,9.7,2,1,1,1
5.15,656,13.59,68.3,13.2,0,0,1,1
15.85,160,9.92,97.2,12.1,0,1,1,4
17.88,535,11.72,61.6,5.3,0,3,1,2
15.69,641,5.73,85.2,13.4,2,1,1,2
5.18,592,13.7,89.2,7.4,0,3,0,3
17.94,243,10.92,59.0,15.3,0,2,1,2
1.66,37,10.1,76.2,21.0,2,2,0,2
4.61,175,3.94,83.2,8.7,2,2,1,1
7.27,488,9.84,53.2,20.8,0,0,1,2
2.13,154,7.88,67.2,18.9,1,2,1,0
7.04,554,8.41,94.9,6.0,0,0,1,3
2.74,681,9.68,72.9,21.0,1,2,0,2
6.63,91,2.46,46.6,10.8,2,0,1,0
7.86,244,10.26,107.7,9.9,0,0,0,4
10.81,532,6.84,75.1,20.6,0,2,1,3
1.95,23,7.72,98.3,22.7,0,2,1,2
3.83,565,6.11,99.0,16.8,0,1,0,2
6.04,467,1.93,84.3,11.1,0,1,0,1
11.28,372,9.43,96.4,20.4,2,2,0,4
15.19,134,12.45,39.0,13.5,2,2,1,2
14.47,426,4.46,107.8,5.6,0,1,1,3
14.68,167,6.81,86.8,4.9,2,1,1,1
4.4,701,13.65,62.8,10.0,1,3,1,2
13.12,638,4.74,65.9,5.6,0,0,0,1
16.82,542,7.25,88.0,19.8,0,1,1,4
5.57,559,2.16,81.6,15.6,1,1,1,2
13.82,620,2.04,110.1,22.9,1,3,0,4
5.37,73,5.22,83.8,9.5,1,3,0,0
0.4,308,6.42,70.4,6.9,1,3,1,0
15.24,16,6.39,109.7,11.4,0,2,1,3
7.95,358,8.7,107.2,22.2,1,2,1,4
8.17,711,8.99,64.0,7.3,0,3,1,1
9.96,558,10.03,64.9,8.1,1,0,0,1
17.21,115,11.51,97.1,7.6,2,1,0,4
12.3,313,11.98,75.1,6.1,1,3,1,1
16.86,26,9.0,110.3,17.9,0,3,1,4
15.02,424,11.39,92.7,14.8,2,2,1,4
14.38,158,7.94,55.2,20.0,0,1,1,1
15.8,697,10.21,75.2,21.8,1,1,0,3
5.18,582,4.92,43.3,10.0,1,0,0,0
11.24,369,11.4,63.8,18.0,0,0,1,1
15.79,243,4.37,93.1,9.3,2,2,1,2
17.99,139,3.44,64.3,22.3,0,0,0,0
10.89,671,4.55,79.9,9.0,2,1,0,3
6.4,93,2.74,58.3,11.1,0,3,1,0
12.94,12,13.45,94.3,9.8,0,2,0,4
0.59,203,11.82,41.3,12.9,2,0,1,1
14.66,651,9.05,83.1,7.5,0,2,1,3
9.25,261,10.42,68.9,15.9,0,1,0,2
0.68,271,8.86,108.1,7.8,1,1,0,3
11.55,310,10.71,97.3,19.8,0,1,1,4
15.01,169,4.58,47.3,19.0,0,2,0,1
7.87,22,6.35,67.5,11.8,2,1,1,0
5.48,504,7.25,96.1,22.8,0,0,0,3
12.76,644,11.71,110.3,18.3,2,3,0,4
4.47,327,11.02,46.8,13.5,1,1,0,0
13.36,149,10.8,63.9,4.5,0,2,0,1
13.12,154,11.49,46.8,15.5,0,1,1,1
8.84,400,4.71,58.9,20.7,1,1,1,1
9.02,129,7.41,48.5,7.0,2,3,0,0
10.47,357,9.93,38.4,5.6,2,3,1,1
5.19,270,4.43,69.3,6.7,0,0,1,0
14.28,440,5.03,40.1,5.6,2,0,0,1
4.05,553,9.89,43.4,8.4,0,1,0,0
16.93,307,7.25,70.5,21.3,0,3,1,1
8.8,409,1.28,65.9,14.5,2,3,0,1
3.82,472,4.0,107.9,8.9,0,1,1,2
13.74,226,0.66,39.7,6.0,1,3,0,0
10.49,475,5.35,88.4,15.4,2,2,1,3
6.09,245,9.45,64.8,16.8,0,1,0,1
3.0,73,8.68,108.8,7.6,1,2,1,3
4.38,586,5.79,54.4,11.9,1,2,1,0
8.95,689,5.58,53.3,19.0,2,2,1,1
5.62,153,3.64,73.1,9.2,1,3,0,0
16.0,76,1.08,102.1,7.7,0,3,1,2
8.58,31,6.27,86.4,22.6,0,1,1,1
9.86,99,7.25,96.5,13.4,1,1,1,2
12.3,366,12.86,79.0,20.7,0,1,1,3
3.11,394,7.25,76.4,18.8,2,1,1,2
14.69,687,3.41,96.2,12.7,1,2,1,4
15.91,504,7.71,85.5,5.8,1,0,0,3
7.23,105,12.58,110.3,13.5,0,2,1,4
12.09,230,10.0,79.0,11.7,1,2,0,2
10.23,584,7.51,61.1,14.9,1,2,1,2
6.91,420,4.53,65.5,11.5,1,0,1,0
2.01,565,7.35,111.5,20.1,0,2,1,3
17.22,466,3.02,44.8,14.0,0,0,1,2
6.15,113,11.95,56.7,15.2,0,1,1,1
10.46,216,6.05,77.8,13.5,0,2,1,1
15.31,266,4.93,91.6,20.1,1,0,0,2
0.64,621,6.31,40.6,10.6,1,1,1,0
13.35,497,12.69,52.9,5.3,1,0,0,2
7.54,78,10.55,68.3,13.2,2,0,1,1
10.86,75,7.07,48.2,9.5,2,0,0,0
17.83,566,3.68,71.7,17.3,2,0,0,2
8.1,515,2.25,43.4,13.5,1,0,1,0
8.07,189,8.64,88.7,17.5,2,0,0,3
2.47,489,4.24,79.9,20.9,1,1,0,1
4.06,73,0.91,111.1,21.0,0,2,1,3
2.19,707,6.41,55.3,20.4,1,2,0,2
17.59,148,7.25,49.6,20.7,0,2,1,3
14.38,454,10.94,61.3,9.8,1,1,0,2
13.06,370,9.54,65.9,16.1,0,1,1,1
1.21,340,6.76,76.9,11.4,1,2,0,1
4.74,311,10.78,50.7,11.7,2,2,1,2
13.75,329,3.46,52.5,20.1,0,3,1,2
4.0,346,9.87,56.6,4.7,0,1,1,0
8.38,62,6.15,102.3,20.8,1,2,1,3
17.11,339,8.0,83.7,15.5,0,2,0,3
11.58,518,4.44,57.3,14.7,1,0,1,1
15.24,67,7.87,106.1,17.6,0,2,1,3
0.84,195,4.28,41.0,20.0,0,1,0,0
7.04,683,6.37,90.4,13.5,0,3,0,2
2.75,134,12.98,68.2,19.5,2,3,0,2
10.6,77,6.08,70.0,14.9,0,0,1,0
0.83,427,4.59,87.1,22.1,0,1,0,1
10.05,137,7.94,67.2,17.1,2,2,1,1
13.24,403,7.11,83.5,18.5,1,0,1,2
15.18,374,0.56,74.6,6.3,0,1,1,1
16.31,52,12.74,60.1,8.2,0,0,1,2
8.08,383,7.8,72.4,14.0,1,1,1,0
17.42,194,5.3,38.5,6.2,0,3,1,0
15.29,392,9.03,47.8,8.5,0,2,1,1
3.09,576,8.57,108.9,19.9,0,3,0,4
2.53,670,2.89,75.0,11.0,1,1,1,0
15.04,359,3.97,89.3,18.1,1,3,1,3
11.37,607,3.79,99.3,17.1,1,0,1,3
11.47,111,8.03,90.9,19.6,2,0,0,3
9.6,168,9.87,41.5,15.2,0,0,1,0
10.92,396,5.38,57.0,20.0,0,2,1,1
11.18,369,7.26,50.3,12.8,1,0,1,0
7.77,47,13.73,71.7,11.7,0,1,1,1
13.67,45,2.79,88.9,4.3,2,1,1,2
1.5,325,1.15,62.9,10.5,1,1,0,0
8.34,340,5.78,83.6,17.1,2,0,1,2
2.55,223,12.02,90.0,17.4,1,2,1,3
17.71,393,13.54,54.4,8.6,1,1,1,2
7.94,485,7.42,99.5,13.6,1,1,1,2
12.1,113,4.88,51.1,10.1,1,1,1,0
10.62,558,7.25,58.0,20.0,0,3,0,2
8.86,68,7.62,69.0,10.3,0,1,1,0
13.65,505,0.88,70.2,11.7,1,1,1,1
15.87,211,7.68,82.9,9.7,0,0,1,2
6.15,705,11.64,100.6,15.3,2,3,1,4
8.89,321,11.66,75.1,15.6,0,0,1,4
11.59,167,8.95,59.2,6.6,1,1,1,1
0.91,32,3.6,80.6,9.0,2,0,1,0
13.71,525,5.64,59.2,5.1,0,1,1,0
17.42,362,8.0,80.4,8.4,2,2,1,2
1.95,611,1.58,48.7,13.0,0,0,1,0
9.39,601,12.92,78.4,19.5,0,1,0,3
2.33,593,4.03,41.3,13.5,0,2,0,1
14.0,480,13.31,47.1,20.5,2,3,1,3
3.86,529,6.16,101.8,14.2,2,1,0,3
16.33,32,2.79,50.1,9.4,1,1,1,0
10.17,318,3.63,54.7,7.4,0,0,1,0
7.39,675,11.4,97.7,16.5,0,1,0,4
3.05,49,6.29,51.3,16.1,2,3,0,0
7.41,414,8.79,72.1,10.8,0,1,1,1
5.73,676,13.26,46.3,14.3,0,3,1,2
8.88,67,6.05,56.2,9.5,1,1,1,0
11.72,554,10.28,98.5,15.9,0,1,1,4
7.58,202,3.03,86.5,7.8,0,0,1,0
0.65,340,6.93,42.2,14.1,2,1,0,0
16.74,258,10.43,106.2,16.1,2,1,1,4
11.73,222,12.75,102.9,22.4,1,2,0,4
6.24,464,10.0,67.9,10.9,1,2,1,1
4.66,415,3.8,55.5,16.2,1,0,1,0
11.53,201,11.92,102.3,6.0,1,3,1,3
11.42,637,8.33,57.0,11.1,0,0,0,2
1.14,305,8.51,84.0,13.6,0,1,1,1
5.63,344,5.56,84.1,17.5,2,2,1,2
15.04,720,2.86,69.6,13.8,2,0,1,2
16.65,196,2.15,43.7,12.3,0,2,1,1
9.57,537,1.53,41.2,18.6,2,3,1,1
10.73,413,9.54,57.5,22.6,1,0,0,2
17.35,301,12.08,103.6,7.7,1,2,1,4
11.17,607,5.86,42.1,11.0,1,1,1,1
1.32,194,6.16,75.3,17.2,2,1,1,1
8.17,239,2.11,55.1,13.1,2,0,1,1
9.36,51,2.59,83.4,19.6,0,1,1,0
3.06,9,1.15,75.1,12.0,1,2,1,1
7.5,668,12.69,95.1,21.0,0,3,1,4
12.05,313,12.09,59.2,10.8,1,1,1,1
5.16,33,13.64,49.9,10.6,2,1,1,1
4.31,500,3.04,49.1,13.5,0,1,1,0
8.83,531,2.87,46.3,7.4,2,3,0,1
9.14,211,8.48,45.7,4.4,0,3,0,0
16.78,112,7.25,85.3,6.7,0,3,0,1
8.95,235,5.59,44.1,21.8,2,0,1,1
16.09,153,3.67,50.5,20.0,1,2,0,1
0.51,503,9.8,90.9,15.6,1,2,1,3
9.5,188,6.06,73.2,15.3,1,2,0,1
5.43,604,12.2,75.1,18.5,0,0,0,2
10.53,670,2.13,66.6,13.6,1,2,1,2
12.98,47,8.94,109.1,11.5,0,1,1,3
2.14,128,10.04,105.1,4.8,0,1,0,3
3.04,166,11.93,70.1,17.1,0,1,1,1
6.82,411,2.0,100.7,15.1,2,2,1,3
13.83,468,3.88,72.0,4.6,2,2,1,2
15.86,515,13.72,44.0,21.5,0,1,1,3
9.7,590,7.28,69.7,5.0,0,3,0,0
16.51,238,7.53,106.3,6.8,0,3,1,3
3.16,568,7.44,45.7,22.1,1,1,1,1
8.1,690,3.28,75.1,14.2,0,1,1,2
6.89,444,11.91,50.0,4.5,2,3,1,1
5.07,682,10.26,66.4,5.1,1,1,1,1
13.55,381,12.26,104.4,12.1,0,2,1,4
7.77,333,10.54,80.6,5.3,1,0,0,1
14.32,628,4.05,72.5,13.6,0,1,0,2
5.99,387,13.69,45.0,18.2,2,1,0,2
6.92,144,4.39,42.2,8.9,2,2,1,0
3.84,713,8.92,103.9,5.5,0,1,0,3
3.23,420,13.05,102.5,19.7,1,3,0,4
12.65,11,11.58,83.7,22.0,2,1,0,3
17.77,595,8.42,94.3,15.2,1,2,0,4
10.37,414,3.89,64.4,11.2,0,0,1,0
0.62,54,11.12,84.8,9.8,1,3,1,2
12.21,312,7.25,84.6,21.9,0,0,1,2
10.23,471,8.68,50.7,22.1,0,2,1,3
6.43,115,11.9,61.7,11.3,2,3,1,1
16.35,216,8.88,62.3,13.1,1,1,1,1
5.46,674,11.18,102.7,17.0,1,1,1,4
13.92,455,2.79,90.8,21.7,1,1,1,3
4.62,555,4.88,51.5,11.6,2,1,1,0
5.81,126,8.93,82.0,8.7,1,1,0,2
12.25,372,3.17,89.7,20.3,1,1,1,2
4.29,357,6.07,43.1,7.6,1,2,1,0
8.63,197,13.37,95.9,16.3,0,1,1,4
9.4,335,9.18,98.9,21.4,1,1,1,4
4.69,85,2.25,72.1,13.3,0,3,1,0
16.08,666,13.52,42.8,5.8,1,3,1,3
13.91,695,13.55,93.6,13.7,0,2,1,4
1.94,32,1.79,39.2,18.0,0,2,1,0
2.8,531,13.33,42.4,4.8,1,3,1,1
13.32,681,1.5,71.8,12.3,0,1,1,1
17.22,460,5.21,102.2,19.9,2,0,1,4
0.69,444,4.96,81.2,22.4,1,2,0,2
10.08,252,4.47,105.6,7.6,2,3,0,3
13.43,250,10.4,54.8,7.8,0,3,1,1
12.02,375,6.04,44.4,9.1,0,3,1,0
9.82,138,10.13,72.4,19.2,1,1,0,2
14.93,487,9.86,79.6,18.7,0,3,1,3
2.9,533,7.54,71.1,5.7,0,1,0,0
13.42,543,1.54,100.4,17.9,1,3,1,4
16.54,628,11.59,75.1,21.4,1,1,1,3
14.74,221,8.58,61.9,11.6,0,3,1,1
9.99,480,1.88,52.9,15.3,0,2,0,1
12.36,470,11.71,109.7,9.3,1,1,1,4
14.66,200,13.73,75.1,7.5,0,3,1,2
17.8,509,6.5,72.5,14.4,0,3,0,2
14.89,576,6.0,52.5,19.1,1,2,0,3
14.94,481,6.59,78.5,16.8,1,1,1,2
3.54,637,11.21,79.1,21.7,1,1,1,3
7.83,117,4.71,64.6,13.0,0,1,0,0
8.84,121,13.19,104.9,7.0,1,1,0,4
14.26,151,6.7,57.5,11.8,2,0,1,0
17.34,543,4.46,80.3,16.0,2,2,1,3
11.63,666,11.71,57.6,13.7,2,3,1,3
17.78,120,1.34,77.8,10.1,1,2,1,1
6.6,61,1.13,79.0,11.1,2,0,0,0
11.75,95,9.3,65.2,17.1,0,1,1,0
12.14,301,10.6,77.4,9.9,2,2,0,3
8.22,261,10.09,68.6,21.1,1,1,0,1
10.61,620,4.01,56.0,4.3,2,1,1,0
4.4,290,3.81,71.2,16.3,0,0,1,0
9.95,582,8.13,54.1,15.1,1,1,0,1
16.31,100,13.58,89.8,14.6,1,1,1,3
0.72,595,2.7,79.6,18.0,0,2,1,2
9.37,197,9.72,108.8,13.5,0,0,1,3
16.91,59,4.52,58.8,22.2,1,1,1,0
8.01,220,1.26,60.2,20.3,1,1,1,0
3.64,335,11.39,71.3,14.6,0,1,1,1
15.92,581,1.61,43.2,9.2,0,2,0,2
17.8,118,11.07,89.3,8.9,1,3,1,3
1.78,337,1.89,40.0,10.8,1,3,0,0
5.77,108,3.74,62.6,17.8,0,1,0,0
0.5,613,3.2,38.2,4.6,0,3,1,0
12.21,368,5.01,75.3,16.7,2,0,1,1
11.87,290,3.39,48.1,18.2,0,0,1,0
12.62,42,3.52,75.0,11.1,2,1,1,0
2.68,174,6.2,111.9,19.2,0,1,0,3
4.79,271,2.62,67.5,19.3,0,1,0,0
10.95,69,12.07,62.2,14.7,0,0,0,2
2.08,345,0.88,82.2,6.0,0,1,1,0
11.7,364,6.78,39.4,15.0,1,1,1,0
4.61,274,13.18,57.5,21.7,1,0,1,2
12.46,512,7.57,68.6,4.7,1,3,0,2
9.51,44,13.97,84.3,21.6,0,2,1,3
11.1,356,10.4,59.5,13.2,1,2,1,1
8.51,657,4.79,105.5,14.9,2,0,0,3
5.92,449,10.79,93.0,13.5,0,2,0,3
8.23,112,6.74,50.0,20.9,1,2,0,1
3.56,257,1.54,57.4,12.5,0,2,0,0
3.62,210,7.25,75.1,6.8,2,2,0,1
2.82,44,7.17,43.2,16.0,1,1,1,0
13.68,228,11.17,68.3,23.0,0,3,0,3
5.17,213,1.1,70.2,6.3,1,0,1,0
2.43,694,9.03,84.5,5.3,0,2,1,2
7.07,710,0.91,70.2,17.8,2,2,1,2
6.36,270,9.42,90.7,17.7,0,0,1,3
3.52,81,9.45,38.2,18.5,0,1,0,0
4.37,628,13.76,65.0,15.3,2,2,1,2
1.46,64,5.14,96.3,21.3,0,1,0,2
14.14,199,12.46,82.0,22.5,1,2,1,4
7.47,262,2.61,106.3,12.2,1,1,0,2
15.93,242,11.71,80.7,18.0,2,2,1,3
6.67,398,3.73,59.0,4.3,1,1,1,0
10.38,650,1.32,84.8,13.9,2,2,1,3
9.91,471,9.93,48.3,22.4,0,3,1,2
0.92,229,12.1,89.8,18.3,0,2,1,3
1.85,553,5.52,38.1,19.3,1,1,1,1
9.29,427,7.31,83.6,5.1,0,1,1,1
17.49,355,9.54,75.1,15.8,0,1,1,3
15.16,425,10.43,41.2,13.4,2,0,0,2
5.59,232,11.57,39.8,14.7,1,2,1,1
6.12,324,1.76,56.6,7.0,2,3,0,0
1.9,326,11.76,92.0,9.5,0,1,1,3
15.93,382,1.43,90.3,13.9,2,1,0,3
14.11,155,7.16,100.1,7.9,1,0,0,2
8.9,112,1.37,70.2,13.0,1,1,0,1
2.26,692,8.93,49.3,21.9,2,2,1,2
15.02,148,7.25,74.6,17.9,1,1,1,2
10.17,622,11.43,66.8,8.5,0,0,0,2
8.33,282,5.24,111.8,21.3,1,1,0,3
9.34,484,12.58,108.9,21.8,0,0,1,4
7.88,367,11.13,105.5,16.3,0,0,0,4
10.54,121,5.78,45.8,10.8,0,2,1,0
7.14,434,4.55,100.5,10.0,1,2,1,3
16.19,648,12.6,71.9,17.9,1,2,1,4
13.16,436,4.63,106.9,13.5,2,1,1,3
1.76,310,8.31,47.1,7.2,1,2,1,0
13.52,548,6.6,52.9,20.9,2,2,0,3
14.97,516,3.91,66.2,19.0,0,1,1,2
7.36,384,5.65,100.5,17.7,0,3,1,3
15.8,373,4.78,55.0,16.1,1,1,0,1
7.75,110,4.29,102.5,21.1,0,1,1,3
17.84,442,10.93,70.0,13.5,1,1,0,2
10.73,666,4.78,71.3,19.1,2,0,0,2
17.2,71,0.85,54.0,20.7,1,2,1,0
6.46,342,7.25,71.0,6.9,0,1,1,0
9.92,503,9.73,38.0,5.0,0,1,0,1
3.95,662,4.58,61.8,12.1,0,3,1,0
2.48,146,2.84,46.2,9.4,0,1,1,0
11.55,614,2.12,65.1,20.3,2,2,0,2
3.34,415,1.72,39.5,9.7,0,0,1,0
2.02,457,8.57,52.5,17.6,0,2,1,0
6.58,234,6.04,40.6,5.1,0,2,1,0
4.09,717,9.87,76.8,12.9,0,2,1,3
9.56,589,2.61,101.1,5.9,0,1,1,3
15.23,495,2.01,60.2,19.1,0,1,0,1
3.44,45,4.12,70.9,21.2,2,3,0,0
10.2,461,2.96,44.7,20.3,1,1,1,1
4.47,102,7.25,102.9,7.4,1,2,1,3
12.07,17,11.12,43.4,22.0,2,2,0,2
14.92,244,10.33,62.8,12.8,1,1,0,2
9.23,466,5.26,86.7,15.1,2,1,1,2
8.35,649,9.85,78.2,8.5,2,2,1,2
10.14,134,11.77,86.0,17.9,0,0,1,2
16.87,46,12.49,81.3,7.6,0,1,1,2
3.01,658,5.41,64.6,18.3,1,1,1,0
3.56,163,7.9,53.0,9.6,1,2,0,0
6.6,488,4.59,98.9,22.7,1,1,1,2
12.17,22,3.62,79.8,10.3,2,1,1,0
17.52,212,12.62,81.1,17.6,0,1,0,3
14.72,101,9.24,75.1,19.5,1,3,1,2
2.04,91,9.2,107.5,11.1,1,3,1,3
15.02,482,2.79,38.1,15.1,0,1,0,1
8.25,575,12.73,92.3,19.5,2,0,1,4
8.89,264,13.59,71.2,19.1,1,1,0,2
1.82,43,7.25,70.0,7.1,0,2,1,0
7.62,534,11.9,57.8,7.0,2,2,0,2
3.66,694,13.32,83.4,14.7,1,0,0,3
1.04,566,7.16,109.9,4.7,2,0,1,3
17.14,176,9.2,54.9,9.0,1,2,1,1
2.83,361,12.82,86.9,9.7,0,0,0,3
13.09,497,13.18,111.0,19.0,0,1,1,4
4.0,430,8.27,111.4,11.9,0,1,0,4
1.93,302,2.99,104.9,11.0,1,3,1,2
0.82,675,5.69,45.9,13.2,2,2,1,1
16.48,46,6.58,88.6,14.0,0,1,1,2
8.62,352,7.81,82.8,8.8,2,1,1,1
0.35,631,2.25,67.9,22.7,2,1,0,0
16.23,701,11.99,49.3,8.8,2,0,1,2
13.03,331,12.07,44.9,10.2,1,1,1,1
4.79,559,2.58,47.3,6.8,2,1,0,0
16.62,163,11.77,49.4,16.5,0,1,1,2
0.84,358,4.61,101.0,14.5,2,1,1,2
10.69,712,12.56,64.4,11.9,0,3,1,2
0.34,25,8.17,94.5,10.6,0,1,1,1
10.43,292,7.16,86.9,14.2,1,1,0,2
8.31,330,7.25,94.6,9.4,0,2,1,2
8.33,63,8.67,49.7,11.1,2,1,0,0
4.36,685,8.75,48.5,17.5,0,0,1,1
12.52,582,6.97,63.1,21.6,1,1,0,2
10.4,217,6.2,46.0,4.6,1,1,0,0
6.14,540,10.41,67.4,17.9,1,1,1,0
1.92,710,12.66,43.1,15.9,0,1,0,2
16.92,702,7.36,95.3,14.8,2,1,1,3
4.19,658,6.76,43.5,14.0,0,2,1,1
0.73,94,2.82,76.8,20.6,2,3,1,1
7.94,131,5.32,38.6,15.6,1,2,0,0
16.64,128,9.44,86.1,20.8,0,1,0,3
11.21,116,5.21,107.2,15.5,0,2,1,3
4.73,83,5.9,94.7,19.7,2,1,0,3
7.05,409,13.31,57.2,13.2,1,3,1,1
2.22,220,10.96,78.5,19.0,0,1,0,1
10.72,482,10.31,102.6,17.9,2,2,0,4
10.01,539,4.99,40.5,11.5,2,2,1,1
9.26,81,7.22,76.0,17.1,1,1,1,1
8.22,621,6.21,89.6,18.2,2,1,0,2
7.33,441,2.61,76.1,20.2,1,0,0,1
2.13,218,12.09,107.9,14.4,2,2,1,4
8.96,464,13.97,94.1,8.2,0,0,0,3
11.18,240,3.82,108.5,12.9,0,1,1,2
13.86,247,2.54,77.9,9.9,2,1,0,1
4.81,75,12.18,64.1,12.9,0,2,1,0
10.39,138,4.46,74.3,15.4,0,1,1,0
12.19,206,7.97,80.7,19.0,1,1,1,1
1.83,515,1.61,63.9,8.4,0,3,1,0
6.79,293,4.1,63.7,9.2,2,3,1,1
13.9,304,10.02,104.6,5.2,1,0,1,3
5.72,628,7.07,82.0,19.8,1,2,1,2
12.75,323,12.1,94.9,15.2,1,1,1,4
5.72,415,11.3,80.8,22.9,0,2,1,3
16.82,537,3.69,74.7,7.5,0,2,0,3
9.39,507,1.67,109.9,19.7,0,1,0,3
11.25,653,4.72,89.7,9.1,0,2,0,3
9.94,254,4.68,40.3,15.4,1,2,0,1
5.81,195,4.14,105.8,6.8,0,1,1,1
9.79,201,4.91,50.8,18.9,0,3,1,0
3.27,354,9.27,74.4,7.5,0,1,0,0
10.05,118,4.91,43.3,10.4,2,1,1,0
17.66,214,10.17,107.2,9.5,1,0,1,4
13.84,526,4.82,65.6,4.4,0,1,0,1
10.84,605,10.76,48.7,4.7,2,1,1,2
14.57,192,2.98,51.9,15.7,1,2,0,0
17.45,108,13.15,88.1,7.6,0,0,0,3
14.96,476,1.2,83.5,10.1,0,1,0,2
9.5,478,8.95,64.1,20.3,1,2,0,2
5.43,274,9.55,80.2,22.2,2,0,0,2
2.17,581,3.86,76.5,7.3,2,1,0,0
6.21,362,13.88,60.5,14.1,2,0,1,1
7.88,113,11.56,103.1,16.0,0,1,0,3
14.51,692,3.55,59.7,15.4,0,3,0,2
0.83,98,10.04,93.2,6.7,0,1,1,2
3.66,457,7.04,71.3,21.2,1,0,0,0
13.4,224,8.44,58.5,19.2,1,2,1,1
4.82,412,10.52,75.1,8.8,2,0,1,1
14.61,694,2.49,50.7,4.7,0,2,0,2
4.42,133,11.17,68.1,7.3,1,1,1,0
1.39,410,7.7,108.2,18.0,0,2,0,3
0.38,409,10.5,50.7,21.6,1,1,1,2
15.45,488,8.27,103.2,19.1,1,2,1,4
8.85,288,0.58,48.5,15.9,1,0,0,1
17.16,329,2.83,81.0,22.9,1,3,1,2
15.57,336,2.0,85.2,14.4,1,3,0,1
1.69,98,4.83,70.6,18.0,1,3,1,0
7.88,162,7.05,69.4,14.5,1,2,0,1
15.46,406,11.5,102.3,19.4,1,2,0,4
6.37,46,7.04,84.6,20.9,2,3,1,1
3.49,295,13.52,93.2,14.5,0,1,1,4
17.12,583,7.09,55.6,11.1,0,1,1,2
7.56,450,1.55,78.4,12.4,1,0,1,0
7.37,620,1.79,57.1,6.7,1,2,0,0
1.75,482,7.75,93.8,21.8,2,0,1,2
12.67,50,7.93,95.2,19.6,2,1,0,3
16.63,368,6.03,82.7,6.3,0,0,0,1
5.33,351,2.17,51.0,14.9,0,1,1,0
3.85,288,0.9,74.2,14.3,0,2,1,0
12.91,171,5.82,40.3,8.5,1,1,1,0
7.43,676,7.95,75.1,13.5,0,1,1,0
2.65,242,12.9,108.4,21.8,1,0,0,4
3.91,631,11.29,49.6,10.7,2,1,1,2
10.43,476,2.46,106.8,9.1,1,3,1,3
8.54,51,4.67,80.4,12.3,0,1,0,0
15.22,469,0.92,98.9,21.2,0,2,0,4
5.09,97,2.69,82.2,18.9,2,2,0,1
10.56,632,8.0,47.0,7.4,0,1,1,1
17.84,208,7.14,87.4,7.7,0,3,1,2
14.26,381,4.63,67.7,13.8,0,1,1,0
11.5,660,5.52,57.7,5.8,1,2,1,2
6.79,717,6.56,63.8,20.1,0,1,1,1
7.56,570,13.41,106.9,21.1,0,1,1,4
13.4,457,2.38,96.9,21.4,1,0,0,3
10.68,277,4.03,60.9,18.3,1,1,1,1
10.67,447,5.36,73.9,19.7,2,2,0,3
2.27,105,13.9,80.0,14.2,2,2,1,2
6.16,80,1.77,82.3,11.5,1,2,0,1
11.54,398,2.42,49.9,17.3,0,2,0,1
6.91,335,12.79,79.3,9.5,2,3,1,2
3.53,447,10.98,48.3,14.2,0,0,1,1
3.96,630,4.35,64.7,10.4,2,1,1,0
15.53,114,1.03,47.0,8.8,1,3,1,0
10.51,139,11.55,101.3,14.1,0,1,1,3
15.21,322,10.78,49.8,6.9,0,1,1,1
13.89,530,3.47,65.1,7.0,0,3,1,1
3.4,38,13.3,99.3,12.3,0,2,1,3
11.67,179,12.93,107.8,19.8,0,3,1,4
8.62,437,7.61,82.1,8.5,1,1,0,2
5.32,270,2.18,103.2,9.7,0,3,1,2
14.3,78,7.29,85.1,18.5,1,3,0,2
12.66,461,4.25,94.8,8.4,0,1,0,3
13.8,465,1.24,80.3,11.7,1,1,1,1
8.53,677,2.54,72.8,12.9,1,0,1,1
5.21,336,2.96,75.1,9.8,0,2,1,1
0.51,34,11.74,56.0,6.7,1,0,1,0
11.05,15,4.06,41.7,13.3,2,1,1,0
4.86,281,12.98,74.5,4.6,0,1,1,0
16.09,290,10.94,61.2,18.7,1,1,1,1
14.49,343,2.79,86.1,19.9,1,2,1,2
4.36,378,5.56,109.4,4.1,1,0,1,2
17.93,697,1.81,103.8,8.9,1,1,1,4
4.59,443,2.11,100.4,8.0,2,0,1,2
8.63,621,9.41,89.2,10.2,1,2,1,3
12.84,114,0.58,44.1,8.2,1,1,1,0
10.34,151,5.96,59.0,11.8,1,1,1,0
3.31,251,12.15,45.5,15.9,0,1,1,0
5.02,323,12.55,90.9,15.9,1,1,1,3
10.13,409,3.32,64.8,14.8,2,2,0,1
14.48,542,1.49,57.1,5.4,1,2,0,1
9.58,428,6.26,87.6,11.0,1,0,1,1
13.67,148,7.16,38.1,18.4,0,2,1,1
17.81,606,6.86,107.2,6.7,0,1,0,4
7.49,350,12.8,83.2,12.8,1,3,1,3
17.38,216,0.52,107.5,14.5,0,2,1,3
9.86,440,4.61,98.3,14.0,0,2,1,3
15.58,643,12.56,103.7,9.8,0,1,0,4
1.37,401,2.13,59.0,4.7,0,1,0,0
12.25,250,5.25,104.3,18.2,2,1,0,3
9.03,28,9.82,95.9,6.2,2,1,1,3
8.81,307,1.47,68.1,6.6,2,2,1,0
0.83,174,10.73,100.1,9.8,0,2,1,3
11.64,167,5.19,75.5,22.0,1,3,1,1
17.38,467,2.29,50.6,7.3,0,2,0,2
1.21,41,5.95,75.1,12.7,2,1,1,1
10.49,650,13.66,91.4,21.5,1,3,0,4
0.59,320,2.9,89.1,5.6,2,1,1,1
5.73,20,0.94,43.4,9.9,0,1,0,0
9.91,354,2.53,39.0,21.2,2,0,1,1
8.26,37,5.21,104.2,16.4,0,3,1,3
15.93,674,11.51,50.8,13.6,2,2,0,3
11.17,677,13.1,57.2,21.1,1,2,1,3
3.42,443,2.09,70.3,16.3,1,3,0,1
2.08,714,7.48,75.1,5.1,1,2,1,3
15.94,184,1.76,84.1,4.8,1,1,1,1
5.64,191,9.33,54.1,22.8,0,1,1,1
14.76,644,7.25,96.7,8.0,0,1,0,3
13.66,153,7.97,78.7,19.4,1,1,1,1
3.75,188,3.74,39.3,14.9,2,2,1,0
1.55,513,13.89,98.0,5.5,0,1,1,3
14.03,361,3.14,76.4,20.5,1,1,0,1
8.0,565,2.91,75.1,11.1,1,1,1,2
4.76,261,11.08,55.6,22.5,0,1,1,1
4.51,580,7.25,47.7,15.4,0,2,1,0
7.6,338,9.09,50.8,20.9,2,1,0,2
10.78,617,1.81,90.0,17.6,2,2,1,3
8.33,718,10.13,107.8,10.7,1,1,1,4
10.06,644,5.15,109.1,12.0,1,2,1,4
8.08,628,7.05,56.8,21.4,0,3,0,1
3.78,238,4.69,96.3,18.8,1,1,1,2
13.09,153,13.34,99.0,13.4,2,2,1,4
2.71,148,7.25,106.0,8.2,0,2,1,3
11.18,535,4.88,82.5,11.1,1,2,0,2
5.47,526,13.97,51.5,5.9,0,2,1,2
16.85,454,10.03,62.9,16.9,0,2,1,2
1.79,539,3.02,42.2,6.4,0,2,0,0
13.29,400,1.74,51.0,19.4,1,2,0,2
12.4,283,4.93,48.5,5.7,1,0,1,0
17.04,227,4.15,53.3,15.4,0,0,0,1
1.16,159,1.06,75.1,14.8,1,1,0,0
9.86,236,5.97,49.0,15.6,0,2,1,1
13.57,97,6.86,92.2,14.2,2,2,0,3
0.7,52,7.91,45.4,13.6,2,1,1,0
1.87,359,2.8,44.8,6.8,2,2,1,0
9.27,26,6.42,70.9,16.7,1,1,0,0
9.08,344,1.66,49.9,8.9,1,2,0,1
7.95,174,8.71,57.6,22.7,0,0,0,1
9.87,442,8.68,94.4,10.3,1,1,1,3
2.27,422,0.71,51.6,19.5,2,1,1,0
11.4,196,3.84,90.6,11.1,2,0,1,2
4.4,35,5.86,97.8,14.6,0,3,1,2
4.74,273,2.52,90.0,20.6,0,1,1,2
3.66,215,7.23,45.5,12.7,0,1,1,0
3.61,73,4.12,103.0,20.7,2,1,0,3
16.68,478,13.88,106.7,17.5,0,1,0,4
5.56,504,13.4,83.7,21.2,0,1,1,3
2.38,457,2.88,85.4,11.0,0,2,0,1
7.55,154,1.92,87.0,18.4,1,0,0,2
4.95,45,6.87,104.7,4.0,2,0,1,2
6.52,415,2.19,88.0,9.0,0,2,0,2
13.29,127,12.72,40.5,16.1,0,1,1,2
1.59,353,6.28,39.8,12.3,2,3,1,0
12.03,695,4.68,69.1,13.5,1,2,1,1
2.49,340,0.61,82.3,22.7,1,1,1,1
16.93,631,7.25,86.6,4.7,2,1,1,3
2.82,182,2.24,84.3,8.7,0,0,1,0
12.68,543,1.05,75.1,18.4,2,3,1,3
10.99,687,6.63,107.7,22.4,2,3,1,4
15.2,103,1.17,38.0,12.2,0,2,1,1
8.99,595,12.34,89.0,12.4,2,0,0,3
2.11,294,4.07,72.4,20.6,0,1,1,0
4.0,296,3.58,78.8,9.0,2,2,1,1
4.67,93,10.52,91.1,20.7,2,0,0,3
11.81,297,5.56,103.8,10.0,1,1,1,3
6.61,91,1.76,48.7,6.1,2,2,1,0
0.7,622,0.69,54.4,11.0,2,1,1,0
15.84,288,5.18,98.9,6.4,0,0,1,2
8.1,674,3.21,78.5,20.9,1,1,1,1
13.26,701,11.45,47.4,17.6,0,3,1,3
16.87,187,7.86,49.9,12.4,0,2,0,2
10.94,626,5.62,54.2,22.5,2,1,0,2
7.56,715,9.79,100.2,13.2,1,0,0,4
5.5,706,5.46,87.4,22.5,0,2,1,3
4.12,713,6.3,89.2,15.5,1,1,0,2
9.1,159,12.48,76.4,4.9,1,2,1,1
5.63,464,4.43,88.1,9.6,0,1,1,1
14.73,193,9.51,90.3,11.1,1,0,1,3
7.76,500,5.59,61.0,11.9,2,2,1,2
7.26,453,5.27,94.7,8.3,0,3,1,2
3.54,385,0.58,72.0,16.4,0,2,1,0
4.29,278,9.13,73.1,4.1,0,0,1,0
3.72,387,4.19,100.0,11.4,1,2,0,2
15.29,14,2.35,93.2,15.1,0,1,1,1
2.7,565,9.79,57.8,14.4,2,0,1,1
14.43,111,0.54,76.5,17.7,2,2,1,2
15.58,354,3.59,65.5,17.7,2,1,1,1
15.94,693,9.61,63.7,12.0,2,1,0,3
4.91,561,8.86,84.8,4.6,0,3,1,2
5.45,410,10.67,40.1,18.7,1,1,1,0
8.36,210,13.42,43.9,9.2,0,2,1,1
13.16,417,6.62,108.4,20.1,1,3,1,4
13.86,188,3.92,75.1,13.4,1,1,0,0
4.57,665,10.92,102.4,16.9,2,0,1,4
3.79,386,3.86,95.8,21.8,1,1,1,2
1.51,362,5.44,40.9,15.6,1,1,0,0
12.01,329,13.13,105.2,14.2,2,1,1,4
12.72,25,9.24,75.1,4.9,0,1,0,0
6.24,618,6.25,71.6,6.5,0,3,0,1
17.93,23,0.73,97.3,14.9,1,1,0,2
4.52,441,5.23,88.5,20.2,1,1,1,1
17.44,333,9.3,55.3,12.5,0,2,0,2
10.19,252,8.58,75.1,6.7,1,2,0,4
1.28,620,7.91,90.0,14.5,1,2,1,2
1.78,165,7.25,81.6,16.0,0,1,1,1
2.87,165,11.37,98.5,5.6,0,3,1,3
5.6,249,11.18,46.5,10.1,2,0,1,0
5.61,683,2.56,52.1,16.0,2,2,0,1
4.45,668,7.25,60.1,20.9,2,3,1,2
2.59,215,11.53,60.2,5.5,0,0,1,0
4.67,166,3.62,86.8,13.8,0,1,1,0
14.96,192,12.66,93.9,5.0,1,1,1,3
6.5,524,8.78,101.5,15.4,1,0,0,3
6.98,362,9.16,86.3,13.1,1,1,1,2
4.43,427,1.09,94.1,14.7,1,0,0,2
6.01,334,2.29,38.3,10.5,0,3,1,0
1.58,291,10.75,96.6,7.2,0,3,1,3
13.73,497,2.4,70.1,22.2,1,1,1,2
6.84,268,3.42,107.8,13.5,2,0,0,3
14.41,701,1.39,99.2,18.3,1,2,0,4
2.02,431,11.56,58.6,15.3,2,0,0,2
9.34,271,7.29,71.0,18.9,1,1,0,1
8.11,660,7.15,108.8,11.9,1,1,1,3
11.08,611,11.83,95.0,17.6,1,2,0,4
11.89,181,11.42,75.1,11.8,2,2,0,4
5.81,402,10.96,50.9,17.4,1,1,1,1
10.73,657,3.37,71.5,6.5,1,0,0,1
14.47,234,7.59,80.6,18.0,0,2,0,2
16.0,331,8.56,77.7,6.2,0,1,1,1
6.45,362,4.61,110.6,17.3,2,1,1,3
11.29,258,7.25,110.2,21.1,1,3,1,4
17.65,151,12.89,48.4,11.4,1,1,1,2
7.2,244,8.54,50.3,18.5,0,0,1,0
4.69,599,5.51,86.1,13.7,0,0,1,1
4.8,66,11.07,92.1,6.6,1,2,1,3
7.07,533,13.41,76.5,15.5,2,3,1,2
14.76,94,8.9,70.4,20.7,1,2,0,2
0.95,324,12.51,70.9,12.4,0,2,1,1
13.4,346,12.55,55.5,12.9,1,1,0,2
16.24,441,9.87,42.8,17.0,0,1,0,2
10.45,222,4.32,72.1,19.9,2,1,1,1
6.18,233,0.79,111.0,21.7,2,3,0,4
4.06,71,5.46,108.9,14.2,0,1,1,2
6.55,372,0.89,83.4,21.8,0,2,0,2
3.25,534,7.25,110.7,15.6,0,0,1,3
12.51,212,6.49,82.9,14.0,0,1,1,2
12.92,710,12.7,58.7,13.5,0,1,1,3
2.91,655,13.27,109.2,11.7,0,2,1,4
15.08,27,1.7,88.3,13.9,1,0,1,1
14.81,673,12.45,72.3,13.1,2,2,1,3
6.78,418,6.18,65.9,5.7,0,2,1,1
16.13,138,13.15,54.5,15.6,1,1,1,1
9.26,99,10.61,87.5,12.3,0,2,1,3
14.26,405,3.19,52.2,8.8,0,1,0,1
5.25,571,3.62,92.2,17.7,0,1,1,2
14.21,42,0.79,47.6,19.3,0,3,0,1
15.86,460,1.96,41.4,20.3,2,1,0,2
8.05,607,4.38,74.6,15.9,1,0,1,1
3.14,642,6.34,58.3,7.7,0,0,1,0
14.55,134,13.9,41.6,6.8,2,1,1,1
7.76,197,4.75,72.3,17.5,1,1,1,0
9.14,521,1.96,67.2,13.5,0,0,0,1
6.78,475,1.19,48.4,5.6,0,0,1,0
13.21,67,10.43,100.8,19.2,0,1,1,4
6.66,492,6.11,41.1,15.0,2,1,1,1
4.64,559,3.48,79.1,20.5,1,2,0,1
4.72,510,5.19,55.4,17.6,0,2,1,1
11.92,35,12.9,76.6,9.1,2,0,1,2
14.8,672,9.62,108.0,22.1,0,0,0,4
3.36,466,9.45,60.7,4.8,1,2,1,0
14.31,333,9.41,72.0,22.5,0,2,1,2
3.1,468,1.13,80.9,19.4,2,1,1,2
15.58,424,6.56,65.2,17.5,2,1,1,2
16.08,474,6.01,46.4,16.2,2,1,1,2
0.85,31,2.24,72.8,6.9,0,0,1,0
2.41,90,3.1,64.1,12.7,2,1,0,0
12.05,336,5.41,66.3,19.4,1,0,1,1
7.54,91,7.84,60.4,11.5,0,1,1,0
12.86,143,2.11,87.3,7.2,0,3,1,2
11.63,497,5.61,45.1,16.1,1,1,1,1
7.15,24,1.44,98.8,18.1,0,3,0,2
16.22,408,7.8,86.2,20.1,1,2,0,3
9.8,609,5.95,71.4,13.9,2,1,0,2
16.44,167,11.12,75.1,4.8,1,1,1,1
14.87,703,9.82,48.1,21.6,0,2,0,3
15.7,716,4.4,87.7,10.1,1,2,1,3
4.09,535,12.22,53.4,13.1,2,1,0,1
4.59,418,11.29,42.8,8.9,2,3,0,2
5.62,437,7.49,51.9,15.0,2,1,1,1
8.64,379,0.69,42.9,20.9,0,1,0,0
10.89,384,10.51,48.8,12.0,0,0,1,1
10.57,243,8.49,54.5,5.5,0,1,1,0
9.22,157,11.39,105.5,12.9,1,3,1,4
2.73,304,10.95,70.7,20.7,0,2,1,1
17.43,582,12.84,109.6,9.8,0,1,1,4
14.02,43,6.84,65.3,8.0,0,2,1,1
13.78,617,13.68,97.3,12.0,1,2,0,4
1.21,182,7.46,74.9,21.9,0,3,1,1
16.58,116,8.83,71.4,22.3,2,1,1,2
6.68,652,11.1,102.2,10.4,1,1,1,4
3.35,422,10.96,63.0,15.1,0,2,0,2
15.38,318,8.25,41.5,21.4,2,2,0,3
15.11,67,13.97,88.8,12.2,1,2,1,3
6.99,606,1.81,75.2,7.0,0,1,0,0
0.48,44,5.79,96.1,19.8,1,3,0,2
5.9,497,12.47,90.0,17.1,0,2,0,4
16.81,518,12.25,38.7,17.6,0,3,1,3
15.04,59,1.44,94.7,22.0,0,1,0,3
1.17,240,3.79,58.2,18.9,0,1,1,0
8.12,105,7.25,105.4,7.4,0,0,1,2
8.88,626,4.65,82.7,18.5,1,1,1,2
14.97,334,9.97,49.8,19.6,0,0,1,2
5.72,318,4.39,88.8,8.7,0,2,0,1
7.9,567,5.77,55.3,8.6,1,3,0,0
0.35,658,12.13,39.9,14.5,0,1,0,2
16.09,513,2.09,57.8,16.7,1,1,1,2
13.73,335,7.49,69.4,17.8,2,1,0,2
4.24,668,9.98,82.7,13.2,1,1,1,3
17.33,21,5.66,96.7,22.6,1,0,1,3
7.92,307,10.89,103.4,18.5,1,2,1,4
16.15,364,4.01,83.8,6.6,1,1,1,1
10.82,626,1.97,93.2,17.1,1,2,0,3
1.77,49,3.1,47.9,13.5,1,1,1,0
15.08,279,4.93,49.8,19.3,0,0,0,1
17.14,374,3.12,108.2,15.3,1,1,0,3
15.19,504,11.35,48.8,6.8,0,3,0,2
14.76,407,11.87,93.9,12.4,0,1,1,4
2.89,225,7.72,67.1,13.5,2,1,0,0
8.77,181,9.08,57.2,10.4,0,1,0,0
14.01,594,11.55,70.3,12.5,2,3,1,3
17.31,7,2.88,41.9,5.6,2,1,1,0
14.75,175,12.42,97.1,15.6,1,1,1,3
2.36,671,0.96,38.3,18.0,2,2,1,0
5.57,396,11.81,75.3,9.3,1,2,1,2
4.63,188,5.01,40.0,15.8,2,1,1,0
8.47,223,0.92,47.9,11.6,0,0,1,0
0.7,167,13.05,89.8,9.8,0,1,1,2
11.75,227,4.31,83.0,17.4,1,2,0,2
15.11,538,10.78,111.0,16.6,0,0,0,4
13.44,603,5.31,65.6,14.2,0,2,1,2
0.8,688,1.14,104.0,21.1,1,3,1,3
4.87,137,6.58,50.7,13.4,1,1,1,0
9.14,545,1.41,100.2,6.7,0,3,1,2
5.59,431,2.54,81.5,8.4,1,0,1,1
10.06,621,4.89,107.6,15.0,1,1,1,3
10.17,654,13.3,87.1,13.5,0,3,1,4
1.29,617,12.53,83.2,4.7,1,2,1,2
10.48,47,3.3,96.1,13.5,0,0,0,2
5.11,256,8.66,76.4,6.3,0,3,1,0
4.85,445,2.13,75.2,8.1,0,1,1,0
3.08,21,10.72,58.2,8.2,1,1,1,0
17.67,106,2.63,77.4,16.2,0,3,0,2
13.92,200,10.13,62.8,7.2,1,2,1,1
1.65,484,3.59,104.5,17.8,0,3,1,3
16.97,132,7.48,40.5,9.7,0,2,1,1
13.8,70,12.51,61.2,5.1,0,1,0,1
2.98,649,7.99,58.0,18.3,0,0,1,1
13.07,179,12.31,67.4,9.9,0,1,1,2
14.15,587,5.38,57.9,21.6,1,2,1,2
5.17,671,10.38,110.0,19.9,0,1,1,4
6.68,435,7.25,71.3,20.9,0,1,1,1
6.18,645,8.61,90.2,21.9,1,0,0,4
1.46,500,7.68,75.1,6.7,1,2,1,0
11.98,290,3.79,67.3,6.0,2,1,0,0
3.59,141,12.03,45.9,16.2,2,2,1,1
15.12,15,5.53,54.5,6.6,2,2,0,0
14.74,631,0.74,103.0,7.2,1,1,0,3
1.09,105,2.4,106.3,18.6,0,0,0,2
6.31,509,3.72,92.2,13.6,0,1,1,1
4.33,132,10.94,63.7,12.9,1,1,1,0
7.43,606,7.04,104.6,9.7,0,1,1,3
14.28,309,5.92,105.7,22.9,0,1,1,3
0.92,582,6.6,58.6,9.3,1,0,1,0
4.27,326,5.24,109.7,14.0,2,3,0,3
3.44,109,9.39,110.1,6.9,1,2,0,3
1.6,351,7.75,86.1,13.2,0,1,1,1
9.09,201,7.28,46.6,10.3,1,1,0,0
15.74,519,8.56,75.1,14.0,1,0,0,2
10.95,623,13.78,48.4,12.4,1,1,1,3
13.98,353,5.25,88.0,20.3,2,1,1,2
13.54,490,7.27,46.7,19.4,1,1,1,2
13.75,531,12.85,41.3,15.2,0,1,1,3
7.54,408,4.26,48.9,19.1,0,0,0,1
0.61,315,12.52,100.3,19.0,0,1,1,4
14.58,168,10.94,91.9,4.7,1,2,1,3
16.06,216,3.57,86.5,8.1,2,1,1,1
12.52,666,12.55,79.2,11.2,0,2,0,3
10.23,708,8.76,41.7,20.0,1,3,1,2
8.9,451,11.32,109.1,21.6,1,3,1,4
13.79,494,5.82,40.0,11.5,0,3,0,1
9.83,130,0.59,46.0,13.5,1,1,1,0
4.83,101,7.66,89.1,13.2,1,1,0,1
10.87,523,12.31,74.9,20.9,1,1,1,3
13.28,592,6.6,46.6,19.5,0,3,0,2
2.27,28,3.28,61.6,22.6,0,2,1,0
2.0,321,9.24,110.0,18.6,0,0,1,4
4.83,617,5.6,108.9,8.4,0,2,1,3
15.76,8,7.02,74.1,5.6,0,0,1,0
8.42,433,12.25,76.5,12.2,1,2,1,2
2.79,240,13.25,61.1,8.6,1,0,0,1
3.7,701,9.09,59.9,14.6,1,0,1,1
5.04,454,5.32,56.4,16.9,1,2,1,0
5.39,531,9.35,111.6,11.4,1,1,0,4
17.46,252,6.22,40.7,4.3,0,1,0,0
15.96,703,9.86,84.9,22.8,1,0,1,4
16.55,379,9.34,53.9,19.3,2,1,0,2
3.42,408,5.77,56.4,15.1,0,1,0,0
8.36,437,6.68,81.4,20.3,1,1,1,1
17.37,299,2.44,76.8,5.3,1,3,0,1
5.78,549,10.69,108.8,15.5,1,1,0,4
14.15,420,9.45,65.5,12.0,1,2,0,2
13.81,220,6.66,94.5,9.2,1,1,0,2
8.26,585,10.56,51.4,10.8,2,0,1,2
6.56,262,10.98,90.5,12.6,1,0,1,3
1.09,662,9.26,93.0,13.1,1,2,1,3
14.04,647,13.29,69.5,13.3,2,1,0,3
8.24,78,12.15,66.6,19.7,2,1,1,2
17.66,699,4.61,70.7,5.6,0,0,1,2
8.16,310,11.87,85.4,8.1,1,3,1,3
5.79,153,11.04,102.1,4.6,1,3,1,3
16.02,558,4.7,94.8,22.4,1,3,1,4
8.44,575,0.61,60.6,11.8,0,1,1,0
17.99,12,2.16,78.4,15.6,0,0,0,2
6.39,144,7.79,60.9,20.7,1,0,0,0
13.55,372,2.42,92.5,9.2,1,1,1,2
15.95,272,10.17,40.3,4.8,1,1,0,1
3.14,344,2.34,57.2,21.3,2,3,0,1
7.18,493,10.37,71.5,9.3,1,3,0,2
7.44,460,5.64,48.3,14.7,1,0,1,1
4.68,107,9.3,59.9,22.6,0,3,0,1
8.42,635,2.04,80.0,6.2,1,3,1,0
9.51,137,5.24,63.9,5.9,1,0,1,0
9.97,663,1.96,80.3,21.0,0,0,0,2
16.59,199,10.85,57.2,12.2,2,2,0,2
6.71,689,1.94,46.7,4.9,2,0,1,0
8.85,375,7.16,109.5,6.5,1,2,0,3
13.79,400,10.52,53.2,21.2,2,2,0,3
17.76,67,11.81,110.5,10.8,2,2,1,4
14.56,631,8.18,91.2,22.2,1,2,1,4
8.89,123,1.55,64.7,13.9,0,1,0,0
15.74,473,9.89,95.4,7.0,1,1,1,4
15.22,9,11.55,42.6,7.1,2,2,0,2
6.94,517,8.86,106.4,22.6,1,2,0,4
3.55,264,1.5,55.1,13.7,2,0,1,0
3.86,199,12.04,101.1,20.0,0,1,1,3
5.89,699,9.13,43.1,4.4,1,1,0,1
3.94,558,3.36,48.5,12.0,1,3,1,0
9.22,529,4.54,60.5,17.1,0,3,1,1
13.94,43,7.28,73.4,7.0,2,2,0,1
14.34,345,1.48,105.0,16.0,1,0,0,3
15.92,470,1.92,78.4,16.1,0,2,0,2
0.63,679,9.65,56.5,9.6,2,1,1,0
9.42,334,7.71,49.9,4.4,2,1,1,0
13.03,235,4.71,84.1,5.0,2,3,1,2
10.24,304,9.31,41.3,18.5,0,0,1,1
5.75,402,13.9,94.6,19.2,1,2,0,4
10.46,230,4.86,107.1,9.5,1,3,1,3
3.85,238,6.77,87.8,13.7,2,2,1,2
9.08,227,0.63,81.7,16.6,1,0,1,2
14.15,96,4.04,83.7,7.9,1,2,0,1
13.3,168,10.11,75.1,15.2,2,1,1,2
9.55,532,4.06,59.1,18.9,0,1,1,1
8.81,82,3.54,79.7,13.2,0,3,0,0
10.27,653,4.87,60.5,19.3,1,1,1,2
8.51,541,10.75,87.7,6.6,0,3,1,3
14.83,606,13.92,76.4,7.6,0,2,1,3
6.23,289,1.26,58.0,9.3,0,0,0,0
4.7,566,3.55,105.0,8.4,0,2,1,3
1.28,335,9.21,44.7,10.4,1,2,1,0
17.69,236,4.64,61.6,17.8,0,1,0,1
0.56,553,9.39,79.5,14.9,1,0,0,1
13.88,205,11.83,91.4,16.8,2,2,0,4
4.47,421,9.02,99.8,10.0,0,2,1,3
0.96,436,2.19,74.5,8.9,0,1,1,0
11.88,517,3.01,101.7,20.5,0,3,1,3
0.83,360,8.04,50.8,12.8,1,3,0,0
1.49,252,12.77,89.4,20.2,1,1,0,3
12.02,292,4.46,59.1,21.7,0,1,0,1
10.45,48,4.17,78.4,22.4,1,2,1,1
3.74,158,5.67,93.5,5.3,2,3,0,1
7.43,335,9.89,85.2,23.0,1,0,0,3
15.91,316,7.5,54.6,6.3,1,3,1,1
7.54,631,12.06,74.1,7.9,0,1,1,1
9.14,554,6.47,73.8,20.9,0,2,1,2
12.61,563,7.62,50.9,16.9,2,2,0,2
7.57,406,8.17,79.5,17.7,1,1,0,2
13.58,72,6.23,47.1,16.0,0,3,0,1
6.73,533,5.58,102.7,10.5,2,1,1,3
14.89,527,4.21,82.1,6.9,2,3,1,2
4.41,7,13.67,64.8,13.2,0,1,0,1
3.92,655,13.73,103.6,18.5,1,1,1,4
13.85,472,13.68,57.5,19.3,1,2,0,3
1.92,256,3.79,75.1,10.5,2,1,1,2
3.63,320,10.78,99.7,9.2,1,1,1,3
11.41,133,3.0,107.7,16.5,2,0,0,3
15.46,89,8.4,69.4,5.4,1,1,1,1
2.75,235,6.21,110.9,21.2,1,2,0,3
0.7,494,2.05,63.1,5.3,0,0,1,0
4.81,681,10.51,55.3,20.4,0,3,0,2
8.27,648,4.98,86.2,20.3,1,0,0,2
8.98,248,9.09,42.3,7.6,0,1,1,1
1.15,493,10.72,103.3,6.7,0,0,1,3
7.66,100,8.95,68.9,11.8,0,2,1,0
14.0,212,11.97,89.1,4.4,1,0,1,3
10.22,463,6.22,46.3,7.1,0,1,0,1
14.2,548,7.8,54.7,22.9,0,1,1,2
8.66,638,9.63,94.1,10.3,1,1,1,3
9.04,480,7.71,98.8,22.9,1,1,1,3
6.87,300,8.38,86.9,13.5,1,0,0,2
4.85,505,6.39,43.9,21.5,0,3,0,1
2.79,381,5.21,70.3,6.4,2,1,1,0
4.99,177,11.96,86.1,5.6,1,1,1,2
2.23,14,3.91,78.7,5.5,0,0,1,0
11.89,280,5.52,84.3,7.7,0,1,1,2
3.25,217,5.18,75.1,5.6,2,2,0,1
0.89,373,6.33,94.5,19.7,0,3,1,2
15.16,494,5.85,77.5,7.2,1,1,0,1
15.08,259,8.83,81.9,17.9,1,2,1,3
8.1,436,2.06,42.0,5.8,1,2,0,1
4.48,425,9.18,86.3,11.0,2,0,1,2
12.72,377,10.4,74.9,14.2,2,2,1,3
14.66,20,1.87,78.4,16.9,2,3,1,2
14.72,110,11.81,57.8,14.3,2,2,0,2
11.11,563,5.13,108.3,9.4,1,1,0,3
12.6,517,3.4,65.9,15.3,1,2,0,2
17.4,123,6.08,83.1,20.2,1,1,1,1
11.32,682,13.62,82.8,12.5,0,1,1,4
6.07,269,6.13,103.6,7.8,1,3,1,3
4.8,324,1.69,68.6,14.6,1,2,1,0
5.17,272,0.89,81.9,5.2,2,2,0,1
0.51,55,3.11,94.1,10.0,1,0,1,0
17.55,31,10.43,109.5,18.9,2,2,0,4
5.79,86,1.93,76.7,5.2,0,1,1,0
1.78,50,6.41,72.7,5.7,0,3,1,0
4.04,494,3.51,76.9,7.2,2,0,0,0
3.54,300,12.05,65.4,8.3,0,2,1,1
6.84,655,2.66,88.9,22.6,1,2,1,2
15.47,687,3.56,51.3,22.2,0,1,1,2
11.56,433,3.74,107.4,9.1,1,3,1,3
17.61,376,12.02,38.9,23.0,0,2,1,3
4.51,80,7.4,62.4,11.5,2,1,0,0
7.54,168,12.34,105.8,13.5,0,1,1,4
17.35,462,3.54,89.6,8.4,0,1,1,2
0.52,452,11.88,96.0,20.5,2,1,1,4
16.44,94,13.58,89.5,13.5,0,1,1,3
15.44,340,8.67,101.2,14.0,1,2,0,4
6.95,434,3.44,80.7,20.6,1,3,0,2
1.22,135,6.46,83.1,6.7,0,0,1,0
8.59,461,0.92,52.8,10.8,2,3,0,1
16.47,125,13.12,106.1,19.6,2,2,1,4
3.32,428,5.91,58.9,21.2,0,1,1,0
11.17,41,7.25,109.7,8.6,1,1,0,3
9.37,638,7.61,38.6,11.3,1,1,1,1
5.78,397,1.65,81.5,16.0,2,0,0,2
17.05,692,7.79,84.4,20.8,0,1,1,3
9.26,358,12.07,53.3,21.4,1,1,1,1
0.91,45,10.34,107.2,15.6,0,2,1,3
11.13,357,12.79,57.7,21.4,2,2,1,2
5.08,226,3.11,82.1,11.3,0,3,1,1
17.03,593,3.71,86.5,10.9,2,1,0,2
15.2,702,13.71,110.9,22.3,1,0,0,4
5.02,568,12.04,55.0,8.8,1,1,1,1
9.19,93,8.51,50.0,5.0,1,2,1,0
7.84,58,13.65,55.9,20.1,1,0,0,2
11.91,346,13.73,108.5,16.4,1,3,1,4
9.39,28,11.5,102.8,11.2,1,3,0,3
12.48,35,9.54,103.6,22.4,0,0,1,4
12.08,93,11.32,61.7,15.9,2,1,1,1
1.53,482,3.06,65.8,5.3,0,0,0,0
10.11,214,11.53,71.1,13.5,0,2,1,2
13.46,154,13.25,71.3,18.1,2,1,1,2
17.32,417,9.5,42.2,22.7,2,3,1,2
4.0,684,9.86,76.4,22.0,2,3,1,2
11.37,637,2.24,110.9,21.3,2,1,0,4
4.65,427,11.54,76.7,11.6,0,0,0,1
1.19,698,8.86,78.7,22.3,0,0,0,2
15.69,42,4.2,61.9,4.3,1,3,1,0
10.58,482,13.39,58.6,19.4,0,1,0,2
4.11,298,6.06,53.8,20.2,1,2,1,0
8.32,136,9.74,51.1,11.4,1,3,1,0
14.88,103,7.85,73.3,6.1,0,2,1,1
3.38,593,10.39,57.9,11.6,1,2,0,2
14.17,697,11.53,63.7,8.8,2,1,1,3
2.02,422,10.82,87.0,20.3,0,2,1,3
12.84,40,5.41,78.7,9.9,0,2,1,2
9.61,528,10.11,58.9,15.7,1,1,1,2
6.84,689,13.16,65.6,18.6,0,1,1,2
8.25,156,6.74,53.1,16.5,0,1,1,0
12.64,503,12.25,61.6,19.8,0,0,1,3
0.51,423,6.41,61.5,14.1,0,1,1,0
5.2,216,1.19,96.5,16.7,2,1,1,2
4.04,90,8.99,82.5,21.0,0,3,1,2
6.07,496,6.12,73.4,13.2,2,1,0,0
4.56,285,2.73,80.6,11.7,0,1,1,0
1.72,88,12.26,91.5,13.7,0,2,1,3
12.23,158,0.65,60.4,19.9,0,2,1,1
11.83,162,13.64,58.4,22.5,2,2,1,2
7.36,541,1.72,46.9,12.5,1,3,1,0
5.97,496,7.25,87.6,5.3,1,3,1,3
9.4,423,10.37,38.7,8.0,0,3,1,1
4.82,636,11.5,46.4,12.2,2,1,1,1
0.69,92,3.4,63.8,4.6,0,1,0,0
8.61,330,9.86,48.5,14.0,0,0,1,1
9.95,566,13.18,93.6,6.0,0,1,1,4
7.37,70,2.73,72.2,19.8,2,1,1,0
7.4,699,8.98,41.2,6.1,0,3,1,1
18.0,338,8.6,76.4,16.7,1,0,0,2
7.2,391,2.72,49.5,20.7,1,2,0,1
2.58,499,6.76,88.8,11.3,1,2,1,2
15.99,120,4.23,94.2,19.5,1,1,1,2
12.68,174,5.36,87.4,16.6,0,1,0,2
10.37,573,2.87,74.7,22.0,0,0,1,3
10.18,162,5.72,66.6,5.8,0,1,1,0
17.87,94,7.25,61.8,12.6,0,1,1,1
1.82,622,8.3,56.5,5.0,0,3,1,0
12.58,629,9.34,38.2,15.8,0,1,0,3
9.93,292,9.23,108.2,19.4,1,2,0,4
10.62,77,4.64,61.2,6.9,0,3,0,0
10.87,255,11.8,48.4,22.5,2,2,1,2
9.19,532,0.54,93.3,16.4,0,3,0,2
4.12,119,5.52,67.3,4.1,1,3,1,0
14.09,146,4.12,85.6,15.1,0,0,0,2
17.79,509,8.67,99.3,13.8,0,0,1,4
0.57,103,11.13,41.0,11.4,0,1,1,0
7.4,238,9.54,48.7,15.1,2,0,0,2
14.49,404,6.85,86.1,8.3,1,0,1,1
2.07,544,6.11,46.0,12.1,1,1,0,0
3.02,180,3.65,62.8,18.3,1,1,1,0
17.25,517,0.63,86.1,21.7,2,0,1,3
13.28,15,7.45,110.6,11.8,0,2,1,3
14.02,35,11.59,80.7,18.6,1,0,1,1
0.86,617,4.7,105.1,7.1,0,1,1,2
15.67,90,13.35,91.6,6.2,2,2,1,4
16.85,134,12.49,100.0,5.6,0,1,1,4
15.24,203,4.85,107.5,5.0,2,1,0,3
15.61,343,9.28,76.4,17.7,0,2,1,3
10.57,208,2.53,53.7,7.5,0,1,1,0
16.35,449,1.64,97.4,4.6,1,1,0,2
3.21,212,7.08,102.9,17.3,0,2,1,3
16.33,88,3.33,71.3,18.6,2,1,1,1
8.05,31,10.85,60.7,20.8,1,3,1,0
6.83,463,9.62,59.7,4.4,0,0,1,0
9.25,463,5.11,52.6,16.5,1,2,0,1
0.34,505,2.0,75.1,20.0,0,1,1,0
5.81,522,10.96,73.3,16.2,2,2,1,2
17.08,469,9.91,61.2,12.6,1,2,1,3
1.78,580,5.65,102.8,21.5,2,1,0,3
2.74,617,0.59,48.2,6.7,0,2,1,0
6.53,404,8.93,57.7,10.5,0,1,0,1
7.11,583,2.97,81.6,17.1,0,3,1,1
7.67,183,2.57,93.7,9.9,2,2,0,2
9.93,495,0.87,111.3,12.2,0,0,0,3
4.81,349,3.46,107.4,13.0,0,1,1,2
10.74,20,5.64,79.7,8.2,0,0,1,0
14.72,255,6.03,51.2,4.7,0,1,1,0
16.9,694,8.12,61.5,22.5,1,1,0,3
11.48,371,10.94,111.9,5.0,2,2,1,4
7.28,701,7.52,93.0,15.3,0,1,1,2
15.86,638,7.76,89.3,7.9,2,2,1,3
7.15,421,1.38,94.8,11.2,2,3,1,3
2.23,312,6.77,48.5,4.8,1,1,1,0
16.19,148,7.25,79.1,20.9,1,1,0,2
7.29,10,1.52,70.1,20.1,1,2,1,1
7.51,509,13.96,99.6,18.8,0,2,1,4
10.62,270,11.68,103.7,5.5,0,3,1,4
2.15,460,6.65,83.2,16.9,0,1,1,1
15.08,469,0.9,75.1,15.5,2,1,1,2
6.63,341,12.34,66.7,12.0,1,1,1,1
2.74,206,5.92,51.1,15.7,1,1,1,0
2.22,705,5.31,72.6,6.6,0,1,1,0
9.52,67,1.75,93.1,10.6,2,0,1,1
6.33,617,12.5,42.4,10.8,1,3,1,1
14.56,22,3.31,99.9,12.8,0,0,1,2
3.0,211,3.88,95.3,11.1,0,2,1,1
4.78,244,13.17,106.4,20.4,0,1,1,4
17.11,80,3.39,51.9,20.2,0,2,1,1
8.7,299,1.01,79.1,9.9,0,1,1,0
13.21,382,12.7,85.9,5.2,2,2,1,4
0.98,420,1.68,76.6,5.5,0,3,0,0
13.88,212,12.12,85.9,8.1,2,0,0,3
8.99,121,4.56,99.5,18.7,0,1,1,2
8.21,691,9.74,84.1,13.0,2,0,0,3
6.69,129,4.1,91.7,9.1,0,2,1,1
3.74,511,12.81,97.0,18.3,2,1,1,4
16.59,73,9.06,103.8,13.5,0,3,1,4
8.15,144,7.25,90.1,6.7,1,0,1,0
14.64,217,8.52,65.9,8.1,1,0,1,1
1.34,73,13.7,94.3,20.3,1,0,1,3
17.56,527,0.7,78.5,8.7,0,1,0,2
4.03,524,7.25,95.5,7.6,1,2,1,1
0.46,419,5.3,102.2,17.7,1,1,1,2
9.47,465,8.37,79.8,20.5,1,0,1,2
14.55,658,13.16,52.4,9.8,2,1,0,3
4.45,220,6.43,68.1,13.5,0,1,1,0
5.89,243,7.37,55.4,7.9,1,2,1,0
16.57,88,10.09,109.8,14.2,2,1,1,4
6.59,239,2.19,56.3,13.5,0,0,1,0
13.08,111,10.69,93.2,13.5,1,1,1,3
5.46,486,12.41,47.2,17.2,2,3,1,2
8.33,146,10.27,81.7,18.2,1,1,0,1
15.96,492,0.7,92.0,20.5,1,3,1,3
2.34,527,7.25,88.8,11.6,1,1,1,2
15.24,597,7.25,61.9,11.7,0,1,1,1
15.82,240,3.65,65.1,4.0,1,1,0,0
10.14,439,11.14,83.7,5.6,0,0,1,3
2.93,631,3.96,67.3,14.6,0,2,1,1
4.28,455,3.32,38.4,18.5,0,3,1,1
3.37,607,0.72,90.3,4.9,2,2,1,1
3.81,416,3.75,49.6,13.5,1,1,0,0
3.44,537,13.63,96.2,12.7,0,3,1,3
15.51,274,2.45,105.7,13.2,0,2,1,3
8.54,22,12.87,77.5,22.7,0,1,0,2
2.85,280,1.67,111.8,19.2,0,2,1,3
7.55,632,7.77,42.4,9.5,2,1,0,1
16.09,382,6.37,70.1,22.5,2,0,1,2
16.12,566,7.25,83.2,15.0,1,0,1,4
15.49,693,7.25,65.5,19.4,1,1,1,3
3.68,464,13.79,62.1,21.9,2,3,1,3
8.65,251,1.18,96.1,4.3,1,2,0,2
14.59,348,8.03,87.6,17.7,0,3,1,3
12.89,360,9.38,109.8,22.5,2,3,0,4
5.3,87,9.01,98.6,13.5,0,1,0,3
13.98,530,13.03,106.2,12.5,1,2,0,4
5.98,505,5.47,63.7,7.2,2,1,1,0
0.91,244,5.9,78.2,10.6,2,2,1,0
15.91,311,2.02,88.3,16.8,1,0,0,3
9.22,11,10.35,95.4,13.6,0,0,1,3
8.06,277,6.82,59.6,15.7,2,1,1,0
6.76,710,5.44,108.5,17.7,2,2,1,3
11.69,93,3.57,59.2,14.9,0,1,1,0
11.8,174,13.62,42.0,15.8,1,3,1,2
10.82,215,11.53,45.3,7.0,0,3,1,1
5.58,625,3.46,68.5,15.8,2,3,0,1
16.34,500,3.24,93.2,17.6,2,1,0,3
8.81,495,7.71,50.2,22.5,1,0,0,1
16.83,116,10.88,109.7,15.6,1,1,1,4
13.38,538,11.93,81.0,9.5,2,0,1,3
10.74,449,7.92,102.3,4.2,1,0,1,3
0.47,349,0.7,41.2,9.3,2,1,0,0
12.64,433,3.19,106.5,19.7,0,0,1,3
11.72,339,5.57,104.6,19.0,0,3,0,3
17.33,401,0.92,111.5,11.5,1,1,0,4
5.95,245,13.6,55.7,12.9,1,0,1,1
11.74,525,12.49,106.6,20.4,1,0,1,4
7.98,112,4.95,64.0,6.0,0,1,1,0
17.42,190,3.47,40.7,8.0,1,1,0,1
12.94,164,10.66,77.1,19.2,2,0,1,2
13.25,548,12.49,107.6,11.7,0,3,1,4
4.43,543,10.02,73.7,11.4,2,0,0,1
6.04,79,11.9,49.8,19.0,0,1,1,0
5.5,489,7.61,107.9,16.1,0,0,1,3
4.96,30,12.3,47.1,8.3,1,2,1,1
1.99,210,3.73,67.2,14.2,0,3,1,0
9.22,544,7.17,53.4,17.4,0,1,1,0
7.19,253,1.97,108.1,4.7,0,0,1,2
9.37,671,1.3,102.2,12.7,2,2,0,3
2.02,430,7.55,65.4,20.0,0,1,1,0
14.1,218,13.98,87.4,22.4,0,3,1,4
16.45,712,9.03,105.3,15.7,2,0,0,4
10.94,717,10.05,103.7,10.4,1,3,0,4
7.91,364,6.78,91.6,14.3,2,2,1,3
12.97,616,11.49,108.1,22.8,2,0,1,4
6.91,25,10.99,39.8,13.8,1,0,1,0
12.24,217,6.31,108.0,6.8,2,0,1,3
3.35,714,1.46,88.5,13.9,0,1,0,1
8.73,333,7.85,72.5,17.2,1,1,1,1
11.21,52,13.38,91.7,5.9,1,2,1,4
15.92,671,4.22,75.1,21.0,2,0,0,3
9.52,613,1.24,46.3,4.7,1,1,1,0
4.59,625,12.08,79.0,20.2,0,1,1,2
16.31,467,11.59,101.5,22.4,1,1,0,4
3.57,63,9.99,75.1,19.0,2,1,0,3
8.65,74,9.13,111.0,9.1,1,2,1,4
4.67,363,5.37,82.2,13.5,0,1,1,0
4.23,697,4.7,71.4,5.8,2,0,1,0
3.43,289,5.79,46.3,21.6,1,2,0,2
12.63,568,10.2,103.9,10.7,1,2,1,4
9.86,364,5.16,42.1,16.0,2,1,1,1
14.25,494,8.37,83.2,21.5,0,1,0,3
12.16,256,7.24,51.3,10.0,2,3,0,2
11.5,693,4.61,42.1,7.4,1,1,1,1
3.24,691,1.68,110.0,11.4,0,1,1,3
16.75,702,2.76,52.3,4.0,2,1,1,2
9.17,329,5.25,41.8,16.0,0,3,1,1
5.63,690,11.05,74.3,15.8,1,1,0,2
0.88,221,5.84,42.0,17.1,0,3,0,0
13.45,148,12.47,75.3,16.7,0,0,1,2
8.46,373,13.77,93.2,16.3,0,0,1,4
14.61,240,13.79,50.5,18.5,0,0,0,3
13.59,646,4.28,79.7,8.3,1,1,0,2
3.26,511,1.16,46.1,12.3,1,0,0,0
13.57,479,7.3,44.5,18.4,0,2,1,2
13.01,604,6.97,83.7,10.7,0,1,1,2
10.0,319,3.31,106.5,4.2,0,0,1,3
14.47,425,3.79,53.6,13.2,0,0,0,1
6.79,216,5.39,75.6,18.1,1,1,1,0
4.96,100,0.96,73.4,22.0,2,0,1,0
8.05,614,4.49,100.7,22.1,2,3,1,4
13.12,111,5.58,78.7,7.9,0,2,0,1
6.21,426,10.76,41.4,4.2,1,0,1,1
9.6,528,0.81,63.5,11.3,1,3,1,1
15.45,152,2.02,74.2,10.1,2,1,0,1
11.34,320,5.85,76.1,18.0,1,1,1,0
3.48,124,9.6,92.0,13.5,1,2,1,3
8.46,94,13.04,41.8,15.1,0,1,1,1
11.74,507,9.56,103.8,17.7,1,0,1,4
13.15,353,4.87,99.2,17.7,0,1,1,3
5.21,471,3.39,81.7,20.1,0,1,1,1
15.51,516,4.26,93.8,5.1,2,1,1,3
6.21,591,5.36,64.9,7.2,0,1,1,0
8.32,690,6.93,77.7,13.3,2,1,1,2
9.45,362,6.25,77.4,7.3,0,0,0,1
12.04,98,12.26,97.3,4.6,2,2,0,4
12.26,174,10.69,103.6,13.7,2,2,0,4
6.31,625,12.59,58.4,16.1,0,1,1,2
0.46,396,3.67,53.7,21.8,0,1,1,0
12.73,78,7.74,104.9,15.4,1,0,0,3
4.12,84,9.53,57.3,8.5,1,1,1,0
4.61,204,7.69,107.7,22.3,1,1,1,3
15.16,155,13.61,53.0,17.3,2,1,0,2
2.12,274,12.88,79.2,14.0,0,3,0,2
12.64,319,7.73,70.8,19.4,2,1,1,2
17.99,392,12.72,69.1,19.7,0,2,0,3
10.39,539,12.23,86.5,11.1,1,2,1,4
9.57,99,7.25,71.8,7.4,1,1,1,0
5.2,404,11.35,63.0,11.7,0,2,1,1
17.89,508,6.53,87.5,12.3,0,2,0,3
2.12,61,8.24,86.5,11.8,0,0,0,1
2.11,497,7.69,81.9,8.8,1,1,1,1
2.39,594,5.57,84.4,13.2,0,2,1,2
1.27,71,7.79,77.0,7.3,1,2,0,0
12.26,77,2.96,47.7,9.7,0,0,1,0
6.64,243,7.76,47.8,8.0,0,0,1,0
13.34,130,12.29,98.9,19.7,0,0,1,4
0.65,129,12.19,48.9,11.9,0,2,1,1
16.75,530,13.62,98.4,5.5,0,1,1,4
3.35,390,2.59,71.9,16.8,2,1,0,1
7.87,488,9.39,43.6,7.3,2,1,1,0
15.47,506,6.66,95.5,8.1,1,0,0,3
12.68,705,11.42,80.0,18.8,1,0,0,3
17.08,667,4.94,73.1,11.5,2,3,1,3
13.09,663,4.15,76.4,6.1,2,3,1,2
3.51,608,3.84,92.8,6.0,0,2,1,2
8.19,432,13.37,99.0,8.2,0,1,1,4
3.22,213,13.45,104.5,7.4,0,3,0,4
8.11,249,10.33,62.3,12.9,2,2,1,2
4.29,518,13.44,98.5,4.6,0,2,1,3
1.65,588,1.11,93.2,6.9,1,0,0,1
15.23,190,5.38,97.1,20.9,1,3,1,3
13.07,68,2.23,41.2,20.9,0,3,1,0
1.57,593,12.19,97.2,19.0,2,0,1,4
15.38,23,13.08,50.4,13.3,1,2,1,2
9.48,518,7.25,73.0,10.8,1,2,0,1
8.62,21,10.42,64.5,6.5,2,2,1,0
15.13,318,8.2,103.8,7.9,0,3,1,4
8.07,49,2.62,63.9,19.5,0,3,1,0
15.55,343,9.9,79.3,16.9,0,1,0,2
11.02,83,7.8,51.3,18.6,0,1,0,0
16.93,329,11.5,101.7,9.5,1,1,1,4
3.48,484,1.67,58.9,7.2,1,1,0,0
5.93,522,11.19,74.3,16.7,1,2,1,2
7.84,699,5.51,89.1,5.0,0,0,1,2
10.74,689,5.01,82.7,11.8,0,2,1,2
12.78,496,9.67,63.6,14.3,2,1,1,3
13.95,444,12.37,52.2,12.8,0,1,1,2
2.68,126,4.61,39.0,6.8,1,1,1,0
3.78,642,12.35,68.8,11.7,1,3,1,2
16.35,562,1.32,57.5,17.5,1,1,0,2
2.74,656,3.03,105.1,11.0,1,1,0,3
6.09,576,0.71,51.3,8.0,2,1,1,0
6.45,328,12.48,98.3,15.7,0,1,1,3
14.41,592,3.88,105.6,7.7,1,2,1,3
0.98,660,8.96,80.6,4.5,0,1,0,1
1.37,23,11.07,43.3,8.1,1,1,1,0
12.43,393,8.58,106.8,5.4,2,2,1,4
10.38,8,4.5,80.5,7.9,0,3,1,0
16.81,601,11.6,45.8,7.1,1,2,0,2
14.18,298,3.14,65.8,11.8,2,1,1,0
5.78,493,13.4,92.7,8.8,1,0,1,3
11.02,523,1.75,83.5,13.7,2,3,1,3
2.56,77,1.01,51.5,11.2,1,1,1,0
16.97,427,7.22,38.2,13.1,0,2,0,2
2.27,366,5.73,86.7,17.9,0,0,1,2
15.47,485,2.36,63.3,13.9,2,2,0,3
1.93,289,13.59,56.1,6.1,1,1,1,1
14.09,618,2.93,60.5,7.5,1,0,1,1
8.51,233,1.02,40.3,9.6,1,2,1,0
6.37,323,10.8,65.7,19.6,1,0,1,1
3.71,242,4.83,59.2,19.5,1,3,1,0
5.67,236,1.68,63.6,20.7,1,3,0,1
0.94,170,11.4,80.5,11.0,2,1,0,2
9.54,311,9.74,47.0,13.9,0,1,0,1
3.69,607,7.38,96.8,5.5,0,2,1,2
0.36,220,2.4,90.5,22.3,0,2,1,2
7.61,548,5.51,85.2,20.5,0,3,0,2
14.63,318,4.4,110.3,15.0,0,2,0,4
3.65,58,1.37,66.1,15.2,0,2,1,0
16.53,518,6.57,71.2,10.9,0,1,1,1
14.58,391,6.29,74.7,16.7,2,3,1,2
3.79,354,11.08,83.3,10.4,1,3,0,3
3.12,158,8.32,96.2,16.2,0,1,1,3
15.82,598,0.76,60.7,15.2,0,2,0,2
1.21,633,8.57,101.5,15.8,2,0,1,3
7.42,160,3.83,49.4,13.0,1,1,1,0
7.32,181,11.59,59.8,7.1,0,1,1,0
11.59,684,10.58,40.1,18.3,1,1,0,2
1.01,506,4.78,54.5,20.2,1,3,1,0
15.89,25,2.04,81.1,11.8,1,0,1,1
8.77,357,8.63,105.4,14.3,2,2,1,4
1.86,333,6.78,92.1,12.2,0,2,0,1
2.35,108,12.67,79.8,20.8,0,1,1,1
10.65,638,4.4,77.0,14.2,0,0,0,2
0.85,17,11.92,74.7,15.9,0,2,1,1
13.23,118,4.19,70.6,16.6,0,2,1,1
7.41,350,11.83,74.9,16.5,2,1,1,2
1.43,685,5.51,77.9,17.8,1,2,1,1
9.56,9,9.85,52.2,8.0,1,1,1,0
9.93,487,6.62,93.5,18.3,1,1,1,3
12.89,168,2.03,77.3,9.6,0,1,0,0
2.15,201,10.96,92.6,9.8,1,0,1,2
5.92,235,12.51,75.7,14.3,1,2,1,2
10.53,446,13.47,80.0,17.8,1,2,0,4
2.96,53,13.22,47.9,13.5,1,0,1,1
12.65,432,0.77,91.1,21.3,2,0,1,3
6.71,506,13.82,91.4,16.0,2,2,1,4
6.35,647,12.78,76.7,9.9,1,2,0,3
7.54,275,4.05,80.3,17.1,2,1,0,1
10.51,324,11.98,62.4,7.8,2,2,1,1
16.59,100,5.77,70.8,22.0,1,3,1,2
16.97,239,8.42,98.4,11.5,1,2,1,4
8.67,541,11.68,42.0,21.5,0,3,1,1
4.61,312,7.01,39.6,12.1,2,1,1,0
16.12,432,1.06,49.3,9.5,2,0,1,2
15.54,326,8.37,104.2,9.6,0,1,0,3
11.26,554,11.53,65.5,16.1,1,2,0,3
16.48,44,5.44,75.1,15.4,0,2,1,1
8.3,584,11.76,72.7,7.8,2,3,0,2
8.94,652,5.64,67.4,10.5,0,0,1,1
9.52,325,2.01,85.8,21.4,1,3,0,2
13.95,589,2.0,60.6,13.2,2,2,1,2
7.03,475,8.82,99.9,4.9,2,1,0,3
16.07,197,1.28,69.7,10.8,1,1,1,0
12.06,495,13.74,72.3,15.2,1,2,1,3
8.03,416,9.0,88.7,21.5,0,1,0,4
8.44,446,7.99,100.6,15.1,0,1,0,3
15.15,546,12.11,80.8,20.6,1,1,0,3
16.72,64,7.29,106.7,6.3,0,1,0,3
16.95,384,3.45,72.4,13.5,2,1,0,1
3.5,640,3.52,49.3,9.9,1,2,0,0
8.61,389,9.16,68.3,12.2,0,2,1,1
5.12,403,2.14,43.9,14.0,2,3,1,0
15.04,617,2.82,72.4,11.6,2,2,1,2
11.9,280,1.92,66.6,5.6,2,1,1,0
1.96,549,12.86,49.2,13.1,2,1,1,2
10.1,396,6.75,56.9,19.7,0,1,1,0
0.63,29,0.97,111.3,9.0,1,0,1,2
4.76,196,4.41,99.2,21.9,1,2,1,2
17.13,267,9.65,90.8,21.9,0,2,0,4
3.74,471,10.6,72.7,22.5,1,1,1,2
5.2,566,5.81,54.6,7.7,0,2,1,0
15.9,686,1.7,41.9,6.5,1,1,1,1
15.95,602,11.89,51.6,19.9,1,1,1,3
10.36,10,7.06,93.4,14.6,0,2,0,3
1.19,674,12.55,43.8,8.2,2,1,1,1
8.09,261,12.78,55.7,15.0,0,3,1,1
4.8,68,3.9,65.8,13.4,2,1,1,0
13.91,320,3.01,71.0,22.9,2,1,1,2
16.84,690,3.01,66.0,13.3,1,0,1,1
7.2,213,3.17,53.1,13.2,0,0,0,0
1.73,285,2.16,102.4,15.2,0,0,1,2
14.15,506,1.99,104.2,9.1,0,3,1,3
9.6,650,0.51,38.1,9.2,1,1,0,0
2.54,440,7.31,64.1,4.1,0,0,1,0
11.89,211,1.34,103.7,9.7,0,2,1,2
6.61,377,6.89,81.5,8.8,0,0,0,1
9.38,492,1.44,79.5,13.3,1,0,1,1
5.85,365,6.87,84.0,20.7,2,0,0,2
4.27,313,6.25,57.7,6.9,2,2,1,0
9.32,654,10.68,65.1,12.7,2,1,1,2
2.86,657,1.48,82.1,13.4,0,0,0,1
13.93,191,12.4,85.2,9.5,0,1,1,3
16.27,150,13.7,73.8,21.8,1,2,0,3
11.01,220,3.69,67.2,10.7,0,1,1,0
9.69,426,7.22,79.0,6.2,0,3,1,1
16.17,75,11.99,82.1,8.4,0,0,1,3
7.97,364,10.4,76.0,17.9,2,1,0,2
7.52,194,4.58,88.2,14.1,1,1,1,1
12.61,28,10.48,58.7,15.8,1,0,1,1
16.38,483,13.63,40.7,15.9,0,3,1,3
9.23,541,12.12,70.8,19.8,1,1,1,3
1.49,429,5.71,105.6,5.0,2,3,0,3
0.6,451,8.17,104.0,18.0,2,2,0,4
4.16,582,2.61,42.7,8.2,2,3,1,0
10.84,382,7.52,81.5,18.5,0,2,0,2
2.12,189,3.5,42.0,18.9,2,0,1,0
6.15,568,10.2,38.3,11.6,2,3,1,1
5.51,615,6.38,89.8,16.9,1,1,1,1
5.72,274,12.59,65.2,16.1,0,1,1,1
5.65,118,5.92,85.5,17.9,1,0,1,1
17.81,535,11.41,83.7,5.5,0,1,0,3
4.35,336,6.0,77.8,16.9,1,1,0,1
12.9,582,9.84,83.8,14.0,0,0,1,3
17.2,483,3.12,75.1,19.9,1,1,0,3
1.4,450,8.91,92.4,7.1,2,2,1,3
0.33,121,5.11,90.0,22.8,1,2,1,2
8.86,387,13.79,106.2,19.5,0,1,1,4
1.52,542,3.74,90.4,18.1,0,0,0,1
16.57,440,12.52,94.4,12.6,1,1,1,4
16.94,564,9.67,100.5,18.7,2,2,1,4
13.73,666,6.11,106.4,15.4,1,1,0,4
6.08,524,8.22,106.1,6.6,2,0,1,4
2.92,562,7.24,45.1,18.8,0,3,0,1
12.5,199,4.18,71.2,17.6,0,3,0,0
0.73,718,13.74,111.3,8.2,2,2,0,4
9.77,710,11.29,97.6,21.5,2,2,1,4
9.14,704,8.85,75.9,13.5,2,3,0,3
3.29,79,13.14,85.7,6.1,1,1,1,2
4.49,185,6.35,57.7,8.2,2,1,1,0
16.13,173,8.13,90.6,22.7,1,1,1,3
5.44,567,4.42,72.9,13.5,1,2,0,1
11.25,535,1.87,76.8,17.8,1,1,0,2
9.11,580,4.68,49.2,6.6,0,3,1,0
5.64,56,8.35,110.7,20.5,1,1,0,3
12.15,341,9.06,109.5,14.0,0,3,1,4
7.09,529,4.41,72.8,19.5,0,3,0,1
14.52,542,7.25,96.0,14.1,1,2,0,4
10.34,67,0.95,84.3,18.4,0,0,1,1
12.51,132,11.3,96.5,13.1,2,1,0,4
3.46,590,6.17,104.7,20.9,1,0,1,3
12.17,664,1.27,108.2,14.0,2,0,1,4
17.85,638,10.15,81.8,17.5,1,0,1,3
2.85,75,4.81,86.5,15.6,2,2,1,2
9.33,475,10.61,58.4,11.7,1,1,1,1
5.9,393,8.16,110.4,14.2,1,0,1,4
2.85,15,9.37,46.7,17.3,1,1,1,0
10.14,504,12.08,82.2,8.6,2,0,1,3
10.2,436,9.06,106.8,8.8,1,1,1,4
2.27,128,13.88,39.7,5.5,1,3,1,0
8.25,146,0.95,79.8,18.5,1,0,1,0
1.55,586,7.59,44.4,8.2,1,1,0,0
9.75,517,1.01,44.8,15.4,1,0,0,0
5.24,664,6.87,50.0,16.5,0,3,1,1
10.37,614,9.88,73.1,11.0,1,3,1,2
9.35,670,11.91,64.4,20.1,1,1,1,2
11.84,105,10.2,89.3,16.0,2,2,1,3
14.24,457,11.17,54.6,4.7,0,1,1,1
3.74,117,11.77,64.0,19.0,0,1,1,1
0.58,690,2.93,94.6,12.2,0,2,1,2
7.57,423,12.38,52.0,15.9,1,3,0,2
15.3,651,12.76,85.1,15.3,2,1,1,4
3.77,46,1.36,101.0,12.7,2,3,1,2
12.45,384,5.56,97.6,10.4,1,0,1,3
2.88,658,8.7,48.2,11.4,0,2,1,1
0.87,498,7.4,69.9,4.5,2,2,1,0
2.33,358,3.99,106.9,18.7,0,1,1,3
2.76,694,9.72,109.5,9.6,0,2,1,4
11.63,639,13.8,55.1,11.3,1,2,1,3
5.17,31,13.52,100.5,13.5,1,2,1,4
10.97,229,8.14,87.2,13.2,0,2,1,3
7.97,678,5.07,71.8,15.8,1,2,1,2
2.31,7,9.45,106.4,16.6,1,1,1,3
17.0,571,3.51,111.5,22.2,2,1,1,4
4.9,34,12.28,53.4,14.0,2,1,1,1
8.36,589,2.21,102.3,18.8,1,2,0,3
15.77,141,7.55,38.5,22.2,2,0,1,1
7.87,385,13.17,80.2,4.5,1,3,1,2
8.58,472,10.0,72.7,11.7,1,1,0,1
8.78,541,7.18,39.1,8.6,0,3,0,1
16.74,372,3.13,52.8,13.7,1,2,1,1
2.5,54,8.71,106.7,13.7,1,2,1,3
1.37,117,6.46,75.1,5.4,0,2,0,0
0.84,586,13.02,64.3,4.6,1,1,0,1
6.55,585,2.82,97.2,10.7,2,1,1,2
3.9,59,9.72,45.8,10.5,0,1,1,0
17.46,88,7.25,44.5,15.0,0,1,0,1
14.91,344,9.4,88.1,5.3,1,3,1,3
15.86,23,5.54,64.4,9.0,2,0,1,0
3.76,362,9.91,94.7,17.2,1,1,1,3
15.4,138,11.3,38.7,15.1,0,3,0,1
5.97,123,9.76,49.3,17.3,0,0,1,1
12.85,603,12.52,102.5,5.8,1,1,1,4
4.04,520,9.51,54.5,22.6,0,2,1,1
2.26,76,12.01,54.6,15.3,1,1,1,0
1.97,522,13.58,107.2,4.9,2,2,1,4
14.7,70,1.65,47.1,7.4,1,1,1,0
4.96,497,1.78,49.8,17.9,0,0,1,0
16.22,640,2.0,94.1,12.9,0,2,1,3
17.1,294,13.0,102.0,6.8,2,1,0,4
13.7,527,3.46,86.7,20.2,1,1,0,3
8.48,579,3.23,43.9,8.2,2,0,1,0
14.21,25,1.15,106.7,6.7,0,1,1,2
17.43,536,12.56,74.1,14.4,1,1,1,3
16.08,85,12.6,96.7,7.6,1,0,1,3
12.27,412,4.49,99.4,20.9,2,1,1,3
8.17,160,6.94,75.1,4.0,1,1,1,2
2.95,61,13.1,75.1,4.3,0,1,1,2
0.72,432,13.57,56.7,15.9,0,2,1,1
5.56,294,9.74,98.9,6.4,0,2,1,3
0.98,472,12.37,105.7,20.6,1,0,1,4
17.46,486,3.41,101.7,19.1,0,2,0,4
12.83,399,1.83,77.6,18.7,2,1,0,2
1.46,214,13.61,51.5,17.1,1,1,1,1
4.21,576,8.17,64.4,14.7,2,0,0,1
13.33,628,11.58,109.1,20.0,1,1,1,4
4.82,378,13.01,86.1,7.7,0,0,1,3
6.4,367,8.28,41.1,13.8,2,1,0,1
2.31,359,13.47,110.0,17.4,1,1,1,4
3.41,601,9.36,66.0,7.3,1,2,0,1
12.8,85,7.65,57.1,7.3,1,2,1,1
17.95,108,12.18,46.6,13.4,1,1,0,2
0.52,648,2.83,92.4,18.4,2,1,0,2
5.39,582,0.61,65.9,22.3,2,0,1,1
3.39,229,8.16,84.3,14.1,1,1,1,2
9.31,687,2.41,56.1,21.3,0,2,0,2
6.27,354,3.76,48.4,5.0,0,1,1,0
1.36,425,12.43,72.5,14.6,1,0,1,1
9.79,157,2.62,111.0,14.9,0,3,0,3
0.73,18,8.01,54.5,21.3,0,0,1,0
16.58,557,7.66,90.9,16.2,1,0,0,3
12.15,44,13.7,86.8,9.3,0,2,1,3
17.91,224,3.14,109.9,16.4,1,1,1,3
16.54,191,5.42,65.4,22.5,1,0,1,1
15.17,350,4.25,95.0,22.4,0,0,0,3
5.97,313,13.32,99.4,22.9,0,0,0,4
6.88,342,9.62,70.2,15.6,1,3,1,1
15.37,705,5.01,99.1,20.6,2,1,0,4
16.3,214,13.59,90.9,5.7,2,2,0,4
16.58,475,4.31,100.2,15.4,1,3,1,4
7.44,419,12.99,60.7,5.8,0,2,1,2
3.56,189,3.0,111.3,7.0,1,3,0,3
4.99,257,6.27,82.4,19.9,2,2,1,1
9.39,205,7.98,100.1,9.5,1,1,0,2
11.92,325,6.92,55.6,12.9,0,1,0,0
8.5,440,5.02,61.6,20.2,0,1,1,0
11.68,649,13.95,39.3,8.3,0,1,1,3
5.79,277,5.55,75.3,15.7,2,3,1,1
2.74,656,10.68,92.0,6.9,0,0,1,3
15.58,313,4.31,107.5,22.2,0,2,0,3
12.83,618,1.05,93.9,15.0,0,2,0,3
6.2,78,9.14,85.1,16.6,0,1,0,2
10.02,249,4.38,89.3,9.4,1,2,1,1
17.89,380,5.68,97.7,5.5,1,2,1,3
6.37,459,4.61,74.3,16.4,1,0,1,1
4.76,479,2.45,46.9,14.8,1,1,0,0
5.18,381,12.17,88.2,20.3,2,2,0,4
1.83,354,2.45,54.8,17.8,2,2,1,1
13.43,568,0.57,73.3,16.1,1,1,0,2
4.74,527,13.36,87.6,10.6,2,2,1,4
14.45,322,4.21,96.4,17.4,1,1,0,3
16.02,311,12.15,89.5,16.1,2,3,0,4
15.52,380,12.03,99.8,5.3,0,0,1,4
13.3,663,4.56,75.1,11.1,0,2,0,2
10.19,563,9.64,58.2,18.8,0,3,1,2
6.1,64,5.25,45.9,21.5,0,1,0,0
2.06,226,7.25,76.7,9.3,0,1,1,1
7.59,550,7.57,64.5,16.0,0,1,0,1
10.02,616,10.49,76.7,4.3,0,0,1,2
15.67,161,11.51,52.7,14.1,2,2,0,3
7.0,432,3.6,75.8,11.0,0,1,0,0
14.32,173,6.86,73.7,22.5,1,2,1,2
8.63,250,4.75,97.5,16.0,0,3,1,2
17.88,456,5.17,55.7,5.9,1,2,1,1
12.38,665,6.04,76.2,9.1,1,2,0,2
1.09,573,6.22,72.1,6.3,1,3,1,0
11.1,394,4.3,58.8,21.8,1,1,1,1
11.03,215,1.48,82.1,7.3,1,3,1,1
15.83,394,3.37,70.1,14.2,2,1,1,1
8.65,705,6.01,63.1,17.4,2,0,1,0
4.08,551,13.6,56.8,13.5,1,2,1,2
11.71,41,8.31,47.8,15.9,2,3,1,0
0.57,351,4.54,50.6,15.2,0,2,1,0
9.83,481,2.27,96.1,13.7,2,1,1,2
17.18,304,1.21,53.9,15.2,1,2,1,1
16.02,279,12.4,68.1,4.6,2,2,1,2
6.24,50,2.62,94.2,19.0,1,2,1,1
14.78,599,1.56,101.0,16.2,1,1,1,3
8.69,67,10.92,80.2,22.9,0,1,0,2
11.36,447,12.11,82.3,10.8,2,2,1,4
16.54,277,7.51,109.5,6.7,2,2,1,3
11.86,309,10.27,41.5,11.0,1,1,1,0
0.47,112,6.11,78.2,22.2,0,0,1,1
2.03,8,6.79,108.9,18.4,1,1,1,3
11.74,298,11.1,68.6,20.1,0,2,0,2
8.1,170,4.17,49.9,13.5,2,1,0,0
12.64,292,5.27,99.3,20.9,0,0,1,3
12.32,492,13.77,91.2,8.2,0,3,1,4
0.72,391,12.89,97.9,16.9,1,0,1,4
2.8,136,7.92,110.6,20.6,0,0,1,3
8.86,304,5.61,47.5,11.1,1,1,1,0
13.64,350,12.76,63.0,11.1,1,3,1,2
3.51,358,7.22,85.7,18.2,1,1,0,1
8.9,383,13.52,63.9,6.5,2,2,1,2
0.85,248,9.79,50.1,11.6,0,1,1,0
8.66,201,12.9,112.0,18.6,1,2,0,4
7.55,557,7.25,62.0,18.9,1,0,1,2
9.57,14,4.4,84.5,4.1,1,1,1,0
16.72,432,1.81,104.7,5.3,2,2,1,3
6.82,510,3.16,111.2,13.0,0,1,1,3
17.34,678,13.58,53.7,18.0,1,1,1,3
5.59,256,12.68,99.0,12.2,1,1,1,4
13.38,689,2.05,61.5,12.6,1,1,0,1
17.72,609,1.99,78.6,16.8,0,2,1,3
8.38,642,1.01,83.2,14.7,1,1,1,1
10.24,710,7.25,102.8,8.8,2,0,1,4
1.71,19,9.56,84.3,14.2,2,3,1,2
8.54,420,8.66,88.6,7.1,0,0,0,3
10.03,587,7.03,86.2,18.0,1,2,0,3
0.98,53,8.91,48.7,10.0,1,1,0,0
5.66,281,3.42,109.7,22.8,0,1,0,3
10.0,234,5.56,69.7,16.1,2,0,0,1
1.71,574,5.24,61.3,15.8,1,0,0,1
0.63,442,7.94,66.0,13.4,1,1,1,0
14.54,433,4.96,92.8,6.5,1,3,0,3
0.43,328,12.62,80.7,10.9,2,1,1,2
7.02,512,2.75,93.2,20.9,1,1,1,2
16.42,562,5.58,90.9,17.9,1,0,0,3
17.32,531,3.64,95.7,13.5,1,1,0,3
13.84,304,8.48,98.6,6.7,0,3,1,3
16.88,596,4.79,42.6,4.6,0,0,1,1
14.61,674,1.98,45.2,8.7,0,0,1,1
4.87,362,1.35,51.9,14.4,0,1,1,0
5.34,93,1.56,79.8,5.6,1,2,1,0
6.28,286,8.9,49.3,8.9,2,1,0,0
4.28,32,5.92,90.8,5.0,0,2,1,1
13.29,11,7.12,108.6,15.4,0,3,1,3
8.38,614,6.03,62.8,11.9,2,3,1,1
16.64,666,7.25,80.0,11.1,1,1,1,3
14.61,145,12.79,74.6,10.1,0,2,0,2
2.63,5,2.29,53.6,16.4,1,2,1,0
4.28,469,7.34,76.0,8.3,2,2,0,1
15.68,450,5.41,44.8,21.4,0,0,1,1
16.45,460,2.12,109.5,5.7,0,3,1,4
2.19,132,7.25,46.2,7.7,0,3,0,0
7.35,281,4.96,67.1,18.2,1,2,0,1
11.49,502,1.3,42.2,6.4,0,2,1,1
11.1,601,10.87,46.8,16.9,2,1,1,3
2.84,115,13.91,82.2,6.2,2,1,1,2
7.47,570,1.43,67.6,19.9,2,3,1,1
13.63,106,13.95,112.0,5.2,0,1,1,4
16.31,241,3.89,40.5,13.7,1,1,0,1
16.76,303,7.33,45.0,9.6,0,1,0,1
0.32,75,5.85,69.0,17.1,0,1,0,0
9.78,615,12.73,65.5,7.1,1,0,0,2
0.49,185,4.77,55.2,11.0,0,3,1,0
14.89,651,3.31,58.4,13.1,0,2,1,2
7.75,379,12.25,87.2,4.9,1,1,1,2
13.29,580,9.46,91.9,12.9,1,0,1,3
17.33,619,12.54,67.6,5.5,0,3,1,3
4.79,151,3.98,49.8,12.3,0,2,1,0
15.11,687,10.98,66.6,5.8,2,2,0,3
16.87,670,10.75,100.2,10.0,0,1,0,4
5.96,453,3.77,45.7,21.3,0,0,1,0
16.71,465,7.95,50.3,9.3,2,0,0,2
3.58,677,6.55,100.5,20.6,1,1,1,2
15.13,191,13.94,91.0,13.5,0,2,1,4
12.32,83,1.1,104.9,5.2,2,1,1,2
9.14,515,1.16,94.5,11.1,0,2,0,2
4.36,356,13.96,85.0,19.1,2,3,1,4
9.49,197,11.26,82.1,19.3,2,1,1,3
9.31,614,5.72,61.8,20.2,1,1,0,1
8.16,566,10.66,87.0,12.0,0,0,1,3
15.67,97,4.71,52.0,17.8,1,1,1,1
15.48,591,13.83,75.2,19.2,0,1,1,3
9.56,15,10.93,77.7,12.9,2,0,1,1
5.92,35,12.23,71.4,11.1,1,1,1,0
1.0,246,12.55,52.4,8.8,2,1,1,0
5.86,235,4.53,73.9,12.1,2,1,1,1
0.96,241,10.67,75.9,14.4,2,0,0,1
17.87,466,11.66,57.7,11.9,1,2,1,2
11.5,170,5.13,83.2,19.7,1,1,1,2
16.19,273,3.18,87.5,10.3,1,3,0,2
5.01,344,11.37,88.0,12.2,2,1,1,3
7.24,297,3.05,87.1,14.8,0,2,1,1
9.79,285,12.28,78.4,6.6,1,2,1,2
0.43,336,0.65,40.8,9.5,0,1,1,0
5.19,625,11.79,52.7,13.2,0,3,0,2
1.7,327,9.33,52.9,17.8,0,0,0,1
15.57,672,11.23,78.3,21.5,1,1,0,3
13.53,96,12.98,74.8,16.5,0,0,0,2
14.68,94,1.41,87.8,14.8,0,2,1,2
14.84,557,11.59,98.9,14.8,0,2,0,4
15.58,18,3.12,108.7,11.2,0,0,0,3
8.73,257,0.84,86.6,12.7,1,2,0,1
9.94,440,3.82,41.5,17.7,0,2,1,1
15.0,261,10.08,77.6,20.1,0,0,1,2
7.6,480,9.01,106.1,6.8,0,1,1,4
10.6,367,10.26,39.0,4.1,0,1,1,1
17.94,139,1.01,95.8,22.8,2,3,1,3
8.07,149,3.39,42.7,19.1,0,1,1,0
10.89,680,12.71,102.2,14.0,0,2,0,4
10.54,473,0.51,48.7,13.4,0,1,1,1
9.93,77,8.23,68.4,11.0,1,3,0,0
10.87,351,1.42,50.8,12.4,1,2,1,0
15.06,45,2.01,91.4,13.5,0,3,1,1
3.29,675,2.39,107.5,5.5,1,1,1,2
6.53,162,7.25,75.1,22.7,0,1,1,2
8.91,322,9.2,58.4,14.9,2,1,1,1
0.55,241,5.85,49.4,19.3,0,0,1,0
17.65,253,4.38,93.7,6.9,0,2,1,2
12.73,437,4.97,38.1,5.4,0,1,1,1
6.6,535,6.35,102.8,8.6,1,2,1,2
5.35,190,10.12,64.9,21.4,1,0,1,1
2.1,324,10.59,56.3,4.4,1,1,1,0
0.45,649,3.44,90.6,20.0,2,1,1,2
6.34,521,9.08,107.4,21.0,2,1,0,4
3.2,612,2.17,48.2,14.1,2,1,0,0
2.32,414,5.88,76.8,21.2,0,3,1,2
17.89,535,1.72,110.9,6.0,1,1,0,4
11.1,73,9.69,90.0,8.2,1,0,0,3
3.24,215,5.49,97.9,12.3,1,3,1,2
15.13,305,11.47,80.6,18.3,2,1,1,3
2.74,219,1.04,69.6,13.8,2,2,1,0
15.64,692,5.38,75.1,19.1,1,0,1,4
14.65,179,10.58,109.7,21.6,0,1,0,4
17.46,672,11.49,88.4,6.9,0,1,0,4
11.62,53,5.92,99.9,11.0,2,2,1,3
3.69,695,2.92,50.5,13.1,1,1,1,0
1.94,511,9.25,89.0,6.8,0,2,1,3
11.56,223,5.65,85.2,5.8,2,3,1,2
9.77,309,1.75,104.4,6.4,1,1,0,2
1.66,9,4.67,97.8,13.5,0,0,1,1
5.53,59,8.72,66.3,4.6,0,1,0,0
1.17,650,11.82,100.0,19.5,0,1,1,4
9.57,632,13.43,46.7,20.8,0,2,0,3
16.66,37,4.74,80.3,20.3,1,1,1,1
12.63,597,11.71,111.6,9.7,1,1,0,4
6.0,255,7.25,48.6,4.4,0,1,1,0
2.06,482,2.03,75.1,21.5,2,2,1,3
13.7,523,3.06,96.9,9.1,1,3,1,3
6.2,305,9.65,39.2,4.5,1,0,1,0
17.96,6,12.49,59.7,20.9,1,3,1,3
14.6,330,11.93,48.8,17.0,0,0,1,2
5.69,463,8.53,74.7,16.6,0,0,0,1
7.25,700,8.75,102.5,16.3,2,2,1,4
8.38,104,13.88,42.4,16.9,1,1,1,1
2.78,521,10.42,83.5,13.5,2,3,1,3
6.17,438,5.15,70.7,14.5,2,1,0,1
7.41,357,5.49,96.7,15.1,1,1,0,3
10.8,402,8.99,58.3,22.1,0,1,1,1
9.86,79,1.69,84.1,13.3,2,3,1,1
13.67,466,0.97,62.7,10.2,2,0,0,1
10.76,162,12.08,38.9,18.9,0,1,1,2
6.39,101,13.73,45.1,20.2,0,2,0,3
14.0,648,7.25,65.4,5.5,1,1,1,3
10.95,661,7.09,68.6,10.9,2,1,1,1
5.47,64,11.96,75.9,13.6,0,3,0,2
14.62,689,7.79,55.2,16.7,1,1,1,2
13.59,249,8.4,106.6,18.1,0,2,1,4
8.19,388,2.36,79.1,18.3,1,0,0,1
3.09,120,2.11,68.6,17.9,0,2,1,0
17.51,510,8.09,65.8,13.0,0,0,1,2
13.04,263,13.03,49.9,9.5,2,1,0,2
1.22,520,12.3,84.7,15.7,0,2,0,3
2.75,402,7.25,100.4,21.1,0,1,1,4
0.84,29,6.88,58.4,18.5,1,1,0,0
16.47,201,8.38,77.8,4.0,1,3,1,1
13.66,501,9.86,62.4,22.2,0,2,0,3
3.61,557,11.44,58.3,7.9,1,0,0,1
3.47,554,2.37,65.5,13.1,0,3,0,0
0.44,181,5.28,54.8,17.2,2,1,1,0
2.4,548,2.5,98.9,17.5,2,0,1,2
10.45,699,5.09,52.9,12.6,1,2,1,2
2.47,206,3.3,88.1,16.5,2,0,0,1
6.16,519,3.77,54.7,17.2,2,3,0,2
17.93,156,1.94,50.0,13.4,0,1,1,1
1.96,373,1.95,84.2,8.9,0,3,1,1
11.51,678,1.4,111.0,12.0,1,1,0,4
13.56,191,5.43,41.7,18.5,1,3,1,1
10.01,265,4.18,83.3,21.7,1,3,1,2
3.41,49,0.5,39.0,6.7,0,2,0,0
11.33,306,10.45,91.3,17.4,2,3,1,4
7.48,517,8.96,55.0,8.6,2,1,1,1
9.85,711,10.06,50.2,22.8,2,0,1,2
4.4,116,13.1,63.9,21.2,0,2,0,2
3.51,461,9.77,104.2,20.7,0,1,0,4
5.19,359,9.43,51.5,20.9,0,1,1,0
5.57,8,10.05,76.9,5.2,0,3,0,0
1.58,6,5.13,111.8,13.9,0,1,1,2
10.66,12,2.78,70.8,15.1,0,0,1,0
7.98,284,11.35,38.9,16.2,2,3,0,2
3.89,406,6.94,107.1,22.6,2,2,1,3
10.68,555,2.84,94.8,17.3,0,1,0,3
4.41,40,2.25,80.9,13.5,0,0,0,0
1.11,582,8.69,105.3,12.2,1,0,1,3
15.48,492,4.01,71.7,6.1,0,0,0,1
15.03,231,4.35,83.1,21.3,0,2,1,2
13.38,253,9.79,45.7,12.3,1,1,0,2
4.7,382,9.68,41.7,22.7,0,0,0,2
17.86,490,13.91,47.9,17.7,1,1,1,3
17.54,578,0.64,71.8,6.7,2,0,1,2
8.2,69,11.97,105.6,17.5,0,1,0,4
16.94,662,12.81,92.8,12.0,0,3,1,4
12.7,88,9.34,102.3,8.9,0,2,1,3
7.15,185,7.27,44.5,7.1,0,2,0,0
0.71,601,2.74,100.1,8.2,0,2,0,3
15.91,231,13.58,85.4,21.7,0,2,1,4
8.17,306,2.99,49.8,17.9,2,3,1,1
1.5,389,2.87,51.8,6.6,0,2,0,0
14.67,577,0.73,95.8,12.7,0,3,0,3
17.17,451,11.95,69.7,16.9,0,3,1,3
5.18,581,12.9,87.1,9.4,1,3,0,3
11.77,23,2.66,49.9,10.2,0,1,0,0
2.86,164,2.16,64.6,13.2,1,3,1,0
5.85,227,8.07,102.8,9.1,0,2,0,3
16.53,58,11.51,47.4,18.9,1,1,0,2
6.48,490,1.99,68.3,21.3,1,1,1,1
15.91,469,11.19,62.8,10.6,0,2,1,3
14.66,388,12.2,94.4,16.3,1,2,1,4
3.52,31,2.5,67.2,13.3,2,1,1,0
16.73,358,5.85,44.2,17.2,1,0,1,1
10.75,146,3.04,55.3,9.3,2,2,1,0
10.71,709,5.34,93.4,15.4,2,0,1,3
2.44,399,13.35,56.5,11.6,2,3,0,2
14.68,151,11.79,70.9,22.7,0,1,0,2
9.5,196,8.48,95.0,15.8,0,1,0,3
6.43,173,9.43,52.1,18.3,2,1,1,1
11.47,29,10.9,67.5,19.4,0,2,0,2
16.9,395,11.89,93.9,9.7,1,1,1,3
9.98,154,2.52,46.7,5.2,1,2,1,0
9.85,295,7.86,69.7,19.2,0,2,0,2
3.18,599,12.66,73.3,6.1,0,1,1,1
0.77,545,5.53,42.5,15.1,2,1,1,0
16.9,377,6.37,87.9,10.3,0,2,1,3
11.67,648,2.8,69.7,10.1,1,0,1,1
6.45,539,7.43,73.6,10.7,1,3,1,1
9.48,156,5.12,57.7,8.8,2,2,1,0
14.97,272,1.17,92.5,4.0,2,1,1,1
7.58,244,3.31,55.8,6.6,2,3,1,0
7.88,122,8.17,43.3,5.1,0,0,1,0
13.47,673,8.34,44.1,22.9,1,1,1,3
10.51,251,7.44,44.8,21.9,0,1,1,0
17.94,161,4.54,70.4,14.9,2,2,0,2
5.77,379,12.4,72.3,22.3,2,1,0,2
11.76,630,7.49,71.2,21.3,0,2,1,3
16.25,576,11.11,97.5,22.0,0,1,1,4
6.92,593,11.13,43.2,16.0,0,0,1,1
15.76,101,4.31,46.0,12.7,0,1,0,1
5.26,680,8.32,59.4,17.7,0,2,1,1
17.42,670,9.68,84.4,8.2,0,0,1,3
15.6,127,11.1,103.5,21.5,0,0,1,4
7.41,81,3.13,66.0,13.3,0,3,0,0
11.23,265,7.65,45.5,12.8,0,0,1,0
13.1,388,12.22,112.0,4.0,1,1,0,4
0.56,144,13.86,64.3,15.8,0,2,1,1
8.11,247,10.58,46.2,16.3,1,1,0,1
10.55,490,8.53,99.2,5.4,0,1,0,4
4.62,160,8.44,62.2,7.9,0,2,1,0
3.99,72,2.89,109.2,18.2,1,3,0,2
6.38,532,13.27,94.9,13.1,2,0,1,4
14.83,483,1.09,49.8,12.4,0,1,0,1
8.97,618,7.33,73.7,11.2,1,2,0,2
9.82,62,9.29,71.1,17.3,2,3,0,2
2.25,410,11.0,83.7,19.8,1,0,1,2
13.32,141,2.52,81.3,16.3,0,3,1,2
12.41,219,9.14,111.0,19.4,0,0,1,4
10.44,612,5.64,54.7,12.1,1,3,1,2
6.41,292,5.28,89.3,11.5,0,0,1,1
3.28,649,10.8,78.3,10.4,2,0,1,2
15.8,20,12.65,75.5,16.9,0,0,0,2
5.76,133,8.85,72.4,15.5,0,1,1,1
5.61,204,12.82,98.2,13.5,1,1,0,3
16.34,161,1.12,70.3,21.5,1,1,1,1
9.94,219,3.3,55.1,16.5,1,3,0,0
0.64,532,9.31,73.7,9.0,2,2,0,2
2.05,670,6.57,71.0,4.9,0,1,1,0
4.8,578,5.97,88.6,7.3,1,3,0,2
3.46,212,7.04,74.3,17.9,2,0,1,0
13.66,278,4.37,63.9,19.3,0,2,1,2
2.25,310,6.74,82.0,11.1,1,2,1,1
11.95,693,7.25,71.8,22.3,2,2,1,3
0.96,599,11.78,97.0,21.1,0,1,0,4
13.51,264,8.02,61.7,5.7,0,3,1,1
13.75,324,5.23,59.6,6.1,2,3,1,1
15.36,593,11.74,108.9,8.0,2,0,1,4
9.57,481,6.1,42.5,22.2,2,3,1,2
0.64,359,0.82,48.1,9.7,1,1,0,0
13.9,12,6.27,68.6,22.4,0,3,0,1
4.3,197,13.74,65.8,22.6,0,1,1,2
12.21,271,3.11,53.0,17.0,0,1,1,0
13.49,362,8.38,85.2,13.3,0,1,0,3
13.53,472,6.19,62.6,5.1,1,2,1,1
10.3,573,10.97,49.7,4.8,0,2,1,2
14.96,436,1.92,55.5,10.3,1,2,0,2
6.74,171,4.73,98.5,17.1,2,2,1,2
7.19,696,2.33,102.5,14.9,0,1,1,3
1.12,207,9.88,71.9,7.3,2,0,1,0
14.8,486,11.1,46.0,13.5,2,2,1,3
9.14,668,0.72,109.6,19.2,0,0,1,3
8.33,542,7.6,78.4,4.4,2,0,0,2
3.44,358,12.48,63.8,6.3,0,1,0,1
9.83,302,10.19,55.0,14.7,2,0,1,1
12.87,516,4.45,107.1,13.7,2,0,1,4
14.9,634,3.14,105.5,6.4,1,3,0,3
3.35,175,9.52,51.9,21.1,1,1,0,1
11.28,678,4.91,63.9,11.6,0,3,1,1
9.14,77,3.81,41.5,6.1,1,2,0,0
11.71,404,2.8,52.1,17.0,2,0,0,1
11.8,198,13.29,95.7,19.5,0,1,1,4
11.69,290,12.75,97.0,16.7,2,3,0,4
6.53,143,8.38,53.2,16.5,0,0,1,0
11.57,48,3.12,67.9,14.0,0,0,1,0
6.62,512,8.43,58.1,14.0,1,1,0,1
7.27,218,4.17,96.9,18.2,2,2,0,3
11.69,567,13.18,92.9,16.0,1,3,1,4
0.45,351,7.37,96.4,10.0,1,3,0,2
7.53,301,4.27,47.8,10.0,1,0,1,0
5.53,180,3.59,66.7,21.6,1,1,0,0
7.47,86,0.74,67.4,12.1,1,2,1,0
4.21,343,2.95,104.9,22.4,0,1,0,3
16.79,188,4.44,57.1,6.9,0,3,1,1
0.46,540,1.09,51.5,8.8,0,1,1,0
6.47,143,12.22,79.6,22.2,2,2,0,3
10.73,544,12.55,81.8,22.2,1,1,0,3
0.77,403,10.35,81.9,16.8,1,0,0,1
9.74,628,1.28,45.1,17.2,0,3,1,1
4.27,205,4.82,49.2,13.5,0,1,0,0
13.75,282,4.76,101.9,5.9,0,3,0,2
13.37,616,9.68,46.8,11.7,2,0,1,2
17.78,380,13.71,45.3,21.9,1,3,1,3
10.52,650,3.09,56.9,17.5,1,1,1,2
16.2,439,5.44,55.6,5.2,2,2,0,2
12.5,155,8.28,82.5,5.2,1,1,1,1
11.86,142,13.76,79.5,20.2,0,1,1,3
0.97,223,7.7,66.5,12.0,0,0,1,0
17.87,371,4.83,109.7,6.3,0,0,1,3
12.82,370,6.8,52.8,8.2,1,1,1,1
8.06,55,10.52,51.5,4.7,0,2,1,0
14.95,231,1.58,86.6,19.5,1,0,0,2
14.51,244,5.8,102.9,17.4,0,2,1,3
14.54,357,1.21,98.4,12.7,1,2,1,3
8.0,103,8.47,53.4,19.3,0,1,0,0
13.25,96,4.91,101.2,7.9,0,0,1,2
9.16,209,10.55,107.3,5.6,0,1,1,3
12.89,325,8.58,75.1,15.1,0,0,0,4
3.77,478,6.62,67.6,18.0,1,1,1,0
9.78,142,7.25,89.0,5.8,0,0,0,1
15.21,356,1.58,70.3,22.5,0,1,0,1
1.35,439,12.13,89.2,14.5,0,3,0,3
6.06,338,3.9,92.8,20.7,0,0,1,2
17.69,137,7.48,84.9,16.5,1,0,1,2
14.6,262,8.5,60.1,9.2,0,0,0,0
12.03,170,8.08,53.2,11.0,0,1,0,0
17.2,443,12.33,52.5,19.7,0,2,1,3
13.25,487,11.53,52.0,13.1,0,2,0,3
12.42,606,8.7,67.2,12.0,0,0,1,2
11.5,214,1.54,87.3,6.1,2,2,1,1
17.61,608,13.68,99.3,22.1,0,3,0,4
7.71,277,7.12,98.2,19.9,1,3,0,3
10.95,225,4.31,88.6,10.6,0,2,1,1
1.53,252,11.93,62.8,14.3,1,0,0,0
8.91,101,2.75,111.8,14.6,1,1,1,3
15.14,19,12.21,74.3,10.5,2,3,1,2
0.53,34,4.47,54.0,22.9,1,0,1,0
1.08,284,13.27,48.1,13.9,2,3,1,2
10.76,382,2.0,76.6,8.2,2,1,1,1
3.18,121,1.81,88.1,20.3,1,3,1,1
10.67,541,10.66,95.3,10.4,0,2,1,3
14.01,254,9.73,109.0,13.5,0,3,0,4
9.41,661,9.52,69.5,8.3,1,1,0,1
15.66,421,9.85,50.8,20.7,0,0,0,3
16.07,568,3.61,84.0,16.4,0,3,1,2
9.5,662,12.6,94.4,4.9,0,1,1,3
11.02,259,7.25,81.0,19.0,0,3,0,2
11.31,365,5.42,60.1,10.3,1,0,1,0
8.51,222,11.39,78.4,15.5,2,2,1,2
5.29,511,7.32,62.7,14.0,2,1,1,0
8.76,517,5.4,95.7,20.6,1,2,1,2
10.85,606,3.95,72.4,18.8,0,2,1,1
16.97,456,8.52,92.6,22.8,0,1,0,4
17.17,650,1.34,82.4,13.9,2,2,0,3
17.6,395,4.87,83.9,7.6,2,3,1,2
5.8,594,3.74,68.2,17.1,2,0,1,1
12.33,335,4.43,51.2,10.4,2,1,1,1
14.56,215,1.54,74.7,5.3,2,1,0,1
1.53,319,13.19,45.7,19.9,0,2,1,2
16.02,89,2.98,46.7,15.5,0,0,1,1
8.19,57,3.95,63.2,15.8,2,0,0,0
17.12,280,12.1,109.8,16.0,1,1,1,4
11.12,532,12.08,75.8,12.5,0,2,1,3
9.67,620,4.4,98.0,8.9,0,0,0,3
15.73,562,7.57,107.0,14.4,2,3,1,4
6.99,92,1.18,48.6,14.0,0,3,0,0
3.28,669,3.45,66.2,20.4,1,1,1,1
0.86,65,1.0,55.3,15.0,2,2,0,0
10.72,328,11.54,57.0,9.2,0,3,1,0
17.56,289,12.15,78.3,20.8,1,3,1,3
6.08,408,5.22,109.6,8.7,2,1,1,3
5.71,656,13.1,75.2,11.6,0,2,0,2
14.04,413,4.33,104.3,19.6,2,3,1,3
10.68,662,3.62,85.6,4.5,1,1,1,2
17.36,421,4.23,45.6,13.8,2,2,1,2
2.88,584,7.28,73.7,13.1,0,2,1,0
6.72,92,2.07,85.8,11.7,1,2,0,1
12.48,184,0.61,55.1,5.8,1,3,1,0
6.24,705,13.35,98.7,9.6,2,0,1,4
9.1,355,6.36,85.9,10.3,1,2,1,2
3.76,87,5.49,47.7,7.9,0,3,0,0
11.88,365,7.95,110.1,10.2,2,1,1,3
11.59,592,6.94,45.8,22.2,1,2,1,3
4.88,253,6.42,79.8,11.2,2,2,1,1
11.03,708,13.63,92.2,8.7,1,2,1,4
14.75,477,5.51,82.1,8.0,2,2,1,2
9.61,104,5.55,65.8,19.5,0,1,1,1
0.39,74,9.27,92.9,6.1,1,0,0,2
13.94,316,11.71,61.4,19.8,2,1,1,2
12.15,151,2.47,86.5,14.2,2,1,1,2
15.54,350,11.99,79.9,5.7,2,1,1,2
14.19,393,5.81,54.2,4.3,0,0,1,0
13.01,208,6.13,92.3,11.5,0,3,0,2
3.75,312,10.82,44.3,11.7,1,1,1,0
13.21,237,10.78,93.9,9.6,2,2,1,4
5.09,716,7.87,111.7,10.7,0,1,1,3
12.04,542,7.46,57.9,5.0,1,1,1,1
14.27,604,10.54,92.4,7.0,0,2,1,4
10.15,713,1.61,94.9,7.9,2,0,1,3
2.96,377,11.83,49.0,7.6,1,1,0,0
4.15,229,6.63,103.7,12.9,0,1,0,2
6.41,443,2.16,105.1,13.5,2,1,1,3
2.05,197,5.39,75.1,20.1,1,1,0,1
16.76,354,10.69,81.3,6.1,0,1,1,2
9.17,45,0.97,58.2,21.7,2,1,1,0
9.64,197,12.44,97.0,19.2,2,1,0,4
11.47,649,7.71,84.5,20.3,2,2,1,3
17.26,456,5.65,75.1,15.9,0,1,1,2
8.93,384,2.12,63.2,22.5,1,2,1,2
7.39,39,3.44,64.4,8.6,0,2,1,0
16.51,169,1.78,70.8,4.4,1,0,1,0
14.42,175,11.65,93.5,22.9,0,3,0,4
15.46,266,5.13,47.5,10.9,0,1,1,1
1.71,299,7.7,60.3,11.6,0,2,0,0
0.57,29,12.2,60.9,17.9,1,0,1,0
5.08,664,3.64,40.9,20.8,0,2,1,1
4.21,310,10.93,81.7,13.5,0,3,1,1
4.77,388,11.12,104.2,6.8,0,1,1,3
8.01,88,3.94,51.5,4.5,1,0,1,0
8.22,11,5.94,86.0,6.7,1,2,0,1
3.54,475,3.75,46.1,16.4,0,1,1,0
7.94,693,4.93,56.4,6.1,2,2,1,1
14.88,281,8.8,95.8,18.7,1,1,0,3
6.61,627,4.32,96.0,22.9,1,2,1,3
15.39,278,1.61,93.4,9.6,1,2,0,3
7.63,148,6.1,44.0,8.6,0,0,1,0
11.78,618,6.93,46.1,6.6,1,1,0,2
4.63,47,0.96,77.9,17.9,0,1,0,0
3.27,645,7.79,75.1,18.5,0,1,1,1
16.25,259,4.02,65.3,12.8,0,1,0,0
7.39,611,5.03,77.5,5.2,1,1,0,0
7.38,8,9.48,48.8,13.5,0,1,0,1
4.54,661,7.74,42.1,18.0,1,1,1,0
10.25,557,7.1,76.4,13.5,1,1,1,2
13.14,396,6.59,65.4,9.4,2,0,1,0
14.02,544,7.69,84.1,12.2,2,0,1,3
3.09,647,7.41,45.3,8.4,0,1,1,0
5.23,586,10.29,68.3,9.6,2,1,1,1
15.55,20,10.92,74.2,16.0,1,1,0,1
7.73,602,12.61,95.0,4.8,0,2,0,4
6.44,81,2.66,83.4,22.3,2,2,1,1
13.42,75,2.21,67.4,12.6,2,1,1,0
0.71,609,5.41,56.4,11.3,0,0,1,0
4.76,590,10.64,59.5,21.4,0,2,1,2
11.67,510,11.02,47.5,6.4,0,3,0,2
7.4,678,1.16,94.1,16.2,1,0,0,2
10.38,572,5.99,111.7,20.0,2,2,1,4
9.83,548,9.99,89.7,8.4,0,0,1,3
7.41,89,2.51,98.4,14.1,2,0,1,1
5.28,331,1.54,70.1,6.3,1,1,1,0
2.24,662,7.25,71.7,4.5,1,1,0,0
7.18,594,8.23,93.0,21.0,1,1,1,4
7.07,187,6.6,56.3,8.8,1,0,0,0
1.09,130,2.23,103.8,14.7,0,1,0,2
12.85,9,13.16,107.9,21.3,0,0,1,4
14.49,378,6.49,88.6,8.5,0,0,1,1
12.25,40,9.55,100.3,16.5,2,1,1,4
9.8,86,13.69,104.4,8.2,2,3,1,4
1.75,720,0.5,46.2,11.5,0,3,1,0
7.07,702,3.9,46.3,8.4,1,2,1,0
5.4,177,7.37,61.1,6.8,1,3,0,0
2.37,367,11.43,46.0,17.4,1,2,1,1
12.79,536,10.28,70.0,16.3,1,2,1,3
0.47,21,10.0,106.5,14.8,0,3,0,3
1.47,220,12.11,101.1,8.8,0,3,0,3
15.72,193,10.31,107.6,20.9,0,0,1,4
0.67,643,11.74,76.6,8.8,0,2,1,2
11.06,553,12.55,101.2,16.1,0,2,1,4
4.58,360,0.88,97.8,8.8,2,3,1,2
2.61,269,1.74,98.6,21.9,0,3,1,2
3.67,79,3.81,65.2,21.4,1,3,1,0
8.05,233,7.25,41.6,12.5,0,1,1,2
13.91,69,2.36,47.0,12.7,0,1,0,0
3.38,337,12.34,57.3,21.0,1,2,0,2
1.61,62,9.16,100.9,16.2,1,1,1,3
15.37,564,6.47,62.2,19.7,1,1,0,3
10.57,304,10.25,61.4,22.1,1,1,1,1
13.52,127,9.8,97.4,6.9,0,0,1,3
4.42,567,13.8,51.0,18.9,0,2,0,2
2.31,151,13.76,87.3,11.7,2,2,1,3
5.43,337,6.28,78.8,7.8,2,2,1,1
1.29,188,9.24,45.4,20.4,1,1,1,0
16.84,433,7.25,81.3,6.4,0,1,0,2
14.87,369,4.37,110.2,12.5,1,0,1,3
2.27,195,9.78,49.4,10.4,0,3,0,0
12.73,6,10.79,98.1,22.4,0,1,1,3
8.04,627,8.37,40.5,7.9,2,0,1,1
6.5,232,7.48,85.2,11.7,0,2,0,1
9.04,264,2.07,71.0,6.2,0,3,1,0
15.64,624,10.41,45.4,16.7,1,2,1,3
10.6,536,1.97,55.1,6.3,2,0,1,0
1.49,630,13.63,90.6,16.4,2,0,1,4
13.15,380,8.41,44.9,5.2,1,1,1,1
15.31,50,13.17,107.8,16.1,1,2,1,4
4.49,161,1.47,110.4,11.6,2,1,0,2
7.49,193,8.08,108.2,4.8,2,1,0,3
16.04,232,9.99,63.7,20.8,0,2,0,2
14.95,185,1.02,48.4,10.8,1,1,1,0
11.54,129,7.94,99.5,14.4,1,0,1,3
12.76,17,6.08,54.1,18.0,2,1,0,1
7.76,428,1.55,105.9,6.9,0,1,1,2
1.4,101,7.17,81.3,11.1,0,1,0,0
4.34,365,5.08,96.3,20.9,1,1,0,2
8.25,150,6.03,58.5,6.1,2,3,1,0
12.79,269,1.57,76.7,9.0,0,0,1,0
10.59,187,13.63,98.8,5.5,1,1,1,3
14.42,658,5.22,42.4,12.6,0,3,1,2
14.05,200,4.35,53.5,8.8,2,3,0,1
11.97,645,6.87,41.9,12.2,1,0,0,1
10.43,460,7.3,105.5,9.4,0,1,0,3
11.97,370,6.88,78.9,8.8,1,0,0,1
16.33,519,13.0,71.1,20.2,0,0,0,3
17.49,592,8.97,93.3,10.4,0,1,1,4
6.48,353,1.77,99.0,7.2,0,2,1,1
7.18,192,13.43,110.4,13.3,0,1,1,4
14.62,223,12.1,64.8,20.1,2,1,0,2
12.59,144,13.89,61.1,8.1,0,1,0,2
16.53,320,11.63,91.9,12.5,0,1,0,4
0.79,361,11.2,60.2,12.0,1,2,1,1
3.73,120,8.92,110.4,17.7,0,2,1,4
2.0,36,11.34,96.3,21.6,2,1,1,3
7.04,376,10.53,103.2,5.8,1,2,1,3
4.76,435,5.29,103.3,14.8,1,1,1,2
5.29,714,13.96,75.1,8.9,2,2,1,2
9.72,396,12.75,58.0,13.1,1,3,1,2
2.34,273,12.28,46.3,15.2,2,1,0,2
9.53,260,5.22,75.3,13.1,1,2,1,1
2.68,290,13.83,92.2,5.4,2,2,1,3
5.82,205,5.9,97.6,20.3,0,2,1,2
3.31,305,7.25,77.9,15.6,2,1,0,1
9.24,630,7.74,108.5,17.0,1,2,1,4
6.87,227,2.77,58.9,14.0,0,1,0,0
17.72,617,5.86,108.8,20.3,0,2,1,4
3.33,148,11.98,40.2,15.4,1,1,0,1
10.69,712,6.57,83.8,18.2,0,1,1,2
4.56,681,7.16,105.1,22.3,2,0,1,4
8.92,388,4.89,91.7,18.0,2,3,1,3
2.48,163,2.19,77.4,19.5,1,3,1,0
2.44,225,12.17,69.8,18.0,0,1,1,1
15.63,701,9.14,61.6,11.0,0,2,0,3
4.53,689,6.45,83.0,11.4,0,0,1,1
6.78,403,5.02,70.9,18.8,0,0,1,0
2.51,185,7.25,99.4,15.5,1,1,0,3
5.73,635,10.0,103.9,16.1,0,1,1,3
13.76,293,7.25,50.9,8.4,1,1,0,1
8.0,646,0.52,102.8,12.1,1,1,1,2
9.02,19,9.91,98.9,19.8,1,2,0,4
7.86,70,7.85,46.1,22.9,0,3,1,1
17.56,353,0.89,55.1,9.5,0,2,1,1
11.13,279,10.79,93.4,15.0,2,1,1,4
3.41,94,13.36,50.7,15.9,2,3,0,1
4.53,264,11.27,54.8,21.8,0,1,0,1
5.9,101,6.04,66.4,17.0,0,1,0,0
9.13,238,2.62,66.8,15.3,0,1,1,0
3.75,63,5.61,51.6,4.6,0,0,0,0
8.14,677,11.6,69.1,4.9,1,1,1,1
11.54,226,8.97,53.0,6.5,2,2,1,1
4.42,615,13.28,57.7,18.6,1,1,1,1
11.07,680,6.98,58.9,19.0,2,0,1,2
6.42,628,1.29,82.6,12.0,2,3,1,2
1.64,30,13.74,58.4,20.5,1,1,0,1
16.89,317,4.75,86.1,10.0,1,0,0,2
3.44,491,13.96,67.1,15.9,0,1,0,2
1.58,514,3.46,42.0,6.4,0,3,0,0
3.16,568,10.34,87.5,9.1,0,1,1,1
14.42,125,9.85,49.1,21.5,0,1,1,1
13.43,676,7.95,101.9,14.4,0,1,1,4
10.1,288,2.08,63.6,10.2,2,1,1,0
5.46,704,0.67,104.9,10.5,0,2,0,3
6.98,368,4.62,76.2,4.4,2,2,1,0
7.37,687,7.16,96.7,19.8,1,2,1,3
2.22,459,12.89,65.2,11.4,1,1,0,1
13.4,517,9.27,96.3,8.6,0,3,1,3
2.92,558,3.05,75.1,20.3,0,2,1,3
17.04,433,5.22,52.7,10.0,2,2,0,2
14.68,563,11.03,87.1,14.8,2,1,1,4
10.38,307,4.73,67.7,21.0,1,3,0,1
7.88,101,10.37,87.8,21.1,0,2,0,3
5.32,253,9.87,55.6,15.3,1,1,1,1
17.59,417,5.59,58.8,14.1,0,3,0,1
13.48,218,3.06,45.0,7.5,0,1,1,0
9.31,437,0.96,70.0,20.2,2,1,1,1
2.06,570,12.64,98.0,16.0,0,1,1,3
12.41,118,5.76,44.8,14.3,1,2,1,0
6.68,137,8.63,103.1,6.9,0,2,0,3
16.91,566,13.01,60.1,5.3,2,1,0,3
12.43,468,3.69,60.3,7.1,0,1,1,1
12.35,596,5.49,108.6,11.6,1,1,1,4
6.55,153,8.61,81.7,7.3,0,3,0,1
3.28,107,0.68,53.0,17.2,1,2,0,0
10.06,118,8.89,57.3,5.2,0,0,1,0
11.49,503,0.98,45.4,21.8,1,3,1,2
6.71,459,9.58,91.9,10.6,0,1,1,3
6.3,259,5.79,45.1,11.3,2,0,1,0
11.36,404,13.53,57.2,5.6,2,2,1,2
16.07,452,13.67,48.4,11.2,2,2,1,3
8.53,464,4.08,95.2,7.9,2,0,1,2
8.31,279,7.02,111.6,14.1,1,0,1,3
3.11,222,10.5,77.2,19.2,2,1,0,2
2.34,707,2.46,47.8,20.8,2,1,1,1
8.56,257,7.48,55.2,21.4,0,2,0,2
14.16,175,7.31,41.2,18.6,2,2,1,2
9.58,699,6.86,102.4,15.3,1,1,1,3
1.53,605,5.57,75.1,18.1,1,2,0,0
8.4,230,1.13,50.2,10.3,2,2,1,0
6.65,368,1.99,44.5,14.3,2,1,1,0
1.9,506,4.7,106.7,16.1,1,2,1,3
13.45,660,7.25,72.8,4.6,0,1,1,1
5.62,486,5.34,64.7,21.5,0,3,0,1
10.68,434,10.92,88.6,10.0,2,3,1,4
7.87,413,6.08,83.4,16.4,0,2,1,2
5.95,297,8.65,95.6,14.5,0,2,1,3
2.54,346,10.99,53.0,18.0,1,1,1,0
2.17,605,7.48,107.8,4.1,2,3,1,3
5.6,535,2.17,75.1,15.5,0,1,1,3
7.76,375,10.83,102.6,4.0,0,1,1,3
3.07,19,5.41,53.6,7.1,1,3,0,0
4.46,205,12.74,55.4,13.3,1,1,1,1
10.41,714,7.37,101.2,17.1,0,0,1,4
10.17,483,13.52,55.2,4.6,2,3,0,3
12.78,330,4.25,109.2,15.1,0,1,1,3
14.25,577,11.62,89.5,22.7,2,3,1,4
10.75,507,8.79,92.3,8.5,0,0,1,3
16.76,509,8.7,45.8,13.1,0,1,0,2
10.23,213,9.02,68.4,7.7,1,0,1,0
15.5,226,12.82,111.8,12.8,2,1,1,4
11.82,73,2.32,63.9,4.6,0,2,1,0
0.79,696,9.29,77.1,10.0,1,2,0,2
5.18,228,9.72,66.6,20.3,0,1,1,1
15.39,467,11.69,41.4,4.5,2,2,1,2
17.89,621,2.59,86.0,11.9,1,3,1,3
16.14,522,3.74,91.6,9.8,0,1,0,2
16.27,578,12.64,56.4,5.2,0,2,1,3
12.03,242,13.58,78.2,15.1,0,2,1,2
0.61,630,0.6,43.2,9.3,0,3,1,0
3.18,547,10.85,80.2,8.7,0,1,1,1
0.67,601,1.57,111.6,18.7,2,2,1,4
9.72,85,4.27,111.0,13.5,0,2,1,3
9.93,690,6.1,100.1,16.5,1,2,1,3
8.43,578,1.56,87.1,12.9,0,2,1,2
17.44,283,3.31,55.6,11.3,0,3,1,0
14.21,230,3.35,103.4,21.1,0,2,1,3
15.27,428,9.37,90.7,14.0,0,1,1,3
2.47,188,8.06,56.4,15.8,0,2,1,0
9.02,243,10.4,100.6,18.4,0,1,0,3
9.5,332,11.03,67.6,17.9,2,2,1,3
13.27,25,4.42,72.2,4.4,0,0,1,0
4.89,179,4.42,39.2,12.7,2,2,1,0
16.26,500,10.5,72.6,20.8,0,1,1,3
4.03,388,9.77,85.8,8.8,2,1,0,2
14.19,648,4.09,104.5,13.8,1,3,0,4
13.84,270,13.02,105.2,13.3,2,3,1,4
13.52,149,5.46,77.1,19.8,1,0,0,1
4.47,567,2.05,90.7,5.2,0,2,1,2
7.43,406,7.49,77.2,7.5,0,2,0,1
7.59,189,7.18,99.9,17.8,0,0,1,2
8.04,652,9.22,88.3,21.2,0,1,1,3
11.08,361,5.37,89.5,17.0,2,1,0,3
16.58,35,1.18,58.7,9.5,1,2,0,0
5.06,279,12.46,46.2,4.9,0,1,0,1
7.14,340,12.55,54.4,12.1,2,2,1,2
13.62,604,11.93,77.7,5.8,1,0,1,3
10.28,615,5.85,40.4,5.3,2,2,1,2
5.44,330,12.71,82.3,9.5,0,1,0,2
16.13,523,5.6,52.8,12.6,0,2,1,2
1.87,186,13.05,96.8,14.1,0,2,1,3
12.72,457,6.04,76.1,7.7,0,1,0,1
7.17,189,11.42,54.5,12.6,0,3,1,1
13.33,466,4.94,98.5,11.3,0,3,1,3
1.85,277,9.84,43.1,12.8,2,3,0,1
15.92,134,3.31,83.3,16.5,2,1,1,2
9.31,414,10.8,61.7,13.4,1,3,0,2
15.4,622,0.87,46.4,18.6,2,0,1,2
7.78,527,13.93,108.1,21.4,2,1,0,4
13.55,169,7.18,38.8,19.4,2,3,1,2
13.66,158,2.52,106.1,10.5,2,3,1,3
4.03,112,5.16,109.6,20.0,1,2,1,3
9.39,583,6.23,76.1,6.2,1,2,1,1
7.23,127,11.29,79.9,7.6,2,2,1,2
16.84,190,2.7,100.7,8.6,0,3,0,3
9.65,387,3.78,101.0,18.6,0,3,1,2
1.51,556,3.25,108.9,17.2,0,0,1,3
3.54,330,9.73,62.6,11.0,0,2,1,1
4.41,201,4.07,92.5,20.8,0,1,1,2
4.93,74,13.87,89.6,19.3,0,3,0,3
16.79,613,9.73,99.6,19.4,0,1,0,4
3.93,221,7.25,42.4,9.5,0,1,1,0
13.36,246,9.94,102.4,10.3,0,3,1,3
13.21,228,6.45,80.9,13.9,2,1,1,2
16.73,409,9.5,80.6,14.4,1,1,1,3
4.74,707,2.6,44.1,5.1,1,2,1,0
15.37,296,11.03,108.3,21.0,0,3,1,4
11.44,422,6.64,86.4,21.6,0,1,1,3
11.76,431,9.64,93.6,7.7,0,1,0,4
13.83,664,7.36,101.6,4.1,1,1,1,3
15.41,523,5.9,59.9,21.7,0,0,1,2
3.35,711,10.43,96.3,10.9,2,2,1,4
1.58,76,5.49,44.5,11.2,2,1,0,0
10.76,690,1.83,46.7,20.9,0,0,1,2
12.2,210,6.52,39.9,11.4,2,0,1,1
14.69,83,5.23,92.7,6.5,2,1,0,1
17.99,481,9.7,88.3,18.2,0,0,1,4
12.34,32,10.45,81.7,17.6,0,2,0,2
15.38,305,2.58,61.3,20.5,1,1,0,2
8.11,144,12.32,78.7,15.4,1,1,1,2
2.42,366,0.86,110.7,16.5,2,1,0,3
6.4,39,2.53,45.5,14.2,1,2,1,0
13.96,649,4.1,68.0,20.0,0,0,1,2
14.06,282,13.36,72.3,22.1,0,1,1,2
5.43,514,4.93,64.9,5.6,1,1,1,0
12.24,330,2.41,78.7,11.8,1,2,1,1
10.97,664,8.55,102.4,15.1,1,2,0,4
2.32,71,13.93,102.2,22.0,1,1,0,4
10.22,148,8.21,89.6,13.5,2,0,1,3
6.96,652,13.07,98.7,20.9,1,2,0,4
4.95,335,12.89,41.2,13.5,2,2,0,2
4.4,461,4.09,80.1,6.4,0,0,0,0
14.18,251,11.39,71.8,21.6,2,1,1,2
9.98,544,1.27,47.6,19.6,2,3,0,1
3.41,582,7.34,101.9,16.1,0,1,1,3
2.08,572,10.79,60.4,4.5,2,0,0,1
2.12,296,12.25,68.0,19.4,1,0,1,1
12.45,636,7.09,105.4,19.9,1,2,1,4
2.37,59,13.22,59.7,22.7,1,3,1,1
12.38,564,3.26,51.2,5.2,1,0,0,1
11.64,488,8.56,54.1,6.0,1,1,1,2
4.95,491,12.52,64.6,13.9,1,0,0,1
14.93,490,10.35,65.3,15.4,1,3,1,2
7.84,177,4.05,73.4,18.0,0,0,0,0
12.97,140,7.42,65.3,6.5,1,1,0,0
7.78,637,6.49,106.5,7.9,1,0,1,3
17.78,231,7.25,103.0,8.4,0,3,1,3
2.55,393,2.94,40.0,16.4,2,3,1,1
13.77,179,2.54,111.6,9.9,1,3,1,3
16.81,135,4.03,55.3,7.5,1,0,1,0
9.1,713,0.54,58.8,7.2,0,2,1,1
15.75,507,5.82,105.5,15.4,0,1,1,3
4.2,117,3.98,62.9,13.5,0,2,1,0
16.84,494,4.14,105.9,9.4,0,0,1,3
17.31,602,3.52,89.7,11.3,0,1,0,3
12.86,320,8.61,75.1,17.7,2,1,0,1
13.72,278,12.03,75.1,21.3,0,3,1,2
13.22,270,7.25,54.8,13.5,2,3,0,2
16.81,361,7.25,62.9,20.6,1,1,1,1
7.83,85,3.14,58.9,7.2,1,3,1,0
13.01,294,1.85,76.0,20.9,1,1,1,1
17.85,667,5.68,41.1,5.0,1,2,1,2
10.66,370,8.03,55.2,13.5,0,1,1,1
11.3,503,2.91,61.2,18.4,0,1,1,1
7.92,179,7.25,65.1,12.9,0,0,1,0
8.6,414,2.59,65.7,9.9,2,2,0,1
16.72,608,11.4,76.8,12.4,2,2,0,3
3.18,472,12.92,101.0,8.8,0,0,1,4
9.54,289,5.01,97.3,16.2,0,1,1,2
5.86,471,7.29,91.7,12.0,1,2,0,2
11.89,490,10.52,99.7,6.7,2,1,1,4
6.72,509,11.36,64.1,5.8,2,3,0,1
5.79,331,4.13,104.6,7.9,2,3,1,2
13.58,146,7.75,58.8,10.0,0,3,0,0
2.4,259,2.01,75.1,12.6,0,3,1,0
14.29,103,3.76,111.6,17.6,2,1,1,3
5.58,58,6.52,82.1,13.7,0,3,0,1
13.45,306,9.37,47.7,17.5,0,2,0,2
12.43,329,1.64,54.1,20.5,1,1,0,1
5.35,190,12.13,84.6,8.5,2,1,0,2
0.52,686,1.06,42.3,4.7,2,1,0,0
0.67,178,0.98,96.0,18.0,1,2,1,2
8.07,517,4.7,90.6,20.3,1,2,1,2
3.98,293,0.54,60.7,5.9,0,3,1,0
17.03,423,0.76,46.9,5.7,0,1,1,1
16.43,55,7.25,74.3,15.0,2,2,1,2
15.17,545,4.51,49.2,20.7,0,1,1,2
11.29,662,6.57,52.1,6.9,2,1,0,2
10.39,153,9.67,64.0,9.7,1,3,1,0
4.56,532,10.63,64.2,14.8,1,2,1,2
1.11,111,5.37,45.1,18.5,2,0,1,0
6.4,367,3.04,87.9,5.7,0,1,0,1
14.95,158,6.18,54.0,4.8,0,1,0,0
11.61,448,4.04,94.3,16.7,1,1,1,3
1.51,557,12.72,73.1,7.5,2,1,0,2
3.4,101,10.13,76.6,9.7,1,1,1,0
2.13,175,5.88,97.3,9.5,1,2,0,2
8.0,720,2.16,63.3,9.0,1,1,1,0
6.49,444,10.8,86.3,12.1,0,3,1,3
12.8,71,10.8,69.5,12.1,2,2,0,1
6.39,525,3.2,42.5,20.6,0,3,1,1
10.19,465,5.08,108.5,20.4,1,1,0,4
0.54,37,12.03,82.4,22.9,0,2,1,3
1.15,149,11.87,74.8,12.8,2,2,1,2
1.04,242,10.03,55.5,4.4,0,1,1,0
14.54,495,2.62,40.6,16.8,0,1,1,2
17.82,201,3.59,110.6,6.4,2,1,0,3
17.43,121,13.05,98.0,22.5,1,1,0,4
1.41,466,0.75,44.3,20.1,1,2,0,0
13.51,647,8.94,86.2,8.7,0,3,0,4
0.61,192,5.55,76.8,14.3,1,0,1,0
12.27,613,4.89,38.4,19.3,1,3,1,2
9.92,423,3.73,75.1,8.1,0,1,0,1
2.72,179,13.41,48.4,9.7,0,0,1,0
15.87,596,8.03,111.0,17.5,2,0,1,4
15.63,620,1.88,47.9,18.3,2,2,1,2
12.97,281,1.46,75.1,20.1,1,1,1,0
4.06,603,1.27,75.1,22.1,1,1,1,3
17.1,199,6.51,88.9,8.6,1,0,1,2
6.56,126,10.54,95.5,10.2,1,1,1,3
11.2,114,4.82,61.9,11.6,0,2,0,2
3.53,250,12.04,74.0,17.1,0,0,1,1
8.16,646,5.58,81.1,16.8,0,2,0,2
17.72,550,2.46,81.2,21.9,1,1,1,3
5.27,124,13.22,41.9,9.4,1,2,0,1
9.19,33,5.51,75.1,20.3,1,3,1,2
14.69,607,7.06,101.8,8.6,1,2,0,4
5.7,534,4.41,107.4,15.0,0,1,1,3
16.13,436,5.76,90.8,16.0,0,1,0,3
2.58,554,13.4,46.0,5.1,0,3,1,1
12.48,600,0.72,44.5,20.3,0,1,0,2
8.41,596,12.41,63.4,16.4,1,0,1,1
6.59,120,11.13,103.8,9.9,2,1,1,4
5.99,635,12.86,80.9,8.4,1,3,1,2
11.11,240,0.92,88.0,22.7,0,1,1,2
11.63,594,7.94,64.4,7.6,1,1,1,1
16.58,639,7.53,80.7,7.2,0,1,1,2
13.87,535,10.97,82.7,12.1,0,2,1,3
16.62,645,12.7,111.3,15.0,2,2,1,4
9.15,448,3.38,95.2,11.4,1,1,1,1
6.95,29,1.12,58.0,9.3,1,3,0,0
10.27,210,8.87,46.8,12.7,0,2,0,1
16.42,526,2.52,83.1,12.6,1,3,0,3
1.27,487,5.19,97.4,19.3,0,0,1,2
8.69,278,5.17,74.7,17.0,0,3,0,0
7.48,400,13.81,57.6,7.4,1,1,0,2
1.91,713,12.23,99.3,10.2,0,2,0,3
8.48,319,12.72,76.9,10.7,2,0,1,2
8.55,165,12.34,94.9,9.8,0,3,0,4
4.4,76,7.78,64.1,9.4,0,0,0,0
1.51,13,11.04,43.0,18.1,0,0,1,0
3.86,498,6.52,87.0,19.7,0,3,1,2
6.53,494,0.98,44.3,14.0,0,1,1,0
5.71,699,2.17,63.4,4.3,2,2,1,0
10.62,506,4.82,44.0,19.1,1,2,1,1
11.85,605,10.0,40.4,5.2,0,2,1,2
14.64,696,12.19,101.1,11.7,2,1,1,4
7.31,191,5.65,103.9,8.4,0,1,1,2
10.14,286,13.67,107.8,18.8,1,1,0,4
14.33,610,10.31,89.8,18.8,2,1,1,4
15.39,107,6.46,77.3,8.1,0,2,1,1
10.81,404,7.25,68.6,21.9,0,3,0,1
10.82,430,3.93,108.7,13.1,1,2,1,4
0.55,193,3.5,39.5,9.5,0,0,1,0
13.66,56,5.04,103.5,7.5,2,0,1,3
6.2,135,10.24,75.1,15.4,2,0,0,3
16.86,354,7.51,45.3,18.6,0,1,1,2
6.24,61,8.99,105.0,14.8,1,1,0,3
5.37,623,6.29,62.9,20.5,1,1,0,2
5.43,412,2.08,52.2,4.1,0,0,0,0
14.75,391,12.24,54.3,18.7,0,1,1,2
1.29,119,11.42,51.3,7.7,2,1,1,0
1.28,79,4.6,50.7,21.1,1,2,1,0
5.67,278,13.05,56.8,9.6,1,2,0,1
0.98,157,4.01,41.8,14.9,1,0,0,0
10.79,645,1.43,87.7,4.8,2,2,1,3
2.81,546,13.56,58.6,22.3,1,1,1,2
12.86,425,6.68,81.2,13.4,2,1,0,3
10.57,289,1.72,56.2,6.4,1,1,1,0
15.63,203,12.74,62.7,6.4,2,0,0,1
17.32,384,7.93,61.2,6.8,0,2,1,1
4.2,259,11.95,103.6,9.3,1,3,1,4
2.23,416,5.34,39.2,10.5,2,2,1,1
3.49,534,11.13,80.5,7.4,0,0,1,2
3.8,185,7.73,83.4,11.4,2,3,1,1
13.57,174,5.74,39.9,7.3,0,3,0,0
3.78,395,2.45,38.3,8.4,1,1,1,0
3.06,529,1.67,40.3,4.2,2,3,0,0
2.37,695,5.85,62.6,11.5,2,2,1,1
15.02,218,3.94,108.8,5.3,2,0,1,3
6.34,190,4.05,105.2,14.6,1,1,1,3
12.84,82,12.7,75.1,17.2,2,1,1,3
10.43,450,4.74,65.3,8.6,2,2,1,1
18.0,158,7.73,83.3,10.4,2,1,0,1
13.01,136,12.51,53.8,21.0,0,0,0,2
1.7,138,7.93,104.0,8.7,1,3,1,2
2.86,185,5.32,56.8,19.9,0,2,1,1
12.64,334,3.35,58.8,13.5,1,2,0,1
1.68,410,2.57,42.8,15.5,2,1,1,0
5.51,540,9.03,108.4,17.3,2,1,1,4
13.94,502,8.45,46.6,22.3,2,2,1,3
1.5,137,10.07,61.2,13.3,1,2,1,1
13.48,123,3.81,97.5,8.3,2,1,1,1
7.16,529,5.21,42.0,5.1,1,2,1,0
15.68,123,8.43,54.0,7.4,2,1,1,1
1.02,280,4.57,41.2,4.5,2,2,1,0
5.96,39,4.99,98.6,18.3,1,0,1,2
7.23,638,7.05,72.6,13.1,2,2,1,2
14.41,240,2.47,102.6,14.5,2,3,1,3
9.7,680,10.74,89.7,14.3,1,1,1,3
3.49,193,1.15,82.6,9.1,1,1,1,0
3.76,558,9.9,63.2,14.3,2,2,0,1
8.7,54,4.12,77.8,17.4,0,2,0,1
5.92,50,5.47,71.2,10.8,2,1,1,0
6.5,581,5.84,106.7,21.4,1,2,1,3
13.27,342,9.93,58.6,16.4,0,1,1,1
14.2,512,10.9,83.7,19.4,0,3,0,4
0.35,502,2.98,59.2,4.9,1,0,0,0
2.29,334,6.08,78.2,14.6,2,1,1,1
3.43,192,7.25,81.6,18.6,1,0,1,0
10.3,315,7.81,52.0,6.8,2,3,1,0
6.84,469,7.51,76.2,13.5,1,1,0,1
2.25,316,13.67,76.2,17.8,1,1,1,2
15.36,709,6.38,90.4,21.0,1,1,1,3
8.65,27,8.31,70.6,13.7,0,1,1,0
11.07,687,10.05,100.2,14.4,0,1,1,4
15.36,663,5.74,80.4,18.5,2,3,1,3
13.0,314,4.61,97.0,17.6,0,2,0,3
1.42,73,13.22,69.1,11.5,1,1,1,0
8.53,422,10.57,94.9,15.6,1,0,0,3
8.12,386,1.23,56.4,7.6,1,1,0,0
11.3,95,6.9,88.3,5.4,0,1,0,1
14.84,232,6.3,88.5,13.8,1,2,1,2
5.04,166,3.22,79.5,18.8,1,2,1,1
3.77,471,4.91,51.1,14.3,1,2,1,0
4.93,571,2.4,78.7,15.6,0,2,1,1
13.59,405,11.04,57.4,16.4,1,0,1,1
4.19,631,3.75,45.5,11.8,2,3,1,0
1.37,96,6.67,53.0,15.3,0,0,1,0
17.86,10,3.24,38.1,12.4,2,2,0,1
16.51,539,6.98,41.6,22.9,2,2,1,3
10.66,627,5.99,51.8,16.5,0,1,1,1
6.99,541,6.44,94.3,4.3,1,2,1,2
3.02,193,4.39,98.4,14.0,2,2,1,2
16.72,418,6.49,53.1,5.3,1,1,1,0
6.34,660,8.66,55.0,8.8,2,1,1,1
11.86,554,1.42,48.9,8.5,1,1,1,0
9.57,618,3.72,97.8,11.4,0,1,1,2
8.57,227,6.56,67.4,6.2,2,1,0,0
12.5,655,3.2,52.9,11.7,1,2,1,2
7.74,625,9.35,110.0,4.6,0,1,1,4
1.75,115,5.18,82.3,12.0,1,1,1,0
17.56,713,4.83,53.8,14.5,1,3,1,2
8.7,333,6.62,86.9,19.9,1,1,1,2
11.25,49,1.29,77.3,13.5,0,1,1,0
6.6,449,8.71,73.5,19.9,2,2,1,2
15.13,629,10.21,48.2,22.3,1,0,1,3
16.75,670,9.83,66.1,21.2,2,1,0,3
12.35,657,3.72,77.9,17.0,0,2,1,2
3.58,482,11.76,58.5,20.5,1,2,1,1
3.3,144,3.4,86.6,10.3,0,1,0,0
3.71,84,0.82,63.8,19.2,0,1,1,0
9.4,481,9.11,90.3,13.5,2,3,1,3
12.0,74,11.04,54.6,9.4,2,1,0,1
12.98,679,13.11,92.8,13.7,1,0,0,4
6.26,400,8.51,107.6,15.5,2,2,0,4
10.62,115,6.04,89.0,20.2,1,2,1,2
6.74,697,13.26,45.4,9.1,0,0,1,1
3.24,364,7.64,48.9,9.0,1,0,1,0
15.37,464,7.85,38.5,8.3,0,3,0,2
9.96,278,2.54,45.0,6.1,1,2,1,0
4.65,349,0.56,39.0,22.8,2,1,1,1
16.25,424,3.19,96.0,22.3,0,1,0,3
17.49,445,8.69,56.6,13.9,2,1,1,2
17.53,71,8.23,101.4,20.5,1,0,1,4
10.26,446,9.6,88.9,11.1,0,2,0,4
5.48,716,2.56,102.4,12.8,0,1,1,2
10.35,151,13.94,89.0,22.6,2,3,1,4
17.43,457,1.83,97.3,9.2,1,0,0,3
7.36,223,2.05,47.7,11.2,1,3,1,0
5.12,406,8.16,106.4,9.8,1,1,1,3
7.41,448,8.71,70.8,7.7,2,0,0,1
7.47,242,7.25,72.5,20.7,1,1,0,2
15.43,550,2.08,40.4,6.5,1,1,1,2
15.78,198,4.16,42.5,11.7,1,3,1,0
13.36,259,12.01,38.8,19.5,2,3,1,3
13.8,300,12.18,39.0,4.2,0,1,0,2
16.49,598,9.84,41.5,12.0,0,0,1,2
9.91,34,10.91,103.9,20.0,2,1,1,4
7.54,313,12.95,41.3,7.5,1,1,1,1
17.28,566,0.92,40.3,21.5,2,2,1,2
13.43,53,13.19,57.5,19.1,1,3,1,2
1.71,701,11.49,64.4,16.6,0,2,1,2
16.62,13,13.96,66.7,17.4,2,1,1,2
2.17,363,9.51,63.9,20.8,2,2,1,1
17.53,607,12.0,84.6,20.7,0,2,1,4
9.85,596,9.81,81.4,15.1,0,2,0,3
4.09,252,6.75,98.9,19.3,2,1,1,3
10.29,31,7.91,108.8,13.2,1,3,1,3
1.45,283,8.76,111.1,5.7,1,1,1,3
13.08,497,1.87,40.6,8.2,1,1,1,0
8.26,497,2.71,49.8,17.2,0,2,0,1
3.86,325,8.61,55.2,12.0,2,1,1,0
16.41,492,9.57,59.4,13.8,2,2,1,3
10.5,667,11.03,75.1,16.1,1,2,1,3
6.83,625,0.53,63.9,18.5,0,3,1,1
8.07,78,7.58,91.9,16.4,1,3,1,2
0.91,210,4.12,85.1,7.3,2,1,0,0
5.93,47,3.95,90.8,21.4,2,1,1,2
6.22,596,1.11,95.4,15.8,1,3,1,2
11.64,35,13.53,80.3,6.0,2,1,1,1
11.08,680,2.24,60.4,19.1,0,0,0,2
14.61,399,2.57,67.5,5.1,1,3,1,0
6.31,549,0.91,72.4,9.2,2,2,1,1
11.72,220,5.43,94.5,16.2,0,3,0,3
10.82,193,11.9,71.6,16.4,1,1,0,2
2.3,686,12.83,101.6,8.7,0,0,1,4
9.69,554,12.72,45.0,8.7,2,2,1,2
8.26,650,10.07,57.8,10.7,2,1,1,1
3.53,260,13.88,95.4,17.4,2,2,1,4
2.63,639,7.38,56.5,14.0,0,2,0,1
5.77,687,8.05,71.4,11.2,0,1,0,1
17.43,249,1.89,106.7,16.4,2,1,0,4
12.15,493,13.91,61.7,10.7,1,2,1,3
12.48,431,0.62,50.3,12.5,0,2,1,1
11.85,129,2.66,78.0,14.8,1,1,1,0
2.51,293,1.74,66.2,8.3,2,2,1,0
16.68,595,1.16,38.6,22.8,0,1,0,2
0.49,174,4.47,80.1,13.3,0,2,0,1
8.6,301,13.36,73.1,10.8,1,1,1,2
5.88,636,4.78,44.4,10.1,1,3,1,0
10.08,330,5.0,100.8,10.6,1,1,1,2
0.45,389,11.58,63.2,16.3,0,1,1,1
6.81,133,1.42,42.5,10.4,0,2,1,0
3.93,215,0.84,107.7,9.7,1,3,1,2
2.61,432,6.75,70.5,4.9,1,1,1,0
9.56,274,9.08,111.7,10.3,0,1,1,3
10.06,51,6.04,65.0,17.9,2,1,1,0
12.09,127,5.91,88.6,8.4,0,3,1,1
6.85,279,8.41,100.0,20.5,0,0,1,3
15.87,604,11.37,99.4,13.9,2,0,1,4
17.51,282,5.95,95.5,18.2,1,1,1,3
17.94,534,5.36,66.4,7.1,0,3,1,1
16.53,21,1.15,104.4,11.3,0,0,0,3
14.99,660,12.2,91.4,12.6,1,2,0,4
17.49,168,4.16,89.0,13.2,0,0,0,2
3.92,340,2.86,46.8,7.3,1,0,0,0
8.12,667,12.27,99.3,17.2,0,2,1,4
7.1,309,4.4,101.4,9.0,0,3,0,3
7.8,181,12.14,52.1,21.2,2,2,0,2
11.65,109,4.55,91.2,21.4,0,3,0,2
4.0,526,2.21,68.0,6.2,1,3,0,0
12.34,218,6.92,94.5,10.0,2,2,1,3
1.21,613,4.98,78.4,17.1,1,1,1,0
14.19,625,12.49,91.1,16.6,1,1,0,4
2.76,136,10.3,50.8,11.9,0,1,1,0
16.74,317,7.46,59.4,21.5,0,2,0,2
14.74,292,12.99,91.3,21.4,2,1,1,4
7.54,132,4.52,66.3,22.0,1,0,1,0
15.22,365,1.7,68.9,15.0,1,1,1,1
2.36,110,1.82,84.9,20.3,0,3,0,2
17.79,473,3.2,70.3,13.0,1,0,0,2
8.81,358,9.75,93.8,19.3,1,3,0,3
17.39,381,13.63,56.8,18.9,0,2,1,2
15.07,512,6.31,44.0,4.6,0,0,0,1
11.91,657,9.68,92.7,16.1,0,1,1,4
15.29,602,1.81,47.0,22.7,2,1,0,2
15.38,501,3.45,94.3,4.3,1,3,1,2
6.06,233,3.07,83.6,16.6,0,2,1,1
2.53,408,2.89,75.1,12.6,1,0,1,0
17.88,306,13.86,87.8,13.5,2,3,1,4
8.9,101,6.72,49.0,11.6,0,2,0,1
15.77,217,9.81,104.7,16.2,1,1,0,4
11.47,397,12.02,60.3,15.7,0,2,1,2
4.61,238,8.12,71.7,19.4,0,1,1,0
17.75,43,5.95,75.1,9.0,2,3,1,1
4.79,654,7.25,94.5,7.3,0,0,1,3
7.34,519,6.88,64.7,10.1,1,1,1,0
8.05,305,1.03,59.5,12.4,1,2,1,0
16.07,225,3.64,99.0,13.7,0,3,1,3
10.91,239,3.93,76.1,15.3,0,3,1,1
6.85,602,6.83,73.8,14.3,0,0,1,1
15.76,75,6.08,92.8,21.1,0,2,0,3
6.22,641,13.31,48.5,14.9,1,3,1,2
10.86,331,4.18,42.2,7.7,0,0,1,0
13.86,383,4.96,80.5,10.6,0,2,1,2
14.53,346,8.49,73.0,5.5,0,2,0,2
0.34,175,5.51,109.9,12.5,1,2,1,2
0.75,121,12.56,106.8,21.6,2,1,1,4
2.36,165,7.37,93.8,7.2,1,1,1,1
0.49,368,5.04,68.5,7.5,2,0,1,0
17.36,423,10.28,81.1,19.4,0,2,1,3
3.58,619,13.56,41.2,16.7,2,0,1,2
13.06,434,3.09,97.0,5.1,0,2,1,3
5.28,353,12.35,112.0,19.8,0,1,1,4
15.56,476,3.13,62.4,21.1,1,2,0,2
15.98,647,6.2,109.6,8.7,2,0,1,4
12.49,128,9.42,99.4,19.9,0,1,1,4
17.87,495,2.36,105.4,19.4,0,2,1,4
6.49,28,3.02,56.1,11.8,0,1,1,0
16.34,594,6.29,86.5,7.3,0,0,0,2
8.08,475,3.0,76.7,13.9,0,1,0,1
12.92,183,4.95,42.3,10.7,1,3,0,1
3.61,98,5.83,76.9,19.4,0,1,0,0
3.39,417,13.91,55.4,4.9,0,0,1,0
16.2,110,6.31,74.8,14.5,0,1,1,1
9.12,36,13.36,90.9,10.4,1,3,1,3
2.01,706,4.41,47.8,22.2,1,3,0,1
7.77,165,9.82,66.9,21.2,1,1,1,1
14.76,109,12.07,94.0,19.2,0,3,1,4
0.38,548,12.48,98.5,14.2,0,0,1,3
12.2,626,12.89,101.1,18.0,1,1,1,4
16.28,261,1.99,42.0,22.2,1,0,1,1
7.08,401,2.15,97.6,12.1,0,2,1,2
3.72,83,2.02,39.0,16.0,0,0,1,0
9.87,64,3.5,60.1,5.0,0,0,1,0
6.93,179,3.79,43.1,12.5,0,0,1,0
15.21,364,1.57,86.8,9.5,1,1,1,2
7.62,179,7.69,48.4,6.6,0,2,1,0
2.79,676,6.19,46.6,22.9,0,2,1,2
3.43,581,11.37,49.6,21.3,0,2,0,2
4.37,274,6.82,61.2,20.2,1,1,1,0
5.63,65,11.47,74.6,12.2,0,2,1,2
15.95,304,13.53,66.7,9.3,1,1,1,1
14.22,434,9.23,81.2,6.1,0,1,0,2
12.73,45,0.68,58.3,15.4,1,0,1,0
17.06,495,3.13,48.2,22.0,2,1,1,2
0.69,257,7.88,86.8,13.4,2,2,1,2
9.07,225,4.45,44.3,8.0,0,2,1,0
16.78,268,7.46,47.0,19.7,2,1,1,2
17.0,234,3.15,86.1,12.3,0,1,1,1
11.11,460,8.33,93.5,11.3,1,3,1,3
13.13,704,9.44,75.1,4.4,2,1,0,2
5.77,720,12.23,106.3,4.5,1,1,1,4
16.76,46,8.09,39.6,17.3,2,3,1,1
5.62,151,11.28,38.9,16.5,0,1,0,1
7.06,370,5.53,108.9,21.2,0,1,0,3
9.5,236,7.25,107.4,11.0,0,0,0,4
3.03,222,10.87,107.7,5.7,0,0,0,3
6.98,169,3.1,87.3,14.3,1,2,1,1
0.8,129,10.4,91.6,5.6,1,3,0,2
11.27,543,11.39,79.5,11.7,1,1,1,3
8.15,95,2.94,111.2,13.9,1,1,1,2
3.48,546,12.08,53.8,6.5,2,1,1,0
9.29,108,13.18,93.8,21.3,0,2,1,4
3.89,32,8.32,106.7,9.0,1,0,1,3
6.17,621,9.5,42.9,6.3,1,3,1,1
16.94,166,3.48,59.9,15.6,2,1,1,0
11.21,639,4.46,87.0,15.8,1,3,0,3
8.22,342,7.42,38.1,19.6,1,2,1,1
3.26,184,6.7,85.1,18.3,1,3,0,1
10.36,546,0.98,103.5,16.3,1,1,1,3
13.58,74,6.09,98.4,8.0,0,1,1,2
8.8,485,9.34,71.9,13.0,1,0,1,1
11.17,26,8.16,79.5,7.6,0,3,1,0
11.88,261,7.43,78.4,9.0,1,2,0,1
12.29,474,2.13,56.8,16.2,1,1,0,1
14.6,107,1.92,60.6,12.6,2,3,0,0
5.64,295,13.65,65.5,19.4,0,2,1,2
8.53,67,13.29,49.7,21.0,1,2,0,2
12.06,260,5.26,106.8,12.1,0,1,1,3
8.87,446,1.37,84.8,22.0,1,2,1,2
8.18,577,8.27,86.2,4.5,0,2,0,2
15.52,474,0.73,103.2,15.4,0,0,1,3
16.58,165,11.4,55.9,18.0,2,1,1,2
12.97,248,1.06,101.7,9.8,0,1,1,2
16.63,282,5.64,76.2,13.8,0,2,0,2
14.64,10,1.29,94.7,21.8,1,0,1,2
4.05,59,9.61,54.3,4.5,0,2,1,0
5.25,690,11.46,106.9,4.2,1,1,1,4
11.82,144,0.76,106.9,7.0,0,2,1,3
1.53,106,11.9,68.9,9.5,1,3,1,0
5.25,329,5.56,104.8,5.1,1,1,0,2
13.93,152,3.98,79.1,20.1,0,2,1,1
0.68,671,0.73,110.9,6.3,2,1,1,2
8.09,406,13.17,55.0,13.1,1,3,0,2
15.74,361,6.7,98.0,4.3,1,3,1,2
1.81,32,2.37,55.5,10.7,2,1,1,0
13.52,584,8.77,95.9,4.7,1,2,1,4
3.4,690,2.36,57.6,4.6,1,1,0,0
2.65,236,7.25,50.1,16.8,2,2,1,1
6.5,328,13.23,44.6,15.0,2,1,1,2
5.84,456,6.09,65.3,4.6,1,1,1,0
3.77,685,8.58,57.2,20.3,0,1,0,1
11.8,206,3.31,90.9,18.1,0,1,1,2
6.31,380,2.58,107.2,16.5,1,0,1,2
6.75,454,2.26,102.4,5.8,1,0,0,2
7.58,351,2.85,95.5,21.5,1,1,1,2
1.16,120,1.19,41.9,7.7,1,2,1,0
8.74,392,8.99,43.7,11.7,1,3,1,1
8.95,522,4.6,75.1,7.9,2,1,0,0
12.85,177,9.4,66.3,12.2,0,2,1,1
10.68,516,4.95,108.9,18.0,0,1,1,4
0.31,13,0.89,110.9,10.6,2,1,0,2
6.25,556,2.21,42.7,17.2,2,1,0,0
16.35,402,11.06,75.1,9.9,0,1,0,2
5.52,510,6.03,59.0,17.0,1,2,0,1
7.88,476,9.77,73.7,5.4,2,2,1,1
16.97,566,13.02,75.1,7.7,0,0,1,2
11.32,154,5.75,43.5,9.6,0,2,1,0
16.46,668,5.9,41.4,20.5,2,2,1,3
0.66,719,5.44,80.5,4.2,2,1,1,1
13.71,236,12.29,108.1,10.7,1,1,0,4
13.5,716,5.2,48.8,10.2,0,0,1,1
1.52,202,4.47,41.5,17.0,0,0,1,0
4.66,198,8.7,98.9,16.3,2,1,1,3
9.32,359,4.78,92.4,10.0,0,2,0,3
8.12,148,10.81,72.0,6.2,1,0,1,1
12.49,206,1.45,40.1,9.8,0,2,1,1
10.39,107,5.45,95.5,7.0,0,2,1,2
1.15,672,2.44,75.1,8.4,2,2,1,2
14.61,705,8.8,61.6,14.0,1,2,0,3
1.45,255,6.89,90.9,10.5,0,1,1,0
10.14,129,3.27,79.9,6.4,0,2,0,0
7.18,214,9.26,58.8,11.4,1,1,0,0
15.65,457,6.97,45.2,17.5,0,2,0,2
4.17,547,5.93,84.8,6.7,0,0,1,0
14.14,443,2.21,66.6,14.0,0,1,0,1
5.08,339,7.24,104.1,20.5,0,1,1,2
15.69,237,9.76,39.0,16.7,0,1,0,2
1.65,377,12.76,42.7,6.1,0,2,0,1
14.43,103,1.95,64.2,18.5,1,2,0,1
0.6,513,6.51,81.7,16.5,2,0,1,1
17.84,281,11.36,98.8,16.0,2,2,0,4
0.91,415,6.96,75.1,21.0,0,3,1,3
2.42,406,9.77,91.5,16.6,0,2,1,3
13.76,642,1.73,96.4,18.2,2,2,0,4
12.36,648,1.34,39.7,18.3,2,2,1,2
4.4,656,5.48,87.2,9.0,0,2,0,2
14.62,321,6.6,72.2,11.8,1,2,1,1
10.1,189,5.62,39.6,22.4,0,2,1,1
10.64,465,6.0,75.1,5.9,0,1,1,0
15.96,390,5.88,47.2,10.7,0,3,1,1
15.69,373,5.51,42.2,8.4,1,1,1,1
10.19,449,11.59,97.5,7.1,2,2,0,4
9.47,531,3.7,109.1,20.1,0,1,1,3
7.83,289,4.34,83.6,13.0,1,1,0,1
8.28,457,7.21,63.9,6.9,0,3,0,0
5.41,670,1.88,78.4,4.2,1,2,0,1
11.08,205,5.47,79.8,22.7,0,1,1,1
12.94,316,8.55,99.8,5.3,0,0,1,3
12.28,228,7.61,70.8,16.1,1,1,1,1
12.16,502,9.84,87.8,13.0,1,1,1,3
3.03,159,12.59,75.1,8.9,0,2,0,1
4.15,250,3.42,106.7,6.2,1,0,0,2
13.95,37,11.29,110.6,14.0,0,2,1,4
10.44,209,11.94,53.9,11.8,0,3,1,1
10.66,280,3.19,50.1,14.7,2,2,0,1
17.99,218,4.96,65.5,12.6,0,1,1,1
0.79,159,4.39,45.1,21.7,2,2,1,0
10.85,471,7.4,63.1,20.6,0,1,1,2
12.34,475,1.7,79.1,11.2,0,0,1,1
4.95,569,6.58,63.5,8.8,0,1,1,0
17.26,530,4.93,60.4,19.3,0,2,1,2
1.41,561,5.58,81.6,16.7,0,1,1,1
6.1,464,1.79,108.2,18.5,1,1,1,3
0.47,193,7.8,97.7,17.5,0,1,1,2
13.91,476,5.57,58.0,15.8,0,0,0,2
14.45,567,3.56,75.2,9.9,0,1,1,1
6.73,715,9.07,103.1,14.4,0,0,0,4
6.15,9,13.54,96.5,7.9,0,2,1,3
3.51,656,10.25,51.1,22.4,1,1,1,1
10.17,19,10.49,69.2,8.0,2,2,1,1
6.96,124,11.42,73.5,16.4,1,3,1,1
3.73,410,10.39,75.1,20.6,0,2,0,4
2.59,641,3.25,72.9,6.2,0,2,0,1
10.06,86,6.95,40.3,22.5,0,0,1,1
4.95,107,5.0,73.9,14.4,1,0,1,0
15.76,663,9.19,92.4,17.7,1,3,0,4
5.55,87,11.6,48.2,14.8,0,1,1,0
8.53,13,9.87,45.3,20.9,0,2,1,1
16.94,460,9.82,47.3,22.8,0,1,0,3
5.57,88,9.51,54.4,12.6,0,1,1,0
12.06,250,8.35,69.4,13.5,2,1,0,1
16.66,433,1.69,46.4,14.1,0,1,0,1
12.45,83,10.65,42.3,13.5,0,3,1,1
4.12,703,10.84,59.7,5.1,2,3,1,1
13.2,406,2.7,60.0,22.7,0,3,0,1
15.12,580,7.43,55.9,5.2,1,1,1,1
0.86,512,7.57,104.3,4.2,1,3,1,2
8.05,581,4.67,74.8,20.4,0,0,0,1
18.0,397,10.91,88.3,13.5,0,1,0,3
9.05,668,12.95,76.6,13.5,2,1,0,3
7.96,122,9.89,52.5,12.4,2,1,1,1
0.43,88,10.34,102.8,7.1,1,1,0,3
3.13,709,9.52,111.6,5.9,0,1,1,4
6.43,166,3.79,73.1,21.8,1,2,0,1
8.03,35,8.06,41.4,22.4,2,1,1,1
0.89,295,4.88,52.9,9.8,0,1,1,0
13.91,470,12.19,49.0,15.3,0,1,1,2
8.91,652,11.29,103.8,18.7,1,0,1,4
10.11,122,3.2,53.7,15.7,0,2,0,0
3.06,218,7.27,70.8,11.7,1,0,1,0
15.51,488,6.21,106.4,11.9,1,2,1,4
10.91,452,8.94,43.1,16.5,0,0,0,2
1.5,86,11.39,84.7,13.8,2,0,1,2
8.89,84,10.52,98.9,13.3,2,1,1,3
13.93,140,9.91,94.1,10.3,0,2,1,3
4.07,615,3.79,57.9,13.1,2,1,0,0
9.65,216,7.33,45.8,4.5,0,0,1,0
12.99,716,1.72,49.7,22.4,2,1,0,2
13.54,50,5.58,91.6,6.2,2,3,1,2
10.02,368,7.98,106.7,6.2,2,3,1,3
5.22,283,10.78,40.8,15.9,2,1,1,0
12.99,673,3.68,38.7,15.6,0,0,0,2
15.15,539,7.91,50.0,17.1,0,3,1,2
9.41,60,3.05,70.0,4.6,1,2,1,0
16.33,56,0.83,53.0,9.4,2,0,1,0
6.97,660,3.77,54.7,22.2,2,1,1,1
16.11,309,13.09,39.3,21.4,0,1,1,2
4.9,475,2.04,103.9,7.4,0,1,1,2
13.75,328,2.36,49.7,8.1,0,1,0,1
1.06,241,13.35,111.1,21.7,2,0,1,4
13.78,195,6.41,84.8,15.3,0,1,0,1
6.0,125,3.53,50.4,10.2,0,3,1,0
6.21,305,12.8,47.3,20.4,0,1,1,2
4.72,220,8.69,101.1,12.4,0,3,0,3
4.59,291,7.25,51.4,21.1,1,3,0,0
12.49,384,4.9,45.0,22.0,0,2,1,1
0.46,549,10.1,91.5,14.2,1,2,1,3
12.53,665,11.62,92.8,9.4,1,3,1,4
5.27,529,1.05,94.9,11.8,2,1,1,2
14.38,269,4.84,47.5,17.9,0,1,1,0
11.19,160,12.24,75.1,9.7,2,1,1,3
17.54,12,10.91,44.6,9.7,1,1,1,1
11.05,624,10.38,84.6,10.4,0,0,0,3
11.79,130,10.79,58.1,12.4,1,3,1,1
8.59,190,0.91,61.2,11.6,0,1,0,0
0.54,496,4.18,88.1,21.1,2,0,1,1
2.55,277,13.93,53.8,8.6,2,2,1,2
10.41,98,13.85,104.4,19.8,2,1,1,4
6.29,27,9.25,56.7,13.5,0,3,0,1
2.52,504,12.88,74.0,6.1,1,0,1,1
2.4,586,8.66,83.1,15.7,1,3,1,3
13.25,112,13.54,70.5,18.1,2,2,1,3
16.14,166,11.25,66.0,11.0,0,3,0,1
17.28,235,0.64,84.5,15.2,0,1,1,1
0.34,273,11.98,75.1,12.6,1,1,1,4
0.54,344,13.01,75.5,14.9,0,1,1,1
4.44,67,9.99,94.7,7.2,1,1,1,2
16.82,436,11.67,62.8,10.6,1,1,0,2
3.09,264,11.04,88.2,12.9,0,1,0,3
9.07,320,4.61,109.2,12.2,1,0,0,3
14.16,120,2.85,104.3,10.6,0,1,1,3
8.86,183,6.15,69.5,19.5,0,0,1,1
4.29,240,13.48,57.9,21.6,1,1,1,2
2.91,48,9.34,75.2,15.2,2,3,1,1
2.49,143,3.48,92.1,21.0,1,1,1,1
7.2,177,12.64,85.0,19.6,2,1,1,3
13.72,328,0.65,57.7,11.8,1,1,1,0
15.53,429,0.77,60.4,9.0,1,2,1,1
7.98,682,7.25,74.8,13.4,0,1,1,1
7.44,665,2.94,66.2,7.0,2,2,1,1
12.42,56,8.48,47.7,8.0,1,3,0,0
8.31,107,11.63,100.5,22.3,1,0,0,4
6.63,438,11.75,48.2,4.7,0,2,0,2
9.88,393,4.07,48.8,22.8,1,0,0,0
10.52,220,12.4,87.7,4.2,1,3,1,2
15.22,397,2.94,64.0,15.6,2,1,1,1
16.23,554,12.81,70.4,17.6,2,0,0,3
10.15,589,3.37,48.0,15.3,2,2,1,2
14.27,462,2.61,71.0,12.6,1,1,0,1
7.95,383,4.89,51.0,8.1,0,1,1,0
0.93,32,5.14,101.8,22.6,2,2,0,3
6.77,684,12.1,63.4,12.7,2,0,1,2
0.94,297,12.34,86.4,20.4,1,0,1,3
10.76,427,10.67,50.3,21.1,0,3,1,3
12.32,210,3.22,61.9,8.5,2,2,1,0
10.74,598,1.65,93.0,13.5,1,1,1,3
11.69,235,8.17,89.6,17.0,1,0,1,3
16.96,282,2.12,46.5,6.3,0,1,1,0
14.14,375,10.53,73.1,11.0,2,2,1,2
1.26,373,9.43,50.9,10.7,1,2,1,0
4.52,604,4.83,74.2,10.4,0,3,0,1
14.97,674,7.22,68.0,15.0,1,0,1,2
1.59,189,8.06,73.1,15.9,0,1,1,0
16.44,373,8.92,108.2,9.7,0,0,0,4
13.05,572,2.29,51.6,12.7,0,1,1,1
1.58,624,5.81,88.0,6.8,0,0,1,1
10.52,68,1.25,38.5,19.7,1,2,1,0
9.83,387,8.22,94.0,12.6,2,0,1,3
15.71,117,10.7,68.4,9.8,0,3,1,2
11.15,8,2.84,98.0,4.5,2,2,1,2
4.82,191,13.14,40.8,10.2,0,2,1,1
3.68,339,4.65,77.8,6.4,0,1,1,0
8.37,431,7.25,50.6,4.5,0,3,1,1
8.72,78,12.02,39.7,7.9,1,2,1,0
1.83,437,3.71,54.1,6.6,1,1,0,0
13.71,192,1.94,61.5,18.8,1,1,0,0
16.23,80,12.05,82.0,13.3,0,0,1,2
1.2,655,12.31,70.8,6.8,0,1,1,1
15.42,696,9.67,55.5,18.1,1,1,0,3
5.24,453,0.96,83.0,18.3,0,0,1,1
4.52,524,2.19,74.1,5.6,1,0,1,0
12.25,492,9.19,38.7,7.8,2,1,0,2
14.05,161,8.19,74.2,12.2,2,2,0,2
13.52,358,6.09,72.2,19.9,2,0,0,2
9.89,719,8.91,65.9,8.9,1,3,0,1
12.98,352,6.57,72.0,9.0,1,2,1,1
12.24,694,1.99,56.0,19.1,0,2,0,2
5.37,101,8.61,110.5,19.9,2,2,0,4
2.09,371,5.08,77.2,17.3,1,3,1,0
17.79,99,10.65,111.0,21.6,2,3,0,4
5.98,543,2.0,57.5,10.8,0,0,1,0
6.22,275,6.53,80.9,14.3,1,1,1,0
17.05,76,4.47,63.7,19.0,1,0,1,0
1.99,632,12.18,77.1,17.8,2,2,1,3
1.1,36,13.27,78.9,14.1,2,1,0,1
16.53,193,2.96,100.3,13.3,0,1,1,3
2.48,421,10.14,72.0,22.2,0,1,0,2
3.73,707,8.66,87.1,6.6,2,3,0,3
13.16,708,0.58,60.6,19.6,2,2,0,3
15.95,660,11.67,101.9,21.0,1,2,1,4
5.06,553,1.43,98.3,21.8,2,0,0,3
3.39,708,4.32,78.7,19.2,1,2,1,1
15.55,279,9.07,68.5,4.2,2,1,1,1
7.67,696,7.65,109.7,15.1,2,0,1,4
5.56,356,9.13,65.8,8.0,0,3,1,0
12.16,290,7.0,51.8,9.2,2,2,1,0
2.17,107,11.47,80.9,22.7,1,1,0,2
16.98,542,9.39,58.8,22.6,0,3,0,2
12.14,526,11.12,86.1,22.1,1,2,1,4
0.33,666,2.84,104.1,13.4,0,2,1,3
6.07,436,6.89,70.1,11.8,0,1,0,0
16.0,333,3.02,82.2,13.5,0,2,0,2
15.57,481,9.31,86.4,18.8,0,1,1,4
1.26,292,13.69,99.0,17.3,2,1,1,4
12.75,455,12.73,56.9,21.4,2,1,1,3
2.1,25,8.19,60.9,10.7,1,2,0,0
8.91,483,1.65,42.5,15.6,2,1,1,0
7.48,374,9.24,97.8,14.9,0,3,1,3
1.22,158,8.02,106.6,17.4,2,1,0,4
3.12,484,13.45,91.3,13.2,0,2,0,4
3.97,510,3.43,109.0,19.6,0,1,1,3
11.34,367,9.41,107.0,15.1,1,2,1,4
12.25,355,6.87,56.1,5.1,1,3,0,0
15.59,615,9.07,111.8,7.2,1,1,0,4
8.38,109,7.62,44.8,7.7,2,2,1,1
13.55,596,10.71,79.8,19.8,2,1,1,3
15.12,120,5.01,55.7,13.5,2,2,0,1
9.93,240,4.16,40.7,15.2,0,3,1,0
5.8,93,12.7,79.2,17.9,0,2,0,2
8.85,404,3.94,68.5,11.7,1,0,0,0
0.51,478,8.63,109.0,13.3,1,3,1,3
9.21,88,11.25,103.4,5.9,0,3,1,3
16.8,484,10.7,40.9,9.2,1,2,1,2
4.88,585,6.14,62.6,4.3,0,3,1,0
11.22,208,4.59,101.3,13.5,1,0,0,2
12.72,375,5.98,84.2,11.4,0,3,1,1
3.11,584,9.25,106.8,9.9,2,1,0,3
16.42,560,6.23,50.2,4.0,1,0,1,1
10.35,630,1.18,46.0,5.2,0,3,1,0
2.11,133,1.77,89.5,7.6,0,0,1,0
11.34,605,6.07,80.0,20.0,1,1,1,3
15.86,456,12.33,65.1,7.7,0,2,0,3
4.51,558,13.02,107.9,10.2,0,2,0,4
1.96,286,7.48,85.8,19.6,0,3,1,2
12.95,276,3.72,55.3,7.5,0,2,1,0
12.12,257,7.25,80.4,13.5,1,1,1,1
9.54,463,2.26,101.3,6.7,0,1,1,2
4.55,225,13.11,67.2,7.3,0,0,1,0
2.83,267,3.23,96.7,7.5,2,1,1,1
1.69,655,13.41,49.2,7.3,0,3,1,1
0.92,23,10.64,107.0,21.3,1,2,0,4
7.27,314,8.35,50.5,8.7,2,2,1,0
7.89,147,3.88,99.9,18.7,1,0,0,2
1.25,93,3.09,50.2,20.9,1,0,0,0
11.34,621,6.91,108.8,13.5,1,1,1,4
9.5,578,8.18,57.3,8.7,0,0,1,1
16.97,386,9.34,53.3,5.0,0,2,0,1
5.97,551,9.23,106.5,18.8,1,1,1,4
6.91,143,13.59,77.4,7.3,0,3,1,2
4.84,44,10.09,42.0,14.7,1,2,1,1
11.45,29,1.17,51.7,20.2,1,1,1,0
10.84,372,8.21,47.4,7.4,0,0,1,0
7.67,615,10.69,51.4,13.7,2,3,1,2
8.52,21,12.59,92.1,15.3,2,1,1,3
3.57,603,11.57,54.8,14.6,2,2,1,1
2.59,404,6.56,50.8,8.6,0,0,0,0
6.41,306,9.64,112.0,22.5,0,1,0,4
10.78,320,10.92,103.1,5.3,1,1,1,3
8.25,122,13.41,107.5,20.0,2,2,1,4
1.55,524,6.41,87.0,7.6,1,0,1,1
13.64,200,3.18,68.3,22.3,1,3,1,1
12.97,434,6.23,56.3,13.0,0,0,1,1
3.91,341,9.2,38.8,17.1,1,0,0,0
6.79,705,3.34,64.4,22.6,0,3,1,1
9.65,276,6.97,111.7,20.0,0,1,0,3
0.94,534,11.92,68.2,18.7,0,0,1,1
15.79,551,10.64,38.2,11.0,1,2,0,3
2.96,684,7.57,58.2,6.9,0,3,1,0
10.64,318,10.99,85.8,12.7,0,0,0,3
9.92,508,5.36,100.5,4.5,1,1,0,2
13.81,101,10.4,86.9,16.8,2,2,0,3
10.15,65,5.58,42.9,16.3,0,0,0,0
11.28,525,7.25,75.1,20.3,0,1,0,4
10.99,110,8.57,109.7,12.6,2,1,0,4
11.39,264,13.7,94.9,14.7,0,1,0,4
2.32,634,10.32,58.0,4.5,0,0,0,1
14.49,130,13.98,81.0,7.2,2,1,1,3
14.24,347,13.47,61.7,14.8,2,2,0,3
7.15,26,4.62,101.3,21.4,1,1,0,2
12.24,530,13.61,94.7,9.8,2,1,1,4
10.49,487,11.94,57.4,9.7,0,3,0,2
13.74,332,1.47,50.7,7.5,2,2,0,1
9.33,224,2.51,94.7,19.5,1,2,1,2
14.49,437,6.23,53.5,12.7,1,0,0,2
17.15,588,7.25,111.1,12.9,1,3,1,4
16.02,200,8.34,89.8,13.6,0,2,1,3
9.79,142,6.19,104.6,22.0,2,2,1,4
10.96,13,5.21,100.2,9.0,0,1,1,2
5.53,652,1.89,67.7,4.8,1,1,1,0
13.35,399,5.81,82.3,4.0,2,1,0,1
13.7,24,9.36,104.5,17.3,2,1,0,4
1.32,283,12.35,83.3,8.5,0,3,1,2
15.75,669,6.44,84.0,5.5,0,1,0,2
14.3,263,8.72,88.3,10.8,0,1,0,3
16.65,113,8.05,95.5,21.3,1,1,1,4
12.35,361,11.39,53.5,20.4,1,1,1,2
3.18,389,7.67,98.5,13.8,1,1,1,2
6.78,576,2.81,89.7,22.3,0,0,1,2
14.94,101,11.39,104.4,22.8,0,2,0,4
2.96,277,9.32,63.5,5.9,2,1,1,0
11.99,374,6.75,90.1,17.2,0,2,1,2
13.47,277,9.96,104.9,21.9,0,3,1,4
11.59,159,4.37,88.7,18.4,1,3,1,2
7.18,501,12.48,105.4,18.9,2,3,1,4
10.38,714,8.27,78.0,12.9,2,1,0,2
11.08,388,13.71,58.2,14.6,1,0,1,2
8.35,22,2.76,51.6,8.9,1,1,0,0
0.43,679,7.25,75.1,10.4,1,3,1,3
10.49,234,12.3,69.5,21.3,1,1,1,1
17.36,247,6.77,89.2,14.4,2,1,1,3
0.37,635,13.52,60.1,19.5,1,0,1,2
15.74,415,6.69,43.6,21.5,2,2,1,3
9.22,58,11.96,45.9,10.8,0,2,1,1
15.76,266,8.61,38.8,11.4,2,1,1,1
1.09,27,12.63,75.1,20.1,1,1,0,1
12.03,24,11.4,80.1,22.7,0,2,1,3
7.71,190,5.08,68.7,10.2,2,0,1,0
0.62,18,1.83,92.5,10.9,1,2,0,1
2.45,654,8.98,59.7,19.6,0,2,1,2
2.34,519,8.59,110.8,5.2,2,2,0,4
1.57,652,11.11,96.1,20.8,0,3,0,4
2.19,74,4.61,71.7,16.6,1,0,1,0
9.04,378,13.55,76.3,4.3,0,2,0,1
15.19,364,4.15,83.5,4.7,1,2,0,1
14.24,274,12.65,103.4,4.9,2,2,1,4
6.11,636,5.2,99.6,22.4,2,2,0,4
16.56,141,0.79,42.1,9.2,1,1,0,0
12.87,187,8.76,101.9,8.6,0,2,0,3
17.43,581,11.82,100.8,17.7,2,3,0,4
17.34,90,4.55,79.7,18.1,2,2,1,1
13.97,488,4.09,95.8,10.8,0,1,0,3
7.59,12,5.81,73.2,10.8,1,0,1,0
16.34,411,3.4,80.4,14.5,0,2,1,2
8.21,34,11.66,75.1,14.8,1,1,0,1
2.35,679,3.72,49.7,8.5,0,2,1,0
17.98,139,11.26,42.7,17.6,2,1,0,2
13.76,597,3.34,87.7,4.3,1,1,0,2
14.57,348,1.32,68.9,13.5,2,1,0,1
16.01,698,5.55,107.9,19.8,0,2,1,4
7.22,520,6.13,111.8,19.4,1,0,0,4
0.87,718,4.13,66.3,8.8,0,2,0,0
7.64,102,9.26,103.1,15.1,0,0,0,3
11.94,284,2.2,103.7,6.8,1,0,1,2
8.83,387,9.47,87.4,17.8,1,1,0,3
17.16,217,12.89,80.8,16.6,0,1,1,3
13.81,473,8.34,56.4,6.7,0,0,0,2
4.87,171,3.3,99.0,13.5,2,1,1,2
15.61,384,9.46,101.8,20.6,0,1,0,4
17.67,585,5.96,68.7,14.4,0,1,0,2
17.09,351,9.65,40.3,12.6,0,1,0,2
9.88,313,5.26,90.9,22.3,0,2,1,2
1.42,338,12.88,82.1,15.1,1,1,1,3
17.45,700,5.06,48.5,5.5,0,2,1,1
7.14,198,10.28,104.2,4.7,2,1,1,3
3.2,90,9.19,38.2,16.9,0,3,1,0
17.17,568,11.83,42.1,21.1,1,2,1,3
3.11,248,13.44,38.1,6.0,2,2,1,2
5.17,439,9.78,94.2,15.7,1,2,1,3
3.78,585,11.77,59.0,7.6,2,0,1,1
0.46,532,2.05,100.3,7.4,2,0,1,2
12.07,629,10.68,47.2,10.7,1,2,1,2
7.03,698,3.29,68.0,8.2,0,2,0,1
1.83,505,4.7,86.4,20.1,0,1,1,1
15.2,697,13.32,90.9,6.8,0,2,1,4
8.15,618,11.71,83.8,14.2,1,1,1,3
8.28,238,13.08,75.2,14.4,2,2,1,2
1.93,418,9.89,63.5,16.6,1,1,1,1
7.97,509,3.05,46.0,11.4,1,0,1,0
6.01,542,3.95,58.9,16.7,1,2,1,1
11.35,159,5.15,82.0,16.0,1,2,1,1
2.52,401,7.25,66.7,13.8,0,2,1,2
4.25,676,8.45,42.7,20.1,1,0,1,1
11.38,187,4.53,80.0,9.4,0,1,0,0
13.24,354,13.81,55.7,19.0,2,1,0,2
17.8,545,7.66,71.8,21.0,0,0,1,3
17.72,98,7.75,91.7,18.1,2,2,1,3
3.04,77,8.28,83.3,4.4,0,1,0,1
0.64,624,8.82,58.5,5.4,2,1,1,0
9.17,334,4.66,77.2,22.1,0,1,1,1
12.55,324,4.84,43.1,9.1,0,1,1,0
16.02,611,7.06,111.8,12.7,0,1,1,4
15.07,113,5.7,43.7,12.6,0,1,1,0
16.16,704,5.02,91.8,22.1,0,2,0,4
3.88,252,13.17,56.3,10.3,0,1,1,0
17.97,500,4.93,83.1,19.0,2,3,1,3
14.03,122,10.67,110.5,21.6,0,1,0,4
13.36,142,13.7,52.0,20.0,0,2,1,2
5.63,54,9.96,67.8,12.8,1,2,1,1
16.35,405,3.18,44.3,18.0,2,1,0,2
0.57,203,5.12,78.4,4.0,2,1,1,0
12.53,36,3.79,101.2,15.1,0,1,0,3
6.79,155,13.2,66.1,17.1,1,0,1,1
6.59,300,13.64,88.5,19.3,2,2,1,4
7.34,338,2.81,96.4,19.0,0,1,0,2
6.14,116,6.85,87.5,18.9,1,1,1,1
10.77,327,7.74,48.4,20.2,1,0,0,1
13.65,568,2.48,43.2,12.7,1,2,1,2
7.85,65,2.99,79.0,14.7,2,1,1,0
1.01,563,7.41,90.0,11.5,1,1,0,1
4.69,389,12.39,95.9,17.5,0,2,1,4
0.53,450,8.2,111.7,21.7,0,0,1,4
10.15,25,1.54,75.1,22.5,0,2,0,2
2.37,96,6.95,40.2,17.3,0,2,0,0
7.8,186,7.25,59.5,10.7,0,2,0,0
9.83,527,2.72,92.0,7.2,0,0,1,1
17.46,275,6.52,71.3,8.6,0,1,1,1
17.93,293,2.96,95.5,5.8,1,2,1,2
13.25,680,3.65,63.3,12.4,0,1,1,1
13.21,414,5.0,111.6,12.8,2,2,0,4
7.3,182,9.38,49.7,9.8,1,0,1,0
12.23,560,10.65,65.1,19.7,0,0,1,2
13.88,202,11.31,66.2,4.6,1,2,1,2
7.26,461,5.2,101.6,12.9,2,1,1,2
6.45,267,8.23,60.5,20.7,2,1,1,2
14.11,664,8.3,72.0,12.0,0,1,1,2
6.78,359,3.11,54.1,8.6,1,1,1,0
11.73,74,12.23,83.5,17.6,1,1,0,3
16.97,234,6.65,40.8,10.0,0,3,0,0
13.86,240,4.54,70.7,9.4,0,1,1,0
0.48,82,1.55,44.3,9.2,2,1,1,0
16.15,638,7.7,53.5,18.6,1,1,0,2
0.7,717,12.0,83.3,16.9,1,1,0,3
7.56,365,11.48,73.8,6.6,0,3,1,1
6.35,551,7.95,95.9,11.1,1,2,1,3
2.02,412,10.04,64.5,4.6,2,1,1,0
5.4,277,12.72,44.0,11.3,2,2,0,2
9.18,62,0.62,90.5,10.3,1,2,0,1
11.83,328,5.16,42.8,9.7,0,1,0,0
1.94,357,3.27,89.4,13.3,2,2,1,1
16.84,138,12.73,66.6,5.6,1,3,1,1
7.62,79,0.6,75.1,20.0,0,0,0,1
15.32,478,13.0,67.3,17.3,0,0,1,3
0.32,231,1.74,49.6,18.1,2,1,1,0
13.26,363,2.36,85.0,5.1,0,2,1,1
17.1,650,10.0,59.7,18.6,2,2,1,2
15.68,193,1.61,76.8,13.8,0,0,1,1
10.69,302,2.58,53.0,9.9,0,3,1,0
12.78,365,1.48,75.1,15.0,1,0,1,2
15.31,177,3.39,100.4,6.3,0,1,1,2
2.71,429,3.99,109.6,16.6,2,0,0,3
16.94,468,2.85,55.1,18.9,2,1,0,2
14.61,127,8.28,111.6,21.8,2,3,1,4
0.32,567,13.05,82.9,13.2,2,0,0,3
2.38,28,2.92,100.5,20.5,1,1,1,1
10.32,135,5.98,101.9,16.8,0,1,1,3
7.77,522,6.53,46.1,5.7,2,1,1,0
1.58,5,12.44,102.7,11.7,1,3,1,3
1.52,709,2.95,80.8,14.8,0,0,1,0
16.85,486,10.08,93.7,19.8,0,1,1,4
2.93,458,9.92,105.9,16.3,1,2,1,4
6.38,558,11.56,75.1,21.5,2,0,1,4
16.11,627,10.53,88.4,7.7,2,2,1,4
14.29,664,7.94,67.8,21.4,1,3,1,3
4.84,34,7.42,76.1,22.9,0,1,1,0
7.62,646,10.55,66.4,16.0,1,0,0,2
17.35,339,11.87,102.1,4.8,0,0,1,4
8.76,557,10.64,100.9,10.4,1,2,0,4
12.76,549,10.98,57.0,11.9,1,2,1,3
10.33,534,12.08,48.3,12.3,2,1,0,3
10.01,290,10.0,59.6,8.2,0,3,0,0
14.64,218,2.19,92.3,22.4,1,1,0,2
13.24,300,7.17,90.9,6.5,1,3,0,2
13.24,248,11.25,78.9,8.7,0,0,1,2
12.02,330,10.55,48.4,14.9,2,1,0,2
16.66,405,11.02,86.1,6.2,0,2,1,3
7.58,435,7.73,42.9,15.3,1,3,1,1
5.73,521,9.33,82.2,20.7,0,1,0,3
1.82,109,5.4,50.0,7.5,1,1,0,0
9.98,21,3.24,103.8,18.9,1,0,1,3
9.73,51,2.54,82.8,7.7,0,1,1,0
2.68,374,9.02,84.2,10.2,1,2,0,3
10.23,218,13.69,57.9,20.6,0,1,1,2
11.32,397,11.33,96.0,6.6,1,2,0,4
16.38,36,4.01,67.5,10.2,2,2,1,0
4.18,163,7.62,39.4,14.7,0,3,1,0
13.0,604,3.61,108.6,9.0,0,1,1,3
15.07,123,7.25,77.9,13.4,2,3,1,3
3.33,86,7.25,104.2,4.7,1,1,0,2
0.51,406,3.65,80.0,15.2,0,1,0,0
11.5,158,11.77,88.1,20.2,2,2,1,4
8.6,26,7.96,80.3,8.9,2,1,1,1
8.06,668,10.2,79.7,17.8,1,0,1,2
9.17,319,2.06,80.5,11.3,2,2,1,2
15.89,198,4.25,98.0,11.1,2,1,0,2
12.27,538,10.81,110.1,12.5,2,1,0,4
4.78,18,12.55,105.9,20.3,0,1,1,4
4.94,371,9.09,54.8,5.5,0,1,1,0
15.17,141,2.37,78.5,15.8,1,3,0,1
15.82,557,1.0,76.7,8.7,1,1,1,1
2.21,609,7.31,61.2,17.2,0,1,0,0
15.03,520,1.01,77.4,12.5,2,1,0,3
17.34,507,11.67,49.6,18.8,0,2,0,4
5.42,446,1.83,78.2,17.4,1,1,0,1
12.68,231,4.87,103.1,12.0,2,3,1,3
7.31,541,7.11,59.6,5.3,0,1,1,0
5.25,435,4.62,93.5,5.9,1,2,0,1
3.28,111,9.23,41.0,9.3,2,1,0,0
12.6,307,13.04,51.9,8.0,0,0,0,2
12.9,687,9.68,52.9,14.6,2,0,1,2
16.77,317,2.85,41.7,15.6,0,1,0,1
0.49,96,9.58,51.5,12.8,0,1,1,0
9.85,115,6.96,44.0,21.0,1,2,1,1
8.58,637,7.4,75.1,5.1,1,1,1,0
0.5,300,5.71,42.2,11.7,1,2,1,0
0.7,194,12.34,89.1,20.2,0,1,0,3
17.15,43,6.24,78.6,17.9,0,1,1,1
6.73,531,10.25,82.8,8.4,2,1,0,2
11.92,504,12.83,42.3,8.8,0,3,1,2
10.26,442,7.09,107.2,17.6,2,2,1,4
15.07,110,6.68,38.6,13.7,1,2,1,1
16.6,481,7.76,42.6,21.2,0,0,1,2
10.13,130,3.89,108.9,5.3,1,2,0,3
7.37,82,4.09,107.9,7.6,0,0,1,2
8.49,631,12.63,89.3,22.3,0,1,0,4
13.19,432,7.63,83.3,12.4,1,1,0,3
4.03,556,7.25,51.7,5.4,1,2,1,1
11.75,262,6.53,50.1,13.6,1,1,1,1
17.08,452,6.78,90.1,6.7,2,3,1,3
7.39,688,11.29,75.1,11.6,1,2,1,4
13.35,6,7.41,79.9,13.5,0,0,1,0
14.96,534,4.66,57.4,6.3,0,2,1,1
11.4,172,10.34,39.2,9.0,1,1,1,1
0.38,706,1.76,60.4,17.6,1,2,0,1
14.26,185,5.18,106.9,16.2,0,1,1,3
4.67,371,1.57,109.9,13.2,0,0,1,3
2.73,369,12.57,108.0,19.0,2,3,1,4
11.38,480,5.45,58.5,19.8,0,2,1,2
6.51,341,11.37,107.5,21.5,2,3,0,4
13.02,330,7.8,61.9,17.4,2,1,1,1
4.7,558,12.07,84.1,13.9,1,3,1,3
11.65,227,0.58,76.4,10.4,0,1,0,0
17.18,306,7.85,84.0,16.1,2,2,1,3
3.17,592,6.13,48.8,6.0,0,0,1,0
7.24,506,6.21,73.3,15.3,1,2,0,2
9.9,193,12.98,85.8,7.8,1,0,0,3
1.92,415,10.02,65.9,10.2,2,2,0,1
5.94,451,7.49,42.5,4.9,1,3,1,0
16.07,491,2.6,46.4,15.6,2,3,0,2
0.73,711,2.35,47.8,22.5,0,0,1,1
12.08,393,0.83,69.4,5.1,2,1,1,0
11.97,464,5.42,57.3,21.7,1,2,1,2
6.7,356,9.71,43.5,12.7,0,1,1,0
10.28,345,11.43,64.4,22.4,0,2,0,2
10.56,670,7.39,81.9,10.2,0,0,1,2
0.71,141,5.48,104.4,9.9,0,1,1,1
7.29,254,10.58,47.6,8.0,0,1,1,1
12.11,423,12.18,63.1,22.9,1,0,1,3
11.08,374,6.39,102.3,8.6,0,1,1,2
17.46,684,0.66,92.6,22.5,1,2,0,4
11.79,385,8.68,64.8,19.1,1,2,0,3
17.87,633,9.02,104.7,21.1,1,0,0,4
5.11,123,6.4,58.7,4.9,2,0,0,0
3.82,195,5.15,80.9,7.3,0,2,0,1
11.63,525,10.45,88.5,18.1,1,3,1,4
6.62,252,2.73,102.1,14.1,2,1,1,2
11.47,457,13.77,89.3,15.4,0,2,1,4
7.73,41,13.66,42.7,7.5,2,2,0,1
0.32,637,3.75,83.1,15.3,1,3,1,1
14.92,11,1.64,76.3,13.5,0,3,0,1
12.31,220,1.49,108.4,22.6,0,1,1,3
16.79,361,1.09,67.9,19.7,1,3,1,2
17.57,129,6.54,63.7,4.9,1,2,0,1
0.83,447,10.79,89.0,21.9,2,1,0,3
5.63,422,12.86,99.5,14.3,1,2,1,4
11.64,159,5.41,83.0,10.1,0,1,1,1
2.26,198,13.72,64.5,21.0,2,2,0,2
1.49,564,12.35,40.6,11.5,0,0,1,1
7.16,228,3.63,50.3,18.6,1,2,1,1
7.85,262,0.65,73.2,12.6,2,1,1,0
11.96,179,1.21,97.0,16.2,2,0,1,2
9.82,701,7.59,45.7,4.5,0,0,1,0
10.2,42,1.9,85.7,6.2,1,1,0,0
10.12,491,2.19,44.2,21.4,1,2,1,2
12.72,171,7.25,81.3,16.5,2,1,0,3
11.28,165,8.65,88.3,17.6,1,3,1,3
2.22,408,11.9,99.1,12.2,0,0,1,3
4.75,279,2.36,107.3,14.6,1,2,1,3
3.91,252,9.37,90.9,20.1,0,3,1,3
12.57,541,4.59,62.7,6.2,2,1,1,1
12.36,362,13.61,92.4,7.7,1,1,1,3
16.66,327,3.0,54.4,10.0,1,3,0,1
12.31,553,7.17,52.3,13.5,1,1,1,2
1.46,199,6.03,75.1,16.5,0,2,1,0
14.0,481,11.65,69.2,21.2,1,1,0,3
3.03,512,11.61,94.8,14.7,2,3,0,4
15.22,567,7.21,73.8,4.5,2,0,0,2
14.66,370,12.18,110.3,17.5,2,2,0,4
14.84,97,4.03,75.1,14.8,0,1,1,1
14.2,587,1.8,91.2,12.0,2,2,0,4
14.26,120,1.36,73.2,8.7,0,3,0,1
6.49,658,0.61,40.1,7.0,2,0,1,0
13.94,339,6.46,60.1,21.4,0,1,1,2
13.22,336,11.78,106.8,5.8,0,0,1,4
11.92,5,2.78,47.4,18.0,0,1,0,0
10.02,223,3.45,86.7,15.0,0,1,1,1
3.73,380,3.18,42.8,7.4,1,1,1,0
6.87,664,11.4,50.1,12.0,2,0,1,2
12.84,232,11.37,111.2,6.3,0,1,1,4
14.9,215,2.82,87.7,13.1,1,3,1,2
14.82,610,5.45,84.1,12.5,0,3,1,3
7.86,484,5.71,83.5,20.7,0,2,0,2
1.25,653,10.42,105.2,11.9,1,0,1,4
4.19,513,9.9,59.4,15.9,1,1,0,1
3.4,620,11.41,103.3,15.8,1,1,1,3
12.97,558,11.73,43.3,17.5,0,2,1,3
11.66,426,7.65,56.8,17.6,0,3,1,2
15.58,115,10.09,44.6,17.7,0,2,0,2
0.33,167,9.33,68.1,17.9,1,2,1,1
16.37,296,11.54,110.5,14.4,1,0,1,4
8.51,576,7.25,81.7,13.2,1,2,1,2
9.7,363,10.23,68.0,7.8,2,1,1,1
11.3,171,8.34,56.5,9.9,1,3,0,1
17.3,460,7.61,75.1,4.6,0,2,1,2
8.66,524,6.53,84.2,13.6,0,0,1,2
12.55,282,0.89,89.9,20.2,1,3,1,3
2.31,665,8.86,111.9,21.2,1,0,1,4
2.69,194,13.1,90.7,4.9,1,1,1,3
12.81,130,2.34,47.7,13.9,2,1,0,0
13.76,194,9.5,50.8,17.4,1,2,1,2
2.56,489,0.68,79.0,14.0,2,1,0,1
5.26,329,10.34,44.6,11.8,0,1,0,1
5.3,636,9.13,62.7,5.3,1,1,1,0
3.52,670,10.29,97.9,20.1,0,1,1,3
17.76,563,12.17,104.0,12.9,1,0,1,4
15.91,655,10.39,97.8,17.5,1,2,1,4
16.7,627,8.41,100.5,15.0,0,1,0,4
3.72,324,2.25,53.5,19.6,0,1,0,0
6.56,10,8.33,89.4,12.4,0,1,1,2
17.39,456,2.96,75.1,4.3,0,1,1,3
16.59,492,12.4,46.6,10.1,1,1,0,2
2.83,450,2.53,40.0,17.0,1,3,1,0
12.11,84,6.07,105.3,7.5,0,2,1,3
3.75,487,0.87,80.2,12.3,1,2,1,1
4.41,67,4.52,95.7,8.3,0,0,1,1
16.4,520,1.88,41.0,14.9,0,0,1,1
6.52,204,2.21,56.6,6.5,0,2,1,0
1.0,402,3.78,73.5,11.6,0,1,1,0
12.73,291,3.0,100.4,16.3,1,0,1,2
10.59,35,9.87,57.2,17.3,0,1,0,1
7.9,108,7.9,69.5,15.1,2,1,0,1
1.8,6,9.14,38.8,7.5,0,3,0,0
2.63,51,2.47,72.7,13.6,2,1,1,0
15.39,255,11.57,107.4,11.8,1,3,1,4
2.79,443,7.25,63.0,8.7,0,2,1,0
1.78,283,10.49,77.2,10.7,1,2,1,1
2.04,52,6.88,101.0,21.0,2,3,0,3
9.74,105,11.97,101.8,16.7,1,2,0,4
4.28,86,11.92,111.9,10.0,1,2,0,4
1.89,527,9.0,80.5,19.7,0,1,0,2
12.85,452,1.19,39.1,22.8,0,2,1,2
3.71,465,5.86,96.3,4.2,0,2,0,2
10.96,560,6.34,65.2,9.3,2,0,1,1
10.12,10,3.91,77.1,20.4,1,3,1,1
11.34,462,13.54,72.4,19.0,2,2,0,3
8.4,713,12.61,88.5,22.8,0,2,1,4
3.89,368,6.94,55.0,13.5,0,2,0,1
0.4,70,2.66,40.8,18.1,1,1,1,0
3.84,323,8.65,48.4,7.8,0,1,1,0
9.01,20,0.74,70.3,21.1,2,1,1,0
3.16,416,0.93,54.0,13.9,1,0,1,0
11.59,561,11.13,87.4,12.1,0,1,1,4
1.7,30,8.79,96.5,19.3,0,1,0,2
9.85,66,13.04,111.9,7.1,0,0,0,4
8.23,672,6.33,71.1,7.2,2,3,1,1
7.82,19,7.15,66.8,19.5,0,1,0,1
13.37,563,4.91,80.7,8.5,1,1,1,1
2.31,302,5.64,67.0,8.8,0,1,1,0
4.34,659,8.4,39.4,19.4,2,2,1,2
14.25,361,7.25,39.0,19.8,2,2,1,2
2.25,447,12.81,52.0,7.0,0,1,0,1
17.26,662,12.64,74.5,6.7,1,1,1,3
5.4,416,12.52,52.0,7.1,2,0,0,2
4.25,662,5.49,61.6,4.3,0,2,1,0
16.37,152,12.69,51.3,22.0,2,3,1,3
15.77,421,2.05,62.5,12.0,0,2,1,1
0.54,562,4.61,84.4,18.2,1,1,1,1
12.07,548,7.59,81.3,16.4,1,1,1,2
13.89,534,1.25,40.7,19.6,1,2,1,2
13.89,316,3.17,56.9,16.2,0,1,1,1
0.81,185,6.44,75.1,20.2,2,2,0,1
7.52,377,5.52,110.0,19.3,0,3,0,4
14.63,671,8.99,104.6,18.1,1,1,1,4
13.12,274,1.02,63.2,8.1,1,2,1,0
10.99,266,7.53,60.9,11.9,0,0,1,0
8.13,54,0.95,94.0,17.9,1,2,0,2
16.07,126,1.45,84.3,6.8,0,1,1,1
3.53,117,10.42,96.4,18.6,2,2,1,3
13.46,490,10.14,68.0,17.6,1,1,0,2
11.21,225,4.47,58.3,10.5,1,2,1,0
12.06,308,7.25,63.3,5.3,1,2,0,0
4.2,691,3.23,94.1,10.0,0,0,1,2
6.58,415,5.49,88.5,10.6,0,1,1,1
4.45,457,7.63,79.7,19.5,1,1,1,1
5.46,390,11.61,61.6,11.5,2,2,1,2
11.12,241,8.65,66.4,15.6,0,1,1,2
17.95,698,5.4,74.8,21.1,1,1,1,2
4.24,658,9.65,99.5,15.8,0,0,1,3
0.88,648,12.85,84.5,14.0,2,3,0,3
0.8,25,12.81,54.3,17.4,1,1,1,0
14.98,714,5.77,67.8,10.6,0,2,0,2
17.77,508,11.05,79.3,14.3,0,1,1,3
7.73,491,4.32,89.7,21.5,1,3,1,2
3.84,169,10.81,98.5,13.0,2,2,0,3
14.3,210,13.96,89.5,12.1,0,3,1,4
12.68,20,2.46,81.0,5.4,0,1,1,0
10.57,276,2.48,79.0,22.4,0,0,0,1
5.94,578,7.08,78.8,8.5,0,0,1,1
15.66,120,7.77,46.6,15.3,0,2,1,1
4.64,80,13.68,70.7,17.7,0,1,0,1
17.37,527,5.99,94.5,22.2,0,1,1,3
2.3,277,7.32,59.2,8.5,0,1,0,0
13.89,286,12.52,111.0,14.9,1,3,1,4
0.64,406,8.61,102.3,7.9,0,0,1,3
6.61,233,12.96,74.5,15.5,0,0,0,2
5.5,486,2.72,91.1,5.5,1,1,0,1
5.45,338,8.02,103.5,10.6,2,2,1,4
7.09,423,2.88,73.9,8.8,0,2,1,0
4.22,162,8.08,95.9,5.4,0,0,1,2
3.89,356,1.49,102.3,4.9,0,3,1,2
10.56,711,7.92,85.5,5.0,0,0,0,2
0.4,626,6.76,43.5,6.2,0,1,1,0
2.88,664,0.77,111.9,13.8,0,2,1,3
8.28,164,2.92,46.7,4.8,0,0,0,0
9.3,273,6.66,41.5,5.3,0,1,1,0
9.32,535,0.57,86.2,19.5,2,1,1,2
3.06,286,2.48,72.2,18.1,1,3,1,0
0.4,91,12.67,42.6,20.3,0,0,1,0
15.91,414,12.42,60.7,12.0,1,2,1,2
10.2,512,10.82,82.5,8.8,1,0,1,3
2.44,677,3.8,56.2,5.4,1,2,1,0
12.01,302,2.58,80.9,14.9,2,2,1,2
17.41,5,12.95,110.3,11.3,0,1,1,4
15.82,118,3.41,75.9,18.0,1,3,0,2
6.42,118,8.25,56.9,19.5,1,3,1,1
4.9,282,6.57,101.8,13.6,0,2,0,3
2.78,523,0.91,81.8,21.3,0,2,0,2
7.33,487,0.9,108.3,14.4,2,2,0,3
14.21,103,6.13,86.0,13.6,0,1,0,2
10.69,478,1.14,60.7,10.7,2,3,0,1
2.1,696,13.56,91.7,13.9,1,0,1,3
5.87,173,0.88,86.7,15.0,1,2,0,2
4.9,21,0.62,72.9,5.5,0,1,1,0
14.76,376,8.93,39.0,11.5,0,0,1,1
11.92,589,11.74,75.1,7.5,1,2,1,3
5.64,439,11.94,42.2,8.7,1,3,0,2
1.05,478,10.96,57.3,16.9,2,2,1,2
7.6,625,0.62,45.6,20.3,1,0,1,0
16.87,35,10.41,99.5,18.3,1,1,1,4
10.47,194,7.31,85.9,19.0,2,0,1,2
9.78,703,5.8,70.1,10.1,2,1,1,1
2.96,44,6.16,54.6,17.1,2,0,1,0
1.34,381,6.59,95.3,21.2,1,2,1,2
0.55,167,14.0,82.2,4.8,1,2,1,2
5.63,188,7.05,50.7,13.0,2,1,1,0
13.76,599,2.9,81.0,4.5,0,2,1,2
6.91,125,10.6,40.4,19.0,0,2,1,1
1.11,545,10.8,96.7,5.2,1,2,1,3
7.32,558,4.27,111.3,14.7,0,1,0,3
2.89,319,13.67,61.2,18.9,0,2,0,2
13.66,325,7.13,95.5,22.9,1,3,0,3
14.37,478,8.22,62.8,15.8,2,3,1,2
12.41,186,12.1,70.5,17.0,2,1,1,2
9.63,124,6.67,110.5,8.4,2,2,1,3
0.59,334,1.07,105.7,19.5,2,0,1,2
14.99,196,10.95,86.6,9.6,2,0,1,2
5.01,660,8.92,110.2,19.1,1,0,1,4
1.35,508,11.8,89.6,8.6,1,1,1,2
3.21,16,7.25,88.8,12.9,2,3,0,1
8.69,171,10.61,44.5,10.2,1,1,1,1
14.66,76,4.11,41.4,12.5,0,1,1,0
15.91,575,9.06,104.9,11.4,0,3,1,4
8.11,359,9.54,75.1,21.2,1,0,1,1
14.12,13,4.21,93.4,21.1,1,3,1,2
11.42,274,1.35,38.7,16.0,0,2,1,0
5.2,92,9.29,52.8,4.7,0,0,1,0
9.16,341,9.49,70.2,18.8,1,2,1,1
0.52,691,3.29,39.1,16.8,2,0,0,0
16.78,92,2.98,57.8,13.5,0,1,1,0
9.5,250,0.9,66.5,15.5,1,0,1,0
0.8,708,2.98,45.2,14.2,1,0,1,0
10.83,390,11.5,79.6,9.3,1,2,0,3
6.8,96,2.23,106.6,10.2,0,2,1,3
10.5,627,1.49,73.1,12.4,1,1,0,2
0.54,243,11.09,40.4,18.6,0,1,1,0
11.03,95,6.56,56.1,9.8,2,2,1,1
16.06,37,5.37,59.1,15.8,1,2,0,1
4.62,38,2.77,105.3,5.9,2,1,1,2
16.2,213,7.5,67.8,18.1,0,1,1,1
11.72,87,2.72,57.1,20.0,2,2,1,0
10.72,511,8.92,85.1,13.6,1,0,1,3
11.3,11,11.36,94.4,7.0,0,1,1,3
4.77,569,5.83,43.0,8.2,1,0,1,0
3.3,648,5.51,54.7,11.3,0,1,0,0
13.96,164,7.25,41.7,12.9,0,1,1,0
6.67,346,12.48,71.4,13.7,2,0,1,2
15.13,21,5.97,67.7,6.9,2,1,1,0
1.53,670,8.13,76.5,20.6,2,1,0,2
9.89,349,3.9,65.1,7.2,0,3,1,0
16.86,62,1.75,58.0,21.7,1,0,1,0
0.98,157,7.94,38.4,18.9,0,3,0,0
2.23,546,10.52,111.7,21.9,0,2,1,4
8.98,453,13.78,102.6,19.9,1,0,1,4
5.64,152,11.69,51.5,20.8,0,1,1,1
4.24,603,13.29,49.0,14.1,1,2,1,2
5.32,376,2.72,79.6,8.5,1,1,1,0
14.52,383,3.13,52.4,20.8,2,1,0,1
11.5,527,12.92,106.1,6.7,1,2,0,4
0.86,18,11.1,51.3,7.7,2,2,1,0
15.02,455,1.61,94.4,12.5,1,0,1,3
9.03,717,5.33,80.2,10.8,1,2,1,2
4.52,100,4.16,57.3,19.1,0,3,1,0
0.97,342,10.73,98.8,5.8,0,0,1,2
1.24,136,6.02,91.3,15.2,2,3,0,2
12.02,216,12.39,43.0,11.2,2,2,1,2
9.03,82,8.38,94.9,16.8,0,3,0,3
2.98,122,11.19,87.6,20.1,0,1,0,3
8.92,91,5.05,82.5,21.1,0,1,0,2
14.08,659,9.64,110.4,20.3,1,3,1,4
16.09,692,7.0,98.6,7.3,0,1,0,3
4.17,154,2.31,47.1,15.0,1,2,0,0
1.83,165,9.66,52.5,4.9,0,1,0,0
6.35,317,5.75,109.2,13.5,1,2,1,3
2.3,351,3.51,39.2,5.0,2,3,0,0
0.68,560,8.31,60.2,13.1,0,2,0,1
1.81,157,0.59,73.9,16.8,0,1,0,0
7.08,365,13.48,83.5,12.1,1,0,1,3
17.2,620,11.49,97.2,17.2,2,0,1,4
3.23,614,5.2,93.6,18.8,0,3,1,3
4.01,186,5.43,59.8,10.1,0,2,1,0
8.86,434,10.54,75.4,7.0,2,1,1,2
4.13,368,12.84,75.1,7.6,1,1,0,3
12.41,311,4.91,58.9,5.4,1,1,1,0
1.67,21,12.5,108.3,10.2,2,1,0,3
12.19,135,6.84,101.3,13.5,0,1,1,3
8.3,621,12.91,99.1,8.4,1,1,0,4
12.47,631,12.02,62.6,8.6,0,3,1,2
8.14,465,6.83,83.7,7.6,2,3,0,2
13.74,494,10.95,46.3,5.4,2,1,1,1
12.3,426,1.35,63.6,17.9,2,3,1,2
14.86,608,2.22,105.8,4.7,0,0,1,3
3.69,717,2.25,78.7,19.3,0,0,0,1
3.5,43,4.66,103.4,19.8,0,2,1,2
17.56,570,7.14,75.1,9.2,0,0,1,2
14.15,192,6.03,40.6,16.6,1,1,1,0
12.13,83,5.26,66.3,9.4,0,1,1,0
7.2,550,6.76,57.7,6.6,1,1,1,1
3.38,342,9.39,88.5,17.7,0,3,0,3
7.04,563,6.48,49.7,9.2,1,3,1,0
2.03,665,8.06,68.0,13.6,2,1,1,1
16.31,277,0.63,89.7,12.6,1,2,0,2
6.17,633,11.58,87.8,20.5,0,0,1,3
6.6,46,8.83,104.9,5.2,0,2,1,3
6.15,712,1.09,101.0,11.1,0,1,1,3
1.71,653,13.7,97.5,7.8,2,2,1,4
11.92,634,4.77,38.5,18.3,2,3,1,2
0.62,508,2.41,45.2,17.8,1,1,0,0
5.58,22,2.96,91.7,19.0,1,1,0,1
1.2,461,7.25,87.8,17.8,1,2,0,2
5.43,582,1.7,108.5,5.0,0,1,0,3
9.71,113,1.01,94.9,17.5,1,2,1,2
13.04,506,7.4,93.5,12.2,1,1,1,3
14.03,576,11.79,100.5,9.2,1,1,1,4
0.75,282,5.38,49.7,20.3,0,2,1,0
4.98,670,3.84,90.8,13.8,1,2,1,2
2.14,362,11.52,89.2,22.2,0,2,1,3
3.95,673,12.91,56.7,20.1,2,1,1,2
13.83,379,13.28,107.4,10.4,0,3,1,4
13.52,170,5.32,51.9,10.2,0,3,0,0
13.15,183,8.92,70.8,12.9,0,1,1,1
10.16,167,11.4,48.0,14.0,0,3,1,1
9.66,652,10.34,96.4,18.6,2,1,1,4
4.61,597,6.5,52.5,22.3,0,3,1,1
7.58,315,7.42,90.9,13.5,0,1,1,1
5.6,483,9.07,64.0,18.8,2,3,1,1
9.55,235,4.94,91.2,8.3,1,1,1,1
10.48,667,5.16,79.8,7.3,0,2,1,2
3.61,525,11.6,66.4,12.3,2,2,1,1
11.83,690,3.75,52.6,15.5,1,0,0,2
6.01,404,3.87,38.5,13.6,2,1,1,0
15.77,298,1.39,55.5,15.7,2,2,0,2
9.34,69,9.15,48.6,16.9,0,0,1,0
7.51,55,8.59,46.6,18.6,1,3,1,0
15.73,159,7.32,94.5,8.4,0,1,1,2
11.88,692,2.94,111.2,21.5,1,1,1,4
16.47,643,13.44,68.1,17.4,0,1,0,4
15.13,312,4.21,61.1,22.8,0,3,0,1
6.62,185,3.59,55.3,19.2,0,3,1,0
15.18,36,13.61,80.2,15.9,0,1,1,2
1.69,543,4.62,76.4,7.5,0,2,1,1
5.5,678,12.31,105.8,12.2,0,0,1,4
5.8,556,0.86,70.5,22.5,2,1,1,2
16.36,76,12.74,81.6,23.0,0,1,1,2
5.26,374,11.28,108.2,19.7,1,2,1,4
5.77,29,10.51,51.0,5.4,0,0,1,0
12.77,324,6.8,98.5,16.6,2,2,0,3
4.4,433,7.58,45.8,6.0,2,3,0,0
13.29,301,12.32,108.2,4.1,1,2,0,4
5.3,115,9.09,89.0,7.4,2,1,1,2
11.92,460,7.31,47.7,6.4,1,2,1,1
8.34,115,5.13,79.8,14.6,0,0,1,1
1.47,473,13.46,60.2,9.8,2,3,0,2
13.96,490,2.49,74.5,19.5,1,2,0,2
13.33,46,2.45,77.2,8.7,0,1,1,0
3.72,182,10.39,74.6,21.0,2,1,1,1
7.88,492,8.4,42.2,6.3,1,3,1,1
12.23,453,5.71,71.9,14.7,2,2,1,2
16.15,694,7.25,95.1,4.3,2,1,1,3
16.4,170,0.57,58.4,12.4,1,1,0,1
10.01,253,13.99,70.1,15.2,2,1,0,2
9.44,89,12.85,60.7,20.6,0,2,1,2
2.64,349,13.84,50.7,18.4,0,2,1,2
8.55,663,9.77,102.9,9.7,0,3,0,4
11.34,172,5.93,89.5,16.8,0,3,0,2
11.86,622,10.65,39.1,6.8,1,1,1,2
14.83,413,3.43,106.9,14.7,1,1,1,3
6.93,267,4.38,39.4,11.1,2,2,1,1
14.9,568,2.05,83.6,22.7,0,1,1,3
6.12,632,12.73,75.9,15.8,0,0,1,2
16.64,621,10.07,39.1,5.3,0,3,1,2
15.31,678,11.51,107.0,7.7,2,2,0,4
3.84,643,12.11,53.9,15.0,0,1,1,1
2.05,218,10.14,75.1,7.0,0,0,1,0
4.59,551,11.83,68.9,19.9,1,2,0,2
6.25,197,12.34,43.1,17.8,1,2,1,2
15.31,340,7.25,53.4,4.9,0,3,1,0
13.08,642,10.03,43.2,10.2,1,0,0,2
4.09,126,1.38,49.9,22.5,0,3,1,0
17.81,453,6.49,38.4,13.2,2,2,0,2
3.3,568,1.28,111.0,16.3,2,3,1,3
15.84,165,0.98,42.7,9.8,1,3,1,1
13.24,497,9.34,88.0,8.9,0,1,0,3
12.07,131,11.8,72.0,15.0,2,2,1,2
16.36,332,0.81,79.0,14.9,1,1,0,1
16.91,481,11.12,87.5,14.9,0,2,0,4
11.11,619,11.19,59.5,22.6,1,0,1,2
10.92,268,1.94,98.6,8.6,1,2,0,2
11.72,508,5.09,44.5,15.4,0,2,0,2
3.93,59,7.57,75.1,6.0,1,2,1,1
6.74,295,5.52,44.7,11.1,2,1,1,0
11.9,641,1.19,71.8,12.0,2,2,0,2
13.89,372,0.59,57.2,15.7,2,2,1,1
14.95,149,0.78,78.8,7.7,0,1,0,1
11.24,617,10.61,90.4,6.6,1,1,0,3
1.06,612,8.66,62.5,7.2,1,2,0,0
2.79,63,6.51,51.3,6.1,0,1,1,0
9.31,355,8.91,73.8,22.7,0,1,0,1
10.94,291,3.0,111.5,22.5,2,2,0,4
12.23,125,7.87,81.7,17.6,1,1,1,2
15.35,88,7.87,67.4,4.1,0,2,0,0
4.33,539,11.03,70.0,19.7,1,1,0,2
8.8,216,6.44,44.2,11.6,0,0,1,0
10.83,279,7.3,66.3,16.1,2,2,1,1
6.99,703,6.76,100.0,7.7,1,2,1,2
2.85,478,8.86,87.0,13.7,0,2,1,3
14.27,490,9.66,47.2,4.6,0,1,0,1
0.32,251,11.98,60.6,19.6,2,0,1,1
11.73,247,2.27,59.0,17.5,0,2,1,1
9.65,611,1.02,102.0,22.9,0,2,1,3
9.43,625,1.29,100.8,15.0,0,2,1,3
3.04,567,8.27,106.9,9.2,1,0,1,3
8.48,359,2.96,106.9,18.7,1,1,0,3
16.76,211,2.22,84.3,17.3,2,2,1,2
0.86,171,7.59,46.3,13.9,0,1,0,0
9.06,542,10.54,92.7,9.3,1,3,0,4
6.01,243,3.79,55.4,14.1,2,1,0,1
16.21,585,6.85,60.4,21.7,1,2,1,2
3.78,141,10.08,58.4,10.9,1,1,0,0
10.9,69,4.79,74.7,13.0,0,1,0,0
4.06,147,10.07,80.0,17.4,2,3,1,2
8.85,666,7.25,76.3,15.1,1,1,1,2
16.4,613,4.96,57.0,18.1,0,1,1,2
10.47,135,7.23,79.5,12.7,0,0,0,0
4.75,514,4.12,64.0,19.5,0,1,1,1
4.26,697,13.85,65.9,10.4,1,3,1,2
17.69,704,8.85,93.7,19.3,1,2,0,4
3.95,486,9.15,46.5,4.5,0,0,1,0
2.48,292,5.24,51.5,16.2,1,2,1,1
5.52,160,8.16,58.2,20.6,2,2,0,2
4.14,185,2.92,64.2,14.8,2,0,1,0
13.13,295,7.25,68.9,17.8,2,2,1,1
15.89,378,12.14,71.2,8.5,1,1,0,2
2.45,447,12.16,50.2,4.4,2,2,0,2
11.81,394,8.89,83.7,8.1,2,1,0,2
1.78,171,13.33,101.3,5.4,1,2,1,4
5.72,156,5.89,55.1,10.8,2,3,1,0
10.02,538,10.51,55.6,17.3,1,2,1,3
12.32,337,5.68,73.4,19.4,2,2,0,2
6.92,704,12.04,97.4,5.2,1,1,0,3
1.74,210,1.15,61.1,21.6,1,2,1,0
6.59,655,2.72,95.8,7.4,0,1,1,1
11.15,638,2.8,59.8,10.4,1,1,1,1
4.02,473,3.77,49.5,12.1,1,2,1,0
13.28,701,11.99,58.5,6.6,0,1,1,2
0.59,297,5.23,82.0,8.6,1,0,0,0
7.62,697,8.6,89.0,7.3,0,3,1,3
8.44,44,4.93,108.7,13.2,1,1,1,3
6.05,20,4.32,75.1,10.2,1,2,0,0
13.45,300,6.35,63.3,8.2,2,1,1,1
14.95,533,9.38,62.2,13.5,2,1,1,2
7.2,56,9.08,79.0,14.7,1,1,1,1
6.33,43,7.55,103.8,20.3,1,2,1,3
4.46,22,3.62,45.9,14.1,0,1,0,0
2.6,122,8.6,50.0,14.1,0,1,0,0
10.57,111,9.37,55.9,6.5,1,2,0,1
15.56,508,9.04,93.6,11.8,1,1,0,4
11.97,680,0.75,52.6,21.5,1,1,1,2
8.26,294,9.81,53.0,15.6,2,1,0,2
13.13,40,2.82,94.2,9.4,0,2,1,1
9.97,628,5.87,51.6,18.5,0,0,0,1
17.47,554,4.25,65.2,11.3,2,1,0,2
15.3,17,7.78,76.3,15.5,1,0,1,0
0.61,164,13.12,54.8,8.0,1,2,1,1
4.21,166,2.93,66.5,14.0,2,1,1,0
12.12,210,1.89,44.5,4.2,2,2,0,0
1.97,222,5.7,95.7,22.1,1,1,0,2
10.02,528,10.32,65.1,11.2,0,2,1,2
8.58,96,3.76,39.9,4.3,0,3,1,0
16.81,330,4.6,97.8,20.9,0,2,1,3
8.38,570,2.0,75.8,21.9,1,2,0,2
12.23,22,7.25,105.7,15.6,1,3,1,3
11.66,24,3.02,75.1,11.0,0,1,0,0
1.47,415,13.2,42.2,9.8,0,0,0,1
6.67,595,4.68,52.6,15.4,2,2,0,1
14.1,144,4.88,105.9,17.4,2,2,1,3
17.9,326,2.19,74.3,15.4,0,1,0,1
10.57,470,8.66,96.4,4.1,2,3,0,4
14.79,335,1.21,57.5,6.0,0,2,1,0
13.85,683,4.99,47.1,12.6,1,1,1,2
3.86,63,5.53,56.2,15.7,0,2,1,0
15.48,654,11.18,85.5,8.1,0,1,1,4
0.67,206,11.35,68.8,14.4,0,1,1,0
12.55,182,3.65,64.3,15.8,2,0,1,0
16.77,224,9.28,74.9,8.3,0,1,1,1
1.78,663,12.06,78.0,15.7,1,2,0,2
14.85,129,8.04,73.3,7.9,2,3,1,1
15.02,352,2.23,43.1,11.0,1,1,1,0
0.44,445,3.98,101.9,13.1,2,0,1,2
14.23,441,8.6,110.9,21.6,0,3,0,4
0.71,475,4.14,86.0,5.8,1,0,1,1
5.81,273,12.14,72.1,10.6,0,2,0,2
10.57,621,5.94,83.2,19.3,0,1,1,2
16.18,339,10.62,107.8,4.4,2,1,0,4
7.25,68,12.16,50.6,21.6,0,2,0,2
5.84,484,5.59,41.5,5.7,1,0,1,0
9.42,596,7.47,81.6,15.7,1,1,0,2
5.5,199,5.98,46.6,17.9,1,2,1,1
8.69,477,2.94,54.9,9.8,1,3,1,1
16.87,660,2.7,48.7,4.1,0,0,1,1
7.32,569,5.66,43.6,9.5,0,1,1,0
4.05,283,8.38,98.1,14.0,0,3,1,3
1.5,588,7.07,71.5,7.4,0,0,1,0
2.87,494,6.42,99.2,9.3,2,2,1,3
15.55,229,7.53,84.1,5.4,2,2,1,2
17.29,37,6.09,46.3,21.2,1,1,1,0
5.45,488,13.66,55.6,7.1,1,2,1,1
14.0,442,5.67,111.5,13.5,0,2,1,4
11.0,505,12.75,90.5,14.6,1,2,1,4
13.54,367,4.34,80.6,18.0,0,3,1,1
16.18,309,7.25,43.9,16.7,0,1,0,1
11.55,356,5.84,104.3,21.5,1,0,1,3
0.51,256,0.7,87.3,20.1,0,2,1,1
17.36,648,11.83,97.5,8.9,1,0,1,4
8.97,63,4.22,78.1,12.3,0,1,0,0
14.82,436,11.27,104.5,21.1,2,3,1,4
3.66,17,13.26,111.6,15.7,0,0,1,4
0.43,63,4.1,111.0,6.5,0,3,1,1
6.49,333,7.73,63.2,20.0,0,0,1,1
17.43,103,10.21,74.3,7.5,0,2,1,1
11.15,607,0.79,75.6,16.5,0,3,0,2
7.08,504,6.33,89.2,16.2,1,1,1,1
17.84,382,3.52,97.2,9.3,1,1,0,3
8.74,181,3.31,95.2,20.6,1,0,1,2
17.98,114,2.92,73.3,20.1,2,2,1,2
4.48,655,5.38,76.8,17.1,2,1,0,2
17.39,303,3.63,82.9,21.9,0,1,1,2
7.55,586,7.21,107.4,15.4,2,3,1,4
10.77,644,4.34,100.8,9.0,0,1,0,3
8.13,107,8.86,105.0,5.0,1,2,0,3
4.12,455,2.26,74.7,7.9,0,0,0,0
4.79,141,10.93,101.3,16.0,1,1,0,3
5.96,273,8.36,79.3,20.2,1,1,1,1
17.4,70,1.51,85.3,13.1,0,2,1,2
14.12,405,13.71,110.0,12.0,1,0,0,4
7.81,529,6.54,75.1,20.0,1,3,0,2
1.69,325,8.5,93.7,6.6,2,1,0,2
17.73,597,2.48,48.4,5.7,0,2,1,2
9.93,684,11.51,108.3,17.8,0,0,1,4
17.26,199,13.55,54.7,12.0,1,1,0,2
5.52,431,3.89,70.8,15.4,1,2,0,1
5.76,644,1.48,108.1,17.2,2,1,0,3
8.32,434,6.24,98.5,18.1,0,1,1,3
6.76,240,5.39,107.6,9.7,1,2,0,3
8.25,614,12.18,75.7,16.4,1,2,1,3
5.59,595,12.54,40.8,5.3,0,1,0,1
12.31,400,1.19,45.1,22.5,1,0,0,1
0.52,718,11.77,43.9,9.2,1,1,1,1
7.85,18,13.98,84.3,9.1,0,1,0,3
10.66,172,2.12,87.9,4.2,2,3,1,2
2.98,651,5.8,90.0,8.9,0,2,1,1
3.42,687,12.09,61.8,16.3,2,1,0,2
4.81,72,5.25,48.1,17.3,0,2,1,0
1.25,572,5.63,76.1,4.3,2,2,0,1
14.25,661,0.54,46.7,7.7,0,0,1,1
2.74,666,4.88,66.2,16.8,0,0,1,0
16.98,667,6.72,105.5,13.4,1,3,1,4
2.03,104,0.73,81.9,17.7,0,2,1,1
3.03,257,8.17,100.4,13.5,1,1,1,3
3.79,115,7.25,65.1,22.6,1,0,1,1
8.28,628,13.12,82.5,13.5,2,1,1,3
3.9,187,5.2,40.6,11.2,2,3,0,0
16.14,276,4.43,88.8,10.6,2,1,1,2
13.52,203,9.6,86.3,20.1,1,0,1,3
10.96,421,2.36,44.6,20.8,0,2,1,1
1.3,522,12.44,91.9,14.4,1,3,1,3
1.02,468,4.44,63.3,15.0,1,3,0,0
8.81,492,6.2,77.1,15.4,0,2,1,1
5.08,334,7.25,98.7,18.9,2,2,0,3
10.66,640,2.73,105.9,13.1,0,1,1,4
8.88,561,10.6,110.6,6.9,2,2,1,4
7.92,573,6.19,103.2,7.3,1,1,1,2
15.68,226,1.1,55.8,13.6,0,1,1,0
4.85,145,6.17,49.1,15.7,1,1,1,0
12.83,104,12.04,39.9,9.6,2,2,1,2
7.13,638,12.72,46.6,12.0,0,3,1,2
5.87,39,6.25,101.7,21.9,0,3,1,3
16.13,54,2.26,50.9,4.8,2,2,0,1
5.1,649,3.54,68.6,22.2,2,2,0,2
14.01,555,3.76,41.1,5.1,2,3,0,1
14.64,601,8.03,69.0,14.0,0,1,1,2
1.37,512,3.32,52.5,6.8,1,0,0,0
15.65,519,8.25,83.5,20.9,0,1,1,4
11.62,398,7.29,97.5,8.2,2,2,1,3
3.38,553,8.8,80.0,20.6,1,2,0,2
13.41,598,5.67,43.1,19.6,0,1,0,2
15.33,505,13.67,97.0,19.9,2,1,1,4
1.69,638,13.7,62.3,18.9,0,1,1,1
5.6,453,11.35,65.5,16.2,0,0,1,2
15.6,408,5.99,58.0,7.5,2,2,0,1
3.41,501,5.52,85.2,15.1,1,1,1,1
9.23,495,10.39,46.5,18.5,1,1,1,2
14.71,366,1.37,44.5,20.1,0,3,1,1
5.91,613,6.13,78.5,9.6,2,1,1,1
2.93,461,1.89,95.2,21.6,2,0,1,2
3.72,245,8.32,91.8,10.9,0,1,0,2
16.22,200,11.41,82.3,9.8,0,1,1,2
1.94,332,7.12,50.9,12.3,0,2,1,0
16.96,608,8.05,53.4,21.5,2,1,0,3
16.0,250,8.08,40.2,12.8,0,1,1,1
16.46,512,8.62,41.2,18.0,1,0,1,2
4.94,211,7.25,101.8,5.5,1,1,1,1
8.57,660,6.01,81.0,11.0,0,2,1,2
14.56,7,7.25,47.3,13.7,1,3,1,0
8.4,176,11.72,88.9,18.6,1,1,1,3
3.42,127,8.8,90.7,8.5,1,1,0,2
10.19,338,4.3,43.1,20.3,1,1,0,1
1.26,228,13.11,68.1,5.8,1,3,1,0
2.96,454,9.84,97.9,4.5,0,1,1,3
1.35,279,2.38,102.8,20.9,1,3,1,3
3.4,158,10.44,56.9,23.0,1,2,1,2
8.58,540,8.87,92.4,9.5,1,2,0,3
3.64,236,7.47,56.0,6.0,2,2,1,0
8.79,412,7.31,58.4,8.2,2,1,1,0
1.46,105,12.85,78.8,11.7,0,1,1,1
16.99,352,4.46,91.3,14.0,2,1,1,3
15.73,247,3.52,96.8,22.3,0,1,1,2
0.96,463,6.07,67.9,6.6,0,1,1,0
12.87,540,11.07,99.0,8.6,1,1,1,4
1.98,592,6.59,41.4,9.5,0,0,1,0
13.91,388,5.1,81.7,15.6,0,2,0,2
13.73,430,4.95,73.9,10.9,0,1,0,1
11.43,474,12.16,48.8,8.7,2,1,0,3
8.83,89,10.98,44.1,11.7,1,2,0,1
8.23,421,11.96,108.7,11.9,2,3,1,4
17.18,140,1.16,65.7,20.6,0,1,0,1
13.01,325,12.69,94.9,11.5,1,1,0,4
16.05,29,4.95,77.6,14.3,0,2,0,1
8.33,477,2.19,111.7,4.1,0,3,1,3
7.45,495,10.38,47.2,15.6,2,2,1,2
9.38,22,8.45,60.8,11.0,2,2,1,1
14.92,117,1.05,47.5,11.2,2,0,1,0
2.02,372,13.53,77.1,8.6,1,0,1,1
17.91,113,10.22,70.3,16.8,0,0,1,1
6.95,382,10.73,85.9,12.1,0,1,1,2
9.29,338,3.69,87.8,21.2,0,2,1,2
6.42,9,4.11,42.7,5.8,0,0,0,0
8.38,33,3.18,82.2,11.5,1,1,0,0
16.47,325,10.38,67.5,12.7,1,2,0,2
5.99,228,8.52,86.7,11.5,0,1,0,2
1.32,259,11.52,46.4,8.0,2,2,1,0
15.37,406,13.78,48.7,13.8,0,3,1,2
15.7,149,8.05,42.0,16.4,0,1,1,1
8.45,337,5.57,83.4,7.4,1,0,0,1
5.37,148,5.38,38.9,15.4,0,2,1,0
10.4,600,1.88,111.6,7.5,1,1,1,4
14.32,210,7.25,75.1,4.3,1,2,1,0
17.69,434,12.08,54.2,5.1,1,2,1,2
17.2,243,11.53,43.8,22.5,0,0,0,2
6.38,652,12.34,43.4,22.9,2,1,1,2
7.52,355,11.31,104.0,10.6,1,2,1,3
15.59,560,6.89,77.0,16.9,0,0,1,2
0.58,289,2.23,76.5,21.5,0,3,1,0
9.76,468,5.07,53.0,20.8,0,0,0,1
17.65,221,11.64,56.8,16.9,0,3,0,2
13.19,688,9.21,93.3,5.3,0,0,0,4
8.07,252,12.67,63.0,17.7,2,3,1,2
6.6,607,10.06,100.9,16.7,1,2,0,4
4.41,160,5.68,58.8,7.3,1,1,0,0
5.84,275,6.3,79.9,12.2,1,1,0,1
15.26,125,3.75,72.1,7.3,0,1,1,0
12.59,214,7.62,65.8,22.5,2,2,1,2
5.71,67,13.77,60.7,22.5,1,3,1,2
11.17,378,2.15,59.5,11.4,1,2,0,1
16.59,276,9.23,75.1,17.8,1,0,1,2
9.6,435,2.01,71.1,11.6,1,2,0,0
8.77,215,1.58,62.6,13.1,1,0,0,0
12.04,334,3.01,59.1,17.0,0,1,1,0
16.5,355,4.23,104.2,14.4,2,1,1,3
0.31,12,3.18,58.0,15.6,1,3,1,0
14.81,161,1.4,39.6,19.8,1,1,1,1
13.7,207,0.88,48.3,15.7,1,3,1,0
17.72,265,9.69,95.6,9.8,2,3,1,4
9.18,546,9.61,91.6,10.4,0,1,0,3
16.26,342,8.22,62.4,21.4,0,2,1,2
6.73,718,7.25,83.9,18.4,1,2,0,2
5.85,98,8.41,66.4,17.2,0,2,0,1
7.18,400,9.4,71.5,13.1,2,2,1,1
1.57,299,3.94,82.9,4.7,2,0,1,0
16.87,411,7.67,49.6,7.5,1,1,1,1
10.76,430,10.19,84.7,5.6,1,2,1,3
14.34,585,9.25,53.1,4.0,0,2,1,2
16.81,566,12.02,50.8,4.9,1,0,1,2
14.97,618,8.72,58.8,11.4,2,2,1,3
4.52,613,9.18,98.8,16.8,1,1,1,3
10.59,372,8.59,92.8,17.6,1,1,0,3
13.92,315,0.93,79.5,19.3,1,3,1,1
15.99,478,7.98,94.4,14.0,2,1,0,3
13.02,678,2.21,51.3,19.6,1,1,1,2
8.39,352,8.26,72.7,12.5,0,3,0,1
4.13,215,6.71,98.1,7.0,0,0,1,2
17.44,282,0.9,76.9,22.3,0,2,1,2
17.72,39,1.37,98.0,13.3,2,2,0,3
6.99,528,2.05,67.2,23.0,0,2,1,1
12.26,618,10.5,41.6,10.4,0,3,1,2
15.12,67,7.2,75.4,4.5,1,0,0,1
10.5,553,1.99,54.9,14.9,2,1,0,1
5.76,693,3.55,104.6,19.7,0,1,1,3
16.7,478,7.25,87.3,18.4,2,1,1,2
6.55,411,5.6,56.2,12.4,0,0,0,1
10.74,120,3.59,75.8,10.8,0,2,1,0
2.26,428,8.92,60.9,6.0,0,2,1,0
3.82,363,9.47,89.5,4.6,0,2,0,3
12.47,411,8.7,105.5,21.6,0,2,0,4
4.26,185,1.91,81.1,18.4,2,1,0,1
12.11,603,7.59,103.4,17.6,2,3,0,4
5.09,240,4.57,48.4,5.3,0,1,1,0
13.42,168,5.6,99.2,18.0,1,0,0,3
6.7,666,4.64,87.6,11.5,2,3,0,2
6.95,606,13.65,45.2,13.4,2,1,1,2
5.4,602,5.17,50.4,10.2,0,3,0,1
5.62,433,6.51,75.1,5.3,0,2,1,1
1.31,52,9.74,84.8,7.6,1,0,0,2
12.8,472,1.84,93.4,21.8,0,2,0,3
9.03,252,8.06,67.5,18.7,1,1,1,0
11.41,265,4.71,86.6,6.4,2,1,0,1
2.49,202,2.01,93.9,13.0,0,1,1,0
3.46,508,3.77,102.2,7.7,1,0,1,2
2.64,649,10.59,107.8,18.7,1,2,1,4
12.02,237,2.07,88.1,16.8,0,1,1,1
6.9,56,6.88,75.1,7.9,0,3,0,1
1.97,107,2.0,75.1,14.0,0,1,1,0
4.77,553,6.22,53.0,9.6,0,1,0,0
6.95,508,6.0,40.9,7.5,0,0,1,0
8.75,628,7.25,79.0,18.7,1,3,1,2
15.11,716,0.53,60.7,8.0,0,1,1,2
12.49,551,2.22,41.4,5.9,1,2,1,1
1.93,150,6.23,64.0,12.2,0,2,0,0
3.0,579,6.4,95.7,16.1,2,0,0,2
6.76,335,8.79,69.8,10.9,0,1,0,0
13.73,541,1.24,55.2,18.2,1,0,1,1
16.14,50,0.91,39.9,21.9,2,3,1,1
5.31,463,8.76,48.1,8.9,1,1,0,0
0.31,72,6.07,70.8,12.9,0,2,1,0
10.65,372,7.95,103.6,13.1,0,0,1,3
10.67,190,3.77,62.0,5.8,0,0,0,0
17.41,648,7.78,40.2,7.4,0,3,1,2
2.25,187,11.32,48.1,8.4,2,0,1,0
16.06,693,1.08,66.6,12.8,0,0,1,1
14.49,34,11.32,64.7,7.2,0,2,1,1
16.12,681,7.69,75.1,12.4,0,3,1,2
5.92,365,5.87,100.2,19.9,0,1,1,3
8.05,402,4.6,81.5,13.5,1,1,1,1
13.77,20,7.01,86.3,13.0,1,1,0,2
12.52,670,5.36,86.3,15.7,0,1,1,3
16.42,499,7.05,111.0,5.1,0,2,0,4
14.43,46,12.96,75.1,12.3,0,1,1,3
10.39,11,5.14,49.5,6.1,1,3,1,0
16.22,385,8.89,100.3,11.8,1,3,1,4
17.78,327,4.26,39.7,12.1,1,3,0,1
5.08,410,12.64,80.1,13.5,0,2,1,2
0.83,46,5.59,98.4,11.0,2,3,1,2
8.56,567,11.49,79.7,4.8,0,1,0,2
11.44,226,4.83,62.6,20.5,2,3,1,1
6.85,575,8.99,107.4,16.9,0,1,1,4
7.79,405,7.25,92.2,18.4,1,2,1,3
3.37,541,4.07,81.6,22.6,1,1,0,1
15.55,585,9.65,87.9,17.6,0,1,1,4
14.71,6,9.41,69.6,21.7,1,2,0,2
6.38,64,10.88,68.4,22.1,0,2,1,2
11.14,460,2.12,60.3,19.0,0,0,1,1
5.11,249,11.05,70.7,13.5,0,1,1,0
3.67,546,13.06,38.4,7.8,1,1,0,1
8.92,618,11.41,77.4,14.3,2,1,1,3
16.28,207,8.01,38.8,19.3,2,2,1,2
13.38,595,4.07,94.4,11.4,1,1,0,3
0.92,587,7.25,60.2,7.3,1,3,1,0
17.93,374,4.87,68.5,17.4,0,2,1,1
1.02,474,3.97,85.9,8.1,1,3,0,1
6.23,420,0.5,43.0,20.9,0,3,0,1
6.53,106,6.61,111.5,11.6,2,1,1,3
12.44,81,11.29,90.7,6.1,0,0,1,3
12.14,381,8.41,104.5,14.7,2,0,0,4
1.0,602,0.67,57.5,10.7,1,1,1,0
11.05,49,12.34,103.7,6.0,1,1,0,4
15.27,98,5.29,56.7,4.2,1,0,1,0
2.27,220,7.25,84.5,20.1,2,1,1,3
16.84,438,11.36,70.7,19.6,0,2,0,3
15.91,190,4.89,68.5,4.8,0,1,1,1
2.91,719,4.45,59.1,21.9,0,1,1,1
11.62,711,12.13,85.8,15.8,2,1,0,4
12.39,617,8.61,101.0,7.7,0,0,1,4
4.02,575,9.76,101.7,21.5,1,2,1,4
4.73,676,5.46,80.8,13.8,2,1,0,2
14.05,171,2.7,56.8,15.4,1,1,1,0
14.64,376,5.26,85.1,14.4,0,2,0,2
11.98,94,9.13,71.5,16.1,1,1,1,1
8.79,605,1.79,107.5,22.7,1,1,1,4
12.4,302,5.57,95.4,6.7,1,2,0,2
3.28,106,3.22,108.3,5.2,2,2,1,2
16.24,450,10.99,57.3,14.8,1,1,0,3
15.93,718,1.22,93.8,13.7,1,2,0,3
14.17,195,5.24,104.1,19.2,1,0,1,3
7.99,585,1.8,97.8,21.9,2,3,1,3
16.42,678,11.26,104.4,11.8,1,1,1,4
12.87,137,5.33,77.5,9.7,1,0,1,0
3.86,622,11.06,62.4,11.2,0,3,0,1
3.49,608,5.57,90.1,6.4,0,1,1,1
16.48,692,2.06,106.8,16.6,2,1,1,4
12.96,105,10.78,98.6,16.0,1,0,0,4
15.47,33,13.08,51.7,8.7,0,1,0,2
7.53,398,7.73,61.4,17.9,1,2,1,0
11.34,676,4.98,64.9,19.8,1,3,1,2
5.82,670,7.25,106.2,22.1,0,3,1,3
6.99,534,12.97,79.7,6.0,2,2,0,2
0.78,595,3.17,89.2,8.2,0,1,1,1
15.66,495,9.26,63.5,12.7,1,1,1,2
4.64,495,1.99,85.6,22.6,2,1,1,2
5.56,672,6.8,110.0,8.8,0,1,0,4
3.49,596,8.18,69.8,4.8,0,0,0,0
13.21,56,7.21,75.4,13.4,1,1,1,0
8.75,162,7.33,61.6,7.2,0,3,0,1
4.66,330,13.5,47.1,13.8,1,2,0,2
4.84,640,8.89,61.9,9.5,2,3,1,1
17.56,21,9.32,104.0,13.5,1,3,1,3
14.27,137,11.17,66.4,18.1,1,2,1,2
4.6,367,4.56,88.7,17.6,0,1,1,1
7.6,8,11.04,76.5,15.8,0,2,1,2
11.85,38,13.02,89.0,20.7,2,2,0,4
15.6,150,6.42,103.3,14.0,0,1,1,3
10.44,350,8.48,97.6,9.7,1,3,0,3
3.08,567,5.53,79.3,15.4,1,0,1,1
6.9,645,4.75,99.8,18.4,2,0,0,3
0.98,372,10.98,77.3,9.8,2,0,0,1
17.97,29,1.39,77.5,19.8,1,2,1,2
2.0,207,7.01,41.5,18.9,0,1,1,0
6.99,627,4.64,96.4,12.7,0,2,1,2
6.8,317,3.02,75.1,6.8,2,2,0,2
2.29,666,7.63,80.6,15.7,1,3,0,2
4.14,374,3.24,53.5,5.7,0,1,1,0
9.27,528,10.4,67.4,11.2,0,0,1,0
13.28,225,7.25,70.5,7.9,0,0,1,0
5.41,510,2.09,67.2,4.2,1,0,1,0
13.41,452,3.14,47.4,13.5,1,0,1,0
15.04,49,8.97,69.9,21.1,1,1,0,2
15.89,151,6.62,58.9,20.8,0,2,0,2
12.04,573,2.8,88.8,17.4,0,2,1,3
4.71,96,1.77,69.7,18.3,0,3,1,0
6.75,479,4.95,104.2,20.1,1,2,1,3
2.11,638,13.88,107.8,17.5,2,3,0,4
15.25,97,9.44,75.1,22.4,0,2,0,2
16.62,54,4.31,50.2,8.6,0,2,1,1
0.67,554,7.15,70.6,21.1,0,3,0,1
15.92,71,13.67,53.3,13.4,0,1,0,1
10.72,572,5.4,98.4,4.7,2,1,1,3
0.65,317,3.24,94.6,18.0,1,1,1,1
2.0,656,8.49,102.1,12.9,0,2,0,4
8.85,599,8.65,51.0,20.5,1,3,1,2
9.96,157,7.2,67.3,7.2,0,1,1,0
6.69,23,10.31,106.6,20.8,0,2,1,4
6.75,571,11.53,65.1,17.4,1,1,0,2
10.13,592,10.62,111.1,13.8,0,1,0,4
5.3,51,11.67,76.4,20.7,1,2,1,2
17.47,635,2.77,56.5,22.4,1,2,0,3
18.0,284,10.36,92.4,7.2,1,1,0,3
4.89,388,10.79,99.1,18.5,2,3,1,4
10.5,232,4.4,97.5,11.2,0,1,1,2
10.23,533,5.85,91.7,11.9,1,1,0,2
12.49,294,3.5,80.9,15.2,1,1,1,1
10.31,664,9.81,39.6,10.6,2,1,1,2
3.23,115,5.98,47.0,4.2,0,0,1,0
5.49,717,11.44,87.8,11.7,0,0,1,3
17.4,681,10.75,107.4,8.1,0,3,1,4
15.48,260,8.6,83.6,21.7,2,3,1,3
8.76,167,8.14,51.4,13.8,1,1,0,1
17.23,143,6.2,61.3,5.4,0,0,1,0
9.73,582,9.85,93.1,8.1,0,2,0,3
9.2,162,3.68,41.3,4.3,1,2,1,0
17.83,220,9.02,39.5,6.1,1,1,1,1
14.02,246,12.17,100.8,6.4,1,1,1,3
8.92,69,1.37,110.9,6.7,1,1,1,3
0.41,210,9.97,47.3,20.3,1,1,1,0
14.47,208,7.25,72.4,4.3,1,3,1,0
12.69,43,10.39,44.8,13.5,0,1,0,1
10.79,20,11.72,50.1,16.1,1,2,0,2
14.06,619,1.73,67.2,13.7,2,0,0,2
13.97,260,10.71,94.1,15.2,0,2,0,4
3.87,193,3.13,47.6,19.3,0,1,1,0
6.5,73,10.78,40.0,9.9,1,1,0,0
1.79,715,4.07,73.8,7.3,1,2,1,0
3.07,660,4.32,59.7,15.9,0,3,1,0
6.14,494,7.25,59.5,13.3,2,0,1,1
12.19,84,9.5,50.2,13.7,0,2,1,1
6.39,674,5.84,74.1,7.7,1,1,0,1
11.69,49,7.31,87.8,5.0,1,1,1,1
2.17,452,6.31,107.2,17.6,0,2,0,3
10.85,385,8.03,100.6,23.0,0,3,1,4
12.89,517,13.14,77.1,4.3,0,1,0,3
5.92,480,7.25,76.2,5.2,1,0,0,1
10.47,405,12.97,70.5,16.7,2,2,1,3
4.01,44,4.28,45.0,14.3,2,3,0,0
16.02,680,7.25,57.2,11.0,1,3,1,2
3.12,638,9.53,86.2,22.1,0,1,0,3
9.46,31,6.65,68.0,7.4,0,0,0,0
1.47,93,8.72,38.1,5.3,1,1,0,0
1.85,327,7.1,106.9,14.8,0,3,1,3
8.73,600,10.83,54.6,19.9,2,0,1,2
1.21,90,7.42,65.9,22.3,1,1,1,0
11.05,568,5.21,87.4,15.9,1,0,0,3
10.59,8,10.19,66.8,17.5,0,2,1,1
6.05,64,13.61,62.0,22.9,1,1,1,1
16.18,7,4.68,54.7,9.3,1,1,1,0
11.17,51,13.17,56.0,18.0,2,3,0,2
9.35,694,13.42,57.7,11.2,0,1,1,3
6.75,261,4.76,79.9,18.8,0,3,1,2
13.29,186,10.38,44.8,6.9,0,3,1,1
0.48,519,3.71,71.3,18.6,0,1,1,0
13.54,303,10.2,75.1,20.4,2,0,0,1
15.75,595,10.58,110.6,5.4,1,1,1,4
10.09,498,12.84,103.8,10.2,0,1,1,4
7.92,647,1.3,94.0,4.3,1,1,1,2
4.87,20,3.02,40.6,11.5,1,2,1,0
4.46,121,5.69,38.8,10.9,1,2,0,0
10.55,192,12.13,53.9,20.5,1,1,1,2
6.12,509,0.96,64.1,10.0,0,2,0,0
7.49,61,11.88,43.3,21.0,2,1,1,2
14.9,574,9.53,77.8,7.5,2,1,1,2
2.19,311,6.66,69.1,9.1,0,2,1,0
6.6,383,2.35,62.5,13.2,1,1,1,0
0.95,32,2.53,73.9,21.3,0,3,0,0
14.46,717,13.79,102.5,10.1,1,2,1,4
16.75,394,12.93,83.9,13.4,0,3,1,4
0.46,653,2.54,109.4,6.6,0,2,1,3
13.15,118,1.26,51.1,4.1,2,3,1,0
6.16,306,13.58,73.3,10.5,1,0,1,1
6.01,227,2.75,64.1,22.4,0,2,0,1
4.58,70,9.42,96.7,20.0,1,1,1,3
0.66,675,7.65,55.8,11.2,0,2,1,0
11.28,181,6.26,49.6,9.9,0,2,1,0
16.94,693,7.53,104.1,17.5,1,2,1,4
13.9,468,12.2,92.2,12.6,0,3,0,4
16.78,399,11.21,38.1,12.9,2,2,1,2
15.61,28,5.3,56.8,16.0,1,2,0,1
3.54,667,5.72,81.4,14.7,0,1,1,1
11.88,477,4.4,109.5,14.2,1,1,1,4
13.54,142,13.96,85.4,16.4,0,0,1,3
8.41,135,5.04,93.3,11.7,0,2,1,2
16.82,577,12.95,77.1,22.0,1,2,1,4
2.65,201,2.12,84.4,15.2,0,2,1,1
3.38,330,11.53,56.4,17.8,1,0,0,1
2.41,294,1.47,67.6,11.0,0,0,1,0
3.6,609,3.76,85.7,15.1,2,2,1,2
10.87,300,9.23,56.7,20.6,1,1,0,1
13.94,466,2.94,60.9,9.4,0,0,1,1
15.66,70,10.25,75.1,11.5,2,2,0,3
7.34,241,9.49,56.9,19.7,0,1,1,1
2.64,647,5.51,42.6,15.4,0,0,0,1
12.49,248,12.6,100.2,7.1,0,1,1,4
17.02,351,7.04,83.9,18.9,1,1,1,2
15.73,347,2.9,64.7,9.8,1,3,0,0
4.62,368,4.44,96.0,19.0,0,0,1,2
9.56,420,3.77,105.5,10.8,1,3,1,3
8.75,493,8.54,43.6,13.0,1,1,1,1
6.36,240,5.7,41.1,18.0,1,1,0,0
8.88,53,9.12,67.7,20.1,1,2,1,2
9.57,716,5.28,95.7,20.7,2,3,1,3
13.59,19,8.99,43.8,20.9,1,3,1,1
9.39,58,10.8,59.7,19.5,1,1,1,0
7.64,465,6.43,63.5,22.6,0,2,1,1
9.36,390,6.9,49.6,12.2,1,0,1,0
15.06,634,5.39,54.6,20.2,0,1,1,2
7.7,571,9.95,78.3,13.5,0,2,1,2
3.44,248,1.1,100.4,7.5,0,3,1,2
1.57,699,8.51,47.7,7.6,1,2,1,0
5.09,512,2.41,48.4,10.0,0,3,0,0
9.49,439,5.05,94.6,19.4,1,1,1,2
17.66,305,1.97,65.7,10.0,0,2,1,1
12.03,272,7.16,73.8,4.5,1,2,1,0
17.23,46,3.31,46.4,12.7,0,2,1,1
2.1,580,12.62,89.1,13.3,1,0,1,3
11.38,518,7.31,75.5,22.6,2,0,1,3
4.68,638,4.62,89.8,5.5,0,0,0,1
13.98,633,4.26,46.7,14.9,1,0,1,2
11.86,54,5.37,110.7,12.2,1,1,1,3
6.33,91,5.38,73.4,7.6,0,1,0,0
4.73,409,5.25,75.2,21.4,1,0,1,1
12.59,303,4.41,74.2,18.5,0,2,0,1
5.88,449,8.1,75.1,14.9,1,1,1,3
3.31,665,11.42,57.1,9.9,1,0,1,1
3.96,262,7.25,55.6,8.7,2,1,0,0
2.87,600,9.62,75.1,10.1,1,1,1,1
0.46,169,11.78,82.7,19.9,2,2,0,3
7.05,510,4.99,46.5,21.9,0,1,1,1
1.39,59,11.11,39.7,18.6,1,2,1,1
16.92,552,3.21,88.8,19.2,0,2,1,3
0.67,488,3.05,94.8,18.7,0,0,1,2
10.6,422,4.27,90.6,8.5,2,0,0,3
11.5,421,12.62,75.1,4.2,1,2,0,4
2.77,525,6.78,86.5,16.3,2,3,1,2
3.67,682,9.06,70.9,9.4,2,2,1,2
12.46,70,7.66,104.5,7.1,0,2,1,3
1.07,323,1.19,77.1,4.7,2,0,0,0
7.35,715,1.97,108.7,19.6,0,0,1,4
4.82,383,2.58,111.8,7.1,1,1,1,2
1.56,674,4.43,98.7,19.0,1,3,1,3
9.55,641,5.7,77.5,22.5,2,2,1,3
5.48,580,13.45,102.0,13.3,1,2,1,4
16.96,504,2.35,72.0,14.2,2,3,1,2
8.03,687,10.02,102.7,22.0,0,3,1,4
13.18,36,2.08,54.7,11.7,1,0,0,0
5.98,204,6.43,84.0,16.1,0,1,1,1
13.16,254,12.25,91.6,11.2,2,0,1,3
1.35,521,13.93,98.7,8.1,0,2,0,4
13.35,297,8.01,48.8,10.4,2,2,1,1
8.04,607,10.29,76.7,14.8,1,1,1,2
2.08,371,13.63,44.8,11.8,1,2,0,2
0.38,14,8.83,54.6,15.7,0,0,1,0
7.19,160,10.85,61.1,8.7,0,1,1,1
3.18,241,12.59,90.8,13.5,1,2,1,3
3.34,11,7.49,75.5,10.6,0,2,1,1
9.5,215,9.62,58.8,13.2,1,3,1,1
9.9,578,1.84,106.3,19.7,0,3,0,3
3.7,202,12.08,77.1,13.5,1,2,0,2
11.75,22,11.76,80.6,9.5,0,2,0,1
11.1,52,0.95,38.0,22.8,1,2,1,0
0.35,579,1.47,87.1,13.3,1,1,1,1
17.48,634,4.82,108.8,19.9,2,1,1,4
5.94,614,3.26,54.7,14.4,0,2,0,0
0.91,254,11.18,100.6,17.3,0,2,1,3
8.73,134,10.93,78.0,14.2,2,1,1,2
14.53,298,4.33,83.4,11.5,0,0,1,1
15.56,171,3.74,106.2,7.5,1,0,1,2
1.01,273,13.88,66.7,16.8,0,2,1,2
5.1,649,10.27,49.8,8.8,2,1,1,1
13.65,187,8.76,51.5,18.6,1,2,1,2
15.43,397,0.89,53.0,9.4,1,2,0,0
12.42,378,4.5,100.9,20.7,2,3,1,4
16.11,140,3.4,91.8,4.3,1,2,1,2
11.64,120,7.71,46.9,16.9,0,3,1,0
1.81,123,7.25,61.3,13.2,0,0,1,1
6.29,507,5.78,71.1,10.4,1,1,0,0
10.65,105,8.9,98.4,9.7,1,1,1,2
4.73,439,5.35,75.1,19.7,1,2,0,3
6.32,273,1.72,77.6,15.2,0,3,0,1
6.39,173,4.75,97.3,20.6,0,1,1,2
12.86,37,3.55,105.7,18.7,1,2,0,3
5.9,324,3.0,48.7,22.8,2,2,1,1
7.52,536,0.74,85.1,10.6,2,0,1,1
15.29,488,9.1,111.7,8.9,2,0,0,4
14.34,95,12.7,96.8,13.2,0,2,1,4
1.56,395,10.58,111.9,15.5,1,1,0,4
5.42,627,13.94,61.0,13.5,1,0,0,2
10.59,552,10.5,72.6,15.9,1,1,1,3
11.63,638,13.59,62.9,22.9,1,1,0,3
4.41,57,13.68,57.5,9.3,2,1,1,1
9.04,515,11.57,54.6,7.1,1,0,1,1
9.96,186,5.37,91.2,22.7,2,1,0,2
17.32,252,3.4,91.3,20.1,0,1,0,2
12.23,490,10.87,48.6,9.8,0,3,1,2
16.91,139,13.57,70.1,18.3,1,3,1,3
0.7,690,2.9,49.9,8.2,2,1,0,0
11.97,78,3.6,67.5,10.5,2,1,1,0
16.99,663,6.4,72.1,18.9,2,0,1,3
8.81,150,13.9,92.8,20.9,1,3,1,4
0.35,600,5.04,70.0,22.8,0,1,0,0
6.44,368,13.03,92.3,12.2,1,1,1,3
10.76,688,5.63,40.2,17.0,2,0,0,2
11.95,582,10.07,61.0,12.7,1,2,0,2
2.97,425,2.32,53.1,7.4,0,1,1,0
2.61,646,5.38,52.9,12.3,1,2,1,0
7.24,374,2.07,85.0,11.5,1,2,0,1
11.52,485,3.12,83.5,16.4,2,2,1,2
17.42,549,6.63,64.0,21.0,2,1,1,3
1.41,195,5.3,109.8,7.8,1,1,0,2
6.55,36,4.23,45.5,6.8,1,1,1,0
14.69,436,1.1,48.8,10.6,0,0,1,1
8.82,293,5.12,53.5,7.6,2,2,0,1
14.21,290,9.06,78.0,19.9,0,1,1,2
11.38,310,6.58,92.8,21.2,1,1,0,2
12.03,80,10.28,73.7,4.5,2,3,0,2
12.95,541,3.84,110.6,18.5,0,1,1,3
15.59,559,10.54,83.0,11.1,2,1,1,4
12.3,447,4.5,47.4,8.8,0,3,1,1
6.8,220,4.64,107.9,13.5,0,3,1,3
1.5,651,4.23,92.9,22.4,0,2,1,2
12.36,83,2.47,99.9,20.3,1,3,1,3
14.48,584,6.5,69.3,19.5,1,2,1,2
10.41,674,8.98,104.1,5.1,0,0,0,4
4.1,251,9.04,107.0,21.1,1,3,1,4
7.53,124,12.73,50.8,5.7,1,1,1,0
16.02,469,6.62,57.8,19.3,1,0,1,2
0.42,298,7.25,42.3,11.4,0,3,1,1
0.33,215,8.26,91.1,21.2,0,2,1,3
15.6,435,2.6,103.2,11.0,0,2,0,3
0.86,99,0.63,58.0,18.4,1,1,1,0
5.51,649,4.11,46.0,12.7,2,3,1,1
3.53,90,2.84,102.5,15.6,1,3,0,2
6.34,341,8.08,74.0,5.9,1,3,1,1
10.33,16,5.78,92.3,19.9,0,1,1,2
11.45,188,6.94,73.7,9.9,0,2,0,1
15.45,173,12.1,38.7,12.4,2,1,0,2
4.4,654,13.64,42.7,19.4,0,1,1,2
2.61,708,11.2,107.2,22.2,1,2,1,4
4.08,457,12.07,67.3,12.2,1,2,1,1
7.51,184,7.74,84.8,21.3,1,1,0,1
5.35,653,11.62,74.0,10.5,1,1,1,2
2.11,179,7.69,81.2,17.0,2,2,1,1
8.22,293,7.37,66.6,17.1,2,2,0,2
5.08,703,2.76,111.2,19.2,0,3,0,4
6.54,403,1.95,102.9,7.0,2,1,1,2
8.54,572,1.11,69.1,4.3,1,1,1,0
17.75,317,7.52,91.6,15.8,0,1,0,2
1.99,623,9.89,64.2,6.8,0,1,1,0
0.37,608,6.21,48.4,9.5,1,0,0,0
2.74,150,8.22,76.1,18.6,0,1,0,1
12.24,337,2.79,38.7,9.4,0,3,1,0
10.69,543,11.05,80.5,10.6,0,2,0,3
5.2,380,4.46,77.7,22.8,1,2,0,2
9.26,189,2.67,110.6,19.0,2,2,0,4
3.78,711,1.08,59.8,13.3,2,0,1,0
9.37,612,5.85,89.7,16.9,1,2,0,3
16.96,357,6.19,58.1,7.7,0,1,1,0
11.94,147,9.7,42.9,12.7,2,1,1,1
8.56,175,9.38,109.2,22.7,0,0,1,3
13.88,697,12.58,68.7,12.2,2,2,1,3
14.58,292,12.6,86.4,6.0,0,3,1,3
5.22,701,5.36,103.6,15.4,0,1,1,3
14.48,404,10.8,101.9,18.3,0,1,0,4
7.25,142,9.53,53.1,16.2,2,1,1,1
16.83,200,4.16,41.9,20.7,2,3,1,1
8.55,47,5.04,43.7,16.4,1,3,1,0
8.5,192,6.16,87.3,7.6,2,1,1,1
10.19,243,10.57,107.2,8.2,0,3,1,4
10.11,136,2.22,97.3,13.9,2,1,1,1
1.32,352,5.39,111.9,15.7,2,1,1,3
3.82,17,12.97,59.6,8.9,0,1,0,1
14.29,195,10.61,97.0,7.6,1,1,0,3
10.08,41,1.16,57.2,16.5,1,2,0,1
2.24,333,5.1,77.9,22.4,0,3,0,1
2.03,157,8.11,52.2,6.2,2,3,0,0
0.91,172,11.84,89.1,10.8,2,3,0,3
1.92,413,7.25,61.9,19.1,2,0,1,0
17.92,106,0.66,42.9,12.1,0,0,0,1
3.39,475,10.71,97.5,6.5,1,2,1,3
4.7,644,7.34,75.2,22.6,2,2,1,3
9.94,203,12.61,110.4,19.8,1,3,0,4
7.56,430,10.85,97.9,21.0,1,0,1,4
14.56,81,12.48,54.0,8.4,2,3,0,2
14.08,449,4.53,104.8,21.1,1,1,1,3
7.98,637,8.66,60.4,10.1,0,2,1,2
10.34,292,2.95,77.1,15.6,1,1,1,1
7.51,202,5.13,69.9,22.0,2,1,1,1
15.89,186,5.86,86.0,8.6,1,1,0,2
7.62,211,9.03,64.9,20.3,1,1,0,1
7.98,424,8.93,38.3,22.6,2,3,0,2
7.58,541,4.18,101.5,12.1,1,1,1,2
9.69,595,1.99,54.5,11.8,1,0,1,0
10.61,577,4.88,67.8,10.2,0,1,0,1
10.36,286,6.8,50.4,15.1,2,0,1,0
17.31,533,9.57,75.1,14.2,1,3,0,3
8.85,377,2.73,38.1,16.2,1,1,1,0
15.17,350,2.61,110.4,12.1,2,0,1,4
8.85,499,10.09,38.6,19.1,2,1,1,2
16.3,165,2.63,91.0,5.5,0,3,1,1
1.27,163,7.83,103.3,15.5,2,0,1,3
3.37,307,8.23,70.5,17.9,0,1,1,0
16.73,17,7.11,110.3,17.4,0,1,1,4
4.27,673,7.7,50.5,8.7,0,1,1,0
13.69,23,13.98,59.9,11.1,2,2,1,1
7.67,642,6.66,49.5,7.4,2,2,1,2
5.64,683,6.13,95.9,13.6,0,2,1,2
5.78,349,6.12,47.5,22.4,2,1,1,1
12.15,623,1.32,94.6,17.3,2,1,0,3
16.17,263,8.76,93.5,11.8,2,1,0,3
2.13,151,9.48,110.3,20.9,0,0,0,4
4.27,333,9.22,88.4,22.6,0,3,1,3
13.97,324,3.91,59.3,22.6,2,1,1,1
15.81,214,6.67,41.9,11.1,1,1,0,1
9.91,403,13.35,65.2,7.1,1,1,1,1
9.25,421,1.92,80.2,4.9,0,3,1,0
17.55,219,8.41,57.7,18.1,0,1,0,2
0.5,181,6.4,57.4,12.6,2,2,1,0
12.67,309,2.58,75.5,4.2,0,3,1,0
2.44,386,5.1,103.6,21.9,0,1,1,3
9.57,119,4.5,108.1,22.1,1,1,1,3
3.3,359,13.67,48.1,15.2,1,2,1,2
10.93,21,5.22,104.5,7.6,2,1,1,3
8.7,454,10.72,111.1,13.5,2,1,1,4
9.89,453,7.25,63.2,16.0,2,2,0,1
1.59,543,5.06,40.1,4.8,0,1,1,0
17.4,550,5.38,55.4,11.3,0,2,0,2
1.75,220,8.82,73.0,10.6,0,1,1,0
7.09,705,13.67,104.0,8.3,1,1,1,4
15.55,197,3.38,84.1,7.3,2,1,1,1
11.0,311,13.22,56.1,21.8,2,2,0,2
8.88,617,8.57,90.2,15.8,2,0,1,3
0.47,584,11.22,95.3,11.2,1,3,0,3
6.65,250,2.62,51.4,17.3,0,1,1,0
2.13,440,1.82,111.0,21.7,1,1,1,3
4.82,442,9.22,62.3,5.1,2,1,0,1
8.48,236,1.61,87.8,7.9,1,3,1,0
8.83,385,8.27,72.2,6.3,2,1,1,0
9.82,500,2.23,80.2,16.9,0,0,1,1
12.23,209,11.65,93.3,12.3,1,3,0,3
5.49,583,7.29,65.6,12.6,0,2,0,1
9.68,259,12.57,95.8,19.4,2,0,1,4
4.47,511,7.84,107.1,16.8,1,1,1,3
17.22,205,5.23,68.9,8.0,2,0,1,1
6.95,392,11.86,67.4,18.3,1,2,0,2
14.17,421,3.11,63.5,12.4,0,1,1,2
4.84,226,6.64,70.1,13.5,0,1,1,0
3.81,111,1.83,47.4,18.5,0,2,1,0
13.36,363,11.13,105.1,7.9,0,0,1,3
8.33,567,3.77,108.7,10.8,0,0,1,3
16.14,41,5.53,78.0,19.4,2,0,0,2
14.0,691,9.23,53.7,20.0,0,0,1,2
8.87,181,13.0,74.0,13.6,0,2,1,2
16.57,73,3.62,82.4,20.6,0,2,1,2
8.28,485,13.63,59.6,22.8,1,3,1,2
6.56,518,5.05,57.9,20.6,2,2,1,2
14.09,591,10.57,79.6,22.6,1,1,0,3
12.18,522,4.31,49.2,22.1,0,2,1,2
9.76,353,9.03,41.0,12.0,2,1,1,1
12.0,389,7.25,93.1,22.0,1,3,1,2
1.61,10,6.71,66.7,12.5,1,3,0,0
9.38,540,0.8,54.9,16.2,0,0,0,0
10.53,519,10.36,96.7,16.0,2,1,1,4
13.73,408,7.17,102.9,4.2,0,3,0,3
6.9,32,11.75,103.1,21.3,0,2,1,4
4.89,616,12.35,39.8,14.1,1,1,1,1
1.53,434,3.57,65.7,19.1,2,1,0,1
10.03,503,11.0,82.1,17.3,1,0,1,3
9.78,223,10.08,39.4,11.5,0,3,0,1
16.95,366,4.4,50.4,16.3,2,0,1,1
10.69,126,2.01,79.9,5.8,2,0,1,0
15.4,337,3.73,89.7,5.9,0,1,1,1
9.91,255,10.26,99.1,17.1,1,2,1,4
10.54,286,12.8,91.6,21.5,2,1,1,4
14.24,117,9.55,72.8,7.5,0,1,1,1
8.85,459,5.73,59.7,18.5,2,1,1,1
16.2,494,6.36,90.5,19.7,1,3,0,3
12.26,709,4.51,44.6,7.3,1,2,1,1
12.21,600,8.96,57.3,16.5,0,1,0,2
13.88,612,10.05,55.1,17.9,1,1,1,2
2.85,136,12.35,43.3,22.5,1,1,1,1
5.47,203,6.05,74.2,20.2,0,0,1,1
2.96,475,5.13,57.5,6.7,1,2,1,0
2.87,353,5.91,73.2,22.3,2,2,0,1
14.15,33,1.78,75.1,8.1,2,1,1,0
7.05,405,13.5,63.4,4.6,1,3,1,1
16.72,610,12.72,43.9,10.1,0,2,0,3
17.34,557,6.92,38.7,7.0,1,2,1,2
6.1,117,7.25,88.0,9.1,1,1,1,0
14.37,210,10.25,50.9,12.4,1,1,1,1
8.69,444,5.84,52.6,11.5,1,1,1,0
13.53,113,8.75,80.9,15.4,1,2,0,1
4.93,600,7.6,106.8,15.9,2,2,0,4
4.88,166,11.47,83.3,17.2,0,2,0,2
2.05,499,12.67,74.3,22.2,1,2,1,3
8.25,362,12.69,108.8,21.7,1,2,1,4
15.3,354,3.94,101.0,16.0,0,1,0,3
5.41,620,12.42,94.5,11.7,1,0,1,3
16.7,536,0.63,94.5,6.0,1,1,1,3
6.98,252,2.82,79.4,12.4,0,1,1,0
14.95,137,13.03,63.2,12.1,0,3,1,2
1.4,423,2.07,77.1,6.6,0,0,0,0
9.7,613,0.76,95.9,5.2,0,3,1,2
13.22,83,5.1,104.4,19.7,0,1,1,3
13.62,393,6.3,64.5,17.2,0,1,0,1
9.91,572,5.09,58.3,10.1,0,0,0,0
17.06,306,2.62,110.1,20.0,0,1,0,4
17.4,46,3.25,98.0,10.8,0,2,1,2
9.55,185,2.82,67.5,10.4,0,2,0,0
8.41,599,2.48,66.8,12.3,0,1,1,0
3.04,377,7.78,89.0,9.2,1,1,1,1
1.15,434,5.11,109.4,18.6,2,2,1,4
8.05,510,6.43,39.5,17.5,0,1,1,1
8.73,675,7.37,72.5,4.7,0,2,0,2
14.26,228,2.22,102.5,14.2,1,1,0,3
6.66,41,7.25,93.3,14.7,2,1,1,2
16.02,342,5.76,95.3,5.6,2,1,1,2
14.82,129,8.34,65.1,10.3,0,0,1,0
7.41,683,10.92,43.4,11.4,1,1,1,1
14.74,240,5.44,108.1,19.8,2,2,1,4
9.16,43,2.34,99.8,6.7,1,0,1,1
10.12,172,2.06,70.0,21.3,1,1,1,0
10.32,163,10.81,95.0,21.4,2,1,0,4
2.61,352,12.68,54.9,22.7,1,1,1,1
17.06,395,13.7,97.7,21.6,0,1,0,4
16.47,695,6.64,73.0,8.2,2,1,1,2
14.68,698,4.69,105.2,14.0,1,1,0,4
14.74,487,9.18,56.4,4.9,0,0,1,1
15.95,637,4.28,79.1,19.6,0,0,0,3
11.93,382,7.35,73.6,13.7,0,0,1,1
12.07,623,4.76,50.1,10.3,0,1,0,1
6.27,401,9.62,54.5,18.3,0,0,1,1
6.3,318,11.95,77.7,16.6,0,0,1,3
15.85,475,11.4,63.5,15.6,0,3,1,2
6.72,164,5.1,97.6,9.9,0,1,1,1
1.42,466,6.34,87.1,11.2,2,2,0,1
11.28,192,4.44,55.6,18.4,0,2,1,1
12.67,549,2.56,93.7,5.7,0,2,1,2
2.83,534,10.34,66.3,13.5,0,2,1,1
3.36,416,9.38,72.2,20.3,2,0,0,1
11.02,499,13.5,81.4,16.6,1,1,0,3
12.52,225,12.02,102.1,20.2,1,2,1,4
14.76,534,2.18,45.1,20.7,0,0,1,1
5.55,313,12.7,43.5,18.1,2,0,1,2
5.96,406,0.56,74.3,15.9,0,1,1,1
9.93,420,10.19,100.3,18.5,2,1,0,4
2.02,554,3.69,90.8,13.1,2,2,1,2
12.05,400,9.38,49.0,6.6,0,2,0,1
8.88,110,1.02,75.1,12.2,1,1,1,0
17.47,99,5.05,66.4,11.3,0,2,1,1
11.74,497,3.29,77.8,14.3,1,2,1,2
9.5,63,4.26,40.7,22.8,2,1,1,0
1.48,325,2.73,108.5,10.9,0,1,1,2
12.29,93,3.88,105.8,20.1,0,2,1,3
5.99,528,10.29,80.0,11.9,0,2,1,2
2.62,452,0.51,57.4,20.4,0,0,1,0
12.96,269,0.99,107.1,4.5,2,2,1,3
14.41,96,5.24,110.6,18.3,0,1,1,4
7.55,91,10.36,108.0,5.8,1,1,1,3
17.38,540,4.36,87.5,6.4,1,3,0,3
6.32,638,3.16,78.6,13.5,2,2,1,1
14.75,635,1.43,94.8,20.0,0,0,1,3
8.71,705,1.72,48.9,7.9,1,1,1,0
11.71,667,2.69,104.8,22.5,0,1,0,4
5.66,39,6.33,62.5,16.9,2,1,1,0
13.87,488,11.14,107.8,17.6,0,1,0,4
0.66,171,3.03,87.9,8.6,0,0,1,0
14.44,564,13.49,60.1,16.4,2,1,1,3
15.14,124,9.4,90.8,11.2,0,2,1,3
7.26,332,9.61,107.7,22.6,1,1,1,4
6.55,675,7.2,83.4,11.3,1,1,0,2
15.66,15,1.62,102.9,18.2,0,1,1,2
10.26,415,4.06,47.6,17.5,0,1,1,1
11.57,624,11.02,63.2,12.2,0,1,1,2
8.63,7,7.52,72.6,14.6,1,3,1,1
13.93,222,9.74,74.1,20.3,0,1,1,2
8.82,13,4.5,48.6,12.7,0,1,1,0
7.24,622,12.25,83.7,7.8,0,1,1,2
17.28,342,10.56,56.7,17.0,2,1,1,2
4.29,108,9.91,67.4,4.6,2,3,0,0
6.87,249,10.11,55.2,7.2,1,2,0,0
1.31,587,0.52,111.2,14.3,2,3,0,3
3.35,610,11.3,98.4,7.5,2,1,1,3
16.46,100,11.87,97.4,11.7,0,3,1,4
4.98,267,12.8,61.1,15.4,1,2,1,2
3.89,374,9.84,75.1,22.1,1,1,1,1
1.53,340,1.69,48.7,6.6,0,0,1,0
8.91,248,1.82,56.1,17.9,1,0,1,1
5.26,16,9.14,47.7,4.0,0,0,1,0
6.1,416,8.29,55.8,11.9,1,2,1,1
14.9,674,4.75,42.6,16.2,2,2,0,3
4.72,700,7.25,86.4,9.6,1,1,1,3
11.75,378,11.56,39.1,19.7,2,1,1,2
12.1,231,4.59,92.7,10.1,1,1,1,2
3.31,270,5.23,75.1,12.3,2,2,1,2
15.5,585,1.02,88.3,9.4,0,3,1,3
13.22,362,5.02,59.8,15.9,0,3,1,0
15.64,48,2.33,66.8,13.5,0,0,0,0
1.09,239,12.87,81.6,10.4,2,3,1,1
10.35,216,9.77,75.0,22.6,1,2,0,2
2.22,387,10.98,101.6,7.8,1,1,1,3
12.03,149,0.89,44.4,17.3,1,2,1,1
11.03,626,2.62,52.3,15.3,0,1,0,1
3.91,550,7.25,78.9,7.1,2,3,1,1
5.46,26,2.6,86.5,6.1,0,0,1,0
9.61,551,2.9,79.3,4.8,0,1,1,0
5.86,235,9.74,75.1,7.0,2,3,1,1
4.34,580,5.89,58.9,17.0,1,3,1,1
3.43,232,7.62,62.2,15.6,0,1,0,0
13.08,248,1.03,101.5,10.6,0,0,0,3
1.49,287,7.07,59.7,4.4,0,1,1,0
8.42,287,12.83,41.5,15.7,2,3,1,2
8.67,45,10.51,41.1,17.9,1,2,1,1
8.86,478,5.97,109.8,18.7,1,2,1,4
14.45,649,7.1,42.3,20.1,2,1,1,3
2.04,23,6.2,79.2,17.5,0,2,0,1
2.79,532,3.84,38.9,13.5,1,1,1,0
4.08,465,7.64,88.2,7.3,2,2,0,2
0.45,149,5.93,53.7,6.0,0,2,0,0
0.73,481,8.83,59.4,22.6,1,3,1,1
9.67,632,10.62,87.1,16.5,1,1,1,3
1.86,679,8.12,52.2,18.0,2,2,1,2
11.4,417,1.36,77.5,12.3,2,3,1,1
2.13,262,0.95,40.8,21.4,1,1,1,0
17.83,524,1.03,80.1,13.5,1,0,1,3
9.94,410,8.95,55.6,10.0,2,2,0,1
8.88,336,2.43,46.2,9.9,0,1,1,0
3.99,146,0.54,75.1,19.9,1,1,1,0
5.23,592,8.36,47.2,20.2,2,3,0,2
17.53,662,13.05,67.2,13.5,0,3,1,3
15.46,209,5.59,77.4,17.7,1,1,1,2
7.98,689,12.89,107.1,5.2,2,3,0,4
5.87,126,13.59,84.6,5.3,1,1,1,2
15.78,14,6.73,106.0,18.0,0,3,0,3
15.14,97,3.9,41.4,12.7,1,1,1,0
11.01,479,6.5,61.5,15.4,2,2,1,2
9.67,302,3.75,99.9,21.5,1,2,1,3
16.0,240,12.68,85.2,22.6,0,2,0,4
6.9,648,2.43,63.0,13.2,0,1,1,1
17.26,162,7.25,58.3,21.8,0,1,0,2
2.62,198,2.85,52.4,6.4,0,1,1,0
3.96,657,10.72,63.7,15.6,2,2,0,2
13.45,326,1.97,78.9,13.4,0,1,1,0
16.39,463,3.5,82.2,21.4,1,3,0,3
16.06,139,8.63,103.3,13.2,0,1,0,3
5.18,607,10.13,44.8,9.1,0,1,1,1
14.88,155,8.16,78.9,7.7,0,1,1,1
13.58,656,13.15,80.6,11.9,2,2,1,3
15.1,415,2.53,51.2,12.6,1,1,1,0
4.36,210,3.48,64.1,18.1,1,1,1,0
1.48,136,7.64,77.0,12.8,0,1,1,0
14.13,36,8.89,87.8,21.3,2,1,0,3
3.33,700,9.21,49.4,13.2,1,1,0,1
12.17,393,11.02,99.9,14.4,0,0,0,4
6.33,646,13.24,71.4,13.1,0,3,0,3
17.52,287,1.62,111.9,15.0,0,2,0,4
7.62,223,0.81,74.2,11.7,2,1,1,0
8.77,691,9.29,88.6,12.0,0,1,0,3
5.27,308,4.7,58.6,22.2,2,3,1,1
2.5,170,8.11,64.7,19.4,1,1,1,0
3.46,189,1.33,100.5,14.5,0,1,1,2
7.62,276,4.83,72.3,14.0,0,0,0,0
9.84,599,0.68,87.2,8.7,0,2,1,2
17.19,685,11.8,74.1,14.2,0,2,1,4
5.63,13,5.35,76.2,19.6,1,0,1,0
17.65,277,2.33,88.4,5.8,0,1,1,1
17.3,638,9.4,54.6,5.5,0,3,0,2
1.44,542,2.6,51.2,8.4,2,2,1,0
8.49,209,7.45,88.2,14.0,2,1,0,2
11.24,208,9.67,53.8,15.1,1,2,1,1
5.56,516,2.68,78.8,5.0,1,3,1,1
15.12,298,7.25,84.6,16.0,1,2,1,4
7.25,161,13.09,93.3,10.5,2,2,1,3
17.66,105,4.67,40.2,7.9,2,1,1,1
16.42,702,7.95,64.1,22.2,0,2,0,3
14.5,56,4.4,109.7,15.8,1,1,0,3
9.56,211,11.15,100.9,21.3,0,3,1,4
15.92,175,5.28,49.2,16.1,0,0,1,0
17.54,520,7.33,76.5,16.2,0,1,0,3
9.75,387,1.01,95.1,20.3,0,1,1,2
15.67,446,0.57,85.2,8.2,2,2,0,3
6.33,415,14.0,67.1,13.5,0,1,0,2
10.39,209,8.98,93.2,20.7,1,1,1,3
0.92,139,10.7,100.7,13.3,1,1,1,3
5.49,602,9.17,62.7,22.9,2,2,1,2
10.3,34,9.41,104.4,20.5,1,2,0,4
0.4,711,4.68,63.2,20.7,0,2,0,1
6.19,335,8.04,38.9,9.5,1,1,0,0
3.79,660,10.13,49.3,18.9,2,1,1,2
0.43,105,11.25,50.3,13.5,0,2,0,0
9.85,692,3.01,76.3,19.1,0,2,1,2
6.67,357,3.91,77.4,19.2,2,1,1,0
13.41,336,7.25,98.5,21.3,0,1,1,3
2.94,463,8.17,52.1,12.1,0,1,1,0
4.31,153,3.78,111.8,11.6,2,1,1,2
13.4,485,4.19,83.8,12.4,1,0,0,2
5.13,336,7.25,103.1,19.6,2,0,0,3
8.42,314,11.38,52.7,15.5,2,3,1,2
4.89,629,1.82,99.3,9.0,1,0,1,2
3.49,282,11.03,100.3,14.3,1,1,1,3
5.86,101,7.99,49.7,9.9,0,1,0,0
16.34,470,0.99,84.6,10.2,1,0,0,2
4.37,432,12.89,39.4,8.3,2,0,0,1
5.07,252,12.05,81.1,21.6,0,1,1,2
10.8,258,10.74,80.4,19.5,0,3,0,2
9.35,623,7.25,80.6,19.2,2,1,1,3
9.62,21,7.06,53.3,11.3,1,1,1,0
16.05,268,7.25,60.3,21.1,0,3,1,1
2.26,320,13.07,71.4,6.4,1,1,1,1
5.58,88,6.02,75.1,6.8,1,1,1,0
0.64,26,9.46,105.4,16.7,2,2,0,4
12.07,362,3.23,75.1,4.8,1,2,1,0
3.85,277,10.66,40.1,18.3,0,1,1,0
2.52,709,12.1,101.2,14.9,0,1,1,4
2.18,36,1.23,55.5,22.2,1,0,1,0
6.23,57,12.48,69.4,21.3,2,1,1,2
15.81,305,0.57,100.1,4.3,0,0,1,2
13.46,714,8.24,99.6,7.0,1,0,0,4
5.24,513,2.7,62.1,22.0,0,0,1,0
16.9,12,2.03,102.9,6.5,2,2,1,3
4.05,81,12.23,83.0,13.5,1,1,0,2
12.73,210,10.99,105.4,10.4,2,0,1,4
5.79,324,0.96,107.1,13.5,2,2,0,3
4.87,442,12.16,75.1,22.7,0,1,0,2
2.89,60,7.61,57.8,12.9,0,3,1,0
2.76,488,13.04,50.3,13.5,1,1,0,1
1.77,549,2.06,86.4,18.0,1,3,0,2
9.53,127,12.79,49.7,17.3,0,3,0,2
4.44,400,9.68,108.3,9.5,1,1,1,4
2.32,417,3.62,66.8,18.4,2,1,0,0
13.51,106,1.6,85.2,6.5,2,3,1,1
4.43,224,5.32,38.3,9.4,1,2,1,0
2.16,255,9.13,59.5,17.5,0,1,1,0
6.52,417,6.0,53.7,13.5,0,0,1,0
9.66,195,11.17,61.9,4.1,2,3,0,1
14.41,435,5.1,111.4,17.8,1,2,1,4
13.87,569,10.45,40.4,10.2,0,0,1,2
14.39,562,9.75,98.8,16.0,2,1,1,4
16.39,640,1.83,59.3,20.8,0,2,1,3
3.86,503,2.07,42.4,21.4,1,2,1,1
9.7,435,13.51,82.6,23.0,0,1,1,4
7.58,544,13.97,95.6,5.6,1,1,1,3
12.15,214,4.59,71.8,13.5,0,0,1,0
13.91,500,5.21,41.3,9.4,1,0,1,0
16.16,678,1.36,74.1,10.1,2,1,0,2
6.33,442,8.21,99.7,15.2,0,2,0,4
12.72,423,13.93,63.8,6.0,2,2,1,3
6.01,310,9.3,59.4,14.1,2,3,0,2
7.04,687,10.23,82.3,15.3,1,3,1,3
16.37,525,7.02,58.1,18.7,2,3,1,2
5.07,129,9.28,41.6,22.2,0,0,1,1
4.8,302,8.36,86.4,5.7,0,3,1,2
5.42,381,8.44,95.9,11.4,1,0,1,3
8.96,663,3.28,62.6,14.6,0,3,0,1
3.77,408,1.48,66.6,11.5,0,3,1,0
14.9,342,4.87,96.9,14.5,0,1,1,2
4.76,611,6.58,38.2,8.2,2,2,1,1
16.54,546,5.82,48.3,6.4,1,0,0,1
17.47,500,12.26,83.9,9.0,2,0,0,4
15.43,710,7.25,104.6,16.5,0,1,0,4
7.37,291,3.24,47.5,12.6,0,1,1,0
17.17,162,4.26,75.1,6.1,1,0,0,0
11.01,329,2.88,67.6,18.2,1,0,1,1
2.84,276,7.52,44.3,19.1,2,2,0,2
16.61,628,6.41,66.8,17.9,1,1,1,2
12.05,500,8.22,77.5,22.2,1,2,1,3
10.83,97,10.25,65.3,16.7,2,1,1,1
12.66,662,10.32,100.8,14.0,0,1,1,4
1.66,636,1.39,48.1,22.5,0,0,0,1
3.85,558,0.87,105.1,15.9,2,1,1,3
8.78,349,13.28,53.1,21.3,0,1,1,2
13.94,325,3.7,108.5,10.0,1,1,1,2
5.99,310,7.69,68.2,8.1,0,1,1,0
14.19,458,12.86,98.7,13.3,0,2,1,4
15.39,204,5.09,52.4,16.6,2,0,1,1
2.6,395,5.65,38.1,15.1,1,2,0,1
1.48,433,7.01,89.5,17.0,1,2,1,2
3.98,611,0.81,81.6,4.8,2,2,1,2
14.53,437,7.25,89.1,5.2,2,2,0,2
0.69,597,3.05,69.6,16.9,1,1,1,0
0.69,644,11.16,45.2,10.6,1,1,1,0
4.12,166,6.09,77.8,19.9,0,0,1,0
13.88,605,1.48,108.6,17.8,1,1,0,4
7.01,332,2.19,110.9,21.3,0,0,1,3
9.72,387,11.05,59.3,20.7,1,0,1,1
15.58,618,3.92,93.3,11.4,1,2,0,3
13.85,365,2.9,47.4,20.1,1,1,1,1
10.58,150,8.01,73.0,20.8,0,2,1,1
14.56,290,11.83,102.1,12.1,1,2,1,4
4.7,84,4.07,106.0,19.5,1,1,0,3
8.54,622,7.44,78.2,12.4,0,1,1,2
4.59,505,3.39,94.4,20.9,1,0,0,2
14.16,171,10.38,96.0,20.8,1,1,1,3
15.8,135,3.67,61.6,18.5,1,1,1,1
14.69,658,13.09,60.7,8.7,2,1,1,3
17.72,381,11.3,95.4,12.5,0,1,1,4
0.44,150,3.99,60.6,9.9,2,1,1,0
14.37,684,1.97,38.5,13.4,2,2,1,2
16.48,426,11.85,99.8,10.6,1,1,1,4
0.86,358,2.85,75.2,19.7,1,3,0,0
1.39,350,6.11,57.2,7.5,2,2,1,0
10.81,538,10.87,38.7,7.8,2,0,1,2
15.88,39,13.51,98.4,15.5,0,0,1,4
5.48,229,11.53,71.2,14.1,0,2,0,1
3.18,626,13.57,110.0,20.5,1,1,0,4
13.04,502,11.25,75.1,16.9,2,1,0,3
1.32,129,2.72,79.6,4.7,0,1,1,0
15.36,532,6.4,108.9,6.0,1,2,1,4
11.24,672,3.37,109.7,5.9,1,2,1,4
14.09,68,6.64,63.1,16.7,1,1,1,1
7.67,445,5.93,47.5,11.8,2,2,1,0
14.37,261,6.93,44.4,4.9,0,1,1,0
8.54,567,1.48,40.3,8.9,0,2,1,1
3.26,531,10.69,68.1,8.7,0,1,0,1
17.93,44,9.65,39.9,14.6,0,2,1,2
8.24,173,4.16,59.3,19.3,1,1,0,0
12.65,6,12.44,97.1,5.5,2,2,1,4
15.89,443,3.96,39.0,12.7,1,0,0,1
15.64,347,10.04,43.2,19.0,1,0,1,1
8.88,594,11.5,99.4,18.3,2,1,1,4
7.53,153,3.61,52.8,12.3,0,3,0,0
16.09,416,10.96,53.7,5.8,0,1,1,1
14.65,601,2.61,75.1,14.8,0,2,0,2
17.55,381,0.59,88.8,5.4,0,0,1,2
4.08,550,3.51,110.6,8.3,1,0,1,3
9.04,414,12.32,68.4,14.5,0,0,0,2
10.37,436,8.92,73.5,13.9,1,3,1,2
11.5,438,6.64,85.1,6.7,0,1,0,2
7.14,413,6.76,41.4,17.7,0,1,1,0
4.03,58,2.28,94.5,13.2,1,0,0,1
12.49,560,9.21,100.9,20.2,2,1,1,4
6.52,401,6.93,91.4,15.5,2,0,1,2
13.04,345,2.19,90.2,12.7,1,2,1,2
6.11,256,11.98,43.8,22.6,2,1,1,2
8.45,154,11.91,69.7,16.7,2,1,1,1
9.16,450,1.3,72.2,22.2,1,0,1,2
16.25,626,12.99,94.5,6.4,1,2,0,4
11.33,515,0.75,65.2,13.3,1,1,1,0
7.74,620,2.28,104.2,20.4,1,1,1,3
12.93,225,7.12,45.3,5.6,0,1,1,0
14.28,508,9.23,39.2,7.7,1,3,1,2
9.63,278,12.7,100.4,4.5,2,1,0,4
9.73,200,12.48,97.8,16.2,2,3,1,4
10.56,37,5.68,65.7,5.7,0,1,1,0
5.82,262,12.3,45.1,20.8,1,2,0,2
1.75,237,6.32,87.9,7.0,0,2,1,1
14.56,58,12.37,80.5,13.9,0,3,1,2
0.59,123,6.05,87.1,16.8,0,3,0,1
2.68,43,13.72,95.5,11.6,2,3,0,3
5.16,453,13.37,71.1,6.2,1,0,0,1
15.05,461,8.44,82.2,17.6,0,1,1,4
1.44,646,9.88,110.0,11.9,1,1,1,4
2.59,596,7.25,46.9,19.8,2,1,0,2
15.67,432,9.9,64.5,8.2,0,0,1,1
10.78,709,10.47,65.5,4.6,1,2,1,2
13.0,543,0.61,84.2,14.7,1,1,1,2
13.41,457,12.74,57.7,14.3,2,1,1,2
15.09,48,10.09,50.2,14.0,1,0,1,2
10.53,80,1.26,74.9,6.7,1,1,1,0
5.62,369,10.61,69.3,8.1,1,3,1,1
0.88,109,7.81,94.1,22.1,1,1,1,1
0.88,182,1.5,77.7,18.4,2,3,0,1
3.22,683,1.44,59.5,15.1,1,2,1,1
11.95,402,7.69,71.5,7.7,0,2,1,1
7.62,244,6.5,99.4,10.8,2,2,0,3
8.95,572,10.83,39.5,15.5,1,1,1,1
17.21,572,2.09,68.0,11.5,1,1,0,2
12.45,87,5.35,43.1,13.4,1,1,0,0
5.77,598,2.96,43.6,18.8,2,3,1,1
2.73,671,6.99,107.3,19.6,1,1,1,3
8.59,610,9.97,98.2,20.8,2,1,0,4
4.14,356,10.62,75.1,10.4,1,1,1,3
4.07,406,12.09,76.9,21.6,1,1,0,2
11.16,5,11.52,104.4,16.1,0,1,1,3
1.92,204,12.43,109.1,19.7,1,3,1,4
9.72,402,12.49,93.3,19.4,0,2,1,4
11.13,598,10.46,90.7,20.6,0,0,1,4
12.85,42,12.91,64.5,11.8,1,1,0,1
8.11,143,6.44,40.6,19.0,2,0,1,0
0.41,488,1.09,111.4,21.6,1,3,0,3
15.66,648,1.06,58.8,18.0,2,2,1,2
3.16,599,1.56,99.2,11.8,2,3,0,3
9.73,345,10.86,44.0,8.2,0,1,1,1
13.12,249,10.65,102.9,5.4,2,1,1,3
1.02,576,9.48,108.4,4.9,1,1,0,3
4.68,536,5.53,96.9,20.7,1,1,0,3
12.88,85,5.58,111.9,8.2,0,0,1,2
11.35,32,5.21,49.9,4.9,2,1,0,0
6.21,282,2.73,58.6,21.6,2,3,0,1
7.72,352,10.82,87.3,4.3,0,1,1,3
13.64,629,7.25,97.7,10.2,0,1,1,4
3.87,450,6.47,70.8,20.3,1,2,1,1
0.91,620,7.22,100.9,13.7,0,1,0,2
0.76,185,4.52,45.2,6.3,0,1,1,0
12.55,410,0.65,77.8,19.6,0,1,0,2
2.27,650,8.18,69.7,4.7,2,2,1,1
15.89,509,13.18,107.8,4.6,2,0,1,4
17.2,681,7.32,104.4,10.4,0,1,1,4
0.34,274,13.31,46.1,18.8,0,1,1,2
6.84,12,12.94,74.5,12.4,2,1,1,1
11.91,465,9.13,62.7,18.5,0,1,0,2
16.2,615,4.52,94.7,10.7,2,2,1,3
8.72,413,11.31,66.0,22.0,2,1,1,2
11.31,591,8.19,96.1,13.5,1,3,0,4
1.03,605,13.38,100.2,16.7,0,3,0,4
6.07,146,10.07,44.6,4.2,0,0,1,0
3.02,711,6.09,45.7,12.7,0,0,1,0
4.52,390,12.42,61.6,21.5,0,2,1,2
3.01,216,13.94,79.8,15.2,0,0,1,2
3.14,207,13.3,38.9,5.3,0,2,0,2
6.12,232,1.07,83.4,19.5,1,2,1,1
8.74,390,3.36,48.6,10.2,1,1,1,0
14.52,72,4.42,96.2,22.6,0,1,1,2
7.33,458,12.8,102.2,14.9,1,1,1,4
14.93,666,7.06,108.0,7.0,2,3,1,4
16.24,243,4.04,84.2,20.7,2,1,0,2
3.59,195,1.75,83.6,19.8,0,1,1,1
6.17,552,1.22,93.7,15.3,0,2,0,2
2.11,704,4.52,108.6,18.3,0,2,1,3
1.71,200,5.2,87.0,17.0,2,2,1,1
15.25,572,2.65,43.0,4.9,2,1,1,1
15.42,13,9.49,104.5,12.5,1,1,0,4
16.98,598,12.93,111.8,15.7,1,2,1,4
15.13,676,12.23,43.7,22.9,0,1,1,3
0.45,500,2.93,74.1,20.3,1,1,0,1
0.31,659,11.38,103.4,13.5,0,1,0,3
7.56,387,10.45,78.3,20.1,1,1,1,2
16.25,468,8.9,95.2,4.9,0,1,1,3
9.53,218,4.39,82.7,16.0,1,1,1,0
8.92,351,13.01,47.0,17.1,0,2,1,3
16.96,182,3.6,76.0,5.2,1,2,0,1
1.08,83,6.81,101.4,6.3,0,3,1,1
2.71,478,7.25,87.9,20.2,1,3,1,1
17.58,291,8.95,92.4,16.2,2,2,0,4
6.88,693,7.85,45.7,18.9,0,2,1,1
7.88,186,5.6,107.9,16.9,2,2,1,3
12.08,23,3.66,83.0,19.8,2,1,1,1
2.61,511,7.25,60.8,11.2,2,1,1,0
13.11,471,2.13,49.0,16.2,1,1,1,1
11.13,628,3.53,103.8,16.7,0,3,1,4
10.34,111,11.35,69.1,21.4,2,2,1,2
10.19,640,10.77,64.9,22.0,0,1,1,3
11.19,412,13.78,86.0,19.3,2,0,0,4
13.58,231,3.38,97.1,20.3,2,1,1,3
10.22,486,0.82,49.4,20.0,0,2,1,1
5.96,531,1.92,79.4,21.3,2,0,1,2
4.54,251,5.86,53.9,22.5,0,1,1,0
1.67,465,2.4,77.2,21.8,0,0,0,1
10.67,614,7.17,83.2,10.2,1,3,1,2
0.96,405,13.14,75.1,15.2,1,1,0,1
7.09,605,2.1,100.4,4.5,1,1,1,2
15.29,503,6.19,78.2,12.7,0,2,1,3
11.6,168,9.42,77.9,8.9,0,2,0,1
15.61,96,7.36,40.7,19.8,0,1,1,1
6.15,660,1.07,56.5,6.3,1,2,1,0
13.6,581,2.23,85.4,10.0,2,1,1,2
0.88,50,11.59,86.3,5.1,2,1,1,1
15.79,285,13.95,53.2,8.1,1,0,0,2
13.1,270,13.69,101.9,7.5,2,3,1,4
13.69,455,1.34,91.8,15.9,2,1,1,3
5.62,602,10.78,56.6,18.8,2,0,0,2
5.64,304,10.98,92.9,18.3,0,1,1,3
7.85,417,9.63,79.6,12.0,0,2,1,1
12.58,623,1.5,85.5,8.8,0,1,0,2
7.37,190,8.39,67.0,14.6,1,1,1,1
10.49,339,1.03,103.2,13.5,0,3,1,3
10.22,224,8.46,105.0,4.7,0,0,1,3
11.41,65,8.85,108.7,4.5,0,1,0,3
10.19,134,13.79,80.8,4.1,0,2,1,2
9.86,608,12.08,87.5,11.3,2,0,0,3
0.56,464,2.04,106.5,10.1,0,1,0,3
9.93,303,10.51,43.7,17.2,1,1,1,1
2.25,585,9.25,81.5,21.0,1,1,1,2
15.89,478,6.25,101.9,7.6,2,2,1,4
16.95,67,7.08,76.5,11.0,1,1,1,1
5.47,349,1.33,84.1,13.4,1,2,1,2
15.41,15,3.4,108.7,7.8,1,2,1,3
7.13,231,8.25,47.3,13.5,1,1,1,0
13.65,341,12.15,67.7,4.6,1,3,0,2
5.61,8,13.65,41.5,12.8,0,0,1,1
14.97,255,2.48,75.1,11.0,1,2,1,0
5.97,278,7.25,55.2,23.0,1,2,0,1
4.05,109,5.99,58.4,17.0,0,1,1,0
2.74,201,0.81,42.1,13.5,0,2,1,0
1.96,536,2.94,42.9,20.7,2,2,1,1
17.15,418,7.59,68.4,9.3,2,3,1,2
12.12,621,4.48,71.0,20.0,1,1,0,2
6.06,110,4.64,75.1,14.3,2,0,0,0
15.96,32,13.32,108.4,9.4,0,0,1,4
12.92,480,9.06,69.6,19.6,2,2,1,3
3.09,625,3.68,57.7,19.1,2,2,1,1
7.27,65,6.05,82.8,12.2,2,1,0,0
15.98,360,9.13,104.8,22.7,1,0,0,4
4.54,483,13.85,103.9,13.6,2,3,1,4
10.49,485,12.07,103.4,14.9,1,2,0,4
11.42,163,6.78,101.5,10.8,0,1,0,3
2.39,174,11.96,75.1,9.9,1,1,1,0
13.89,121,7.45,67.4,20.0,1,1,1,1
13.7,153,13.05,110.6,18.3,1,1,1,4
9.59,291,10.84,60.7,17.0,1,1,1,1
11.49,294,12.89,106.4,9.7,1,2,0,4
14.88,255,12.58,71.2,13.3,2,2,1,2
4.98,445,7.71,75.1,12.0,2,0,1,0
4.65,135,7.88,72.2,8.3,0,0,0,0
1.46,304,3.86,99.4,17.1,1,2,1,2
15.82,25,11.66,50.1,12.7,1,2,1,2
9.83,269,3.98,106.6,16.5,0,2,0,3
12.44,89,10.43,67.2,6.5,2,1,0,1
6.09,274,6.82,57.1,21.4,0,1,1,0
5.07,618,6.02,41.3,17.8,0,2,1,1
12.0,369,11.83,39.9,13.5,1,3,0,1
6.25,697,4.3,78.0,4.0,2,1,1,1
1.82,192,0.76,75.1,15.2,1,2,0,2
14.46,657,9.1,71.1,10.8,1,2,1,2
5.48,528,6.04,90.5,22.7,0,2,1,2
1.09,149,10.37,65.3,16.1,0,0,1,0
1.11,277,11.31,107.5,13.7,0,3,1,4
3.73,415,2.02,66.4,10.3,1,1,1,0
9.74,51,1.29,69.4,17.3,1,2,1,1
2.02,91,8.73,77.7,17.5,0,2,1,1
6.6,58,2.1,47.3,14.1,0,2,1,0
6.56,596,12.63,75.1,20.8,2,2,0,4
6.58,394,9.01,49.5,12.1,1,3,0,1
8.71,493,10.65,104.9,13.1,0,2,0,4
3.0,166,5.4,71.0,13.6,0,3,1,0
4.47,279,13.67,48.0,15.8,2,2,1,2
2.32,178,5.35,74.9,8.7,0,1,0,0
0.5,263,4.59,39.4,18.4,0,1,1,0
14.97,708,2.96,85.5,6.2,1,1,1,3
9.15,584,8.12,44.5,5.9,1,0,1,1
15.03,421,10.76,102.3,15.2,1,1,1,4
13.7,143,3.79,63.0,8.5,1,3,0,0
3.44,385,8.97,46.1,16.6,1,0,1,1
7.98,557,12.89,97.4,16.1,2,1,1,4
15.89,417,13.36,51.9,12.1,0,2,0,3
6.86,390,10.51,85.3,15.9,2,2,1,3
7.94,655,3.66,92.7,12.8,2,1,1,3
0.99,144,4.05,105.1,19.4,0,1,0,2
16.71,28,6.69,56.2,18.2,0,1,1,1
10.72,380,4.55,99.7,21.9,1,2,0,3
11.18,225,9.08,104.1,10.2,0,1,1,3
4.18,345,1.76,81.0,11.1,2,3,1,1
9.0,218,8.93,90.4,6.5,2,2,1,3
17.18,192,1.92,87.5,15.7,0,2,1,2
6.39,211,7.11,56.7,5.9,1,0,1,0
7.3,324,9.2,72.6,13.5,1,2,1,1
12.21,245,7.23,83.4,14.9,1,0,0,2
13.74,35,8.04,65.7,9.1,0,3,1,0
4.27,178,10.53,64.5,6.1,2,1,0,0
12.29,329,9.45,71.9,7.8,0,3,1,2
6.73,45,7.54,55.0,5.4,0,3,1,0
0.83,460,5.32,88.2,17.6,0,1,1,1
0.77,659,0.64,65.3,21.0,0,1,1,0
5.68,211,12.32,105.8,13.3,2,3,1,4
1.01,90,5.98,83.1,21.2,2,1,1,1
5.14,540,4.4,48.5,20.2,0,0,0,1
16.64,498,4.25,60.7,10.4,0,2,1,2
6.06,110,3.36,91.5,14.4,0,2,1,1
17.83,683,7.19,50.5,7.4,1,1,1,2
11.24,687,8.67,67.7,10.5,0,1,0,2
17.39,450,0.9,43.1,11.2,0,0,1,1
2.19,533,13.74,43.6,16.8,0,1,1,1
9.86,504,9.25,94.3,11.0,2,1,1,3
9.43,693,11.92,45.9,10.3,2,0,1,2
13.01,354,2.4,69.1,21.6,2,1,1,1
2.2,82,4.38,38.2,8.2,1,1,1,0
2.34,316,6.45,64.8,18.6,0,2,0,0
16.74,134,5.26,55.5,5.0,2,1,1,0
10.94,459,11.28,110.3,10.5,1,2,1,4
11.87,619,8.13,48.4,22.7,1,2,1,3
16.44,227,8.24,73.5,11.2,0,1,1,1
8.14,625,8.06,39.2,4.3,2,2,1,1
11.17,550,0.75,45.4,20.6,0,2,1,2
16.36,312,10.95,83.6,10.2,0,0,1,3
5.31,352,6.4,110.3,21.3,2,0,0,3
8.08,74,12.17,111.3,5.7,0,2,1,4
1.51,630,12.89,40.6,13.3,1,3,0,2
1.58,582,5.79,51.7,8.9,1,1,0,0
11.36,12,9.14,75.1,15.6,2,2,1,2
8.6,526,9.25,94.6,18.8,2,1,1,3
8.98,701,5.7,66.9,13.5,0,3,0,1
9.61,298,6.15,63.4,9.1,0,1,1,0
4.63,655,8.6,51.4,8.4,0,2,0,0
11.73,349,9.5,92.8,20.9,1,1,1,3
5.81,199,11.14,46.2,8.4,1,0,1,0
6.16,690,7.66,44.7,13.5,0,0,0,0
13.87,457,8.43,80.1,17.4,0,1,1,2
9.83,539,12.68,100.5,22.6,1,0,1,4
1.67,182,2.54,104.2,16.7,1,2,1,3
15.32,541,9.91,69.7,7.6,0,2,0,3
17.29,191,8.59,86.9,21.3,1,3,1,3
9.26,393,6.32,56.8,9.1,0,1,1,0
13.95,85,4.01,78.1,11.1,1,1,1,0
9.87,707,3.17,49.6,11.1,2,1,1,0
7.36,192,13.9,85.7,9.8,1,3,1,3
10.84,10,9.37,109.3,19.5,0,2,1,4
8.87,583,4.27,76.4,13.5,1,1,1,1
14.8,249,7.25,49.1,13.0,2,3,0,1
11.49,16,10.34,106.9,20.6,2,1,0,4
16.51,246,13.35,73.3,8.1,2,2,1,3
15.54,269,6.3,65.4,22.6,2,1,1,1
14.65,643,7.25,51.4,14.8,0,2,1,3
17.1,560,1.33,96.7,8.8,1,1,1,3
10.11,625,1.25,109.4,21.7,2,2,1,4
8.75,333,2.01,82.9,15.2,2,0,0,2
10.17,395,3.55,48.4,9.3,1,1,1,0
8.24,113,7.25,110.5,15.0,0,0,1,3
10.41,515,2.13,108.5,12.4,2,1,1,4
7.58,614,13.29,67.1,16.4,2,0,0,3
5.36,101,0.53,68.6,23.0,2,0,0,0
4.8,229,10.39,62.6,6.4,1,3,1,0
2.3,86,4.09,93.1,16.1,0,0,1,2
5.86,407,8.28,90.6,16.1,0,1,1,3
13.78,230,7.25,40.8,20.8,2,2,1,2
17.29,398,7.25,106.0,6.7,2,3,0,4
14.12,91,3.87,93.0,6.4,0,1,0,1
4.89,29,5.96,97.3,18.9,0,1,1,2
14.07,369,7.1,39.1,21.1,0,2,0,2
14.36,594,10.35,48.5,6.5,0,0,1,2
14.21,288,12.11,48.2,4.2,0,1,1,1
16.33,634,10.06,99.7,5.9,1,2,1,4
4.5,303,5.96,94.3,11.8,1,3,1,2
5.83,96,4.13,82.4,6.4,2,1,1,0
7.77,538,11.25,42.1,19.3,2,2,0,3
12.11,233,2.07,49.0,4.9,0,3,1,0
13.72,29,1.53,43.0,14.4,0,1,1,0
4.56,123,4.95,93.8,15.1,1,2,1,2
12.48,24,6.53,84.3,21.0,0,2,1,2
17.64,505,1.63,84.3,12.7,2,1,1,2
9.28,119,2.5,94.8,5.6,0,3,1,1
5.16,669,1.95,67.0,19.9,1,2,1,1
12.15,123,9.3,79.6,4.6,0,1,0,0
14.62,91,6.71,69.4,21.4,2,1,1,1
0.41,617,13.89,78.4,20.9,0,0,1,2
13.09,169,10.82,99.9,6.8,0,3,1,3
14.57,136,10.46,81.3,19.1,0,1,1,2
4.02,634,10.37,91.4,14.7,2,3,0,4
9.81,545,4.02,80.0,21.4,0,2,0,2
15.55,118,10.97,60.3,21.9,1,1,0,2
6.31,622,3.81,75.0,18.2,1,3,0,1
11.14,607,9.84,109.5,18.1,1,2,0,4
1.87,209,5.58,50.6,14.7,0,0,1,0
2.74,435,5.69,81.5,21.1,0,2,1,2
5.9,305,3.14,72.3,21.5,2,1,1,1
4.06,109,1.57,45.6,15.4,0,1,1,0
8.3,268,3.2,70.5,16.8,0,3,1,0
3.18,582,12.43,69.0,19.6,0,2,1,2
1.35,621,9.76,90.2,12.1,2,0,0,3
2.28,73,3.61,106.7,4.1,1,1,0,2
15.63,33,7.69,57.2,4.2,2,2,1,0
12.31,634,0.96,61.2,8.5,0,1,0,1
17.15,385,5.18,94.8,7.5,0,1,0,2
8.81,319,2.85,56.2,14.8,0,1,0,0
13.69,638,9.63,38.8,17.3,1,2,0,3
7.09,130,3.22,107.0,6.0,0,1,1,2
11.4,333,13.02,53.7,20.0,2,1,1,2
12.36,528,3.0,47.6,21.2,0,2,1,1
7.11,521,3.87,103.1,9.2,0,2,1,3
17.09,156,12.32,58.4,12.4,1,2,1,2
12.25,51,7.25,91.8,15.4,2,0,1,2
3.52,391,8.19,66.0,12.5,2,1,1,0
5.93,401,3.61,87.5,13.3,1,3,1,1
16.04,238,9.31,47.4,15.1,1,2,1,2
3.73,98,9.27,39.6,15.7,0,1,1,0
8.39,239,13.17,96.6,18.6,1,1,0,4
5.46,427,10.98,56.9,21.5,1,0,1,1
3.9,43,2.07,58.8,5.6,1,3,1,0
4.56,629,11.27,42.8,20.6,0,0,0,2
6.9,282,2.02,95.7,17.4,1,3,1,2
16.28,323,0.65,92.9,12.2,0,2,1,2
9.85,395,10.46,78.6,5.3,0,3,1,2
6.8,229,6.22,69.4,20.5,0,1,0,0
5.09,115,9.3,102.1,14.2,2,2,0,4
15.91,384,12.92,88.4,5.6,1,1,1,3
14.24,658,6.21,46.3,13.7,0,0,0,2
5.08,440,3.36,62.8,9.0,0,1,1,0
12.86,552,3.46,102.1,17.7,1,1,0,3
2.64,254,13.08,66.4,12.1,2,1,1,1
16.35,592,10.6,110.3,15.6,2,0,0,4
8.59,474,4.19,78.2,9.9,1,0,1,1
7.07,126,7.25,80.7,11.7,0,2,1,1
5.17,431,8.55,74.8,18.3,1,0,1,1
17.21,81,3.15,39.1,6.3,0,1,1,0
16.58,17,12.89,107.4,14.4,0,2,0,4
1.34,369,1.92,45.4,22.4,0,2,0,1
10.05,486,11.27,82.1,13.8,1,1,1,3
1.01,34,7.8,101.1,8.0,0,3,0,1
14.06,340,8.01,57.3,6.4,2,1,1,1
11.48,316,2.07,80.6,15.0,1,1,0,1
12.75,233,6.79,103.6,5.3,1,2,1,2
6.62,449,8.05,51.9,6.3,0,0,1,0
4.48,86,3.51,108.0,18.8,0,1,1,2
10.53,338,3.37,38.2,11.8,1,3,1,0
7.84,44,4.49,61.6,7.8,0,0,1,0
8.74,221,3.02,49.9,14.3,0,0,1,0
3.13,386,9.23,52.3,7.4,1,1,0,0
6.88,594,12.21,91.4,21.1,1,1,1,4
2.4,714,13.06,110.7,9.1,0,1,1,4
6.77,686,7.25,101.1,4.1,0,1,0,2
10.14,540,5.32,101.3,12.0,1,1,1,3
5.96,557,0.99,94.5,17.3,1,2,0,2
15.2,70,10.33,84.7,14.8,1,1,1,3
4.47,591,3.19,82.3,22.1,2,0,0,2
3.45,269,3.97,89.1,10.6,0,1,0,1
16.03,316,11.3,83.3,12.0,0,2,0,3
17.21,697,2.7,47.6,8.8,1,0,1,2
6.61,319,6.23,50.0,18.3,0,0,1,0
2.66,627,6.25,64.3,16.5,1,2,0,1
12.92,252,8.9,41.8,6.6,2,1,0,1
6.75,271,2.87,67.8,17.8,0,1,0,0
8.41,244,11.64,46.1,8.9,0,1,0,1
11.21,712,3.69,107.3,6.4,2,1,1,4
3.79,674,3.65,56.5,20.3,2,1,0,1
0.45,678,8.47,43.8,17.9,1,2,1,1
17.67,517,8.5,65.8,16.5,0,2,0,3
9.88,500,9.25,82.3,8.6,2,2,0,3
3.24,677,11.42,108.3,17.1,1,1,0,4
1.78,22,6.85,101.7,22.8,1,1,1,2
1.34,52,0.99,90.2,8.6,0,3,1,0
1.11,223,13.02,42.8,5.0,2,2,1,0
5.98,701,7.25,97.8,21.2,1,1,1,4
5.11,520,12.27,66.3,14.1,0,2,1,2
15.42,645,7.82,47.4,15.7,1,1,0,2
1.02,635,12.02,83.1,17.2,0,1,1,3
12.56,392,2.17,104.2,4.2,1,0,0,2
10.69,313,3.82,88.4,6.6,0,2,1,2
6.27,238,10.16,96.5,20.8,1,2,1,4
3.18,255,0.92,83.9,5.2,2,2,1,1
8.11,568,3.68,109.3,7.1,0,3,0,3
7.36,268,12.28,49.0,13.4,2,3,0,2
16.36,322,13.31,51.8,12.5,0,0,0,3
11.9,14,9.83,40.9,20.9,2,2,1,1
15.8,543,7.25,44.8,8.8,1,1,1,2
12.58,89,10.33,47.5,7.4,1,1,1,0
14.2,714,2.12,101.5,4.5,1,1,0,3
8.72,433,1.48,94.6,22.8,2,1,1,2
15.01,124,0.91,92.8,6.4,0,2,1,2
10.62,104,13.2,47.0,17.0,0,1,1,1
7.08,557,12.3,75.1,15.0,1,1,0,3
13.8,399,3.07,66.8,16.1,1,1,0,1
14.66,119,3.08,67.8,5.5,0,2,1,0
8.91,422,5.75,52.6,6.7,2,3,1,1
10.85,679,5.53,110.9,22.0,0,2,1,4
12.68,72,4.65,63.8,9.8,1,1,1,0
3.13,576,5.95,98.1,22.3,2,1,1,3
4.83,28,10.11,45.6,14.1,0,2,0,1
11.29,385,5.6,103.0,6.2,0,0,1,2
1.42,49,6.09,88.4,5.9,1,0,1,0
5.35,684,12.62,77.2,19.7,1,0,0,3
3.81,418,13.19,48.1,14.9,1,2,1,2
17.29,430,0.56,75.8,17.7,2,1,0,2
5.31,157,13.23,85.5,5.8,0,1,1,2
13.88,113,12.15,83.5,8.8,0,2,0,3
10.05,134,11.64,63.8,19.0,0,1,0,1
5.43,379,5.28,60.1,19.3,0,0,1,0
2.82,139,10.16,87.6,10.0,1,0,0,2
9.18,246,4.72,75.1,20.2,1,1,0,2
5.38,456,11.94,101.1,14.8,1,3,1,4
14.58,524,4.88,97.0,8.5,1,2,1,3
3.8,182,12.75,74.6,20.2,1,1,0,1
7.6,39,11.94,73.8,4.5,1,2,1,1
2.31,236,13.49,103.7,23.0,0,1,0,4
17.73,662,8.58,95.1,16.9,0,1,1,4
3.91,704,11.79,41.0,19.9,1,0,0,2
13.86,655,13.84,94.9,21.5,0,2,0,4
12.33,689,4.49,109.4,6.3,2,3,1,4
14.83,484,8.96,59.6,15.0,2,0,1,2
13.75,642,9.54,39.8,20.9,2,3,1,3
10.61,22,1.86,84.3,18.2,0,0,0,1
9.31,31,2.55,70.3,21.0,1,3,1,0
7.71,483,12.01,96.1,21.1,2,3,0,4
6.81,560,4.49,103.6,11.8,0,1,1,2
6.38,255,11.46,47.4,16.4,2,1,1,1
14.42,168,10.22,81.2,16.1,0,1,1,2
14.06,363,3.97,100.9,21.3,0,1,0,3
7.59,537,1.62,40.4,16.4,1,3,1,1
0.62,67,6.3,80.5,9.1,2,1,1,0
6.18,647,7.25,94.4,11.6,2,1,1,2
16.19,37,2.26,107.9,9.8,2,2,0,3
11.38,483,11.67,105.6,4.8,2,2,1,4
14.83,496,7.43,69.0,21.5,0,2,1,2
12.18,53,3.85,97.3,19.1,1,0,1,3
12.99,274,6.44,58.4,20.0,1,1,1,1
1.27,385,5.62,80.2,13.5,1,1,0,1
15.65,520,8.34,90.3,10.0,1,2,1,4
1.69,659,0.71,47.9,12.0,0,3,1,0
2.58,675,10.84,111.5,9.9,1,2,0,4
10.17,628,12.84,95.5,8.0,0,3,1,4
14.5,162,11.47,63.5,21.3,1,1,1,2
13.92,53,13.09,48.1,7.8,2,1,1,2
8.32,529,10.15,38.1,9.3,2,0,0,2
14.36,366,12.02,70.9,5.4,1,3,0,2
0.3,412,6.69,50.2,16.2,0,1,1,0
17.06,314,8.08,46.3,13.5,1,1,0,0
12.52,19,7.25,71.7,11.9,0,1,1,0
5.84,419,12.49,53.5,13.5,1,1,0,1
15.5,65,7.25,76.7,9.8,0,2,0,1
6.84,545,5.43,59.5,13.5,0,1,0,0
0.82,313,12.47,107.3,8.1,0,1,1,4
3.32,201,13.98,105.1,7.2,0,1,1,4
15.27,497,4.5,91.7,12.1,1,3,1,3
8.55,267,0.83,79.9,6.9,2,1,1,1
17.22,143,3.49,68.3,15.1,0,2,1,1
17.42,429,11.17,49.6,13.8,0,0,1,2
0.74,106,2.87,76.7,12.9,2,3,1,0
0.8,61,3.06,67.7,8.3,2,1,0,0
8.99,310,1.78,109.4,6.1,0,2,1,3
7.44,399,9.95,97.5,8.9,2,1,0,3
2.39,145,8.92,49.1,8.0,0,2,1,0
9.82,242,11.45,54.2,10.4,0,0,1,1
17.52,176,10.45,79.4,15.5,2,0,1,3
15.83,29,0.86,47.1,17.9,0,2,0,1
7.61,495,9.08,85.1,6.6,1,2,1,3
10.09,65,0.56,102.6,16.8,0,3,1,2
1.28,299,8.97,52.4,20.7,0,1,0,1
17.55,549,1.83,88.0,17.4,1,2,1,3
12.03,348,11.8,92.4,8.1,1,0,1,3
3.9,677,11.76,75.1,7.1,2,2,0,2
3.98,310,9.54,40.1,8.0,0,1,0,0
16.92,338,4.58,68.5,13.0,0,1,0,1
4.74,598,2.14,57.5,15.7,2,2,1,1
0.43,376,4.08,58.8,12.4,1,2,0,0
11.67,318,2.74,45.2,7.8,1,0,1,0
2.96,149,4.18,44.5,13.8,0,0,0,0
5.17,171,13.54,80.9,5.2,0,1,1,1
15.79,99,9.3,90.4,21.3,0,1,1,3
7.72,549,11.99,93.3,13.7,0,3,1,3
9.51,176,12.3,64.7,20.9,1,1,1,1
7.86,203,13.3,111.3,20.0,0,3,1,4
9.73,140,4.97,64.7,12.5,0,3,0,0
5.29,97,5.13,87.7,13.0,2,0,1,1
1.68,459,3.59,89.7,9.5,2,0,1,1
12.19,467,7.12,85.6,18.2,1,3,0,3
7.64,125,7.58,110.8,15.5,1,0,1,3
0.91,328,2.21,39.6,16.8,0,1,0,0
6.11,187,7.71,61.9,9.5,1,2,1,1
15.77,289,3.44,105.7,8.2,1,2,0,3
10.79,415,12.43,110.2,17.8,1,3,0,4
12.71,412,1.97,110.6,10.9,0,0,1,3
13.53,702,9.14,106.7,7.9,2,3,1,4
6.91,195,6.39,60.7,21.8,0,3,1,0
12.72,624,5.64,109.1,22.0,1,0,1,4
6.07,92,13.14,65.7,16.7,2,3,1,2
14.46,131,9.17,46.9,10.9,0,1,1,1
16.54,472,12.82,105.8,9.6,0,1,0,4
8.17,529,6.55,72.4,21.0,1,3,0,2
16.98,98,6.59,45.0,15.3,2,0,1,1
2.22,130,4.66,86.8,19.0,1,1,0,1
10.6,636,8.09,99.1,12.5,2,1,1,4
5.59,191,0.84,106.9,4.5,0,2,0,2
6.72,354,11.81,103.9,14.6,0,1,1,3
15.13,454,11.72,45.9,5.7,1,2,0,2
17.08,405,6.08,59.5,20.2,1,1,1,2
12.19,351,3.33,52.4,20.0,0,2,0,1
17.14,72,13.14,104.1,13.5,0,3,0,4
6.76,706,2.06,49.1,16.9,0,1,0,1
5.86,105,11.87,70.5,9.7,2,2,0,1
5.24,101,8.25,42.5,20.4,2,1,0,0
3.57,623,10.75,92.6,13.2,1,1,1,3
11.48,255,2.56,41.3,10.9,0,2,0,0
8.92,503,7.25,95.5,11.7,2,0,1,4
1.92,85,5.11,84.0,12.5,0,2,1,1
0.88,77,13.76,42.6,7.0,1,1,1,0
10.46,647,4.92,75.1,6.7,1,1,1,1
13.71,255,9.54,95.1,15.9,0,0,1,3
2.78,267,7.25,77.7,8.7,0,3,1,0
2.79,19,13.12,100.9,4.8,1,3,0,3
6.64,689,12.42,72.7,10.8,2,1,1,2
17.07,565,6.22,80.8,13.5,0,3,0,3
10.34,50,2.68,56.0,18.8,0,0,0,0
13.38,203,3.44,81.7,13.5,1,1,1,1
2.31,664,3.92,75.1,9.3,2,1,1,0
8.81,114,6.48,100.6,16.3,2,1,1,2
10.18,391,1.95,91.7,16.5,2,3,1,2
3.53,502,8.11,79.1,4.7,0,2,0,0
4.54,354,3.87,77.8,15.9,2,1,1,1
3.84,81,4.07,38.5,15.4,0,2,0,0
9.64,539,9.12,101.9,19.4,0,0,0,4
1.57,169,12.31,60.1,14.0,1,1,0,0
4.61,693,3.04,88.1,9.2,0,1,0,2
1.35,207,12.78,81.3,8.6,0,1,1,1
12.24,32,10.59,79.8,7.7,1,1,1,1
3.53,624,5.57,38.8,16.9,1,1,0,1
7.84,50,12.88,59.3,11.0,0,1,1,1
4.71,366,13.01,62.6,20.6,2,3,1,2
3.22,16,11.07,110.2,23.0,0,1,1,4
8.83,544,11.38,42.8,5.5,2,1,1,1
14.62,368,8.31,57.1,19.7,2,1,0,2
15.75,292,8.4,111.3,12.2,1,3,1,4
16.25,143,6.14,76.5,7.6,0,3,0,0
11.68,302,2.12,72.8,8.2,1,0,0,0
15.96,549,9.34,65.8,15.3,2,0,0,2
7.24,401,3.55,111.4,14.6,0,2,0,3
7.21,386,10.62,93.4,11.5,1,2,0,3
14.32,304,9.06,100.4,19.1,0,2,0,4
16.74,590,3.06,42.0,9.3,0,1,1,1
5.43,649,11.45,110.1,10.5,2,1,0,4
10.4,618,12.45,102.9,13.4,2,3,1,4
0.84,219,4.17,94.2,12.0,1,1,1,2
11.44,471,12.58,78.4,9.3,2,1,1,3
5.7,38,12.4,73.3,15.5,2,1,0,2
13.79,635,10.52,49.2,12.5,0,2,1,2
5.52,709,4.59,54.3,12.4,1,1,0,1
1.28,659,11.68,82.4,5.4,1,2,0,3
16.77,245,2.16,101.9,14.5,0,1,1,3
8.44,28,6.77,90.5,4.3,2,2,0,2
7.74,342,8.25,107.1,14.5,0,3,1,4
5.83,366,5.42,83.2,4.2,1,3,0,1
6.64,363,1.41,42.1,17.8,0,1,1,1
3.45,446,9.13,70.1,7.3,0,1,1,0
15.5,553,5.96,53.9,22.5,1,0,1,2
6.21,79,6.81,75.1,6.2,0,1,0,0
15.99,622,2.4,68.0,9.2,1,3,1,2
6.95,471,1.24,102.1,10.0,1,3,0,3
6.76,718,1.11,50.2,22.5,2,1,1,1
2.28,650,12.6,75.1,9.3,0,3,1,1
9.43,631,7.61,95.7,12.7,0,1,1,3
7.03,489,13.85,95.2,9.9,0,1,1,4
17.13,611,7.68,100.8,13.2,2,1,0,4
5.31,128,7.08,104.9,6.9,1,1,0,2
4.13,410,11.72,39.9,8.5,0,2,0,1
8.67,117,10.33,84.9,22.4,0,0,1,3
14.7,211,7.25,100.0,15.5,2,0,0,3
1.68,658,8.86,86.5,6.5,2,3,0,2
2.12,573,2.91,69.0,10.1,1,1,1,0
6.74,251,12.03,103.3,22.4,2,2,1,4
7.15,188,8.63,70.6,15.0,0,1,1,0
5.04,590,6.08,63.5,5.1,2,2,1,1
14.63,588,2.23,67.5,9.2,1,0,0,1
9.77,435,13.18,85.6,21.8,1,2,1,4
5.61,230,9.73,40.6,10.3,2,1,1,1
16.0,389,8.31,101.5,17.7,0,1,1,4
13.8,716,12.32,105.5,4.1,0,1,0,4
0.82,57,5.46,48.5,7.3,1,3,1,0
10.14,490,8.86,81.1,12.5,1,2,1,3
15.16,399,11.4,48.3,19.2,1,0,1,3
8.14,339,8.78,101.9,14.4,0,2,0,4
5.66,408,1.03,77.2,18.5,0,2,1,1
17.12,104,7.25,64.7,20.5,0,1,0,1
8.29,667,7.08,86.7,7.0,1,3,1,2
8.11,83,6.23,103.4,16.1,0,1,1,2
15.77,356,13.03,58.8,14.4,2,1,1,2
4.52,214,1.42,50.8,14.8,1,1,1,0
4.08,628,10.23,70.8,22.3,0,0,1,2
4.81,346,5.62,99.8,22.3,0,2,1,3
3.54,662,7.01,72.2,17.7,0,1,1,1
2.78,502,7.0,98.7,11.5,0,1,1,2
11.05,132,3.91,87.2,6.8,0,2,0,2
2.83,605,3.22,50.9,13.0,1,2,1,0
17.84,60,8.03,101.4,21.8,0,2,1,4
6.58,606,2.23,66.8,6.7,2,2,1,1
3.89,207,3.54,39.7,19.0,0,2,1,0
8.32,581,3.59,96.7,15.2,1,2,0,3
8.18,557,0.65,107.7,9.7,0,2,1,3
7.94,496,2.84,108.5,6.6,0,0,1,2
10.85,399,12.01,52.1,5.9,2,2,1,2
6.12,591,2.52,71.9,4.3,0,3,0,0
13.62,408,12.25,71.2,13.6,1,3,1,2
9.93,148,10.79,75.5,5.1,1,1,0,1
10.15,659,10.9,100.1,23.0,1,2,1,4
0.92,692,12.06,45.7,4.1,0,0,1,0
11.52,455,13.81,67.6,15.4,0,3,1,3
5.62,179,10.22,72.8,20.9,0,1,1,1
1.81,377,6.09,82.1,22.3,0,2,1,2
1.17,626,7.57,93.3,10.0,0,0,1,1
6.81,428,8.63,71.6,18.8,0,1,0,1
1.64,651,2.63,39.3,17.2,0,1,1,0
6.95,454,7.6,91.9,20.2,1,2,0,3
3.93,620,7.82,45.8,14.1,0,3,0,1
15.96,666,11.53,102.5,12.4,0,2,0,4
10.06,408,0.82,106.3,16.9,2,1,1,3
6.6,386,3.37,63.0,22.0,0,3,1,1
7.08,571,10.34,75.0,8.7,1,1,1,1
11.67,78,7.17,100.3,13.2,1,3,0,3
6.64,676,2.19,104.8,10.4,2,2,1,3
9.53,88,2.68,56.0,4.7,0,0,1,0
3.58,407,4.62,91.1,20.0,0,2,1,2
12.95,647,9.39,110.5,15.1,0,3,0,4
10.92,259,11.17,107.9,16.7,0,1,1,4
8.34,596,6.8,105.3,13.5,0,2,1,4
8.56,342,9.87,70.4,21.1,1,1,1,2
6.57,311,3.18,95.5,21.1,2,2,1,3
2.71,413,3.04,56.9,9.2,0,2,0,0
16.52,391,8.73,104.2,9.8,1,1,1,3
15.92,701,8.59,54.9,18.2,0,2,1,3
3.51,555,5.14,45.8,21.4,2,0,0,1
2.12,372,9.33,103.8,7.3,0,0,1,2
1.25,62,9.49,73.6,21.0,0,1,1,1
5.78,160,4.86,43.1,8.4,0,2,1,0
2.88,186,6.07,112.0,16.6,0,3,0,3
4.42,453,4.42,55.7,20.0,2,1,1,1
11.08,603,0.7,49.0,5.6,1,2,0,1
3.96,100,11.77,59.6,6.1,0,0,0,1
11.84,585,5.97,83.6,16.4,0,1,0,2
10.97,403,4.32,51.3,7.7,0,0,0,1
15.83,443,2.3,103.6,6.4,2,1,0,3
9.4,599,3.27,48.2,13.1,0,1,0,0
8.74,549,4.32,89.7,16.8,2,0,0,2
13.26,57,8.53,56.8,13.5,2,3,0,2
17.35,316,8.32,88.9,8.5,0,2,0,3
9.53,720,5.66,102.4,13.5,1,3,0,3
7.76,316,11.79,38.6,10.1,0,2,0,2
13.62,290,8.12,58.5,8.3,2,1,0,1
3.8,508,5.85,93.0,13.5,0,2,1,2
12.23,603,6.85,111.1,6.2,2,0,0,4
13.05,453,7.52,85.5,14.9,1,0,1,2
1.27,681,7.1,96.0,23.0,1,3,0,3
7.9,163,10.31,62.2,12.9,2,0,1,1
4.61,671,11.47,78.4,6.1,0,2,1,2
9.27,265,12.52,47.5,22.7,0,2,1,2
5.15,530,11.52,95.9,11.6,1,3,1,3
9.7,132,5.2,88.7,13.5,2,2,0,2
1.53,634,10.31,56.0,13.9,2,0,0,1
2.53,487,13.24,62.2,11.1,1,3,1,2
14.46,569,3.48,55.1,17.6,2,1,0,2
14.19,393,11.3,102.3,6.8,0,2,1,4
9.38,357,3.88,84.1,19.1,0,2,0,3
12.82,426,6.79,78.3,4.4,1,2,0,2
1.55,214,4.81,41.5,14.5,2,2,1,0
17.52,197,10.53,72.0,6.2,0,1,1,0
9.85,303,3.66,70.2,11.2,0,1,0,0
11.74,572,1.53,109.5,10.9,1,0,1,3
9.14,407,2.81,83.6,9.0,1,3,1,1
2.06,383,7.25,59.3,20.7,1,1,0,0
4.14,610,6.54,55.7,8.6,0,3,1,0
6.48,438,4.18,63.0,10.1,0,3,0,0
11.63,103,2.72,83.2,14.1,0,3,1,1
17.71,691,4.08,103.3,18.1,1,2,1,4
8.93,712,4.53,74.2,20.9,0,2,1,2
14.66,401,4.78,73.9,13.9,2,3,1,1
17.65,380,9.15,76.9,10.0,1,1,1,2
7.08,679,4.67,96.7,5.3,1,0,1,2
15.7,247,4.8,90.0,11.8,0,0,1,1
1.39,349,10.97,97.9,18.5,2,2,0,4
16.55,12,1.22,58.1,20.5,1,1,1,1
1.98,605,0.72,100.0,13.1,1,2,1,2
4.7,240,12.81,75.1,14.6,2,0,0,2
14.61,169,12.19,96.5,20.9,2,2,1,4
0.68,76,13.34,89.7,9.6,0,1,1,2
8.87,122,11.73,87.0,20.2,2,1,1,3
14.83,528,6.42,97.7,22.1,2,1,0,4
14.6,288,11.58,85.4,15.6,1,1,1,3
8.41,95,6.96,53.8,13.3,0,2,1,0
7.25,583,8.63,102.6,18.9,0,3,1,4
0.96,443,13.21,53.7,22.9,0,3,1,2
3.46,127,8.17,64.7,18.0,2,0,0,0
3.81,163,8.21,70.2,19.5,1,2,1,1
9.0,455,6.53,79.6,21.3,2,1,0,2
8.25,331,0.67,107.4,5.7,0,2,1,3
1.56,429,13.11,95.9,10.7,1,0,1,3
4.62,425,7.61,94.6,17.1,0,2,0,3
13.79,384,5.55,43.8,5.6,0,0,0,0
3.31,243,7.25,71.1,12.9,2,2,1,1
3.22,668,4.08,58.2,15.6,1,1,0,0
9.68,485,12.03,81.4,6.9,2,1,1,2
16.53,207,6.91,42.7,4.5,1,3,1,0
2.75,362,10.14,80.2,11.8,0,1,1,0
16.19,566,12.38,94.1,16.8,2,1,1,4
11.92,330,13.3,70.3,13.0,2,0,0,3
10.36,351,8.33,95.8,13.1,0,3,1,3
4.44,204,7.62,84.9,9.1,0,1,1,1
7.11,415,11.43,78.3,16.8,1,2,1,2
15.49,250,10.12,63.0,14.5,0,1,1,1
9.03,638,9.36,94.3,8.6,0,3,1,3
2.03,131,5.32,41.3,21.9,2,1,1,0
0.63,478,9.74,55.4,21.4,0,1,1,1
14.61,694,1.34,69.8,10.9,2,3,1,2
2.62,540,8.59,50.0,8.4,0,2,1,1
8.49,506,10.83,70.4,12.7,0,0,0,2
13.69,29,0.95,73.2,17.5,0,3,1,1
2.31,560,12.62,108.0,5.0,1,0,1,3
10.8,551,9.33,56.1,10.8,0,3,1,2
16.27,204,8.66,48.9,18.5,0,0,1,1
8.77,462,11.51,110.1,21.7,1,1,0,4
13.8,20,2.85,86.5,21.8,0,2,1,1
11.15,606,6.72,71.1,17.7,1,2,1,3
1.89,324,9.85,49.2,16.0,2,2,1,1
11.72,624,10.42,107.8,18.9,0,1,1,4
15.76,326,7.68,51.8,7.8,2,2,0,1
10.87,457,3.7,78.9,13.5,0,2,0,1
12.58,481,12.93,89.1,7.6,0,0,1,4
7.67,139,1.73,104.0,6.0,0,1,0,1
16.2,306,5.48,96.5,12.7,0,1,1,2
9.78,630,4.67,42.2,22.1,0,1,0,1
14.84,461,6.15,55.7,19.4,1,3,1,2
7.95,96,12.3,58.4,9.0,0,1,0,1
1.32,173,13.94,54.9,7.3,1,2,0,1
16.53,463,10.56,93.2,16.6,1,1,1,4
11.95,402,12.63,102.8,20.4,0,1,1,4
6.18,105,12.2,98.8,14.8,0,0,1,3
0.46,397,6.29,69.5,14.6,1,1,1,0
15.17,616,8.98,80.2,7.7,0,0,1,3
0.47,251,12.93,81.0,9.1,0,0,1,1
6.3,190,8.81,51.1,8.5,2,2,1,0
13.42,15,9.56,75.1,6.3,1,2,0,2
7.88,436,7.38,59.4,18.3,0,3,1,1
8.16,21,11.49,103.1,9.7,0,0,1,3
8.56,609,13.58,93.9,17.0,1,1,0,4
7.68,153,8.31,49.6,13.6,2,1,1,0
9.52,173,10.07,97.2,7.3,0,1,1,3
10.27,213,11.71,87.1,8.9,1,1,1,3
17.62,711,9.86,103.7,21.6,0,3,1,4
15.23,149,7.92,110.5,7.4,1,1,1,3
15.96,225,1.99,102.8,22.2,0,2,1,4
16.57,227,6.94,70.7,17.3,2,3,1,2
11.09,88,7.25,58.1,20.9,1,1,0,1
12.67,531,6.18,41.7,15.1,1,1,1,1
10.19,385,1.74,110.3,16.4,1,1,0,3
3.05,36,12.24,97.0,16.1,1,1,1,3
4.89,95,1.89,104.3,16.3,1,3,1,2
6.13,652,11.43,68.4,7.8,0,1,1,2
14.74,666,9.74,101.7,7.0,1,0,1,4
10.86,167,13.41,109.4,15.3,0,2,1,4
13.06,135,12.54,73.6,20.3,0,3,0,3
6.24,165,9.54,60.5,21.3,1,1,1,0
9.8,129,6.26,75.1,13.6,2,2,0,2
17.88,538,6.93,52.0,11.3,0,2,1,2
15.07,629,2.38,44.7,11.5,2,2,0,2
1.5,476,4.59,78.1,20.4,1,0,1,0
8.79,433,9.48,58.8,13.7,2,0,1,1
14.44,115,3.18,78.5,16.5,1,2,0,1
11.36,229,2.44,66.7,18.8,0,2,0,1
14.41,127,10.96,51.7,9.3,2,1,1,1
7.42,153,7.28,79.9,20.4,1,3,1,1
4.94,129,1.75,39.1,15.4,2,2,0,0
13.35,551,12.09,67.8,6.7,0,1,1,2
3.24,565,12.17,89.4,6.8,2,2,1,3
15.8,269,3.48,53.7,13.8,0,1,1,1
0.6,362,7.3,66.8,9.4,2,1,0,0
6.04,261,10.94,95.1,5.1,2,1,0,3
3.39,504,5.24,77.0,10.9,1,1,1,0
9.08,66,3.26,82.2,8.2,1,1,1,1
13.21,202,1.39,103.4,16.1,2,3,0,3
16.97,87,6.63,49.6,5.6,2,2,1,0
3.51,119,0.61,87.3,13.5,0,3,1,0
17.89,70,9.1,39.2,22.2,2,1,1,2
9.57,380,10.86,108.9,12.5,0,3,1,4
10.04,86,10.4,42.0,8.7,2,1,1,0
13.09,568,13.0,74.4,18.8,1,1,1,3
0.36,720,12.89,52.5,21.9,2,2,1,2
4.33,530,7.25,61.4,5.5,1,2,0,1
14.25,227,12.12,63.1,16.1,0,3,0,2
15.33,467,4.55,46.4,17.5,0,0,1,2
6.32,719,8.75,75.1,22.3,0,2,1,3
6.79,668,13.41,75.1,21.5,0,1,1,4
17.33,178,13.29,87.9,15.6,2,1,0,3
4.82,309,1.08,50.3,20.9,2,0,0,1
10.08,456,7.11,59.9,17.7,1,1,1,1
2.43,546,2.04,50.7,10.4,1,0,0,0
4.14,366,9.77,81.7,9.6,0,2,0,2
17.6,654,7.25,38.3,14.2,1,3,1,3
4.69,41,13.78,78.8,10.8,0,1,0,2
7.09,622,5.58,72.0,7.7,0,2,1,1
9.62,650,5.38,85.7,8.5,1,1,1,2
15.91,94,8.59,99.3,12.5,0,0,1,3
12.59,373,4.93,104.1,12.0,1,2,1,3
17.85,639,12.99,47.5,21.0,1,2,1,4
13.71,247,10.95,86.4,6.9,2,2,1,3
11.69,282,6.89,103.4,7.0,1,0,1,2
3.4,479,7.53,103.7,18.1,1,1,1,3
7.1,86,12.81,49.3,11.8,1,2,1,2
3.09,407,7.56,97.2,4.1,1,3,0,2
2.85,623,2.49,89.7,11.7,1,2,1,2
13.38,662,2.28,87.8,13.5,0,1,1,2
2.48,146,9.79,53.5,8.3,0,1,1,0
8.09,234,2.3,95.6,7.6,1,2,0,2
15.72,281,12.71,58.9,9.0,0,0,1,1
4.24,608,7.24,106.2,16.7,2,1,1,3
10.38,5,9.65,96.6,13.7,0,2,1,3
3.17,17,2.78,84.4,10.9,0,2,0,0
6.23,476,0.9,38.6,14.0,1,2,1,0
2.85,525,0.51,109.3,15.0,1,0,1,2
9.18,635,7.25,49.6,20.3,2,1,1,2
17.94,398,12.66,40.2,9.1,1,2,1,2
10.93,233,1.02,39.0,13.8,0,0,0,0
0.98,471,8.33,88.7,15.3,1,1,1,2
10.2,152,3.17,92.4,10.5,0,3,1,1
3.39,563,4.7,61.7,20.0,0,1,1,1
14.36,310,9.75,103.4,20.2,0,1,1,4
6.27,662,7.07,75.1,12.8,0,0,1,2
8.96,155,8.1,43.4,17.1,1,1,0,0
1.33,263,11.52,74.9,17.6,0,1,1,1
4.43,534,1.85,103.2,20.0,0,1,1,3
11.37,680,11.12,94.0,17.2,1,1,1,4
7.32,239,4.0,66.9,12.0,0,0,1,0
8.55,591,6.81,71.5,12.5,0,1,0,1
10.3,89,10.82,62.4,16.5,0,2,1,1
17.52,225,5.36,77.7,15.8,0,1,0,2
14.56,500,7.12,48.1,19.7,1,1,1,2
2.94,239,11.74,73.8,20.2,0,0,1,1
17.65,697,11.91,63.9,12.7,0,3,1,3
4.28,433,3.31,111.6,14.3,1,1,1,2
1.27,209,12.26,106.3,13.0,1,1,1,3
8.31,171,10.1,69.4,7.6,2,2,1,1
6.91,82,2.48,50.0,18.1,2,2,0,1
11.65,525,4.65,59.6,12.7,1,2,1,2
2.31,579,6.65,64.4,12.2,0,2,1,1
2.21,361,7.96,53.1,17.7,2,2,1,1
17.67,430,9.53,76.6,11.4,2,3,0,3
4.8,579,1.02,110.4,16.5,0,1,1,3
8.5,456,12.68,74.8,20.3,0,1,0,2
16.24,604,3.86,73.0,13.9,1,2,1,2
7.39,431,2.34,107.5,11.9,1,2,1,3
8.13,663,2.84,99.4,14.8,2,1,1,3
1.77,712,9.12,57.5,5.0,0,1,0,0
10.25,200,9.27,106.1,15.7,2,1,1,4
0.91,401,10.08,61.6,6.0,1,3,1,1
15.64,437,3.95,87.7,12.8,0,2,0,3
1.64,540,5.05,61.7,20.4,0,0,1,1
13.01,309,3.73,58.7,8.2,0,3,1,0
15.45,64,11.84,51.1,11.5,0,1,1,1
10.2,205,0.55,108.3,15.5,0,2,0,3
11.9,630,9.81,45.7,4.1,0,1,0,2
14.59,26,5.51,40.8,7.9,2,0,1,0
16.38,401,5.4,49.8,7.1,0,2,0,1
6.14,530,4.77,52.7,21.4,1,2,1,1
9.72,195,9.21,54.2,20.8,1,0,0,1
13.1,641,10.72,75.1,12.3,1,1,1,4
6.24,657,6.66,82.4,20.8,0,1,1,2
14.25,150,0.7,70.1,18.3,0,3,1,0
14.52,374,2.2,71.3,8.9,0,1,1,0
3.41,559,1.49,69.0,17.9,1,1,0,0
13.38,529,9.83,91.1,18.5,2,3,1,4
6.58,197,6.33,105.1,22.0,2,1,1,3
17.97,621,4.03,96.1,13.0,1,1,1,3
15.54,437,11.31,51.1,18.3,2,1,0,3
7.3,235,8.22,40.9,17.5,2,3,1,1
10.12,549,13.54,79.2,11.9,1,1,1,3
14.87,495,3.3,56.2,11.7,0,2,1,1
12.63,171,8.03,104.2,22.6,2,1,1,4
14.73,253,6.49,68.6,7.2,2,2,1,2
0.73,500,11.48,102.5,22.4,2,1,1,4
5.52,680,3.63,104.2,13.0,1,1,1,3
6.89,251,2.95,85.2,21.9,1,0,1,1
12.6,460,12.47,40.0,19.7,2,3,1,3
9.01,453,6.14,47.8,5.0,0,3,1,0
12.51,270,11.96,38.9,11.1,2,2,1,2
15.11,354,8.63,110.0,12.8,2,1,0,4
2.4,378,10.32,107.9,8.1,2,0,0,3
4.83,313,2.59,91.5,11.9,0,0,0,1
9.43,709,2.62,51.3,21.6,1,1,1,1
12.61,264,4.19,68.9,11.9,1,1,1,0
1.19,196,4.32,62.5,17.3,1,2,0,0
3.16,354,1.01,46.2,5.3,1,2,1,0
5.95,537,10.36,64.6,4.4,0,1,1,0
12.81,349,9.54,45.0,7.1,1,2,1,1
5.55,328,9.56,87.5,16.3,1,2,0,3
14.22,55,7.25,103.2,20.5,0,3,1,2
9.58,420,13.05,46.8,6.2,0,0,1,2
12.51,639,5.88,92.5,13.5,1,0,1,3
5.36,110,2.8,63.4,16.4,2,1,1,0
9.99,489,12.16,43.6,8.0,2,1,1,1
10.55,537,0.96,97.2,13.7,2,2,0,4
8.07,437,2.09,69.1,5.8,0,1,1,0
1.32,41,12.15,93.9,7.9,2,2,1,3
13.64,52,9.51,70.2,9.0,1,0,0,0
13.57,269,1.16,51.9,13.7,1,1,1,0
8.02,430,8.59,105.1,4.9,1,1,1,3
8.13,367,4.68,49.5,11.1,1,1,1,0
5.45,352,1.33,110.0,13.6,2,1,0,3
6.73,163,11.95,51.0,13.2,2,0,1,0
14.41,422,4.85,69.6,5.5,0,1,1,1
2.95,198,8.85,69.1,21.5,0,2,1,1
5.84,402,13.27,43.9,14.3,2,1,1,2
10.31,421,2.28,55.3,8.9,0,1,0,0
2.51,649,5.29,48.2,20.2,0,1,1,0
1.52,597,3.42,101.0,16.5,0,0,0,3
6.86,170,12.67,86.3,6.8,1,1,1,2
2.63,569,7.29,79.2,12.2,1,2,1,2
14.33,333,11.34,87.6,12.9,1,1,1,3
15.19,105,0.9,48.4,14.4,2,3,0,1
4.03,96,1.47,94.8,18.2,2,1,1,2
9.33,135,8.52,106.1,5.1,1,0,0,3
3.26,386,4.79,112.0,6.2,0,2,1,3
5.42,351,1.75,46.4,6.2,0,3,1,0
8.54,158,5.78,98.2,11.1,0,2,1,3
1.89,463,8.02,101.6,9.7,2,3,0,3
14.93,104,1.2,40.3,22.7,1,1,1,1
15.86,364,1.95,97.5,4.5,1,0,0,2
9.51,76,6.65,95.1,8.9,0,1,1,1
14.17,619,5.6,98.3,9.1,0,2,1,3
8.23,207,13.22,96.2,15.2,0,0,1,3
6.93,424,5.67,96.6,4.2,2,1,1,2
11.7,263,5.66,75.0,8.8,2,2,1,0
2.64,46,11.19,78.1,10.4,1,1,1,0
8.0,710,8.36,100.0,8.7,0,3,1,4
10.1,478,1.82,108.3,20.6,1,2,1,4
2.29,630,2.31,89.4,18.0,0,0,1,2
12.16,280,5.41,71.1,14.3,0,1,1,1
8.54,624,6.08,70.3,17.0,1,0,0,1
16.38,103,5.72,44.2,4.4,1,2,1,0
2.48,645,5.14,89.4,7.7,1,3,1,1
15.48,211,10.59,90.7,19.3,0,2,1,4
16.11,184,13.33,103.8,6.1,0,3,1,4
15.2,667,13.14,96.0,15.9,1,3,0,4
14.2,27,2.25,104.7,5.0,0,1,1,2
1.73,279,7.25,75.1,17.1,2,1,1,0
17.16,165,12.53,47.8,13.8,1,0,0,2
4.55,48,5.87,95.4,6.5,0,2,0,1
12.86,110,2.93,41.8,21.6,1,3,0,1
5.22,27,8.92,80.3,15.1,0,0,1,0
9.13,662,11.94,108.8,15.8,0,2,1,4
5.26,235,5.48,95.8,11.7,2,2,1,2
13.85,570,1.89,89.8,10.6,0,1,1,2
8.32,186,10.75,102.7,6.6,0,2,1,3
17.47,442,5.11,78.3,13.3,0,1,1,2
17.67,424,10.51,107.1,5.0,1,3,0,4
5.6,174,12.93,107.4,13.9,2,0,0,4
2.13,623,9.24,39.4,18.9,1,1,1,1
12.38,707,7.25,44.5,10.8,0,3,1,3
9.48,692,7.25,66.4,15.9,1,2,0,2
0.98,676,3.77,96.3,8.7,2,1,1,2
6.54,660,5.5,65.1,20.9,0,3,0,1
12.31,13,9.47,52.0,21.9,2,2,1,1
2.76,240,8.11,58.6,20.8,2,1,0,1
1.9,193,13.57,66.0,8.9,2,0,0,1
14.97,222,13.05,64.4,20.9,0,2,1,2
6.21,28,0.87,104.6,22.6,1,1,0,3
12.28,297,4.91,69.8,14.7,1,1,1,0
4.8,252,10.02,75.5,22.1,0,2,1,2
9.4,674,5.99,54.1,8.8,1,1,1,1
17.05,558,7.25,83.5,5.5,1,0,1,1
15.26,100,7.25,84.1,4.1,1,0,0,0
10.46,318,4.88,73.6,22.1,0,2,0,2
12.77,365,13.43,52.9,9.2,0,0,0,2
10.83,704,1.71,93.2,7.5,0,0,0,3
4.31,463,7.68,92.3,15.6,0,3,0,3
6.32,345,12.34,78.6,19.9,2,2,1,3
4.77,321,12.61,40.9,22.9,2,2,0,3
7.95,284,6.89,77.1,4.7,0,0,1,0
7.28,461,13.09,101.2,21.2,1,1,1,4
13.52,262,1.16,101.6,21.0,0,3,1,4
11.1,560,7.25,106.4,9.7,0,2,1,4
17.66,372,2.11,112.0,10.5,2,2,0,4
8.08,477,8.61,96.7,11.1,0,0,0,3
5.98,283,1.75,83.2,16.9,2,1,1,2
8.68,439,9.95,41.4,7.7,0,1,1,0
5.32,397,6.72,93.9,20.2,0,2,1,3
5.44,295,12.33,107.5,9.1,1,2,1,4
0.45,172,12.91,76.1,20.3,0,0,1,2
8.14,276,13.04,103.2,18.6,1,3,0,4
9.08,502,9.16,71.4,12.7,1,2,0,1
0.5,257,9.76,83.0,6.5,0,0,0,2
13.31,122,5.39,59.7,13.3,2,3,0,1
5.19,531,9.81,66.7,10.2,1,0,1,0
2.65,466,2.1,67.6,19.5,0,0,0,1
6.12,79,10.71,63.3,8.6,0,1,1,0
0.88,593,12.14,106.3,21.3,2,1,1,4
11.75,554,9.87,78.1,11.5,2,0,0,3
15.29,88,1.69,97.2,13.8,1,1,1,2
15.04,713,1.5,100.5,5.0,0,1,1,3
3.73,16,5.58,56.1,16.8,2,2,0,0
15.66,456,13.22,64.6,13.5,0,2,1,3
12.61,84,8.73,106.6,21.5,0,2,1,4
1.26,603,6.09,100.9,16.7,2,0,1,2
14.6,42,13.02,65.7,9.5,1,2,1,2
13.8,438,13.5,79.4,13.9,1,0,1,3
1.72,474,0.56,62.7,12.5,0,2,0,0
10.19,407,8.32,67.4,7.1,0,2,1,1
5.4,84,10.31,82.9,7.8,1,3,0,2
12.59,654,7.75,75.1,10.6,0,3,1,1
10.34,250,9.9,61.4,16.0,0,3,1,1
3.11,679,5.59,96.1,10.8,2,3,0,2
9.26,614,9.74,60.1,15.4,2,1,1,2
9.33,505,4.9,57.7,9.7,1,0,1,0
12.14,182,12.49,58.5,20.3,1,2,1,2
14.83,10,10.02,40.3,12.3,2,1,1,0
0.53,455,12.1,75.1,22.2,1,0,1,2
7.44,54,1.26,70.1,16.6,0,3,0,0
13.34,365,12.36,58.3,13.5,0,0,0,2
13.07,136,11.87,102.6,13.9,2,3,1,4
12.95,305,12.13,106.9,14.1,1,1,1,4
12.58,660,8.08,93.2,10.9,0,2,1,3
0.6,282,6.67,108.8,4.4,2,2,1,3
7.11,180,11.61,47.2,16.3,2,3,0,2
13.0,120,9.07,44.9,15.2,2,0,1,0
12.82,581,5.56,62.3,5.8,2,0,1,1
6.34,229,11.86,96.7,17.0,2,0,0,4
5.02,410,11.89,84.0,9.4,0,0,1,2
4.05,701,6.1,101.4,20.0,2,2,1,3
9.23,252,5.4,107.1,8.3,2,3,1,3
8.13,660,3.2,57.9,9.9,1,1,0,0
13.73,183,12.31,79.8,12.9,0,0,0,2
13.42,364,7.25,103.7,8.6,2,1,1,3
13.81,687,7.33,86.1,6.9,1,2,0,3
0.68,500,6.88,57.3,6.2,0,1,1,0
0.93,452,6.7,49.8,13.0,1,2,0,0
9.07,197,13.59,55.1,9.6,1,1,1,1
15.92,716,1.96,66.9,11.7,2,1,0,2
11.25,142,10.4,78.8,9.6,1,1,1,1
13.53,25,2.49,80.4,19.5,0,1,1,1
10.74,407,10.13,43.6,13.5,1,1,0,1
9.23,67,13.97,75.1,6.8,1,2,1,2
14.87,235,12.93,98.8,9.2,2,1,1,4
4.67,25,12.78,105.6,6.8,0,1,1,4
0.82,139,12.42,96.2,10.3,0,2,0,3
8.65,588,1.69,44.8,16.6,0,1,1,1
2.72,414,9.36,48.8,16.9,2,1,1,1
10.18,177,2.0,98.4,7.2,0,1,1,2
16.89,232,11.48,105.5,22.7,1,2,1,4
17.62,83,3.24,48.6,8.0,1,0,1,0
2.67,163,2.23,46.1,6.8,0,1,0,0
8.08,324,8.26,83.9,5.9,0,2,0,2
2.68,69,8.27,102.7,7.8,0,0,1,2
12.2,378,3.31,92.9,6.4,1,1,1,1
7.1,671,7.42,74.7,19.9,0,1,1,1
5.54,161,6.65,58.8,18.7,0,2,0,0
15.69,453,12.02,77.1,18.3,0,2,1,3
3.93,552,9.61,110.2,17.1,2,1,1,4
11.65,499,9.08,43.3,14.8,1,0,1,1
11.89,168,10.8,62.0,13.4,0,0,0,1
2.82,650,6.3,75.1,14.1,1,2,0,0
6.55,381,4.17,98.6,8.7,2,1,1,2
6.12,461,8.12,102.7,19.1,0,0,0,4
6.87,70,6.97,86.0,19.7,1,3,0,1
17.13,515,3.76,79.1,4.7,0,2,0,2
11.8,715,13.92,41.4,19.6,1,0,0,3
12.06,266,1.71,62.3,19.5,0,1,1,1
8.86,232,6.63,76.4,16.0,1,1,1,1
5.09,111,12.99,58.4,11.6,2,2,1,2
3.27,19,6.05,60.1,13.6,2,1,0,0
12.24,146,11.61,95.4,13.5,0,2,1,3
17.19,545,3.43,54.2,22.5,0,2,1,2
0.95,59,5.0,93.8,8.7,1,2,1,1
5.79,24,10.06,73.7,15.5,0,3,1,1
14.16,57,3.47,65.1,6.8,1,2,1,1
17.31,576,6.37,52.3,20.1,1,3,1,2
3.95,126,11.87,91.8,11.9,0,0,0,3
9.69,167,8.17,80.4,18.0,0,2,1,2
5.24,712,13.16,75.2,6.4,1,3,1,2
6.15,428,7.1,65.7,22.3,0,0,1,1
11.58,266,3.4,59.2,18.2,1,0,0,0
18.0,469,11.15,81.5,22.7,0,0,0,4
11.62,510,9.84,94.5,4.7,2,2,1,3
1.81,35,9.12,100.6,19.9,1,2,1,3
0.63,527,5.74,84.7,7.8,0,1,0,0
8.1,42,5.1,71.0,17.6,0,3,1,0
11.21,667,8.51,92.6,17.6,2,0,1,4
2.85,542,9.52,66.8,13.5,0,1,0,1
15.89,14,13.28,63.2,5.6,1,2,1,1
14.58,489,8.3,105.3,11.8,2,0,1,4
1.01,166,9.8,88.7,11.0,1,2,0,2
4.22,80,1.77,53.5,7.5,0,1,1,0
7.95,100,11.56,100.6,11.9,0,3,1,3
9.92,368,12.54,58.0,4.3,1,1,1,1
10.78,19,2.6,87.7,17.6,1,0,1,1
1.64,563,12.02,109.6,21.1,1,2,1,4
13.73,415,0.8,63.7,16.1,0,1,1,1
7.47,339,11.89,111.4,7.6,1,0,1,4
9.56,412,11.92,99.3,22.1,2,2,0,4
7.16,294,9.08,95.2,6.2,2,3,1,3
7.39,622,1.65,60.9,22.9,0,0,1,1
3.65,647,12.33,111.5,14.0,1,3,1,4
2.95,251,9.28,76.7,18.0,2,0,0,2
13.69,11,13.64,92.4,10.6,0,3,1,3
1.93,336,8.26,98.7,7.1,2,1,1,3
10.39,342,3.86,58.8,13.8,0,2,1,1
14.47,410,5.33,50.6,6.0,0,1,0,0
1.74,567,8.17,76.2,15.5,1,0,0,1
4.14,449,2.76,48.5,22.4,0,3,0,1
7.23,236,9.69,101.1,11.9,0,0,1,3
6.17,40,9.1,58.1,9.6,1,2,1,0
12.99,236,1.25,91.4,5.6,1,1,1,1
6.22,670,9.74,93.7,12.4,0,2,0,4
6.99,133,0.96,77.0,15.8,1,2,0,2
0.39,652,11.39,100.4,8.3,2,3,0,3
13.65,589,5.32,49.6,6.4,0,2,1,1
9.54,644,11.42,90.6,13.5,1,3,1,4
17.82,678,6.52,60.8,21.8,2,1,1,3
10.05,180,5.51,107.7,13.5,2,1,1,3
15.65,460,13.09,103.3,22.0,0,1,0,4
7.83,175,6.21,102.0,13.5,2,2,0,4
8.05,412,7.25,99.3,14.3,0,3,1,4
6.11,567,7.25,74.2,15.6,0,3,1,2
14.28,363,1.31,89.5,19.4,1,0,1,2
6.96,706,2.86,95.2,15.4,1,1,1,2
16.61,619,9.69,65.6,15.9,1,3,0,2
3.47,62,2.47,95.0,9.5,2,1,1,1
5.3,304,8.64,90.2,15.0,1,1,0,3
5.89,137,11.55,46.0,21.3,0,1,1,1
10.22,254,7.43,79.2,8.5,2,1,1,1
5.68,163,6.73,90.9,13.5,1,1,1,1
4.24,125,3.23,105.5,13.4,0,1,1,2
8.29,162,6.47,46.2,14.9,1,1,0,0
0.45,405,7.79,107.5,5.7,1,1,1,2
9.94,717,10.54,72.9,18.6,1,1,1,2
7.49,177,3.36,107.7,13.3,2,3,1,2
11.89,529,13.16,79.5,9.2,0,1,1,3
1.72,515,13.73,47.0,19.4,0,2,0,2
4.47,66,4.51,108.5,19.4,1,1,1,2
3.49,261,10.49,86.2,11.8,2,0,1,2
1.64,641,3.22,64.4,10.7,0,3,1,0
0.94,368,12.97,70.3,4.5,0,1,1,0
12.24,100,12.59,42.4,6.3,0,2,1,1
3.02,269,1.96,80.1,17.0,1,0,1,0
6.12,408,11.62,95.4,15.0,0,3,0,3
6.73,506,7.25,54.3,4.2,1,3,1,0
6.87,552,6.8,59.1,6.8,1,3,1,0
12.87,177,11.9,54.5,4.2,2,3,1,2
17.55,331,11.09,76.0,19.7,0,3,1,2
8.95,164,6.58,75.1,5.9,0,0,0,2
15.37,431,11.08,95.9,4.6,2,1,1,4
12.67,408,7.09,88.8,4.5,2,1,1,1
13.07,59,7.84,78.1,5.0,0,2,1,1
12.66,696,7.25,109.5,7.6,2,2,0,4
1.95,52,1.2,87.1,11.5,1,1,0,0
12.03,340,10.78,90.0,16.9,0,0,1,3
16.66,143,11.63,73.6,10.9,0,3,0,2
8.32,116,10.34,69.2,6.3,2,2,0,1
16.27,366,10.9,89.1,10.3,2,3,1,4
8.82,704,3.5,106.3,11.5,1,0,1,3
1.77,263,11.72,62.2,12.5,2,3,0,1
17.03,148,7.25,105.6,17.6,2,0,0,4
13.67,417,3.22,104.4,5.9,2,1,1,2
17.53,707,11.1,71.3,13.2,0,0,1,3
5.57,91,6.88,81.4,7.5,1,1,1,0
14.65,646,0.5,67.4,8.1,2,1,1,1
8.5,407,6.22,75.6,16.8,1,2,1,2
15.42,651,4.46,58.7,8.8,1,3,1,1
15.22,522,10.2,80.3,9.8,1,1,1,3
12.2,42,7.25,63.0,7.9,2,2,1,1
10.66,237,11.3,68.9,20.5,1,0,0,1
17.8,146,10.87,75.1,7.7,0,2,0,2
4.11,332,8.42,75.8,21.9,2,2,1,2
8.37,496,0.69,52.9,5.0,1,2,0,0
12.62,428,7.38,74.4,9.0,1,0,1,1
1.99,643,7.31,95.6,15.8,2,3,1,3
12.69,231,11.05,85.6,16.3,1,0,1,3
5.39,188,1.24,95.4,5.7,1,1,0,1
9.4,689,3.14,94.6,9.3,2,1,1,2
16.99,226,12.81,101.0,13.8,0,0,1,4
15.74,580,9.52,86.9,18.9,1,2,1,4
13.4,654,3.28,53.6,7.8,1,3,1,2
15.7,690,3.12,45.7,9.3,0,0,1,1
9.42,6,11.81,58.0,12.5,1,1,1,1
14.59,188,8.33,74.3,21.0,0,3,1,2
14.07,680,8.53,107.1,17.0,1,0,1,4
12.65,306,10.49,44.1,16.7,0,1,1,2
0.54,308,4.95,42.6,21.8,0,1,1,0
4.31,605,11.43,60.6,14.4,1,0,0,1
12.94,244,10.58,99.9,21.7,0,0,1,4
4.21,532,13.37,60.0,10.3,1,2,1,2
3.36,326,3.8,93.1,13.8,1,2,0,2
12.41,604,4.77,57.5,5.7,0,2,0,1
2.65,711,13.34,39.4,6.1,0,3,1,2
5.76,223,3.53,98.0,11.7,0,1,0,2
1.61,15,0.57,77.1,12.9,1,2,1,0
4.27,30,12.86,102.7,20.6,1,2,1,4
1.11,139,2.69,61.2,9.4,1,0,1,0
15.74,272,12.88,90.2,10.1,1,2,1,3
9.87,359,2.81,67.9,11.6,0,1,1,0
12.92,157,3.6,68.8,15.5,2,2,1,1
0.77,506,1.26,93.0,6.8,0,1,1,1
10.07,521,5.6,71.2,13.5,0,1,0,1
8.35,113,13.18,75.1,11.4,0,1,1,2
9.86,637,5.43,93.3,21.7,0,0,0,3
14.66,408,10.31,55.4,11.0,2,0,0,2
9.84,313,10.73,94.6,5.0,1,1,0,3
3.79,256,2.39,102.5,10.6,0,2,0,3
1.66,135,13.31,71.1,13.1,1,1,0,1
16.37,9,5.1,108.0,22.2,0,2,1,3
16.12,606,10.67,63.6,10.4,0,2,1,3
5.33,578,7.27,89.6,11.2,1,0,1,2
7.22,620,1.41,56.6,17.8,0,1,1,1
9.56,701,0.54,95.6,6.5,1,2,0,3
9.07,335,6.41,63.0,13.4,2,2,0,1
3.98,538,6.52,87.1,7.5,0,0,1,1
12.26,586,4.9,97.4,11.3,2,2,0,4
15.21,46,2.58,68.9,6.2,0,2,0,0
3.83,12,12.83,67.5,7.4,1,1,1,0
13.42,153,5.81,46.7,4.1,1,3,1,0
7.05,710,5.98,62.8,6.5,2,2,0,1
0.68,699,4.69,103.0,12.4,0,3,0,3
13.18,379,8.23,48.1,22.7,2,2,0,2
11.54,480,6.76,74.2,11.1,0,1,1,2
0.84,697,1.58,95.5,19.7,1,1,0,2
8.91,501,3.39,90.0,4.1,0,1,1,1
5.49,345,13.63,79.8,6.1,1,1,1,1
3.05,381,6.52,56.0,8.0,1,0,1,0
16.7,600,1.67,102.6,22.6,1,0,1,4
17.35,459,12.33,105.0,17.0,1,2,1,4
10.06,40,7.14,80.0,21.2,0,2,0,2
5.05,160,2.93,69.6,18.4,2,1,1,0
6.17,265,11.62,82.3,11.0,1,3,0,2
1.9,185,8.17,107.8,21.7,2,2,1,4
16.1,189,7.7,59.6,6.2,0,1,1,0
11.49,38,0.89,75.0,9.7,0,3,1,0
7.24,585,0.75,69.3,9.4,1,1,1,0
9.97,354,10.31,83.0,8.1,0,1,0,2
6.18,249,0.83,74.5,8.9,2,1,0,0
6.37,434,4.69,92.5,17.9,1,1,1,2
9.91,410,2.9,50.8,6.4,1,1,1,0
10.88,312,9.57,81.5,11.8,2,1,1,2
0.62,21,12.9,111.4,11.2,2,1,0,3
3.09,163,5.44,38.5,12.5,0,3,1,0
4.64,146,5.52,92.6,9.7,1,3,0,1
5.86,50,10.01,98.1,9.9,2,2,1,3
16.46,216,7.13,60.6,22.9,0,1,1,2
7.01,549,7.84,93.8,12.2,0,3,1,3
16.54,592,10.18,80.0,14.8,1,1,0,3
12.6,105,10.3,77.4,18.4,0,2,1,2
9.06,607,7.7,75.1,14.1,0,1,1,3
10.92,303,3.85,94.0,22.1,2,2,1,3
2.26,74,3.37,80.3,20.2,2,0,1,0
8.84,98,12.54,106.9,11.7,1,1,1,4
1.34,69,7.17,76.0,11.0,0,1,1,1
10.94,658,10.85,65.5,15.9,0,2,0,3
17.15,160,5.91,58.1,14.4,1,2,1,1
15.57,495,3.89,59.1,19.9,1,0,1,1
6.91,624,3.87,82.9,10.2,1,3,0,1
0.74,189,11.58,86.2,19.8,0,2,1,3
6.26,574,12.85,65.0,20.8,1,2,1,2
13.78,534,6.03,95.4,18.3,2,3,1,4
9.08,417,4.28,83.4,4.1,0,3,1,1
10.45,475,2.56,66.6,13.5,2,2,1,2
16.9,92,11.09,78.5,14.9,2,2,1,3
6.43,288,0.88,92.3,15.3,1,2,1,1
13.1,510,5.25,68.6,10.8,1,2,1,1
4.32,428,2.26,95.7,5.0,1,3,0,2
2.22,618,9.02,44.5,11.8,0,1,1,1
10.92,693,6.16,87.6,9.4,0,2,1,3
17.68,703,9.91,91.1,8.7,1,2,0,4
13.54,195,14.0,42.9,14.2,2,1,1,2
2.02,568,7.5,40.6,22.5,2,2,0,1
3.54,150,6.66,56.2,9.9,0,3,1,0
9.17,349,2.96,66.4,18.8,1,3,1,1
17.27,137,7.45,74.1,20.9,1,1,0,2
14.8,392,0.57,97.1,12.1,1,0,1,2
15.51,73,8.45,64.2,22.9,0,0,1,2
2.93,443,7.25,51.9,13.9,2,3,1,2
7.0,633,9.43,54.2,4.9,2,1,1,1
3.98,490,4.88,66.2,13.2,0,1,0,0
2.46,109,2.04,59.4,7.5,1,1,0,0
15.5,70,2.58,79.2,20.4,0,3,0,2
12.94,583,8.06,98.1,22.5,1,0,0,4
14.65,173,10.13,54.7,14.2,1,3,1,2
7.42,221,12.34,77.8,20.1,2,0,0,2
1.16,72,7.25,75.1,15.3,2,2,1,0
4.58,643,1.84,73.1,12.1,1,0,0,0
16.63,593,6.46,67.4,8.5,2,3,1,2
2.61,712,14.0,97.6,8.5,0,0,0,4
15.03,526,7.84,55.8,8.2,2,3,1,2
15.38,392,7.38,83.5,18.8,1,1,1,3
15.78,44,13.18,58.1,20.1,1,3,0,2
4.9,57,1.3,41.7,15.7,0,0,1,0
8.46,621,11.58,77.4,14.8,0,3,0,2
14.3,163,7.84,45.1,11.2,1,1,1,1
12.37,628,7.9,61.9,17.8,0,2,1,3
0.65,32,3.79,70.2,5.7,0,1,0,0
2.27,297,5.07,41.7,13.5,2,2,1,0
11.1,257,12.51,95.5,16.4,1,2,0,4
7.67,238,3.91,77.0,15.9,1,2,1,1
15.18,362,10.32,94.3,11.0,2,2,0,4
5.49,362,13.63,48.7,12.9,0,3,1,2
17.01,320,5.78,49.9,22.3,0,1,0,2
13.52,709,13.91,109.5,7.3,0,1,1,4
15.14,451,1.69,77.3,5.7,0,3,0,1
3.55,349,11.81,78.9,20.5,0,2,1,3
9.34,280,13.09,91.3,14.2,2,2,1,4
5.03,706,9.11,74.1,19.4,0,2,0,2
17.73,296,8.97,73.9,21.1,0,3,1,3
11.34,593,6.43,98.5,19.1,1,2,0,4
10.27,549,7.55,101.2,14.3,2,2,0,4
17.51,290,11.09,89.3,11.9,1,1,1,3
11.99,145,13.25,73.3,4.1,0,1,0,1
7.23,275,5.15,87.1,8.3,0,1,0,0
11.76,575,12.5,58.5,10.3,2,1,0,3
2.17,376,5.63,73.2,4.4,1,0,1,0
17.22,462,5.46,45.1,13.4,0,1,1,2
5.35,606,9.39,111.6,22.8,2,0,1,4
13.89,695,12.3,59.5,20.0,0,2,1,3
16.09,135,5.3,41.5,18.6,1,0,1,0
11.72,607,1.08,58.9,16.1,0,1,1,1
13.13,361,2.43,72.9,16.1,2,2,1,2
16.01,32,10.51,83.6,10.5,0,1,0,3
9.11,76,2.17,62.4,20.2,2,1,1,0
0.65,422,13.37,71.4,9.1,0,1,0,1
2.46,648,7.25,101.5,13.6,0,2,1,2
17.1,450,6.82,103.8,15.4,0,1,1,3
7.62,556,5.93,39.9,10.6,1,2,1,0
12.71,45,2.25,68.1,8.8,2,0,1,0
7.6,695,13.19,69.7,5.9,0,1,0,2
15.97,576,6.56,54.4,4.9,2,1,0,2
9.31,568,8.53,50.7,16.6,0,0,0,2
14.98,358,2.63,84.4,19.2,1,3,0,3
2.46,612,11.51,86.5,5.2,1,0,1,3
7.37,399,1.38,41.3,9.3,1,2,0,0
11.72,340,9.61,62.2,14.6,2,2,0,3
0.49,106,8.82,50.0,14.7,0,0,0,0
0.35,275,2.55,53.8,19.2,0,2,1,0
2.63,189,6.61,85.0,6.7,1,0,0,0
1.51,457,0.8,99.7,8.6,2,2,0,2
2.23,261,9.57,75.1,15.7,0,2,1,1
12.14,230,9.52,56.6,10.8,0,2,0,1
3.34,145,12.05,106.4,13.0,1,3,1,4
7.5,52,5.64,93.8,10.2,0,2,1,1
10.48,260,5.04,70.8,10.0,1,1,1,0
5.43,563,6.01,55.2,12.5,0,3,1,0
5.72,632,5.98,103.8,7.6,2,2,0,3
17.43,222,13.4,51.4,13.4,0,1,0,3
3.46,517,0.95,75.3,8.8,0,1,1,0
13.13,88,4.4,59.7,6.3,0,3,0,0
15.88,85,9.16,55.3,6.9,1,0,1,1
16.4,69,9.46,99.2,4.0,2,2,0,4
11.98,408,7.02,94.9,11.5,1,1,0,3
17.43,538,5.28,109.7,22.7,0,2,1,4
8.37,277,8.3,111.5,5.7,1,1,1,4
4.43,284,8.83,48.4,7.5,0,1,1,0
16.42,512,10.02,51.6,7.5,0,1,1,2
2.09,146,3.35,39.8,4.8,0,3,1,0
0.33,214,6.17,86.2,13.5,1,1,0,1
17.47,306,13.72,47.8,17.6,1,0,0,3
7.07,261,5.37,92.6,23.0,1,1,1,2
17.08,445,8.7,46.2,7.9,2,0,1,2
9.5,674,9.92,103.0,17.5,0,2,1,4
5.87,156,2.79,95.9,15.0,0,2,0,2
6.4,477,0.63,101.3,17.2,2,2,0,3
2.1,588,12.21,65.2,11.6,2,2,0,1
13.17,708,13.1,68.5,6.7,0,1,0,3
11.2,192,1.16,75.9,4.4,2,3,1,1
1.5,428,8.69,80.0,7.5,1,1,1,1
6.55,47,1.2,111.4,4.8,0,1,1,1
14.79,244,13.71,77.5,7.2,1,0,1,2
5.56,684,2.57,58.1,22.4,0,1,0,1
15.82,496,1.61,98.7,8.6,1,2,0,3
14.66,471,4.06,56.4,21.0,0,1,1,2
16.2,136,12.2,68.0,16.0,1,3,1,2
9.79,217,12.0,68.3,6.7,2,1,1,1
7.18,81,10.59,92.3,9.6,1,1,0,2
7.04,460,10.17,75.1,19.6,0,0,1,3
11.18,68,7.77,111.5,6.0,0,1,1,3
13.12,444,2.32,45.2,20.2,2,1,1,2
15.89,237,3.05,99.4,19.2,0,0,0,3
13.03,392,10.59,43.6,7.7,2,0,1,1
8.31,314,1.82,109.9,8.3,1,1,1,2
4.15,414,9.0,40.9,14.5,2,0,0,1
4.91,7,9.83,49.2,17.9,2,1,1,0
16.72,537,12.58,73.1,10.7,2,1,0,3
5.86,501,7.61,75.2,7.1,2,2,1,2
14.95,596,10.88,70.2,10.1,1,2,1,3
5.17,347,12.04,71.5,21.0,0,2,1,2
5.5,171,12.28,74.0,5.5,0,2,0,2
6.53,313,8.77,75.1,12.9,1,2,0,2
17.64,599,7.58,83.6,22.8,1,3,0,4
5.85,484,8.56,44.4,22.1,0,3,1,1
3.17,189,0.52,94.1,13.4,0,1,1,0
4.12,471,12.59,68.1,19.2,2,0,1,2
10.61,662,6.73,60.0,20.7,2,3,1,3
13.51,148,11.68,44.6,20.6,0,0,1,1
17.04,36,2.11,77.0,16.0,1,0,1,0
10.71,517,12.08,80.0,10.9,0,1,0,3
4.98,553,11.6,94.0,12.4,2,0,1,3
4.21,402,13.85,72.8,8.1,2,2,1,2
12.44,131,9.23,66.6,14.2,0,0,1,1
2.48,672,4.09,82.7,8.2,2,0,1,1
12.7,682,10.83,84.0,6.0,2,1,1,3
1.96,260,12.22,101.9,8.1,2,0,0,4
1.03,137,0.73,55.4,11.8,1,1,0,0
3.03,256,13.95,65.0,8.3,1,3,0,1
17.3,164,9.82,94.1,22.0,2,2,1,4
4.44,440,3.6,62.2,20.7,0,0,1,0
7.12,519,12.36,101.0,12.1,1,0,0,4
0.6,517,0.61,45.7,22.7,2,0,1,1
5.62,27,4.84,46.3,7.5,2,3,1,0
10.0,107,12.64,101.3,16.5,0,3,0,4
14.37,496,11.67,79.0,19.6,0,0,1,3
0.53,162,13.36,106.3,17.7,0,3,1,4
9.05,573,3.97,47.7,7.2,0,1,1,0
0.66,636,5.86,100.7,20.0,2,1,1,3
15.21,592,11.24,99.2,22.2,0,1,1,4
1.85,319,12.93,40.4,6.5,2,0,0,1
13.01,211,7.25,62.6,8.9,0,1,1,0
4.82,589,10.69,108.0,22.3,2,2,1,4
16.13,172,2.48,49.7,21.5,1,2,0,1
7.75,138,6.73,99.0,22.2,0,2,1,3
4.87,561,3.75,89.0,13.9,0,0,1,2
14.87,152,10.45,49.4,18.6,2,0,1,2
8.75,33,3.42,51.3,21.4,0,2,1,0
10.38,206,4.89,106.9,10.8,0,2,1,3
17.62,158,9.04,64.8,15.1,1,0,1,1
2.52,543,9.35,60.6,22.7,0,3,1,1
17.91,201,6.91,56.0,19.6,0,2,0,2
2.07,575,5.88,108.5,8.2,0,1,1,2
2.17,246,7.25,103.9,17.8,2,0,0,3
12.38,64,11.0,87.3,14.9,1,0,1,2
3.92,567,2.48,44.7,17.9,1,0,1,0
1.01,10,10.77,46.9,13.5,2,2,1,0
17.61,693,5.36,79.1,18.3,1,2,1,3
8.91,245,9.37,67.6,13.4,0,3,1,1
3.89,708,2.68,59.3,21.8,0,1,1,0
14.53,297,5.1,55.7,6.2,2,3,1,1
10.85,37,6.21,94.3,21.5,0,3,0,3
17.16,300,5.36,87.0,15.0,1,1,0,2
3.52,147,2.01,66.2,9.7,0,1,1,0
15.96,605,13.25,61.2,4.3,0,1,1,2
11.86,9,13.39,100.9,13.7,2,2,0,4
17.93,170,4.56,46.2,11.6,0,0,1,0
16.01,363,8.4,45.2,12.4,1,1,0,2
6.41,577,5.86,84.6,4.3,0,3,1,1
4.96,18,5.66,53.2,19.0,2,0,1,0
2.93,485,5.17,88.1,17.3,0,0,1,2
15.9,668,7.45,54.8,8.4,1,0,1,1
4.24,142,5.88,88.3,12.2,1,2,0,2
7.24,319,6.59,51.9,11.6,0,1,0,0
2.78,206,11.68,106.8,8.5,1,2,0,4
9.44,699,4.17,103.1,21.5,0,3,1,4
5.42,45,1.95,75.2,10.9,2,1,1,0
16.01,181,1.8,63.6,6.7,0,3,1,0
1.53,19,2.29,56.5,18.8,2,2,1,0
2.11,548,2.95,75.1,9.1,0,1,1,0
15.81,611,3.49,53.6,12.0,1,0,0,2
4.91,61,2.16,75.1,19.3,1,3,1,0
1.2,586,11.63,47.9,18.9,2,0,1,2
7.77,152,3.88,86.1,11.1,0,2,1,1
7.03,339,5.72,82.5,13.0,0,2,1,1
1.28,265,2.47,103.7,4.7,0,1,1,1
5.93,545,6.76,56.1,4.7,0,3,0,0
12.99,324,1.72,70.1,12.0,2,2,1,1
9.68,72,11.72,44.6,6.6,2,1,1,0
10.52,253,6.28,81.3,15.9,0,3,1,1
10.81,346,11.32,88.0,22.2,2,3,0,4
12.16,670,7.68,85.5,17.2,2,3,1,3
17.76,520,5.16,66.0,18.0,0,3,1,2
12.26,545,2.8,64.7,4.1,2,3,1,1
15.43,298,12.08,82.1,15.1,0,0,1,3
16.17,128,0.53,71.4,18.6,1,1,1,0
13.22,653,12.14,51.3,9.9,0,2,0,3
8.69,215,7.17,94.8,14.5,0,1,1,2
4.11,85,0.64,79.6,16.1,2,0,1,0
8.4,515,13.89,75.8,9.1,2,0,1,3
15.77,43,1.2,89.7,17.2,2,1,1,2
5.96,481,1.22,76.6,12.6,1,3,1,1
10.85,615,5.24,75.7,12.4,1,2,1,3
10.12,663,4.67,67.6,17.1,2,2,1,2
14.86,621,5.65,57.6,10.9,2,2,1,2
0.45,650,5.34,64.7,21.8,1,0,1,0
17.48,43,11.23,110.3,6.3,0,2,1,4
8.34,70,6.76,95.2,13.4,0,2,0,2
13.37,446,2.52,46.3,15.8,0,1,1,2
5.06,220,10.28,54.8,22.8,0,0,1,1
0.92,310,12.74,52.3,16.5,1,1,1,1
5.04,257,12.53,42.8,9.0,1,2,1,1
7.32,605,9.45,57.3,13.5,0,0,1,2
17.54,580,7.59,45.5,10.1,2,2,1,3
6.39,533,3.71,67.3,4.0,0,1,1,0
12.06,282,11.39,63.0,8.8,0,0,0,2
0.8,8,0.59,106.3,16.4,2,1,1,2
16.05,124,12.62,51.5,15.5,0,3,1,2
7.7,205,5.66,89.1,7.4,1,3,1,1
11.47,149,11.71,78.8,11.5,0,3,0,2
3.07,290,3.22,62.1,17.6,1,3,0,0
8.51,483,11.81,105.1,15.5,1,1,0,4
16.27,451,11.9,48.9,17.6,1,3,1,3
2.42,137,10.49,50.5,21.4,0,3,1,1
13.04,430,13.98,98.2,5.4,2,1,1,4
6.77,712,13.69,96.6,19.6,2,0,1,4
16.92,579,7.12,111.4,13.8,2,0,1,4
3.45,80,1.19,47.0,22.9,1,1,1,0
5.6,643,1.4,65.0,5.3,0,0,1,0
4.1,124,6.48,79.3,19.1,0,2,0,1
17.78,144,7.09,81.7,18.2,2,1,0,3
17.3,93,12.28,70.4,5.3,0,0,1,0
2.85,663,11.93,63.7,17.9,0,1,1,1
16.32,344,13.75,74.9,18.4,2,1,1,3
7.25,342,12.99,58.0,21.6,1,1,1,2
8.28,634,6.9,85.9,18.5,0,1,1,2
17.91,279,5.33,60.2,4.9,1,2,0,0
8.58,116,7.65,98.7,10.3,1,1,0,2
16.46,554,4.95,57.9,20.2,1,3,1,2
0.76,450,11.7,62.0,4.6,1,0,0,0
8.62,570,4.24,63.9,4.3,0,3,0,0
1.75,25,4.55,66.3,18.4,1,1,1,0
16.16,713,5.55,81.3,10.0,0,2,0,3
2.6,89,1.74,75.2,11.7,2,3,1,0
5.5,335,1.29,75.0,12.9,1,1,0,1
6.84,589,0.68,86.9,14.0,0,2,1,2
2.41,310,2.43,70.4,18.0,2,1,1,1
14.29,264,7.06,84.2,7.4,0,1,1,2
8.88,330,4.79,61.8,17.1,1,0,1,1
15.22,184,9.31,67.7,22.1,1,1,0,1
1.57,624,4.97,41.6,5.8,0,1,0,0
15.14,688,4.96,96.0,10.2,1,3,1,3
11.75,229,9.86,73.2,20.8,0,2,1,2
15.43,453,12.81,73.4,22.8,0,0,1,3
15.16,237,1.18,75.8,11.3,1,2,1,1
9.44,280,10.95,79.5,12.7,1,2,0,2
4.42,449,11.59,48.2,22.8,0,1,1,1
3.93,504,6.3,47.4,17.1,2,1,0,1
9.74,299,7.25,95.9,18.4,0,1,0,2
17.86,519,9.78,81.9,20.1,0,1,1,3
7.58,229,0.69,91.7,18.2,2,0,0,2
2.92,531,7.23,94.4,18.5,0,3,1,2
15.6,568,10.54,47.1,8.1,0,1,1,2
16.92,594,13.01,40.9,16.2,0,0,1,3
8.45,420,4.93,65.3,22.6,1,2,1,2
9.98,341,3.3,91.6,21.8,0,1,1,2
0.56,426,2.7,44.0,8.9,1,2,1,0
13.92,542,12.4,94.8,17.5,0,3,1,4
11.66,263,2.45,38.2,4.9,1,1,1,0
17.54,238,11.64,94.4,9.7,2,2,1,4
13.7,394,13.83,93.4,7.1,1,2,0,4
11.43,315,13.22,107.4,5.3,0,0,1,4
7.96,670,1.95,79.1,8.3,1,0,0,1
13.01,249,6.36,59.9,16.6,2,1,1,1
13.57,16,3.79,101.1,15.0,0,3,1,3
7.23,474,11.03,63.1,13.5,0,2,1,3
2.54,649,1.31,66.5,6.4,0,3,1,0
16.3,6,5.14,99.5,20.2,1,0,0,3
14.33,75,4.21,80.7,7.7,1,0,1,1
10.88,5,0.55,49.1,4.6,2,2,1,0
8.01,555,10.15,43.7,19.3,0,1,0,2
10.96,129,8.31,75.1,17.6,1,1,1,1
17.24,710,2.47,72.6,6.1,2,0,0,2
5.76,69,1.68,53.0,8.6,0,1,1,0
10.77,18,9.07,75.1,16.1,0,3,1,2
9.58,550,0.74,47.2,19.3,0,1,1,1
16.41,70,2.29,75.1,14.1,1,3,1,3
6.45,593,8.88,68.2,20.3,1,1,0,1
2.91,531,11.29,78.7,22.7,1,3,0,2
10.24,372,1.68,59.6,22.9,2,1,1,1
14.95,558,0.75,87.3,15.7,1,1,1,3
16.82,88,13.8,98.2,8.3,2,1,1,3
5.95,201,6.75,71.3,7.6,1,1,1,0
8.86,312,4.87,73.7,15.0,0,2,1,1
0.9,360,4.88,93.6,10.5,1,2,0,2
6.74,415,12.75,65.1,13.5,0,1,1,1
17.83,673,0.54,50.6,21.1,2,1,1,2
1.28,669,3.01,76.6,20.4,1,1,1,1
16.44,620,13.39,77.4,7.0,0,1,0,3
17.06,409,6.2,80.7,22.2,1,2,0,3
15.4,661,9.91,74.4,7.4,1,2,1,3
5.35,385,6.41,61.0,20.4,1,2,0,1
17.74,696,9.62,87.2,9.9,0,1,0,4
12.12,132,9.86,55.9,14.3,1,3,0,1
9.37,235,13.42,75.3,7.1,0,0,1,1
4.72,149,13.19,109.7,12.2,2,1,1,4
2.51,627,11.55,77.9,17.5,0,2,1,3
4.04,427,1.95,111.9,12.9,1,0,0,3
17.34,174,10.32,79.4,17.8,1,2,1,3
0.82,214,1.93,101.8,18.7,1,1,0,2
0.91,119,1.38,79.9,20.7,1,1,1,0
9.69,104,11.86,74.1,10.9,0,2,1,2
17.26,343,5.52,51.2,22.4,2,2,1,2
15.59,118,4.14,87.9,15.0,2,2,1,2
11.18,229,12.19,76.8,19.7,2,0,1,2
11.33,645,2.7,65.6,18.9,2,1,0,2
8.18,162,5.91,106.4,8.0,1,2,1,3
17.3,544,6.19,49.2,17.0,0,3,1,2
8.68,592,3.09,69.3,18.0,0,1,1,1
2.12,404,8.64,94.9,18.5,0,0,0,3
8.59,66,2.21,57.8,13.6,0,2,0,0
15.36,647,4.49,93.7,16.0,1,0,1,3
15.45,277,6.28,56.9,21.6,1,3,1,1
3.74,672,1.52,48.7,8.3,0,1,1,0
10.53,96,4.02,56.8,12.7,1,0,1,0
10.75,324,9.5,41.8,18.3,2,1,1,2
10.25,321,9.88,111.5,11.3,0,1,1,4
9.52,368,13.4,105.5,20.5,2,1,1,4
14.26,547,5.21,102.4,6.1,1,1,1,2
16.52,176,4.0,102.0,19.8,2,2,1,3
10.46,153,4.02,54.4,19.7,2,1,0,1
2.77,325,12.13,80.9,20.8,0,0,0,2
15.41,442,8.42,83.7,15.1,2,2,1,4
8.78,112,5.77,65.7,16.0,0,1,1,0
1.95,15,10.5,75.1,4.1,0,3,1,2
0.74,441,12.26,47.5,17.4,0,3,1,1
14.61,402,8.78,87.7,12.4,2,2,1,3
5.51,354,5.29,83.5,19.6,1,3,0,2
8.12,605,5.31,97.7,7.8,1,3,1,3
5.86,327,7.86,68.6,8.6,1,0,0,1
0.35,629,6.61,89.4,11.2,0,1,1,1
4.57,358,0.54,40.0,12.7,1,3,0,0
13.66,221,1.8,86.9,19.5,2,1,1,2
16.71,364,4.79,73.0,11.0,0,0,0,1
13.98,445,6.94,72.7,7.5,0,0,0,1
5.48,325,9.0,63.6,11.6,1,3,1,1
17.39,301,12.09,86.9,21.1,1,1,1,4
12.91,249,10.62,94.4,19.9,2,1,0,4
8.3,261,1.45,70.9,10.4,0,3,1,0
9.9,283,10.68,81.5,17.0,2,1,0,2
11.71,36,7.11,79.2,15.6,0,1,1,1
15.31,319,6.37,91.7,8.2,1,1,1,2
15.29,177,9.18,63.6,22.1,1,2,1,2
5.81,693,9.75,57.4,13.7,1,0,1,1
11.08,370,3.55,76.1,15.0,1,3,0,2
13.14,430,13.68,45.8,6.1,2,3,0,2
17.5,385,8.9,90.6,4.7,1,3,0,3
9.3,332,1.47,92.5,9.3,0,1,0,2
14.07,642,11.76,75.1,18.5,1,2,0,3
15.68,624,9.32,77.6,8.0,1,3,1,3
17.49,35,5.38,94.6,13.9,1,0,0,2
15.47,514,2.96,104.2,19.9,0,0,1,3
3.08,434,4.23,75.4,18.6,0,0,1,1
11.64,176,4.88,65.7,9.3,1,1,1,0
10.68,146,12.88,56.5,14.8,2,2,1,2
7.62,10,0.73,64.6,20.7,2,1,0,0
0.37,161,2.21,76.7,22.7,0,1,0,0
15.89,645,7.27,83.9,17.8,1,1,1,3
2.08,265,6.5,82.0,6.5,1,3,1,0
14.73,48,6.55,78.4,10.7,0,2,1,2
4.06,260,1.88,41.7,9.0,1,0,0,0
13.6,48,1.63,103.3,14.6,0,1,0,2
12.94,229,6.93,102.9,18.0,0,2,0,3
4.18,67,4.96,92.8,5.8,2,1,0,1
14.04,666,13.56,71.2,12.8,1,3,1,3
15.9,151,12.19,40.1,6.1,1,2,1,2
9.85,122,3.07,63.2,17.9,2,2,1,0
3.35,627,6.43,94.8,7.2,2,3,1,2
8.05,104,2.14,93.7,5.8,0,1,1,1
3.59,490,12.84,106.3,20.5,1,2,1,4
2.45,142,2.42,81.1,17.6,2,0,1,1
15.37,374,6.2,51.9,7.7,2,0,1,1
5.92,356,1.71,76.4,13.5,2,0,0,1
14.45,684,5.95,53.8,11.3,0,2,0,2
13.97,484,10.09,43.1,15.0,2,2,1,2
1.98,327,5.6,70.2,20.8,0,1,1,0
12.24,376,4.37,72.0,17.7,0,1,1,1
1.08,361,1.69,93.9,4.9,1,2,1,1
15.58,564,7.49,108.6,7.4,0,3,0,4
6.93,150,13.44,41.9,22.5,0,0,1,1
15.04,494,10.36,61.7,4.0,0,0,1,1
10.0,453,3.41,105.5,16.1,1,2,0,4
1.66,143,12.63,87.9,6.1,0,2,0,3
17.94,309,13.08,86.6,6.7,2,3,1,4
1.97,533,5.41,54.3,20.4,1,0,1,0
2.08,57,2.51,104.9,16.9,1,2,0,3
11.3,278,11.84,82.9,14.9,0,2,1,3
16.63,447,12.66,60.6,13.4,0,1,1,3
4.46,606,12.47,97.5,7.0,1,0,1,3
3.38,462,5.85,62.7,12.5,1,1,0,0
12.02,429,5.7,98.3,8.8,1,1,1,2
8.55,593,3.89,85.0,17.0,1,1,0,2
5.8,579,4.72,100.5,19.1,1,1,0,2
12.96,613,11.4,91.1,22.6,2,1,0,4
4.11,358,6.14,55.0,22.9,0,1,1,0
16.02,192,3.85,52.7,10.0,0,2,0,1
11.27,695,7.25,44.1,9.7,0,3,0,2
10.66,494,13.4,73.0,20.8,0,2,1,3
10.79,359,4.2,48.4,19.3,1,3,0,1
12.11,24,3.19,104.8,13.4,1,0,1,3
5.14,424,12.47,72.8,18.4,1,2,0,3
4.92,335,12.94,106.3,15.5,0,1,1,4
2.47,336,8.41,69.0,4.5,1,1,1,0
11.68,616,7.04,63.4,17.1,2,1,0,3
3.02,6,4.37,104.0,14.8,1,2,1,2
15.75,684,13.49,66.6,8.0,0,3,1,3
13.42,151,7.25,77.3,10.1,0,0,1,2
12.9,28,10.93,48.8,15.7,0,1,0,1
6.0,153,13.64,81.2,10.2,0,0,1,1
10.17,546,13.49,85.5,13.5,1,0,0,3
9.78,98,2.11,77.9,18.0,0,1,1,0
8.19,213,7.59,108.3,10.9,0,1,1,3
17.84,395,4.59,80.9,11.0,0,3,1,2
10.93,155,7.77,76.7,17.0,1,1,1,1
15.01,606,13.86,106.1,5.7,2,1,1,4
10.97,124,7.76,47.6,18.1,2,0,1,1
7.47,451,7.36,85.3,18.2,0,1,1,2
4.14,108,0.77,62.6,4.3,2,1,1,0
0.53,328,7.48,42.2,19.4,2,1,0,1
7.08,382,13.03,94.2,20.7,0,1,1,4
12.45,155,11.53,42.9,7.7,0,1,0,1
15.43,115,11.64,107.6,12.1,1,1,1,4
10.25,8,6.87,57.0,21.9,0,3,1,1
6.99,40,11.68,74.1,13.5,0,0,1,0
12.07,107,12.46,81.4,14.2,2,1,1,2
9.09,154,9.79,38.4,20.0,0,1,1,1
9.99,390,8.76,96.0,18.4,2,1,1,4
2.69,170,8.62,69.3,5.1,0,2,1,1
9.77,276,5.69,84.3,10.4,0,0,1,0
9.27,502,1.42,69.1,18.4,2,1,1,0
11.94,219,5.38,59.5,4.8,0,1,1,0
4.43,90,1.26,104.3,9.8,2,2,0,2
6.01,708,4.91,38.8,17.1,0,1,1,1
2.14,475,2.73,74.1,9.4,0,1,0,0
2.87,522,4.09,69.9,15.1,0,0,1,1
13.17,690,10.95,87.2,13.6,0,2,1,4
1.96,158,13.75,94.9,13.8,0,1,0,3
0.46,44,1.05,38.1,21.8,2,1,1,0
1.72,26,6.13,67.0,17.1,2,1,0,0
6.49,453,9.2,75.1,17.2,1,3,1,3
16.69,168,1.91,66.8,12.5,1,3,1,0
2.36,390,5.55,94.5,15.0,1,1,1,2
2.63,607,8.8,55.1,18.7,2,1,1,1
2.73,445,0.71,96.6,15.3,2,2,1,2
2.17,235,13.0,92.2,19.1,0,1,0,3
6.92,322,9.12,69.8,10.3,0,1,1,0
3.42,326,6.37,43.5,16.1,0,0,0,0
3.58,324,4.73,71.0,13.5,1,2,0,0
13.54,508,6.28,97.3,5.8,0,1,1,3
2.18,409,2.17,60.0,20.4,0,1,0,0
8.65,535,8.44,49.2,10.2,0,2,1,1
0.38,636,3.95,72.6,8.5,0,2,0,0
16.89,540,13.85,69.4,13.5,1,3,1,3
6.54,109,9.43,111.9,12.1,1,3,0,4
2.68,43,13.45,55.6,20.9,2,2,1,1
5.49,567,1.95,47.8,9.4,1,1,1,0
1.1,463,1.73,67.7,13.6,0,3,0,0
7.79,173,9.23,44.6,11.8,1,2,1,0
0.36,54,8.17,107.5,18.9,1,3,1,3
6.87,270,10.69,43.4,10.8,0,1,0,1
16.56,105,1.57,42.4,15.8,0,2,1,0
5.45,122,4.46,96.4,16.4,1,1,0,2
0.52,363,10.16,101.1,13.3,1,2,0,4
15.01,567,4.48,109.5,23.0,2,2,0,4
16.07,50,12.46,86.5,7.4,1,3,1,3
14.86,158,4.67,88.9,13.5,0,0,0,1
1.9,289,1.93,63.8,21.3,0,2,1,1
1.46,616,7.5,66.1,18.3,0,3,1,1
7.28,530,7.53,83.5,19.6,0,3,0,3
4.77,412,8.94,90.7,5.1,0,0,1,2
14.05,184,1.8,40.3,13.4,0,3,1,1
0.81,19,13.45,51.1,16.9,1,1,1,1
5.6,326,3.29,94.3,20.1,2,3,1,3
3.75,617,9.94,52.7,5.5,1,1,1,1
12.79,130,8.15,85.3,17.0,2,3,0,3
3.36,689,12.85,99.6,4.2,2,1,1,4
1.65,115,7.25,101.5,19.6,2,1,1,3
5.98,451,3.83,74.0,13.9,1,0,1,0
2.68,576,7.97,101.6,22.7,0,3,1,3
14.43,107,12.95,81.2,11.0,1,3,1,3
2.2,468,8.7,91.6,13.7,2,2,1,3
13.33,350,3.01,56.1,20.2,2,3,1,1
15.65,605,5.75,68.4,19.8,0,1,0,2
8.85,519,8.16,86.8,10.4,0,1,0,3
15.94,477,4.61,57.3,18.4,0,1,1,2
16.2,109,9.51,65.8,7.7,1,1,0,1
8.48,226,5.75,44.9,9.6,1,2,1,0
3.07,599,1.14,100.0,7.6,0,1,0,2
0.84,87,3.8,87.6,5.2,2,0,1,0
17.72,540,9.24,75.1,13.8,1,0,1,4
6.82,379,7.25,89.3,21.6,0,2,0,2
7.25,673,1.97,46.4,20.5,1,1,1,1
17.0,409,6.57,45.3,16.6,1,3,1,1
11.52,51,2.9,50.7,18.3,1,1,1,0
13.02,200,2.48,72.8,12.4,0,3,1,1
9.72,597,13.1,70.5,12.3,1,0,1,1
17.24,131,6.48,105.0,11.2,0,1,1,3
7.37,39,8.65,110.2,10.4,0,1,1,3
17.03,706,4.48,108.5,8.0,1,1,0,4
3.47,460,7.48,72.0,5.7,2,2,1,1
3.92,11,10.08,94.9,7.8,0,2,1,2
7.34,623,13.49,57.3,14.2,2,1,1,2
9.25,536,3.9,79.9,6.7,1,1,1,1
6.04,81,3.97,72.2,7.5,1,3,1,0
14.01,155,12.19,102.4,11.1,0,0,1,4
15.53,706,12.06,50.5,22.3,0,1,0,3
12.43,346,5.14,102.3,22.5,0,1,0,3
17.16,452,3.53,64.4,16.7,2,3,1,1
16.29,481,8.5,40.4,9.0,2,2,0,2
5.89,435,10.5,52.7,11.8,2,1,1,1
5.2,235,8.88,86.3,7.5,0,2,0,2
13.36,719,5.64,57.5,4.9,1,2,0,2
16.79,160,4.29,103.1,14.9,0,1,0,3
9.37,37,10.15,75.1,10.7,2,2,1,1
17.45,399,9.93,66.0,7.7,0,1,1,1
11.91,533,2.48,110.7,4.5,0,1,1,3
9.61,606,2.72,92.8,19.7,2,0,1,3
12.71,396,7.64,91.7,21.1,0,0,1,3
8.42,140,9.15,85.2,12.2,0,2,1,2
14.34,157,0.96,75.1,10.1,0,1,1,2
15.11,265,11.31,66.3,12.3,2,3,0,2
6.86,82,5.4,105.3,20.7,0,3,0,3
11.95,63,5.38,111.7,6.0,0,1,1,3
7.42,365,2.03,76.3,5.2,1,1,1,0
13.27,651,7.52,105.3,6.8,2,3,1,4
16.54,407,5.21,95.0,9.5,0,3,1,2
1.5,108,0.76,80.8,21.2,1,0,1,0
2.87,130,4.79,105.9,18.4,1,1,1,2
5.0,681,12.04,60.6,22.1,0,2,0,3
15.65,61,8.94,75.0,19.8,1,3,0,2
10.82,563,2.7,74.5,19.8,1,0,1,2
14.04,483,6.16,100.5,5.2,1,1,1,3
17.82,312,10.04,82.4,12.9,2,2,1,3
16.24,565,11.33,46.9,9.4,2,0,0,3
12.27,277,0.9,58.6,13.5,1,1,1,0
0.89,509,2.2,62.8,22.5,0,3,0,1
0.9,620,4.34,61.5,12.3,0,1,0,0
2.85,497,5.2,62.9,7.4,2,0,1,0
5.79,596,6.27,38.8,7.4,1,1,1,0
2.89,226,2.74,95.8,8.6,2,2,0,2
3.67,188,8.33,50.8,15.0,2,0,0,0
9.1,123,8.0,55.6,6.0,0,1,1,0
15.5,634,8.84,66.3,4.5,1,1,1,2
0.92,620,6.38,87.8,14.3,1,2,0,2
5.92,668,0.97,111.9,13.4,0,2,0,4
1.05,677,6.03,57.3,7.4,1,1,0,0
15.79,67,2.09,43.4,20.9,1,1,1,1
10.52,647,2.41,86.9,20.7,2,0,0,3
13.0,379,12.89,44.4,10.1,0,2,1,2
1.65,311,9.52,99.3,11.8,1,0,1,3
1.1,461,9.07,61.1,8.5,2,2,0,1
1.01,609,11.71,46.6,6.0,0,0,1,1
13.79,533,0.66,51.5,13.2,0,1,1,1
12.28,195,8.23,55.3,13.7,2,1,1,0
3.0,306,10.81,93.7,4.3,2,3,1,3
8.4,474,8.76,66.9,12.4,0,0,1,1
7.9,544,11.22,40.4,13.5,0,1,1,2
1.69,594,3.59,89.8,13.5,0,3,1,1
1.12,337,2.82,97.3,8.0,0,2,1,1
3.31,573,5.42,99.9,21.2,1,3,0,3
11.26,63,3.38,63.9,4.8,1,2,1,0
10.47,184,6.47,61.7,11.0,1,3,0,1
8.34,173,0.81,84.3,14.9,1,1,1,0
12.4,134,2.95,74.7,14.2,2,1,1,0
1.16,402,0.53,101.5,21.4,1,1,1,3
7.03,663,10.08,44.9,20.7,0,1,1,1
8.29,198,7.18,108.2,19.7,0,3,0,4
7.34,323,1.6,83.5,18.1,0,1,0,2
1.97,532,5.64,50.7,18.4,0,3,0,0
5.3,541,3.88,109.6,22.0,0,1,1,3
14.68,381,13.88,82.0,21.2,2,0,0,4
3.52,521,11.47,77.5,10.8,2,1,1,2
14.17,386,10.61,86.4,16.1,2,2,1,4
2.33,305,1.73,90.9,21.1,2,3,0,2
4.1,399,7.57,53.7,11.9,1,1,1,0
5.93,238,1.19,73.3,12.4,1,1,1,0
16.71,402,7.25,54.9,21.1,0,2,1,2
6.56,336,0.73,59.9,4.9,2,0,1,0
12.35,114,10.45,81.2,16.2,0,3,0,2
0.72,31,1.49,74.2,7.8,2,0,1,0
8.5,585,3.72,99.6,22.6,0,1,1,3
5.32,606,3.49,105.5,7.9,1,0,0,3
16.9,267,7.25,109.5,16.6,1,1,1,3
0.94,288,6.01,73.8,16.2,0,1,0,0
6.44,326,7.65,50.2,12.8,0,1,1,0
0.79,65,11.84,111.7,18.9,0,1,1,4
8.99,527,1.48,52.0,14.5,1,2,0,2
14.28,17,7.25,67.2,5.6,0,2,0,1
13.57,135,5.7,79.0,19.4,2,1,0,1
13.15,228,13.0,69.6,19.3,1,1,1,3
14.32,288,6.85,42.1,13.2,1,3,0,1
4.72,295,1.34,46.8,17.8,2,1,0,0
4.02,273,2.58,101.4,16.5,0,0,1,2
11.48,189,10.47,88.7,13.5,0,0,1,3
13.87,491,7.35,98.1,19.6,1,3,1,4
9.69,534,9.85,83.5,14.7,0,2,1,3
15.01,440,6.8,85.9,9.0,2,2,0,3
16.69,278,0.69,89.9,5.6,1,1,0,2
16.1,386,5.32,63.5,13.2,0,1,1,1
4.98,292,10.46,59.4,12.2,0,1,1,1
1.09,692,4.93,94.1,5.8,1,3,0,2
2.62,328,7.23,60.7,7.8,0,2,1,0
13.57,80,9.63,106.1,20.6,1,2,1,4
6.12,370,13.82,91.9,19.6,2,1,1,4
0.83,562,7.25,108.8,20.9,1,1,0,3
9.31,451,6.3,90.6,9.2,0,2,1,1
17.69,697,11.18,67.9,11.1,0,0,0,3
5.66,361,2.2,99.8,19.2,0,1,0,3
16.05,102,11.86,68.7,6.9,1,1,1,0
12.05,103,10.8,60.0,12.6,0,1,1,1
7.24,621,0.61,85.3,19.8,2,2,0,3
10.7,222,8.11,69.6,19.5,0,3,0,1
0.39,253,7.85,75.1,5.2,1,2,1,0
7.41,619,11.4,97.4,8.2,0,2,1,4
0.85,240,11.0,41.5,21.1,0,2,1,1
7.5,529,10.3,111.1,11.7,0,3,1,4
3.51,228,7.89,105.0,20.0,2,2,0,3
12.9,123,4.58,61.1,12.5,0,0,0,0
13.17,581,9.41,38.7,14.3,1,3,1,2
11.24,526,5.9,63.0,21.2,0,1,1,1
2.91,584,12.64,75.1,15.1,0,1,1,4
17.43,217,1.12,83.7,20.7,2,1,1,2
4.93,426,7.64,61.0,22.9,0,3,0,1
9.73,53,8.28,51.1,6.8,2,3,1,0
12.36,91,5.62,88.5,15.8,0,1,1,1
14.71,528,9.25,110.0,18.9,0,1,1,4
9.36,178,13.82,38.4,16.6,2,3,1,2
2.29,184,6.37,58.0,7.2,1,2,0,0
5.12,289,8.21,87.5,10.7,0,0,1,2
16.02,226,3.97,89.6,18.7,1,1,1,2
0.73,155,8.36,48.4,16.4,2,1,1,0
8.39,321,5.03,60.8,12.3,2,1,1,0
0.88,367,6.97,86.3,15.7,1,0,1,1
12.56,35,4.11,90.5,22.8,1,1,1,2
8.93,651,10.75,85.5,8.8,1,1,1,3
9.16,136,7.21,66.3,14.2,1,1,1,0
5.41,278,5.51,71.5,17.0,0,3,1,1
4.16,495,13.69,93.2,15.4,2,2,1,4
1.97,242,8.23,88.7,5.7,0,0,0,2
12.53,667,7.84,49.5,18.1,2,1,1,2
4.73,430,7.51,53.2,4.6,0,1,1,0
14.64,452,4.04,77.4,13.5,0,0,1,2
4.2,200,11.37,65.3,14.5,0,1,0,0
3.55,637,0.67,92.6,8.8,2,0,1,1
8.17,389,9.01,85.8,13.7,1,3,1,3
2.53,652,2.97,71.4,12.1,2,1,0,1
3.55,689,12.63,74.1,19.0,1,0,1,2
15.14,557,13.63,85.0,5.7,2,1,1,4
7.13,163,11.68,63.4,20.1,1,1,0,1
15.42,663,8.27,84.9,5.7,0,0,1,3
8.84,232,13.75,66.4,15.1,1,3,1,2
16.3,166,11.96,74.1,4.3,1,2,0,2
7.7,365,13.79,93.2,13.8,0,2,0,4
3.72,170,9.78,78.8,10.4,0,2,0,1
1.8,306,0.9,109.3,13.0,2,1,1,2
16.68,70,9.32,51.7,11.1,1,3,1,1
3.96,150,13.14,110.7,18.2,0,2,1,4
13.61,385,8.35,71.7,15.7,2,1,1,1
4.8,136,9.1,52.6,14.3,2,1,1,0
2.46,110,8.04,110.5,12.6,0,1,1,3
10.83,270,3.07,89.5,13.5,2,2,0,3
10.72,231,12.3,81.4,16.8,0,0,0,3
13.87,394,10.93,59.4,20.1,2,2,1,3
13.11,134,8.54,88.7,13.6,1,0,0,3
10.03,29,7.8,109.4,9.6,0,0,1,3
13.45,449,3.02,60.9,6.2,0,1,1,1
7.96,362,8.65,43.5,7.4,1,1,1,0
2.07,346,10.64,41.0,16.9,1,1,1,0
4.15,538,6.02,97.6,4.2,0,1,1,2
3.27,307,13.58,85.3,12.9,2,3,1,3
16.76,40,7.02,65.5,13.5,1,1,1,1
0.67,311,12.73,42.3,14.2,1,3,0,1
0.61,334,12.96,43.6,10.2,0,0,1,0
5.04,630,11.72,51.9,20.8,2,0,0,2
9.17,683,1.81,101.3,16.8,2,0,1,3
2.71,83,1.46,98.5,12.8,1,3,1,2
15.86,67,8.75,41.6,20.9,0,3,0,2
14.26,368,10.77,105.0,12.2,2,3,1,4
1.78,34,0.71,46.4,19.0,0,2,1,0
8.9,415,13.63,81.0,13.5,0,2,0,3
7.97,470,11.14,58.7,13.8,0,0,1,1
8.64,508,7.87,59.8,9.9,2,0,1,1
4.98,203,3.25,49.0,17.2,0,2,1,0
14.64,75,9.43,98.1,12.7,2,3,0,4
10.19,233,12.79,47.9,11.5,1,1,1,1
8.87,628,7.25,61.3,11.3,2,1,1,0
15.83,104,11.43,95.3,22.1,0,0,1,3
15.37,694,12.35,99.9,7.3,1,0,0,4
4.2,379,2.99,58.9,7.2,1,2,1,0
4.02,91,1.29,75.1,8.5,0,2,1,0
2.45,220,11.03,57.3,19.4,2,2,0,2
1.0,624,10.21,84.5,21.3,2,1,1,3
1.86,672,1.95,80.3,22.1,2,1,0,2
3.49,450,13.14,93.6,7.1,0,2,0,3
0.48,60,0.95,85.1,16.0,1,2,1,1
8.14,148,8.59,88.2,18.1,1,1,1,2
17.88,476,9.44,66.2,17.0,0,2,1,3
16.67,101,12.52,45.5,17.7,0,1,0,2
7.36,511,7.25,64.1,16.1,0,1,0,2
9.46,398,7.67,73.3,6.4,0,0,1,0
0.53,187,9.0,41.7,21.0,0,3,0,1
4.45,520,8.58,97.7,21.2,1,2,1,3
12.14,83,11.62,57.9,13.0,1,1,1,1
2.45,217,10.21,60.5,18.8,0,1,0,0
17.01,557,5.13,41.5,22.9,1,3,1,2
3.06,227,7.17,45.1,22.3,1,1,1,0
14.62,565,4.95,70.1,9.0,2,2,0,1
7.22,117,5.67,62.4,7.2,0,1,0,0
9.8,427,13.29,42.1,11.4,1,1,0,2
10.13,681,12.45,53.4,22.7,1,1,0,3
9.45,186,11.03,108.3,13.5,0,0,1,4
15.43,402,12.34,44.7,6.6,0,1,0,2
7.98,704,12.62,97.2,8.0,0,1,0,4
7.79,263,8.02,78.9,18.1,1,1,1,2
17.38,693,10.27,59.9,22.0,1,1,1,3
5.19,188,12.52,47.9,20.9,1,3,0,2
8.36,309,7.25,101.8,17.1,0,2,1,3
4.26,593,10.13,47.9,4.2,2,0,1,1
1.21,509,1.96,77.2,22.3,0,1,1,0
5.16,640,11.22,86.3,16.6,0,3,1,3
6.16,447,3.61,63.2,8.4,0,1,0,0
9.64,274,2.63,59.5,21.2,0,3,1,0
1.5,506,9.32,96.4,15.8,2,3,0,4
7.8,198,5.82,61.8,8.0,0,3,0,0
5.4,17,11.41,58.4,19.5,2,3,1,1
5.5,715,2.16,44.8,14.5,1,1,0,0
14.91,49,12.38,101.1,15.4,2,1,0,4
2.92,692,10.59,106.0,16.4,0,2,1,4
12.66,602,10.58,50.3,9.5,2,2,1,3
2.89,277,8.88,107.4,14.1,1,3,0,4
17.53,30,7.25,63.6,8.0,1,1,1,0
11.71,89,10.49,76.1,10.6,0,1,0,1
1.71,145,7.23,75.1,20.0,0,3,1,3
16.68,345,0.5,49.0,6.4,0,1,1,0
7.72,596,4.27,100.3,20.6,2,1,1,3
0.88,588,13.82,60.7,14.6,1,2,0,3
12.01,522,5.5,106.5,12.4,0,1,1,4
12.3,40,3.53,67.4,12.3,0,0,1,0
10.59,652,13.95,41.0,17.3,0,1,1,3
3.63,144,4.49,55.7,14.2,1,3,0,0
0.84,329,2.49,75.1,21.8,0,0,1,0
14.94,326,10.18,94.9,21.2,1,0,0,4
17.0,570,6.29,67.0,12.6,1,1,1,2
12.48,643,3.19,85.2,12.5,1,0,0,2
5.08,184,2.03,84.9,8.8,2,1,0,1
13.64,350,3.02,107.8,13.4,0,0,1,3
17.82,286,8.73,63.7,12.0,0,1,1,1
6.19,294,9.98,50.1,21.8,0,0,1,1
6.35,402,7.73,74.1,12.2,2,2,0,2
15.58,69,5.16,82.9,19.9,1,3,1,2
8.03,683,10.28,55.6,7.0,0,0,0,1
10.73,54,7.25,108.8,5.3,0,2,1,4
13.37,711,12.96,106.8,12.7,2,0,1,4
14.4,480,3.64,97.5,13.5,0,2,0,3
16.3,56,13.97,39.9,13.2,1,1,1,1
3.48,656,8.21,86.3,16.0,2,0,1,3
5.18,355,8.27,102.0,4.1,0,1,1,3
16.03,344,8.17,87.7,4.2,0,1,0,3
17.7,487,13.52,45.4,21.1,1,1,1,3
6.65,214,13.26,39.3,17.8,0,2,0,2
2.44,663,7.43,86.9,21.7,0,1,1,2
7.93,8,12.79,105.5,15.5,0,2,1,4
15.89,46,7.11,97.4,5.1,0,0,1,1
2.51,330,2.22,107.8,17.3,0,2,0,3
3.07,279,3.28,68.3,21.4,0,2,1,1
7.96,656,7.25,62.2,8.0,1,0,0,0
0.32,563,7.25,48.8,11.8,2,0,0,0
12.05,296,10.65,96.2,15.0,2,2,0,4
9.04,7,2.94,69.3,4.7,1,1,1,0
5.52,108,10.23,57.8,8.5,0,2,1,0
13.24,219,1.81,48.2,21.0,2,2,1,1
4.59,342,5.0,53.2,17.8,2,1,0,0
17.4,642,11.64,101.9,6.7,1,1,1,4
10.94,697,8.49,49.7,21.0,2,0,1,2
17.04,29,3.33,49.6,17.5,1,1,0,1
8.34,260,6.29,103.6,9.9,1,0,1,2
14.26,706,12.75,105.4,20.4,0,1,0,4
3.75,236,4.68,46.8,12.9,2,1,1,0
13.09,49,9.82,108.5,6.6,1,1,1,4
9.68,80,7.9,75.1,16.6,1,1,1,1
14.49,462,5.54,50.5,21.1,0,1,0,2
8.57,462,13.46,42.4,18.4,2,1,1,2
4.67,179,5.53,74.8,22.3,2,1,1,0
15.44,248,5.86,108.1,5.1,0,2,1,3
2.55,27,7.25,46.6,15.7,1,2,1,0
9.32,385,0.92,71.3,14.6,0,1,0,1
5.15,82,11.76,69.0,10.1,0,3,0,1
17.18,638,5.87,105.7,11.0,1,1,1,4
11.74,489,9.11,105.4,13.9,1,1,0,4
13.74,102,6.93,78.5,13.9,0,0,1,0
15.32,559,5.83,75.1,10.5,0,2,1,2
10.83,480,4.21,55.6,9.3,0,1,1,0
3.54,193,1.02,71.7,12.4,2,0,1,0
8.33,202,11.14,98.1,6.2,1,2,0,3
4.75,285,5.25,58.5,16.0,1,0,1,0
6.15,147,7.1,80.3,16.6,2,0,0,2
2.73,270,11.59,51.6,4.0,0,1,1,0
6.45,509,5.87,81.2,19.6,2,1,1,2
10.84,610,12.52,69.3,9.1,2,2,0,3
7.84,346,0.73,59.4,20.1,0,2,1,1
14.03,193,2.93,59.0,13.8,0,2,1,0
15.04,245,12.94,64.9,16.6,0,3,1,2
14.39,139,0.86,39.2,12.8,1,0,0,0
10.08,109,12.07,75.1,10.7,1,2,1,3
7.87,437,5.4,53.2,22.0,0,3,0,1
12.03,614,6.44,93.1,5.2,2,1,0,3
6.93,102,11.1,42.5,11.7,1,3,1,1
9.27,163,9.8,90.1,8.2,1,2,1,3
0.76,97,7.25,48.9,22.4,1,0,1,0
15.86,380,7.88,41.9,8.8,1,2,1,1
5.38,707,12.88,82.6,14.2,1,2,1,3
0.79,515,1.82,107.3,22.8,2,2,1,4
17.16,526,5.69,38.9,14.5,1,3,0,2
3.65,690,11.03,52.5,8.8,1,0,1,1
17.18,49,6.56,84.9,13.5,1,1,1,1
5.44,690,2.33,79.8,18.6,2,1,0,2
6.81,297,11.34,40.9,21.0,2,0,1,1
9.74,417,4.69,111.3,18.7,0,2,0,4
15.62,698,7.47,38.4,22.7,2,0,0,3
0.83,636,12.18,46.1,16.4,0,3,0,2
1.72,566,11.3,82.1,6.5,0,0,0,1
3.88,617,7.92,50.6,5.1,2,2,0,1
12.61,82,13.8,59.7,22.9,0,1,1,2
7.87,686,9.54,100.0,12.0,1,2,0,4
11.17,516,0.91,38.7,6.5,2,2,1,2
8.43,665,5.12,106.7,7.1,2,1,1,3
11.49,52,13.14,82.0,15.4,0,0,0,3
4.85,132,13.05,56.8,11.3,2,1,1,1
4.5,593,6.8,90.1,17.3,1,3,1,2
2.04,445,11.73,78.7,5.4,2,3,1,2
17.13,416,7.77,107.1,7.3,2,3,1,3
9.42,691,13.27,106.0,13.5,1,3,1,4
6.94,452,12.94,69.6,12.4,0,3,1,1
8.18,570,3.35,107.3,19.7,0,3,0,3
15.37,13,12.31,72.1,19.7,2,1,1,1
3.07,204,11.53,86.3,9.8,0,3,1,2
5.41,57,4.02,51.9,8.2,2,2,1,0
13.33,425,6.7,46.1,20.0,1,1,1,1
17.42,51,12.79,48.4,16.3,0,2,1,2
3.22,716,11.18,90.9,15.8,0,1,1,3
2.77,55,12.61,94.4,4.8,0,3,1,2
6.28,447,1.5,103.7,6.2,1,2,1,2
4.43,366,10.93,110.0,14.0,1,0,1,4
11.17,372,12.38,107.9,8.2,0,1,1,4
15.21,492,1.81,109.8,17.7,1,1,0,4
13.75,96,2.42,98.5,13.3,0,2,1,2
13.88,618,12.52,74.7,6.7,1,1,0,2
1.73,12,1.65,95.6,9.6,0,1,0,1
9.57,570,13.66,48.0,14.4,0,1,1,2
13.03,47,7.27,71.7,15.9,1,1,0,0
1.47,497,10.32,43.2,5.0,1,0,1,0
15.68,549,4.75,46.0,17.8,0,2,1,2
16.82,465,12.41,87.7,15.3,0,0,0,4
12.2,319,12.24,64.5,12.1,1,0,1,0
13.63,606,4.93,56.7,10.6,1,3,1,1
10.22,448,6.1,42.1,14.9,1,2,0,2
8.08,610,6.55,59.4,12.7,1,1,0,0
16.91,597,4.04,110.6,10.1,0,2,1,4
16.4,403,13.87,105.9,13.1,1,1,1,4
5.32,574,9.24,49.5,15.2,1,1,0,1
8.56,713,12.29,102.7,13.4,0,0,0,4
11.22,136,7.98,60.1,13.5,2,3,1,1
11.08,81,6.99,81.0,19.9,2,3,0,3
9.71,102,13.62,74.9,21.3,0,1,1,2
1.0,42,2.33,78.9,8.6,1,1,1,0
3.81,234,8.29,41.2,8.2,0,0,1,0
0.41,419,2.72,40.3,12.1,2,0,0,0
16.85,276,5.81,88.9,9.2,1,0,1,2
5.37,179,3.38,75.8,18.5,1,3,0,0
14.78,75,9.33,99.0,18.3,1,2,1,4
16.8,62,3.84,99.4,17.4,2,2,1,3
3.3,6,2.57,51.5,6.4,0,1,0,0
15.73,628,6.88,51.7,10.5,2,1,0,2
16.06,284,4.99,68.8,4.7,0,1,1,0
6.14,622,4.98,72.7,16.5,1,1,1,2
14.92,208,3.27,76.1,9.4,1,2,0,1
10.02,323,1.08,69.0,15.9,1,1,0,0
16.82,118,5.91,55.4,11.7,0,1,1,0
9.03,497,5.27,76.4,8.1,1,0,0,1
11.76,67,9.07,76.3,16.6,1,1,1,1
0.97,274,11.87,51.4,13.1,0,2,0,1
0.55,654,2.82,84.2,8.4,1,0,1,0
0.94,32,6.67,91.1,7.2,2,0,0,1
4.22,284,9.11,100.1,13.5,1,3,1,3
0.71,133,6.27,62.3,15.6,0,2,1,0
17.35,484,13.9,38.4,8.0,1,2,1,3
14.18,217,3.7,67.7,19.5,2,1,0,2
14.33,27,11.89,61.3,22.3,0,2,0,2
16.98,596,11.49,75.3,9.5,0,1,0,3
6.07,180,5.18,59.4,4.4,1,2,0,0
4.28,679,7.67,75.1,4.6,0,3,1,0
14.36,531,3.15,65.8,11.6,1,1,0,1
2.11,681,9.04,75.5,22.1,1,3,1,1
12.06,129,4.42,88.9,7.2,1,1,1,1
14.53,593,5.74,77.4,9.8,2,1,0,2
3.25,305,10.98,82.3,14.3,0,1,1,2
16.65,315,5.06,54.3,8.7,1,1,0,0
12.39,24,0.9,101.0,21.8,2,3,1,3
17.44,671,2.48,106.8,11.3,2,2,1,4
5.79,272,4.27,77.5,20.8,2,2,1,1
11.93,284,2.27,111.0,4.4,1,1,1,3
12.11,494,3.43,53.5,8.2,1,1,0,1
3.33,394,11.6,53.5,13.1,0,2,0,1
12.65,162,8.87,62.4,5.1,0,3,1,0
3.25,338,4.2,106.1,22.8,1,2,1,3
3.83,634,10.87,71.4,19.2,2,2,0,3
9.18,385,1.21,99.0,11.6,2,0,1,2
6.01,713,10.33,65.7,4.5,1,2,1,1
4.71,328,8.39,97.2,21.7,0,1,1,3
1.8,424,5.55,84.4,11.3,0,2,0,2
8.96,348,0.82,52.8,6.7,0,1,1,0
8.56,423,12.93,94.0,16.5,0,1,1,4
13.65,202,11.31,99.4,8.1,2,1,1,4
16.9,615,5.83,87.8,9.5,0,0,1,3
5.3,120,2.18,101.9,15.7,1,1,1,1
17.93,708,0.52,79.6,14.9,0,1,1,3
11.95,170,7.48,51.2,22.8,1,1,0,1
7.79,498,7.38,77.9,10.4,2,2,1,2
13.26,295,4.77,58.7,22.7,0,1,1,0
6.36,568,13.31,81.8,9.8,0,2,1,3
1.73,232,6.09,108.2,7.5,0,0,1,2
2.87,239,6.55,88.2,4.5,0,3,1,1
17.76,63,7.25,78.8,15.5,2,1,1,2
15.37,409,7.54,93.4,19.4,0,3,1,3
0.72,227,9.79,53.7,7.4,0,2,0,0
5.74,610,10.71,39.3,5.9,2,0,1,1
6.7,673,12.44,87.2,5.5,1,3,1,3
0.45,701,0.9,61.9,6.3,0,3,1,0
16.59,487,7.14,72.4,6.0,2,1,0,2
4.94,600,8.38,72.6,18.7,1,0,1,1
17.82,198,3.74,53.2,11.8,2,3,1,0
15.98,351,10.31,72.5,6.5,2,3,0,3
8.08,501,13.11,76.1,8.4,0,3,1,2
12.22,660,9.73,88.2,14.2,0,0,0,3
7.73,55,5.77,87.6,8.0,2,3,1,0
17.01,450,12.59,85.1,21.7,2,1,1,4
5.2,384,10.97,105.9,18.6,0,1,1,4
12.03,577,5.18,106.7,16.1,0,2,0,3
14.55,334,1.84,86.7,8.1,1,1,1,1
12.9,405,3.13,98.6,22.1,0,3,1,3
9.33,443,11.17,72.0,14.6,1,2,1,2
6.14,297,3.5,101.5,11.9,2,3,1,3
15.37,406,8.86,97.3,16.9,1,2,0,4
17.77,316,8.95,81.6,21.1,0,1,0,2
15.08,521,12.75,62.2,16.9,1,0,1,3
5.89,674,13.06,49.7,6.2,0,1,1,2
0.34,329,12.1,81.0,12.1,2,3,0,1
8.41,27,3.63,79.0,17.7,2,1,1,1
7.56,313,10.81,69.7,15.7,2,2,0,2
15.13,134,6.02,89.6,13.5,0,1,1,2
9.26,310,7.25,63.2,14.9,2,1,1,1
13.17,550,0.78,93.3,4.6,1,1,1,2
17.17,199,5.52,65.3,16.9,0,3,1,1
13.14,456,8.04,61.6,21.9,1,1,1,2
7.34,684,4.57,38.4,7.8,2,2,1,1
4.9,614,10.59,40.3,11.0,1,0,1,1
12.53,593,6.92,95.8,9.1,1,2,0,3
8.0,580,10.08,43.8,10.7,0,1,1,0
2.26,314,12.16,47.9,21.5,2,3,1,2
13.2,327,2.96,94.5,4.2,0,3,0,2
17.08,486,4.75,98.7,20.6,0,2,1,4
7.93,249,8.36,94.8,5.1,2,2,1,3
0.74,686,10.58,77.6,6.8,0,2,0,2
10.67,334,11.35,77.9,19.6,1,0,0,2
15.91,371,3.84,61.1,19.6,1,2,1,1
9.56,530,11.19,79.7,20.5,1,0,0,2
8.41,211,9.59,69.9,20.2,0,1,0,1
0.55,572,4.79,60.9,17.6,0,1,0,0
2.63,613,13.53,100.3,16.0,2,2,1,4
8.34,401,1.63,107.7,10.2,1,3,1,3
10.09,140,3.0,49.7,14.9,0,3,1,0
1.5,720,9.11,76.3,19.3,0,3,1,2
1.07,198,1.24,111.9,5.0,2,3,1,3
12.83,31,1.45,60.2,13.2,0,2,1,0
17.88,267,13.91,70.5,10.0,0,3,0,3
14.91,270,6.36,111.6,17.2,0,1,1,4
4.29,80,10.28,111.0,10.2,0,1,1,3
10.43,92,4.57,80.9,6.4,0,2,1,1
1.39,335,9.46,92.2,13.7,2,1,1,3
8.18,292,10.36,56.3,5.3,1,3,0,0
6.09,270,9.52,68.7,10.4,2,0,0,1
17.77,444,0.93,67.3,21.5,2,2,1,3
13.09,531,13.27,101.4,13.9,2,2,0,4
14.75,405,5.58,81.1,10.1,2,2,1,2
6.57,551,4.39,96.0,23.0,0,1,0,3
8.99,585,13.85,75.9,22.6,0,1,0,3
1.9,539,8.03,46.0,8.1,1,2,1,0
13.04,699,6.8,41.1,9.7,0,0,1,1
16.94,542,7.5,102.4,7.5,0,1,1,4
5.04,559,13.77,48.0,10.9,0,2,1,2
3.96,165,7.12,64.4,17.8,2,2,1,1
7.88,45,11.79,111.3,4.8,1,0,0,3
0.52,547,1.84,91.9,15.0,0,2,0,2
17.94,355,6.75,47.2,14.2,1,2,1,2
11.36,540,11.21,81.7,5.6,0,3,1,2
3.29,471,4.71,101.7,5.2,1,1,0,1
9.36,525,5.95,50.7,17.8,2,1,1,1
10.37,415,9.15,82.4,14.4,2,2,0,3
4.74,93,2.28,75.1,21.9,1,2,1,0
16.7,108,11.46,96.7,16.9,0,1,1,3
2.4,655,0.53,45.7,19.9,2,2,1,1
4.54,583,8.91,91.0,13.7,2,1,1,3
9.89,559,8.13,70.3,17.8,1,1,1,1
9.81,65,1.77,52.1,13.2,0,1,1,0
9.95,288,10.81,60.5,6.3,1,0,1,0
0.71,409,9.1,111.3,22.6,1,3,0,4
10.45,504,3.57,71.1,22.9,2,2,1,2
14.83,425,13.79,105.5,7.8,0,0,0,4
11.08,198,5.9,50.9,18.0,0,1,0,0
10.59,36,12.86,64.3,11.6,1,2,1,1
6.25,228,11.29,62.6,20.3,0,1,0,1
2.17,689,5.85,64.8,15.5,0,1,1,0
12.48,224,7.01,76.7,10.9,0,1,0,1
16.23,107,9.85,68.4,13.2,0,0,1,2
9.7,285,1.71,38.0,12.9,2,0,1,0
14.28,401,7.72,94.3,20.4,1,0,0,3
14.96,387,1.05,65.3,22.5,0,0,1,1
7.13,618,10.33,101.3,9.6,1,1,1,3
11.52,21,3.47,48.9,13.2,2,2,1,1
13.47,225,7.25,42.7,10.5,0,0,0,1
7.02,688,6.06,55.8,14.3,2,1,1,1
13.94,546,3.93,86.3,22.7,1,2,1,3
9.96,294,5.93,75.1,11.8,0,2,0,3
5.58,521,11.9,93.0,18.7,1,1,1,3
7.07,88,11.89,50.3,22.1,1,1,0,1
16.82,361,9.38,64.2,18.2,0,2,1,2
3.66,42,7.55,98.3,9.6,2,2,0,2
11.68,395,6.04,46.8,12.7,0,1,1,0
7.84,210,7.17,86.5,7.1,2,1,1,1
12.33,345,8.01,86.5,6.5,1,0,1,2
17.81,688,7.75,56.6,16.6,0,1,1,2
0.63,467,9.69,77.9,21.5,0,0,1,2
16.58,370,7.99,107.9,7.7,0,1,1,3
14.05,444,2.98,75.1,8.1,2,2,1,2
8.21,625,6.83,69.8,14.6,1,2,0,1
16.89,517,12.54,69.1,6.2,2,2,1,3
4.83,554,13.24,100.4,17.2,1,1,1,4
2.45,330,9.7,61.6,9.9,0,1,1,0
10.03,11,7.25,79.0,16.4,2,3,1,1
8.44,29,13.07,42.7,19.2,0,1,1,1
5.21,553,7.39,52.6,21.0,1,2,1,1
13.88,311,13.15,111.7,15.6,0,0,1,4
10.11,6,10.92,104.1,9.3,2,2,1,3
2.54,659,6.12,108.2,10.8,1,1,0,3
8.07,390,7.82,56.3,10.6,0,2,0,1
15.52,210,13.52,95.0,17.5,0,3,1,4
1.96,662,5.56,54.4,22.7,1,1,1,1
12.5,705,10.09,39.0,7.0,0,0,0,2
7.0,552,8.37,106.3,11.7,2,0,1,3
12.18,244,10.45,38.1,18.8,0,1,1,1
16.66,60,10.94,62.2,4.6,2,1,1,1
15.71,164,4.26,87.1,21.5,0,0,1,2
4.08,118,8.43,52.0,15.1,0,2,0,0
17.06,99,8.04,90.6,20.5,1,0,0,3
7.09,145,11.0,98.5,19.4,0,2,1,3
12.01,123,0.9,57.1,9.6,2,2,1,0
9.46,671,12.68,49.0,4.2,0,1,0,1
17.96,410,12.25,41.7,21.1,0,1,1,2
2.7,475,12.51,48.2,21.0,2,0,1,1
17.93,611,9.56,110.9,5.6,0,0,1,4
1.74,119,11.26,74.9,11.9,1,1,1,1
5.25,552,4.75,51.4,18.4,0,2,0,1
9.56,528,2.46,80.5,7.4,2,1,1,0
17.11,395,13.08,84.9,16.2,2,1,0,4
7.46,448,9.18,80.1,20.8,1,3,1,2
13.86,232,3.82,80.5,8.1,2,0,1,1
9.4,273,6.43,38.1,10.8,0,1,0,0
4.32,404,4.75,74.0,6.5,0,1,1,0
16.4,336,5.78,88.4,12.9,0,0,1,2
4.55,598,11.41,50.5,7.9,1,2,1,1
17.61,569,7.25,45.6,16.8,0,1,1,2
9.73,338,11.02,93.5,17.0,2,3,0,4
1.21,16,11.58,40.7,8.2,2,0,1,1
14.48,24,7.98,63.5,21.8,2,3,1,2
7.65,535,11.42,83.0,14.1,1,1,1,3
16.21,500,12.96,101.4,12.0,0,2,0,4
6.53,624,5.38,71.3,22.6,0,1,1,1
6.07,596,2.87,52.8,13.3,0,0,1,0
11.15,99,5.68,58.8,7.4,0,3,1,0
12.5,78,7.19,70.2,20.1,1,1,1,1
11.98,96,7.62,70.7,19.0,0,1,1,1
3.84,27,13.51,86.1,19.5,0,1,0,3
12.08,708,7.25,54.8,7.9,1,2,1,3
2.01,530,9.87,63.1,4.8,1,0,1,0
4.32,45,4.55,41.1,13.1,2,0,0,0
7.18,27,12.71,59.6,19.8,1,2,0,2
15.05,544,5.7,61.8,11.4,0,1,1,1
2.99,58,10.05,83.6,5.5,1,1,1,0
5.54,710,13.22,111.6,22.2,1,1,0,4
3.93,552,5.61,86.8,16.9,2,0,0,1
4.23,619,0.78,55.0,13.3,2,2,1,1
4.0,329,12.61,110.7,5.7,0,3,1,4
16.72,390,2.31,77.8,9.4,1,2,0,2
13.31,634,5.65,63.5,20.6,1,1,1,2
10.0,247,13.3,74.7,4.1,0,1,1,1
0.74,28,6.43,48.6,19.9,1,2,0,0
3.41,65,5.13,43.8,13.5,2,1,0,0
12.61,302,13.87,58.5,9.2,0,0,1,2
9.88,273,10.15,79.2,22.8,2,2,1,3
13.9,37,6.84,104.8,10.0,0,1,1,2
16.46,534,1.3,59.4,10.8,0,2,0,2
7.28,243,11.12,101.8,17.3,1,2,0,4
12.34,406,9.0,111.1,13.5,0,2,1,4
8.83,19,4.72,74.4,19.6,1,2,0,0
11.97,75,13.81,102.3,14.3,0,2,1,4
13.87,665,1.05,38.2,13.2,0,1,0,2
13.57,266,0.51,61.4,22.7,1,0,0,1
7.31,115,11.44,38.1,13.5,0,3,1,0
7.33,348,13.13,59.0,8.9,1,1,1,1
2.71,631,3.85,59.7,7.4,0,3,1,0
1.85,485,9.06,100.0,19.9,2,3,1,4
3.43,544,9.45,48.1,20.9,0,1,1,1
12.63,614,3.96,88.1,8.4,0,1,0,2
3.36,200,1.78,67.6,7.7,2,1,1,0
7.75,344,5.69,94.6,5.9,1,0,1,1
13.93,508,5.82,93.9,18.8,0,1,0,3
11.56,619,10.73,67.0,8.6,0,3,1,2
17.91,701,5.61,82.1,12.1,0,2,1,3
4.07,122,9.06,38.7,8.2,0,0,1,0
2.15,715,13.92,57.2,13.5,2,3,0,3
10.42,369,5.85,69.6,6.7,0,3,1,0
6.91,550,2.64,98.9,21.6,2,0,1,3
11.61,205,9.67,82.5,11.6,0,2,1,3
8.43,367,9.39,91.0,12.6,1,2,1,3
5.5,268,8.41,73.4,8.7,0,3,0,1
16.24,637,10.45,93.1,6.9,1,3,0,4
2.33,684,4.15,81.7,14.4,1,1,1,0
16.84,564,7.25,78.9,16.7,2,1,0,3
14.01,491,9.18,75.8,14.4,2,3,0,3
5.39,633,4.19,103.3,13.9,1,2,0,3
7.74,658,1.35,50.5,13.5,0,0,1,1
14.72,41,12.36,47.1,17.8,0,1,0,2
12.98,652,8.85,109.4,20.2,0,2,1,4
15.59,169,4.55,102.3,16.9,0,1,0,2
7.03,30,7.25,81.1,18.0,2,0,1,1
16.19,67,10.45,89.6,20.4,0,3,1,3
17.12,166,2.14,76.9,20.1,1,2,1,1
7.17,49,4.73,75.2,5.5,1,1,1,0
6.96,633,4.42,69.5,12.6,2,1,1,1
14.14,586,8.94,96.9,6.1,0,1,1,4
14.95,370,13.98,102.7,11.6,0,1,1,4
9.23,701,6.99,102.7,10.0,0,1,0,2
1.64,163,13.44,48.3,19.6,1,3,1,1
13.74,212,12.85,75.1,20.8,1,1,0,2
12.05,657,10.99,78.0,16.4,1,3,1,3
3.3,235,13.75,88.4,14.7,1,2,1,3
13.3,423,1.01,79.3,15.8,1,1,1,2
15.29,6,4.54,102.2,12.7,2,2,1,3
4.05,591,12.86,54.7,13.5,2,0,1,2
10.96,580,5.15,83.7,9.7,2,0,1,2
14.85,138,2.47,67.2,5.9,2,2,1,1
15.08,31,7.25,75.1,17.2,0,3,0,1
2.69,82,5.21,97.5,19.1,0,1,1,1
15.98,459,7.25,110.0,10.9,2,1,1,4
9.37,226,9.99,71.7,7.8,0,1,0,1
14.88,26,8.06,106.2,13.7,0,3,0,4
13.37,239,2.69,95.1,7.4,1,1,0,2
11.63,366,6.82,55.6,17.3,1,1,1,1
17.54,30,4.55,53.3,10.0,0,0,0,0
16.7,703,7.97,72.4,18.0,2,3,0,4
10.79,59,4.8,105.4,9.0,1,3,1,2
11.55,317,1.25,85.3,16.1,2,1,1,1
14.01,425,4.08,46.7,18.7,0,3,1,1
4.73,465,9.49,111.3,9.1,1,2,1,3
1.41,616,1.31,77.2,5.7,0,0,1,0
4.69,506,9.52,80.2,22.5,0,2,1,2
17.51,641,4.42,44.1,13.5,0,1,1,2
12.55,525,2.3,100.8,13.4,1,2,1,3
9.94,155,8.0,56.7,20.6,1,2,1,1
16.23,404,13.95,108.9,10.6,1,2,1,4
3.02,183,13.17,110.3,21.0,1,2,0,4
16.45,387,5.93,81.4,18.7,1,0,1,2
11.68,437,5.66,50.8,21.6,2,0,0,3
5.38,143,9.57,53.5,5.3,2,2,1,0
2.44,200,2.59,98.9,6.6,0,2,0,1
12.65,85,7.25,93.5,18.7,0,0,1,3
11.63,493,5.05,88.1,9.2,0,3,1,2
16.01,133,11.27,70.1,10.8,2,0,0,2
4.02,709,1.37,78.1,6.3,2,0,0,1
6.35,618,1.92,47.1,16.3,0,2,0,1
1.55,230,11.07,57.0,4.8,0,0,0,0
0.71,293,9.87,90.1,18.9,0,1,1,3
0.34,577,2.87,49.6,16.4,1,2,1,0
8.9,647,9.13,66.1,6.3,2,1,1,1
2.84,680,0.64,69.9,10.4,0,2,0,1
9.87,208,8.84,108.5,17.2,0,0,0,4
11.37,287,5.39,94.2,18.8,1,3,1,3
14.47,411,1.13,52.8,13.5,0,1,0,1
1.02,695,12.7,61.8,15.3,1,0,0,2
7.03,54,10.5,63.4,13.5,0,3,1,0
3.81,393,6.3,103.0,18.5,0,0,1,2
3.79,578,10.61,52.9,5.6,2,3,1,1
4.55,633,1.66,75.5,7.2,1,0,1,0
8.96,462,4.5,43.0,4.3,0,3,1,0
13.61,91,4.49,96.6,6.4,1,2,1,2
3.5,476,5.42,97.2,15.7,1,3,0,3
1.01,497,5.57,98.9,11.0,2,1,1,2
9.89,75,10.77,73.4,19.5,1,0,0,1
7.78,90,4.66,50.4,4.6,2,3,0,0
11.5,482,6.54,54.9,9.8,0,1,1,1
15.15,292,13.75,44.8,6.7,2,0,0,3
15.53,643,5.05,101.5,4.2,0,2,0,4
1.64,39,9.87,80.5,6.5,1,0,1,0
11.35,616,9.99,65.0,4.2,1,1,1,1
2.73,191,6.44,99.7,17.6,1,2,0,2
12.8,423,12.01,55.9,20.3,0,2,1,3
11.78,702,2.59,69.5,13.2,1,2,1,2
0.95,615,10.15,78.7,13.5,2,2,1,1
2.04,132,7.7,56.8,14.4,0,3,0,0
2.25,444,11.88,46.5,20.5,1,1,1,1
2.17,70,3.35,103.4,16.8,1,2,1,2
16.72,370,12.71,59.8,7.3,0,1,1,1
0.73,498,10.76,64.2,12.4,1,1,0,1
11.03,308,6.95,78.7,19.6,2,1,1,2
16.22,642,0.91,88.5,4.7,1,2,1,3
12.16,632,3.1,78.3,14.5,0,1,1,2
7.25,472,4.99,40.2,8.8,0,1,0,0
2.65,457,8.82,44.8,13.5,2,1,1,2
1.87,402,11.23,57.4,14.9,1,0,0,1
15.9,323,0.86,83.3,15.9,0,1,1,1
8.33,381,8.01,63.6,14.3,2,3,1,1
3.36,344,4.62,101.7,19.1,0,0,1,3
9.1,482,10.67,51.2,4.9,1,1,1,1
14.96,688,11.55,48.3,4.1,0,1,1,2
11.88,635,11.34,75.4,5.0,0,3,0,3
1.06,531,9.75,78.2,16.4,0,3,0,2
15.05,110,2.54,54.4,21.4,0,1,0,1
4.62,270,8.15,81.4,4.0,0,3,0,1
9.4,192,5.23,101.6,7.7,0,3,0,2
4.97,398,12.48,90.8,7.2,1,2,0,3
12.22,617,0.97,59.5,16.5,1,3,1,2
5.68,427,1.98,61.6,5.2,2,3,0,0
17.63,235,6.22,60.9,17.0,2,1,0,2
4.21,250,11.62,92.9,9.8,1,3,1,3
6.93,49,0.77,49.7,12.9,2,1,0,0
15.22,338,10.34,77.7,22.7,1,3,1,2
13.91,511,10.27,50.2,5.1,0,1,1,2
15.5,541,10.43,67.7,22.8,2,1,1,3
15.78,498,6.4,75.1,11.9,2,0,1,1
2.69,576,8.31,108.3,18.5,0,1,1,3
6.96,214,12.37,47.1,12.8,1,2,1,1
16.16,241,13.98,89.9,20.8,2,0,1,4
7.45,347,2.31,86.0,21.7,0,1,1,1
13.74,552,1.36,53.9,8.5,1,2,1,1
13.21,353,0.66,75.5,20.8,1,1,1,2
13.11,306,9.91,38.6,9.9,0,1,0,1
13.64,668,13.21,74.3,22.3,0,2,1,4
0.67,249,10.31,51.1,17.4,1,2,1,1
16.12,424,6.52,48.5,16.3,2,3,0,2
2.47,96,2.51,98.0,13.6,1,2,1,1
5.77,19,7.86,98.7,11.4,0,3,1,2
6.58,500,12.7,87.7,16.5,0,1,0,3
0.93,481,13.57,54.9,4.9,2,1,1,0
3.45,58,6.54,93.4,16.0,1,0,1,2
3.29,448,4.61,42.5,8.1,1,0,1,0
8.6,310,7.25,59.6,13.0,0,3,1,0
1.46,582,3.11,56.1,20.0,1,0,1,0
11.24,715,11.95,102.7,22.7,1,0,0,4
17.2,437,8.97,67.3,8.3,2,2,0,2
1.13,225,4.23,94.2,5.7,0,3,1,1
16.13,353,4.68,90.4,17.6,1,3,0,3
6.81,455,12.59,55.1,17.0,1,1,1,1
12.09,421,10.69,86.4,6.7,2,2,1,4
5.97,312,12.91,73.6,4.8,1,3,1,1
6.49,15,10.39,44.0,13.5,2,1,0,0
2.1,319,3.41,73.9,17.0,1,2,1,1
2.2,81,13.68,92.8,13.3,1,1,0,3
5.09,575,13.0,89.8,4.6,2,1,0,3
4.79,7,12.9,75.1,15.3,2,2,1,3
14.56,463,6.29,40.1,18.4,0,3,1,2
5.16,78,12.84,75.1,5.1,0,3,0,4
4.67,24,11.92,90.5,10.4,0,2,1,3
9.4,513,6.37,89.0,19.0,0,3,1,2
8.44,328,10.08,65.4,20.4,1,2,0,2
4.05,613,11.51,84.8,6.6,0,2,1,3
16.78,63,1.91,108.1,19.5,0,3,0,3
9.46,563,4.81,71.6,6.5,1,3,0,1
13.28,78,13.54,79.3,12.6,2,0,1,2
11.95,520,5.63,48.9,16.7,1,0,1,1
7.36,696,1.02,93.0,6.8,1,0,1,2
16.27,69,8.06,104.0,10.1,1,2,1,3
12.87,466,8.87,95.2,8.9,2,1,1,3
8.81,289,11.98,75.1,7.7,1,2,1,3
7.9,281,4.51,95.4,12.2,0,1,0,2
4.34,677,6.89,101.7,4.5,2,3,1,1
13.33,286,7.48,43.4,13.5,1,2,0,2
5.71,387,7.21,97.7,20.3,0,0,1,3
6.76,663,12.63,107.4,16.8,0,1,1,4
2.01,315,11.5,64.8,4.1,1,3,1,0
16.14,310,12.46,96.0,9.0,1,3,1,4
4.41,593,7.91,62.4,5.2,2,1,0,0
0.75,480,1.99,71.5,7.6,1,1,1,0
0.36,206,8.95,76.0,15.0,0,1,1,1
15.87,383,3.2,73.0,13.6,0,1,0,1
14.63,423,0.99,61.7,12.6,0,0,1,2
14.32,389,0.91,94.6,18.0,0,1,0,3
12.38,609,10.1,48.8,6.8,0,3,1,2
15.65,573,13.67,97.2,18.3,0,2,1,4
6.57,435,3.28,98.4,15.3,1,0,1,2
13.07,400,13.46,59.7,21.4,1,2,1,2
17.09,125,8.77,85.6,19.9,2,1,1,3
13.98,398,3.48,103.2,6.2,2,2,1,3
5.3,106,13.26,86.1,17.4,1,1,0,3
3.39,149,5.84,62.9,7.7,1,2,1,0
11.61,383,3.05,94.2,13.6,1,2,1,2
6.61,319,13.38,77.3,10.0,0,1,0,2
0.5,286,12.77,111.0,7.2,1,1,0,4
7.79,151,1.06,64.3,7.3,1,1,0,0
2.47,308,5.13,95.0,6.3,0,3,1,1
13.49,140,5.09,108.7,6.4,2,2,1,3
2.91,511,0.55,79.0,9.1,2,0,0,1
13.19,131,13.84,72.6,16.0,1,3,0,3
2.98,81,3.63,70.9,15.2,2,1,0,0
14.45,193,6.53,85.9,4.7,0,0,0,1
10.63,448,11.39,64.6,5.2,1,3,1,1
2.3,277,5.87,75.1,14.4,0,2,1,1
7.74,425,3.28,54.4,15.8,1,2,1,0
15.16,407,3.04,104.9,11.6,2,2,0,4
8.88,10,2.73,100.9,9.0,0,3,1,2
9.2,458,6.71,64.9,12.7,2,1,1,1
13.26,572,2.91,48.2,10.9,1,1,1,1
1.97,63,8.28,94.5,23.0,2,0,1,3
8.1,682,8.7,60.9,15.2,1,1,1,1
7.35,75,8.32,83.5,6.0,1,1,1,2
10.43,327,7.25,48.4,10.1,0,1,1,0
16.42,360,10.4,75.9,6.9,1,3,0,2
14.53,507,7.11,102.0,4.4,0,1,0,3
1.85,296,11.07,97.2,13.0,1,3,1,3
8.86,86,5.55,43.5,8.5,0,0,0,0
7.42,323,5.87,65.5,11.8,1,1,1,0
4.94,151,12.36,102.3,11.3,1,3,1,3
1.39,533,9.52,64.8,17.3,2,2,0,2
12.86,673,6.34,59.2,5.9,0,0,1,1
17.7,463,11.95,96.3,17.2,0,2,1,4
8.99,637,9.07,98.6,12.3,0,0,1,4
3.58,214,5.17,87.3,19.3,0,1,1,1
0.54,645,7.1,83.7,22.9,0,1,1,1
12.42,190,4.86,66.8,5.3,2,3,0,1
10.58,247,4.57,44.2,13.2,0,1,1,0
7.67,49,3.64,67.0,9.6,1,0,1,0
12.59,64,12.58,106.8,17.1,0,2,0,4
17.99,37,7.13,57.3,7.9,2,2,1,1
13.01,489,12.97,39.3,19.2,2,1,1,3
11.63,670,11.78,107.3,11.8,1,2,1,4
14.08,594,9.5,75.1,17.6,1,0,0,4
3.64,484,2.52,100.8,20.4,2,2,0,3
14.96,119,1.32,75.1,8.8,0,3,1,1
7.13,293,2.17,75.9,14.6,2,2,1,0
10.59,650,8.4,55.0,12.4,0,0,0,2
12.44,375,5.12,90.3,10.0,0,3,1,2
2.7,344,13.23,43.8,14.0,0,3,1,1
15.98,354,11.83,44.4,6.8,1,2,1,1
14.19,239,5.39,54.1,7.3,1,1,1,0
17.97,651,8.36,44.3,13.5,1,0,1,2
5.61,526,11.56,104.6,10.4,1,3,1,4
15.1,96,10.24,43.6,19.6,0,2,1,2
4.95,190,9.1,71.1,12.1,1,1,0,0
15.3,605,4.7,43.7,13.4,0,1,1,1
17.89,307,12.33,49.0,20.3,1,1,0,3
7.06,643,8.31,87.3,13.8,0,1,1,3
5.87,608,8.54,44.5,10.4,1,2,0,1
15.69,646,10.0,100.1,9.7,2,0,1,4
17.14,649,6.18,59.2,18.8,0,1,0,2
3.21,231,12.44,42.2,7.8,2,0,0,1
15.86,371,8.85,59.6,10.6,1,1,1,1
8.68,88,9.64,100.5,22.4,0,2,0,4
12.46,134,10.77,77.7,7.3,0,2,1,2
17.73,588,6.24,90.9,9.9,2,2,1,3
16.41,485,10.95,71.6,14.9,0,2,1,3
1.99,519,5.91,73.4,8.0,0,1,1,0
9.65,538,7.25,61.7,16.5,0,0,1,2
12.76,49,4.66,54.3,14.4,2,3,1,1
11.47,318,13.12,44.1,5.1,0,1,0,1
13.53,256,6.23,86.1,5.4,0,2,1,1
15.11,214,7.78,103.0,14.3,0,1,0,3
13.16,212,3.67,55.7,13.5,2,0,0,1
4.46,215,2.22,42.2,12.4,2,1,0,0
14.44,411,9.74,108.8,11.1,1,2,1,4
8.34,376,2.86,57.6,14.1,2,1,1,1
5.03,163,1.2,65.2,19.1,0,0,0,0
9.22,663,13.44,103.4,13.1,2,2,0,4
14.4,200,12.91,64.9,21.6,0,2,1,3
5.75,165,9.82,89.6,18.2,0,3,1,3
7.46,445,11.49,99.1,20.8,0,1,1,3
2.58,498,4.69,52.5,13.9,0,3,1,0
12.2,216,4.61,93.1,15.0,1,1,1,2
12.61,111,1.15,83.1,19.6,1,2,0,2
17.51,550,12.28,71.1,8.0,0,1,1,3
11.71,222,8.75,38.2,22.6,1,2,1,2
15.54,29,7.25,68.5,6.2,0,1,1,0
9.86,696,4.5,38.3,6.2,2,3,0,1
0.44,493,2.59,51.2,20.8,2,1,0,1
7.67,633,7.25,72.9,4.1,2,1,1,0
16.52,646,7.25,43.6,9.9,1,1,1,2
13.31,693,10.41,84.5,4.8,1,3,0,3
14.96,464,10.68,110.3,17.8,1,2,0,4
15.1,680,13.87,75.3,7.5,2,1,0,3
15.48,397,8.37,103.0,5.6,1,0,0,3
4.26,709,7.6,106.9,14.3,1,1,1,3
11.38,626,8.19,55.1,20.7,0,3,0,3
7.32,539,6.75,110.8,9.7,2,1,0,3
10.06,484,9.2,43.6,19.2,2,2,1,2
12.4,514,6.06,73.1,23.0,1,1,1,2
11.83,613,7.83,45.6,8.7,2,1,0,2
14.81,268,3.77,43.7,5.1,1,2,1,0
12.4,511,7.8,80.6,16.5,0,2,0,3
3.51,262,4.55,105.4,20.9,0,1,1,2
13.84,502,9.92,107.8,15.5,0,3,1,4
4.81,437,10.16,76.8,9.1,1,2,1,1
13.34,697,11.26,97.5,15.0,2,3,0,4
8.56,719,2.42,75.1,10.4,0,2,0,1
4.25,10,2.88,84.6,6.7,2,1,0,0
8.12,76,11.52,45.6,8.9,1,1,1,0
15.94,394,3.28,83.1,22.0,0,2,1,2
10.33,355,1.1,73.4,17.8,1,0,1,1
11.21,56,2.23,62.7,5.7,2,0,0,0
6.1,552,1.75,75.1,16.8,0,3,1,3
9.52,327,10.04,40.8,16.5,0,2,0,2
17.26,390,6.04,67.0,18.4,1,3,1,1
13.8,455,11.79,39.3,15.9,1,1,1,2
9.93,590,9.39,111.5,9.6,0,1,0,4
11.82,240,8.49,38.3,20.8,0,2,1,1
11.28,475,1.32,54.4,19.5,1,1,1,1
5.13,433,10.5,80.3,14.4,0,3,1,1
1.99,125,2.39,46.9,21.2,1,0,1,0
1.28,351,5.6,96.7,18.5,1,1,1,2
12.28,465,1.52,55.4,5.7,2,1,1,1
14.54,574,13.8,92.6,13.3,0,1,1,4
5.51,266,5.93,75.1,16.7,0,1,1,0
15.79,658,10.72,76.7,20.5,1,0,0,3
13.86,41,3.4,81.4,13.5,1,1,0,1
14.72,591,5.3,107.0,4.3,0,1,1,3
10.48,574,1.07,101.4,10.1,0,2,0,3
6.6,667,4.39,89.3,19.4,2,1,0,3
10.36,590,0.93,44.3,19.1,1,0,0,2
7.42,423,10.92,50.4,17.2,1,1,1,1
14.76,532,10.66,48.4,21.4,0,2,1,3
10.7,215,12.75,66.6,5.5,2,1,1,1
14.21,436,0.82,55.2,9.6,1,1,1,1
16.13,562,2.13,69.0,22.0,2,1,1,1
8.08,607,6.41,66.7,19.9,0,0,0,1
10.8,554,7.25,87.1,17.7,0,0,1,2
1.03,323,5.58,76.4,8.3,1,0,1,0
4.57,343,5.23,97.1,11.4,2,1,1,2
12.22,357,3.78,110.0,7.7,0,1,1,3
5.55,340,13.28,58.8,4.2,0,1,1,0
5.8,694,6.93,73.5,9.4,2,2,1,2
10.85,177,2.38,82.5,8.2,0,0,0,0
4.56,174,5.89,64.4,11.8,1,2,0,0
13.81,334,6.44,88.9,14.3,0,3,0,2
6.6,188,4.05,109.2,11.1,0,2,1,3
12.06,567,8.82,49.0,19.5,0,0,1,2
12.3,564,10.26,65.2,20.8,1,1,0,3
14.96,695,2.53,40.6,21.8,2,2,1,2
9.44,416,2.27,67.9,12.5,0,3,0,1
12.36,44,9.73,52.0,22.1,1,1,0,2
0.75,637,2.28,96.6,5.6,0,3,0,2
1.3,190,12.41,80.6,22.7,1,2,0,3
10.05,573,1.54,87.7,4.4,1,1,1,1
6.92,483,8.68,86.2,20.8,1,2,1,3
4.5,479,7.04,75.1,20.7,1,1,1,2
6.8,467,10.34,55.0,9.1,1,2,1,1
9.47,518,9.35,106.6,10.7,1,2,1,4
8.96,219,13.65,106.6,17.5,2,1,1,4
9.04,218,1.99,77.1,19.8,1,3,1,1
14.29,190,7.17,110.2,12.8,1,0,0,3
5.07,138,8.24,52.4,13.5,1,3,0,0
10.63,570,7.98,92.7,20.7,2,3,1,3
7.85,606,8.55,59.7,20.3,2,1,1,2
4.47,133,9.84,92.2,16.1,2,1,0,3
10.01,72,3.55,59.5,8.2,2,1,1,0
12.81,432,7.53,102.4,9.9,2,1,1,3
2.28,573,4.04,104.9,13.9,2,2,0,3
9.36,194,12.65,96.1,17.4,0,1,1,4
0.61,673,5.13,58.9,15.6,0,0,0,0
13.08,417,5.64,88.1,17.0,1,2,0,3
17.29,703,13.03,110.1,4.4,1,1,1,4
5.93,454,5.9,77.0,9.1,1,2,1,1
15.26,313,0.84,98.4,15.0,1,1,0,2
15.11,59,3.49,63.4,20.9,1,1,1,0
11.14,700,1.69,103.3,16.2,2,0,0,4
1.69,90,12.88,103.6,10.4,0,1,1,3
0.49,586,5.29,110.1,14.1,0,3,0,3
17.6,53,1.24,72.4,5.2,2,0,1,0
14.85,304,3.03,104.9,22.0,0,1,1,3
10.82,135,6.37,55.5,9.7,0,3,1,1
0.64,50,4.98,105.4,9.5,2,2,0,2
0.73,637,5.47,83.9,6.7,0,2,1,1
5.09,373,3.18,68.8,8.5,1,0,1,0
5.71,205,5.0,93.7,21.3,2,1,1,2
5.99,357,8.4,100.5,11.5,1,0,0,3
13.3,714,0.99,39.1,13.9,0,1,1,2
3.2,46,13.59,77.7,18.3,1,1,0,2
11.2,311,1.23,47.9,7.9,1,0,0,0
17.61,456,13.45,48.8,17.3,0,0,0,3
15.65,372,7.25,104.8,6.0,0,3,1,4
2.64,116,12.57,39.3,7.8,2,3,1,0
17.21,452,8.88,67.0,15.7,0,1,1,2
12.21,420,9.92,84.8,20.9,1,1,1,3
4.33,330,8.56,40.3,15.5,1,1,1,0
4.76,669,7.87,69.7,12.7,0,1,1,1
2.29,178,6.73,58.2,7.4,2,3,1,0
14.27,8,12.62,105.0,12.8,1,3,1,4
16.57,127,4.43,72.1,13.0,2,0,0,1
8.46,118,11.05,68.6,4.5,2,1,1,1
3.15,663,6.41,75.1,18.2,1,2,1,1
5.02,692,11.39,69.4,21.2,1,2,1,2
17.01,291,6.47,71.8,16.9,1,0,1,1
9.19,328,1.63,51.5,6.6,2,1,1,0
15.89,30,4.51,85.1,5.5,2,2,0,2
10.6,328,2.4,52.2,22.0,2,0,1,1
9.66,217,6.6,75.1,17.9,1,1,1,1
15.08,211,8.06,74.1,7.2,2,2,0,2
8.56,210,6.85,98.2,6.4,0,3,1,2
2.52,96,2.64,93.6,13.4,2,2,1,1
11.79,579,9.89,50.8,14.6,0,1,1,2
6.34,719,13.69,96.1,11.7,0,2,1,4
11.53,270,11.69,84.0,13.5,1,0,0,3
7.88,147,11.13,70.2,11.3,1,0,1,1
16.14,580,11.45,87.4,10.7,1,3,0,4
2.04,303,10.18,104.4,11.6,0,0,1,3
4.43,517,8.93,100.6,17.6,2,1,1,4
14.77,159,4.95,53.7,6.4,1,1,1,0
4.65,364,2.23,41.8,21.0,1,2,1,1
2.66,718,7.25,90.2,16.6,2,2,1,4
4.03,497,8.44,48.2,16.7,0,2,0,2
13.96,291,3.09,92.0,8.5,2,0,0,2
13.44,218,5.74,55.3,16.0,1,1,1,0
17.55,430,1.01,85.0,16.5,2,1,1,3
16.28,327,2.91,47.3,9.9,1,0,1,0
15.43,212,11.95,69.9,14.2,2,2,0,2
4.5,556,10.47,110.2,7.5,2,2,1,4
3.55,146,1.84,38.3,23.0,1,1,0,0
16.43,529,4.36,92.6,7.8,1,3,0,3
12.07,171,2.68,101.2,15.0,2,2,0,3
2.23,700,10.89,67.4,12.1,1,1,0,1
7.65,124,0.76,98.0,20.0,2,1,1,2
7.43,138,12.5,71.5,8.7,2,3,1,1
5.79,503,12.35,111.8,7.1,0,1,0,4
10.84,419,6.09,55.2,11.7,2,1,0,1
16.63,459,2.5,76.7,8.1,0,0,1,1
17.11,511,2.82,89.7,18.3,1,0,0,3
6.04,608,5.2,62.1,5.4,2,2,0,0
15.47,393,2.02,100.0,15.0,1,2,1,3
12.06,497,11.32,60.2,12.0,2,0,1,2
10.03,149,12.55,42.4,16.7,0,1,0,2
9.0,105,11.45,103.9,8.4,0,3,1,4
1.14,452,7.89,75.1,9.2,0,1,1,0
2.68,283,4.09,40.7,20.6,0,1,1,0
10.93,611,5.55,78.4,13.5,2,2,0,3
8.24,442,12.85,45.2,18.0,1,2,1,2
2.02,683,3.56,94.8,20.1,1,0,1,2
9.7,495,7.91,93.9,12.8,1,3,1,2
8.72,166,7.25,55.9,17.9,0,1,1,0
3.87,90,7.63,97.9,17.4,0,1,0,2
17.09,385,10.97,107.6,21.3,1,3,0,4
3.64,623,7.25,64.5,8.3,0,2,1,0
11.2,183,7.25,51.6,4.8,0,2,1,0
11.39,303,3.09,57.8,5.9,1,3,1,0
7.02,33,2.15,75.1,20.8,1,2,1,0
9.54,494,12.75,66.5,8.8,1,1,0,2
17.98,295,7.34,65.5,5.7,0,1,1,1
12.42,224,0.97,53.1,17.9,0,2,1,1
13.69,223,2.07,38.3,13.2,2,1,1,1
4.83,183,10.35,95.5,18.9,0,3,0,3
2.35,216,2.17,91.2,5.9,1,3,0,1
10.48,60,5.03,54.8,19.5,0,1,1,0
7.01,144,9.37,50.6,7.2,0,2,0,0
9.8,496,1.76,86.3,6.6,1,1,0,2
11.19,406,2.98,91.8,17.5,2,2,0,3
5.04,134,9.01,106.8,9.8,2,2,1,3
13.51,30,2.2,73.3,9.4,1,1,0,0
10.82,281,12.01,87.7,9.7,1,2,1,3
11.08,669,11.7,47.8,5.4,2,2,1,2
7.77,298,8.64,51.9,14.0,2,1,1,0
14.83,439,1.43,105.5,8.4,1,2,0,4
2.91,309,13.55,87.8,21.7,2,2,0,4
9.73,96,10.29,75.1,15.2,1,3,1,1
8.87,37,8.25,100.6,17.3,0,2,0,4
12.19,53,9.54,87.9,9.0,1,1,1,3
4.55,261,11.29,106.4,20.8,1,1,1,4
7.7,701,7.53,64.2,5.1,0,2,0,1
13.28,516,6.58,87.8,14.6,1,0,1,2
15.9,638,5.21,110.1,16.8,0,1,1,4
16.6,155,12.29,79.1,15.9,1,2,1,3
1.12,602,12.33,78.7,14.4,0,2,1,2
16.14,467,7.25,88.1,10.4,0,1,1,3
11.84,459,4.23,45.4,13.5,1,1,1,1
0.46,159,2.69,72.6,11.8,1,0,1,0
8.38,568,3.25,86.8,15.8,1,1,1,2
2.66,513,8.91,66.8,21.9,2,1,1,1
17.75,82,7.02,63.3,12.4,1,1,1,1
15.69,421,2.87,90.7,7.5,0,2,1,3
1.55,193,5.24,62.6,14.5,2,1,1,0
16.44,387,11.68,86.4,13.5,1,2,1,4
4.09,120,6.19,58.6,14.7,1,2,1,0
8.6,375,12.04,78.4,13.8,1,2,0,2
5.11,504,0.78,61.9,22.0,0,3,1,2
6.54,527,10.16,57.0,21.5,1,1,1,1
7.48,637,1.31,47.7,19.9,1,0,0,0
15.89,171,10.51,101.0,6.9,0,2,1,4
9.99,228,3.34,61.1,8.8,0,1,1,0
17.43,701,8.0,39.6,14.0,0,0,1,2
10.66,246,6.42,38.2,7.1,2,2,1,1
5.37,683,13.02,42.5,17.6,2,1,0,2
2.58,475,8.01,88.1,19.0,2,2,0,3
15.08,615,6.94,85.0,9.1,2,0,1,3
9.68,574,3.51,96.4,18.6,0,0,1,2
3.76,533,4.05,88.2,19.8,0,3,1,2
3.93,449,3.69,92.6,12.8,0,2,0,2
10.16,396,6.35,40.1,11.8,0,2,1,1
15.87,638,3.17,56.2,21.4,1,0,0,2
0.96,180,3.65,48.4,11.6,1,1,0,0
9.46,536,9.75,64.7,9.5,0,1,1,1
5.82,88,6.18,62.3,17.4,1,1,1,0
7.65,280,11.85,82.6,7.3,0,1,0,2
10.03,570,7.25,42.1,20.4,0,3,0,1
17.39,674,4.8,41.4,5.1,1,2,0,1
3.34,371,9.12,69.5,11.5,2,3,1,1
9.36,321,10.11,87.4,11.9,0,1,1,2
14.24,87,10.65,78.0,7.2,0,1,1,0
6.41,86,9.13,58.2,20.0,0,1,1,0
12.27,414,13.76,96.2,5.3,1,1,0,4
11.8,23,6.3,83.0,14.7,1,1,0,1
7.6,252,6.85,57.8,9.1,1,2,1,0
16.12,578,12.39,41.5,14.4,0,3,0,3
10.21,134,4.96,54.7,5.8,0,2,1,0
7.78,708,7.02,70.9,5.0,0,2,1,1
15.59,133,1.05,107.9,7.8,0,2,1,2
11.07,165,3.76,62.7,19.9,0,0,1,0
10.93,388,7.7,109.5,12.7,0,1,1,3
7.72,79,6.49,57.0,16.5,0,0,1,0
2.11,675,11.71,100.2,18.1,2,3,0,4
3.9,576,9.2,58.7,14.4,1,1,0,0
12.55,595,9.46,87.7,16.2,2,3,1,4
6.18,313,3.07,41.2,21.7,1,1,1,0
0.62,421,10.86,98.5,19.3,1,1,0,3
7.02,132,11.49,76.8,6.4,2,1,1,1
10.73,230,6.92,61.9,19.1,0,1,1,0
14.85,660,5.72,106.9,7.2,0,1,1,3
1.25,12,8.64,87.4,15.3,1,0,0,2
15.9,506,9.58,41.8,16.4,1,2,0,3
5.98,648,4.66,78.2,20.7,2,1,0,2
9.73,659,10.17,40.1,16.4,0,0,1,2
1.45,136,5.95,101.6,13.4,2,1,1,2
1.9,251,5.4,79.3,19.0,1,2,0,2
1.74,662,2.37,66.0,12.9,1,1,0,1
8.49,348,2.02,107.8,7.9,0,0,1,3
6.97,187,1.55,67.8,21.5,1,3,1,0
10.89,550,7.09,105.7,22.4,0,1,1,4
3.28,155,4.16,69.1,6.8,2,1,1,0
7.47,194,13.13,71.0,18.1,2,2,1,3
11.37,707,12.5,75.1,13.5,0,1,1,2
9.61,407,11.81,42.8,5.7,2,0,0,1
5.88,335,0.83,64.0,7.9,2,2,1,0
8.93,531,5.27,45.6,10.8,1,1,1,0
4.92,430,5.11,109.5,9.9,1,0,1,2
15.04,128,4.69,103.8,4.2,1,2,1,3
14.86,696,7.52,105.5,12.8,1,3,0,4
15.65,613,7.51,60.0,5.9,2,1,0,2
8.37,510,1.79,86.7,12.7,0,2,1,1
15.32,37,13.28,100.3,11.2,1,1,1,3
8.98,157,6.02,48.8,19.5,1,1,0,1
8.06,13,7.25,42.0,11.4,1,1,1,0
6.89,608,7.25,53.0,16.9,0,0,1,1
15.91,309,3.16,43.6,18.8,1,2,1,2
7.96,646,9.64,49.6,14.7,0,2,1,2
3.87,655,10.16,89.7,4.8,2,1,0,2
17.48,670,9.88,111.7,10.4,2,0,0,4
5.47,330,3.7,44.1,21.0,1,1,0,0
5.64,241,12.51,96.2,11.4,1,1,1,3
11.87,520,5.13,83.7,16.3,1,1,1,3
8.96,143,2.74,40.7,4.1,0,1,1,0
14.92,667,5.34,102.0,7.6,2,1,0,3
9.25,675,2.43,78.7,11.6,1,3,0,2
5.15,338,9.14,38.1,10.2,1,2,0,1
7.5,317,9.56,74.1,9.7,1,1,1,0
14.29,348,11.61,56.7,7.1,2,2,0,2
16.85,386,0.68,83.5,17.4,1,2,1,3
8.75,461,3.13,96.5,6.3,2,2,0,3
15.22,431,13.61,61.3,18.2,0,1,0,3
13.25,590,12.44,65.1,16.7,0,3,0,3
0.68,485,10.7,67.1,19.5,1,2,1,1
14.39,226,11.16,39.9,15.2,0,3,1,2
5.12,525,13.49,60.9,12.1,0,1,1,1
14.44,353,1.84,78.6,23.0,1,0,0,2
13.16,603,1.65,111.9,9.9,1,2,1,4
12.43,421,7.25,60.4,17.8,0,1,0,2
1.03,552,7.64,58.0,5.8,0,2,1,0
10.01,142,4.1,99.0,5.1,0,1,0,2
1.13,571,5.53,70.0,20.3,0,0,1,0
8.43,416,2.18,97.9,6.6,2,0,1,2
8.86,172,8.68,97.7,10.4,0,1,0,2
0.78,295,2.23,67.8,6.1,0,0,1,0
12.31,462,10.03,44.4,20.4,1,3,1,2
11.83,113,1.38,109.4,5.0,1,0,0,2
17.23,271,2.87,103.5,18.2,0,1,0,3
5.97,715,4.77,75.6,15.7,1,0,0,1
1.0,510,10.67,62.1,10.0,1,1,0,0
12.03,308,4.37,41.8,4.8,1,2,0,0
4.81,12,8.61,53.8,5.2,1,1,1,0
8.15,179,6.41,103.7,18.2,0,1,1,3
12.86,422,2.67,65.4,13.4,0,1,1,1
17.54,285,9.53,54.8,12.4,2,1,1,2
1.92,303,4.35,108.5,22.5,2,1,0,3
5.58,418,11.57,90.5,17.1,1,2,1,3
2.84,554,13.98,75.9,8.0,0,0,1,1
7.69,321,7.05,77.6,16.0,1,2,1,2
5.95,163,5.74,38.2,22.0,2,2,1,0
8.88,687,7.62,49.1,17.1,0,1,1,1
10.05,366,2.49,95.0,7.5,2,1,1,2
2.84,429,6.75,51.2,17.8,0,0,0,1
10.19,240,10.55,53.6,18.9,0,0,1,1
17.77,428,9.98,68.6,11.6,1,2,1,2
14.13,354,8.1,94.4,18.3,0,1,0,3
12.82,35,7.6,109.2,22.4,2,1,1,4
3.03,446,10.51,78.9,7.2,0,1,0,1
9.61,417,8.24,50.3,6.8,1,3,0,1
8.96,679,1.27,61.7,9.9,1,2,1,0
2.73,63,8.31,54.7,8.3,1,0,0,0
5.67,193,8.4,107.7,7.7,0,1,1,3
3.13,46,7.25,72.4,8.4,0,2,1,0
7.68,583,11.01,56.4,16.0,0,1,1,2
17.31,449,6.1,53.6,4.3,0,1,1,1
11.47,138,11.2,105.9,16.1,0,1,1,4
7.42,27,8.03,108.2,18.7,0,2,0,4
11.64,150,6.35,39.8,9.5,0,1,1,0
6.08,211,4.96,53.6,14.2,1,2,0,0
5.22,579,6.61,97.6,19.5,0,2,1,3
17.74,118,13.71,41.5,12.2,2,1,0,2
8.33,426,11.54,98.0,17.6,2,0,1,4
15.51,585,6.56,109.8,20.2,0,2,0,4
7.28,613,8.83,50.1,17.8,2,2,1,2
9.83,347,10.42,91.2,6.7,0,1,1,2
9.79,148,9.47,51.6,6.2,2,1,1,1
13.29,388,8.58,87.1,10.8,0,1,1,2
3.05,180,6.51,53.3,9.6,0,1,1,0
5.05,654,11.1,102.6,8.6,0,3,1,3
2.65,542,1.98,59.0,21.2,1,1,0,1
10.03,693,3.26,68.1,5.3,2,3,1,1
10.31,413,2.36,41.0,4.2,1,0,0,0
15.94,90,1.13,102.9,7.5,1,1,1,2
12.94,95,9.54,85.0,21.9,1,0,1,3
4.2,53,13.09,104.1,22.0,0,1,1,4
17.55,289,12.64,55.0,10.5,1,2,1,2
9.36,628,13.22,107.8,6.4,1,2,0,4
0.41,375,4.91,80.0,4.2,2,2,1,1
17.0,181,7.09,70.5,11.2,1,2,0,1
1.86,442,1.93,65.5,22.4,2,1,0,2
12.11,588,0.95,74.4,20.5,2,3,1,2
14.19,413,5.06,66.0,21.3,1,2,1,2
7.35,126,9.04,41.3,14.6,0,3,0,1
16.64,580,7.9,86.4,10.1,1,2,0,3
13.05,611,12.01,42.1,12.9,0,1,1,2
4.51,123,10.39,76.2,15.5,0,0,0,1
6.22,291,7.99,41.9,14.1,2,1,1,1
14.9,166,1.59,99.8,14.4,0,1,0,2
5.81,308,12.5,108.8,6.4,0,1,0,4
6.0,178,6.63,55.2,17.7,1,2,0,0
1.68,702,12.96,104.9,15.1,0,2,1,4
9.3,284,1.43,52.4,19.9,1,1,0,0
9.06,381,1.23,63.7,8.7,0,2,1,0
4.4,606,7.25,79.0,13.5,0,1,0,0
11.39,478,10.74,102.6,4.5,1,1,1,4
3.49,427,12.21,75.0,20.4,1,0,1,2
9.52,197,2.41,48.9,14.4,1,3,1,0
17.23,684,7.25,42.3,11.8,0,3,1,2
11.91,441,12.48,62.6,13.2,0,3,1,3
11.76,274,13.51,39.0,8.1,2,1,1,2
9.92,435,2.38,109.6,11.3,2,0,0,3
10.09,16,9.14,103.1,18.8,1,1,1,4
12.99,357,4.27,77.5,6.7,0,1,1,0
14.03,178,1.68,97.6,8.3,0,1,0,2
3.86,653,7.25,53.3,5.1,0,3,0,1
16.05,403,7.25,71.6,6.3,0,0,1,0
3.37,586,1.0,96.3,4.1,1,1,1,1
0.64,187,8.48,67.7,6.4,0,3,0,0
0.85,221,5.43,69.7,8.0,2,1,1,0
4.94,610,13.26,53.2,22.7,0,1,0,2
16.22,535,1.69,78.3,4.6,1,1,0,2
11.52,471,11.27,73.8,18.7,1,1,1,3
13.16,502,9.11,91.2,19.7,0,1,0,4
0.73,519,10.97,80.6,12.0,2,3,1,2
4.74,172,7.2,81.8,20.2,1,1,1,1
5.92,148,10.79,75.1,13.5,2,2,0,2
12.74,263,10.26,80.0,6.1,2,0,0,2
4.04,5,3.39,70.1,20.6,1,1,1,0
8.43,490,13.69,91.5,6.7,0,2,1,3
9.98,80,2.63,46.5,19.1,0,1,1,0
6.43,208,5.22,61.0,16.9,1,3,0,0
11.97,171,12.85,84.6,6.4,0,2,1,3
9.42,331,9.39,95.6,20.6,2,2,1,4
6.43,340,13.06,43.2,12.0,1,2,1,2
15.39,106,8.42,38.6,18.6,2,0,1,1
12.33,701,5.25,98.4,19.7,0,3,1,4
12.04,50,1.93,99.6,20.9,0,1,0,2
2.92,259,6.93,99.4,14.6,2,1,1,2
11.89,122,2.83,72.7,22.4,2,2,0,1
14.55,476,7.25,103.4,16.5,0,0,1,4
13.8,139,10.95,52.9,6.7,0,2,0,1
3.28,267,5.13,52.7,16.5,1,0,0,0
5.21,381,4.39,92.0,7.3,1,1,1,1
8.84,235,6.52,47.8,4.7,0,3,0,0
12.13,119,10.28,52.1,12.5,1,0,1,1
5.91,129,1.75,80.2,17.8,0,1,1,1
11.41,188,3.31,97.3,13.5,2,0,0,2
4.58,332,7.74,40.6,13.5,0,1,0,1
8.41,345,7.52,47.5,22.1,1,1,1,1
15.31,116,6.79,67.1,19.9,0,1,1,0
7.23,21,9.81,51.6,5.3,0,3,1,0
12.95,713,6.81,102.1,22.1,1,3,1,4
8.42,358,3.5,64.5,13.5,1,2,1,1
15.83,381,4.44,66.7,13.3,2,1,1,1
7.42,320,13.0,98.7,5.5,1,2,1,3
12.44,174,13.5,77.7,18.9,2,1,0,3
13.1,369,11.6,98.7,17.2,2,3,1,4
12.83,555,13.52,40.6,12.5,0,1,1,3
15.14,498,3.23,77.6,14.2,1,0,0,2
5.7,645,4.71,54.5,11.9,0,0,1,0
12.12,10,4.2,68.3,15.7,1,0,1,0
6.43,550,2.23,47.0,10.0,2,1,1,0
7.49,403,6.66,50.8,21.7,1,1,1,1
3.12,363,7.4,102.2,6.5,0,2,0,2
12.71,51,4.89,84.1,5.6,2,2,0,1
11.27,711,13.83,42.8,15.5,1,1,1,3
5.53,234,5.03,53.2,18.5,0,1,1,0
7.27,647,10.0,79.0,13.3,0,1,1,2
1.42,693,8.23,70.7,22.7,1,1,1,1
8.68,621,0.81,81.9,5.4,0,1,1,1
6.86,641,8.68,92.2,5.5,1,1,1,3
5.03,469,10.04,51.8,6.6,0,0,1,0
2.22,110,10.65,41.8,18.4,2,2,1,0
1.63,163,7.88,98.3,22.6,0,0,1,2
15.24,379,3.67,66.4,21.5,1,1,0,2
3.97,362,10.94,96.2,16.2,1,2,1,4
0.32,707,8.93,82.4,18.4,0,1,1,2
3.49,441,9.45,92.5,15.0,2,1,1,3
0.97,80,1.13,44.0,15.6,0,3,1,0
11.35,345,10.15,101.8,9.9,0,0,1,3
1.37,672,13.06,41.9,13.5,1,1,1,1
2.88,505,4.98,69.3,6.9,0,2,1,0
8.61,68,8.21,107.7,6.0,2,0,1,3
11.06,158,2.51,47.0,16.0,0,1,0,0
15.3,571,1.83,60.7,13.6,2,2,1,2
7.69,683,5.75,75.1,22.8,2,2,0,3
14.13,514,8.06,75.1,9.1,0,2,1,2
5.52,12,8.24,59.9,5.2,0,3,1,0
14.24,81,8.59,103.7,14.8,1,1,1,3
4.42,345,8.1,91.2,21.4,0,2,0,3
8.7,97,5.72,99.5,11.7,1,3,1,2
11.05,260,9.84,75.0,11.3,2,3,1,2
16.86,168,1.41,91.1,5.8,1,1,1,1
14.02,453,8.76,42.0,14.2,0,3,1,3
1.52,714,9.01,41.1,17.5,2,2,1,1
5.69,423,11.79,77.3,5.2,0,1,1,1
1.79,543,9.84,62.8,5.4,1,1,0,0
12.12,48,12.21,93.9,5.7,1,3,1,3
3.84,419,3.91,57.3,11.3,2,2,1,1
6.28,230,13.1,70.2,15.5,0,2,1,2
2.31,152,9.17,106.1,13.1,2,1,0,4
14.98,363,5.22,98.0,18.4,1,3,1,3
5.77,449,6.73,65.6,10.3,2,1,1,0
3.89,701,0.78,92.1,12.0,0,0,0,2
10.76,402,11.89,76.5,18.3,0,0,0,3
3.15,374,11.03,98.2,15.6,2,1,1,3
11.77,480,9.62,70.8,9.9,0,1,1,2
17.15,41,9.11,66.1,22.0,0,2,1,2
9.55,120,10.98,106.9,4.9,2,1,1,4
3.42,45,12.79,91.8,16.1,0,2,1,3
12.75,487,11.16,74.7,15.3,1,3,0,3
16.61,381,2.16,76.5,13.1,0,1,1,1
17.91,661,7.62,107.2,10.5,2,3,0,4
13.38,407,2.8,101.7,8.6,1,0,0,3
2.59,532,0.68,73.4,18.2,2,1,0,1
9.82,359,12.29,103.5,13.8,0,0,0,4
5.87,317,1.96,90.8,16.1,2,1,1,2
7.44,436,6.3,53.2,4.4,1,2,0,0
17.55,483,12.9,103.8,14.2,2,1,1,4
3.42,180,13.81,56.7,16.1,2,1,0,1
13.3,518,11.25,98.6,21.1,1,3,1,4
14.45,274,8.03,89.1,6.3,1,0,1,2
13.12,592,6.19,89.9,9.2,0,3,0,3
10.42,157,4.8,107.0,9.8,1,3,1,3
12.82,475,6.51,86.3,18.0,0,3,0,3
12.56,19,6.61,108.6,16.2,1,0,1,3
3.67,526,13.27,109.3,8.7,0,2,1,4
7.95,636,9.99,57.5,12.9,1,2,0,2
16.95,269,13.36,58.8,21.2,2,1,1,3
15.31,123,7.25,62.6,15.1,0,1,1,1
4.8,150,3.2,78.9,19.0,0,1,1,1
9.12,36,10.52,110.9,13.4,2,1,1,4
1.1,549,4.39,72.2,10.9,0,1,1,0
3.92,312,13.12,99.0,9.8,1,3,0,4
6.78,190,9.44,83.5,14.0,0,2,0,3
13.34,566,3.83,98.5,11.1,2,1,0,3
15.62,282,2.59,63.9,13.5,0,3,0,1
0.51,303,5.23,62.1,17.8,2,3,1,0
5.12,485,12.49,41.2,6.8,0,2,0,1
14.54,32,0.53,66.4,14.2,1,1,1,0
16.89,381,2.12,87.0,14.0,0,1,1,1
0.65,140,3.54,71.1,6.5,0,0,1,0
15.94,101,10.95,54.4,8.4,2,1,1,1
4.56,595,9.41,38.7,6.2,0,0,1,0
9.95,394,3.01,66.1,13.7,2,3,1,1
5.78,544,5.39,43.0,22.8,0,0,1,1
12.96,325,13.33,71.8,17.8,1,1,0,3
8.73,479,10.77,59.6,15.9,2,1,1,2
10.92,494,4.9,41.9,12.8,0,3,0,1
17.44,631,5.55,72.5,10.4,1,1,1,2
7.87,197,12.34,99.1,6.8,0,1,0,3
12.45,555,0.6,95.5,12.4,0,0,0,3
2.57,337,6.87,67.6,7.4,0,1,1,0
11.4,324,5.83,76.8,18.4,0,1,1,1
6.38,660,6.44,84.4,14.8,2,0,1,2
1.49,97,4.51,72.8,5.9,0,2,1,0
0.87,701,11.09,103.8,11.4,2,2,0,4
16.91,374,13.44,110.4,10.1,0,2,1,4
8.96,146,11.34,83.4,6.0,2,0,1,2
16.1,425,9.8,79.1,22.7,1,3,1,3
0.51,488,9.06,49.8,9.0,1,1,0,0
11.93,200,10.25,65.4,17.7,2,3,0,1
2.44,14,12.75,53.5,4.5,2,2,1,1
11.85,710,5.11,38.6,19.1,1,2,1,2
3.09,191,2.13,60.1,13.9,2,2,1,0
8.23,334,4.86,39.7,4.8,0,3,1,0
8.18,107,10.35,50.5,19.7,0,1,1,1
1.52,153,4.52,96.3,13.6,1,1,0,1
17.56,336,2.62,39.4,13.8,0,3,0,1
15.11,495,13.94,110.8,21.1,1,3,1,4
2.64,345,13.93,105.3,6.3,2,3,0,4
9.14,612,2.95,110.1,16.2,2,0,0,3
12.68,296,8.35,101.1,5.9,1,0,0,4
6.92,146,2.82,49.7,11.6,1,1,0,0
3.26,713,2.0,90.3,17.0,0,1,0,2
11.76,88,9.24,94.1,21.8,1,1,1,3
4.95,512,7.25,88.1,17.9,0,2,1,3
13.66,610,5.59,73.6,16.4,0,1,0,2
17.55,525,8.19,106.9,19.0,1,1,1,4
14.98,279,8.57,110.3,18.7,2,1,1,4
8.87,299,13.94,47.8,7.1,1,3,0,1
17.54,457,5.57,76.0,22.9,2,2,0,3
3.47,342,11.57,46.1,9.0,1,2,0,0
7.58,54,9.39,60.8,13.7,1,1,1,0
16.32,53,10.74,64.2,20.7,1,2,0,2
12.07,76,5.68,108.5,9.2,1,2,1,3
16.02,45,2.08,62.3,9.6,1,0,1,0
6.04,144,9.08,46.4,20.5,0,2,1,0
6.79,296,12.28,55.4,4.5,0,3,1,0
7.13,531,1.31,54.8,8.3,1,2,1,0
6.58,441,5.32,43.2,21.6,0,0,1,1
10.79,393,6.63,110.9,12.4,2,3,1,3
9.91,607,12.56,55.2,13.9,1,1,1,2
13.9,65,13.26,47.4,6.0,2,2,1,1
14.46,64,5.14,98.5,17.4,2,2,1,3
17.56,527,10.63,111.1,9.9,1,2,0,4
0.71,492,3.42,52.1,8.2,0,3,1,0
17.79,591,9.74,82.1,13.5,1,0,1,3
3.83,226,9.22,110.5,5.2,0,2,0,4
6.36,163,11.52,62.7,19.3,0,2,0,2
9.75,49,6.26,76.1,5.7,0,3,1,0
6.37,235,12.4,92.0,20.2,0,2,1,3
0.82,454,5.56,47.9,4.1,1,2,1,0
6.82,11,3.9,71.0,14.2,0,1,0,0
2.45,493,8.26,108.1,13.8,2,1,0,4
17.51,39,9.73,39.5,7.2,1,3,1,1
5.01,165,5.66,84.5,14.9,0,1,0,0
4.57,282,0.97,45.8,14.2,2,0,1,1
14.8,130,8.68,47.5,17.7,1,1,1,1
14.52,231,5.39,40.9,17.0,0,1,1,0
10.26,22,8.27,76.9,5.8,0,2,1,1
4.41,45,11.32,68.4,8.2,1,1,1,0
16.98,456,11.3,70.5,11.8,2,1,1,3
16.76,216,4.98,63.3,17.6,0,1,1,0
11.69,16,4.02,51.1,21.2,0,3,1,0
11.77,284,10.9,39.8,4.8,1,2,1,1
17.78,294,4.6,52.4,22.2,2,3,0,2
1.43,460,5.73,94.1,12.9,1,1,1,1
11.64,367,11.29,74.2,18.3,2,0,0,2
13.68,123,9.22,91.6,12.0,0,1,0,3
12.55,490,3.87,78.8,17.6,1,0,1,2
13.17,30,6.85,99.1,9.3,1,2,1,2
0.62,561,8.62,48.1,4.6,0,1,1,0
15.81,437,13.87,82.4,15.2,0,0,0,4
1.99,420,3.99,88.1,11.6,0,1,1,1
16.33,265,9.56,46.5,21.0,1,3,1,2
12.86,537,8.7,39.3,22.4,0,2,1,2
5.15,562,9.8,41.1,18.9,1,3,1,2
5.14,706,1.73,97.0,15.5,2,2,1,3
17.69,476,3.49,49.7,10.3,2,0,1,2
17.35,179,3.29,81.6,8.8,0,3,1,1
5.42,571,1.34,101.7,13.4,0,0,1,2
8.96,180,5.19,85.4,4.0,2,2,1,1
16.17,454,4.67,45.1,7.1,2,1,0,1
4.43,304,3.51,86.9,17.3,1,3,1,2
15.45,338,3.94,46.3,22.5,0,2,1,1
8.78,173,4.66,47.2,11.5,1,3,1,0
7.88,143,2.1,104.7,7.4,0,0,1,2
13.98,543,12.91,80.1,10.9,0,3,1,3
13.67,393,1.44,85.3,21.1,0,2,1,2
15.98,523,9.18,57.0,9.5,1,2,1,2
11.86,115,9.06,45.7,19.1,2,0,1,1
14.3,181,8.69,45.0,20.6,0,1,1,1
7.69,322,11.15,73.6,12.5,1,3,0,1
13.07,132,12.74,94.7,5.6,1,2,1,3
3.37,179,13.45,110.0,19.8,2,1,1,4
16.63,452,5.99,86.3,18.1,1,1,0,3
8.25,571,8.02,70.4,7.5,1,2,1,1
7.63,408,4.37,70.0,14.0,2,1,1,0
14.89,335,2.41,92.0,22.3,2,1,1,3
4.77,632,7.25,39.6,13.7,1,1,0,1
3.99,664,1.44,92.4,11.2,2,1,1,2
3.3,385,11.49,57.9,10.1,1,1,1,0
4.84,442,13.58,58.5,4.2,0,2,1,1
10.33,516,0.76,44.8,15.4,0,1,1,1
2.56,665,3.82,39.8,9.8,0,3,1,0
7.48,269,2.81,108.2,7.8,1,0,1,2
4.64,544,9.55,58.8,12.6,2,1,1,1
16.48,62,10.06,69.6,18.2,0,1,0,1
3.46,593,9.31,54.2,13.5,2,1,1,0
11.49,498,10.11,90.1,12.2,1,1,1,3
4.53,691,13.48,80.8,6.8,1,2,1,2
16.21,59,8.27,59.4,18.2,2,1,0,2
11.79,529,10.55,109.5,13.8,2,0,1,4
3.65,611,1.83,54.3,4.6,2,0,0,0
5.44,518,12.17,62.8,6.4,1,2,1,1
13.72,179,10.88,108.0,6.7,1,1,1,4
2.07,376,8.11,56.4,8.1,1,1,1,0
16.95,172,4.21,98.8,16.3,0,3,1,3
10.87,126,4.8,60.9,22.3,0,0,1,1
9.89,23,6.83,66.0,8.2,1,2,1,0
5.82,161,2.0,58.5,16.3,2,3,0,1
13.54,200,7.25,110.8,4.3,0,1,1,3
8.94,551,8.37,60.5,10.6,0,2,1,1
6.64,684,4.22,103.7,17.8,2,3,1,3
6.14,458,7.5,111.7,11.0,2,2,1,4
1.3,550,3.63,91.2,4.8,1,2,0,2
5.02,284,13.72,71.4,11.3,1,3,0,2
4.99,718,3.74,62.8,6.8,0,0,1,0
8.72,589,2.58,74.3,17.0,2,1,0,1
5.17,718,0.91,42.1,15.8,0,1,1,1
4.32,527,6.77,54.9,20.4,0,2,1,1
13.7,315,1.19,73.3,22.2,2,1,1,1
3.43,616,11.27,87.4,16.8,2,2,0,4
10.96,298,1.27,97.5,14.8,1,2,1,3
3.23,359,13.84,91.0,13.5,2,1,1,4
7.12,379,9.32,104.9,13.5,2,2,1,4
7.49,275,13.61,84.5,21.3,0,0,0,3
7.42,653,4.03,40.6,22.6,0,2,1,2
6.02,660,5.45,38.4,7.4,2,1,1,1
16.14,692,13.95,108.1,12.3,0,0,1,4
8.53,607,5.34,75.1,16.4,0,3,1,2
8.6,112,7.25,111.4,18.6,1,1,1,3
15.49,104,13.99,66.4,13.5,2,1,0,3
7.51,138,12.05,84.1,5.6,0,2,1,2
0.8,153,0.65,49.1,21.2,1,1,1,0
16.59,447,10.27,69.1,9.9,0,2,0,3
5.27,144,9.14,64.7,9.0,0,2,1,0
2.27,679,12.3,81.7,11.0,1,0,0,2
2.49,42,6.36,60.4,20.8,1,1,0,0
3.06,112,3.34,52.4,7.2,1,2,0,0
7.03,301,4.79,45.9,14.1,0,3,1,0
10.56,233,3.88,55.4,13.1,0,1,0,0
7.05,36,4.81,84.0,14.9,2,2,0,1
11.56,578,13.0,82.0,21.1,1,1,1,4
9.25,28,9.52,42.3,10.6,0,2,1,1
4.95,205,11.57,43.4,17.8,1,2,1,2
6.39,462,9.98,104.4,13.3,1,3,0,4
6.61,641,13.03,73.6,7.0,1,1,1,1
10.74,652,11.72,86.0,5.6,0,1,0,3
3.05,406,1.56,78.9,11.5,1,1,1,0
7.87,46,8.6,111.3,15.4,0,1,1,4
5.91,549,3.48,76.5,11.9,1,2,0,1
9.88,245,10.57,58.0,14.7,1,3,1,1
4.26,312,1.37,42.4,8.9,2,1,1,0
2.96,576,3.12,109.7,5.8,2,2,1,3
12.59,28,9.59,106.0,10.5,1,0,0,3
4.93,246,3.34,44.5,15.6,1,0,1,0
15.39,229,5.82,54.5,8.9,2,2,0,1
11.13,657,4.08,87.4,22.1,2,2,0,3
4.56,83,6.49,49.4,8.0,0,3,0,0
4.0,422,1.95,84.5,8.2,1,3,1,0
14.56,420,13.57,90.2,13.5,0,3,1,4
1.76,307,3.76,83.2,4.0,0,3,0,0
16.14,491,10.07,44.5,10.4,2,1,1,2
6.19,156,1.05,111.3,4.2,0,2,0,3
16.41,353,4.74,60.0,13.5,1,2,1,0
14.33,668,4.02,53.6,17.7,0,2,0,2
17.49,153,1.4,48.4,17.1,2,1,1,0
13.43,327,11.86,45.0,13.1,1,2,1,2
13.33,686,11.22,58.7,20.9,0,2,1,3
13.46,269,1.25,61.7,18.9,2,2,0,1
12.7,415,8.01,99.9,22.3,0,1,1,3
16.07,191,3.69,75.1,13.5,2,1,1,0
0.65,645,11.15,75.5,5.8,0,1,1,1
10.48,484,2.28,80.7,4.2,0,1,0,2
0.72,622,9.82,100.8,16.7,1,3,1,4
14.15,668,12.7,99.1,15.5,2,0,1,4
14.5,157,13.05,104.6,9.7,2,1,0,4
8.63,688,4.4,76.4,8.6,1,0,1,1
6.67,30,1.17,47.6,19.8,0,2,1,0
8.22,335,7.84,59.0,4.3,0,0,1,0
11.91,702,7.95,91.3,17.8,2,3,1,3
15.67,354,10.79,108.5,13.5,2,2,1,4
17.18,282,7.23,50.1,21.7,1,2,1,1
7.56,652,2.53,87.8,20.5,1,2,1,2
14.79,586,9.09,47.1,15.7,1,1,1,2
3.19,697,5.06,100.3,19.6,0,1,0,2
1.27,306,10.66,38.7,9.0,1,3,1,0
9.45,220,12.12,104.3,17.1,0,3,0,4
1.88,279,9.32,104.3,22.6,0,0,1,4
10.08,208,2.81,50.2,12.9,0,1,1,0
1.02,84,3.88,83.8,13.6,1,2,0,0
15.32,703,1.94,73.0,15.5,1,1,1,2
10.05,642,8.55,99.6,7.9,1,2,1,4
15.54,272,4.22,64.7,9.7,1,2,1,0
5.19,83,4.13,39.4,21.8,2,1,0,0
1.34,664,4.49,55.3,8.4,1,2,1,0
6.08,173,1.58,72.9,9.0,0,0,0,0
5.18,152,13.46,44.3,15.2,1,0,0,2
13.97,657,2.79,68.4,14.2,1,2,0,2
6.18,630,7.63,38.6,14.7,1,1,1,1
17.35,264,8.23,41.4,5.0,0,3,1,0
3.28,712,10.19,110.3,12.4,0,1,1,4
13.49,624,2.48,88.8,19.7,2,2,0,4
17.67,398,6.37,39.5,13.5,1,0,1,1
2.57,446,5.12,38.6,17.1,0,2,1,0
16.92,11,2.29,42.7,20.5,0,2,0,2
15.8,239,0.54,41.3,16.2,0,1,1,1
16.04,303,5.57,54.0,6.0,0,1,0,0
4.08,149,8.06,97.6,11.7,2,3,1,3
16.9,177,12.97,39.6,4.1,1,0,1,1
17.88,295,0.99,43.6,17.9,0,2,1,1
0.73,375,2.23,61.4,14.1,1,3,1,0
10.39,80,7.25,83.6,21.4,1,3,1,3
11.05,630,13.01,77.6,5.6,0,1,0,3
5.44,234,8.87,75.1,10.9,1,3,1,0
4.06,100,11.22,54.8,14.9,1,1,0,0
4.93,567,8.6,83.4,21.7,2,2,0,4
12.38,307,1.97,38.8,5.7,0,1,0,0
13.9,697,11.83,42.8,9.1,2,2,0,3
16.7,253,10.13,100.5,13.5,1,3,1,4
1.57,22,1.28,51.0,4.8,1,1,1,0
10.66,320,0.82,58.5,7.5,0,0,0,0
3.19,182,5.92,67.4,21.6,0,2,1,0
8.63,581,7.33,93.4,17.3,1,3,1,3
8.76,449,11.18,106.1,22.7,1,0,1,4
12.29,525,4.57,86.8,19.4,2,0,1,3
4.13,54,4.06,70.4,9.8,2,2,0,0
6.15,433,11.37,67.2,15.2,2,0,0,2
1.8,47,4.26,59.0,8.4,1,1,0,0
10.97,18,8.75,96.4,17.5,1,1,1,3
13.04,450,6.54,75.1,16.7,1,2,1,2
4.89,233,4.31,92.9,15.0,2,1,1,2
14.18,78,8.71,52.0,14.3,1,3,1,1
3.04,191,11.6,92.2,6.1,1,3,1,2
8.62,182,7.54,49.2,16.4,1,2,0,1
14.3,702,11.12,47.1,4.9,0,1,1,2
17.49,700,1.3,41.6,17.5,0,3,0,3
9.1,88,0.56,109.2,14.8,1,1,0,3
0.6,553,2.56,82.5,17.3,0,0,1,1
11.28,698,10.83,91.1,5.4,0,2,1,4
7.55,420,6.97,104.5,7.6,2,0,0,3
11.66,425,13.08,75.1,9.0,0,2,0,3
3.75,91,5.17,103.9,21.7,2,2,0,2
5.01,26,10.13,43.5,16.2,0,0,1,0
17.82,494,13.73,85.6,18.4,0,1,1,4
14.98,342,4.64,75.1,13.5,0,1,0,2
9.92,128,6.75,38.1,21.9,0,0,1,0
11.84,650,2.53,96.4,6.0,1,2,1,3
12.92,199,1.59,93.5,14.2,0,1,1,1
5.12,214,10.67,83.5,14.6,0,2,1,3
17.61,459,11.61,74.1,17.1,0,2,0,3
13.64,599,9.58,108.6,20.3,1,1,1,4
12.46,588,4.46,57.9,9.8,0,3,1,1
12.83,63,6.64,85.8,19.2,2,1,0,2
8.28,25,5.72,75.1,20.1,1,3,1,1
10.42,600,1.66,98.7,5.3,1,1,1,2
16.9,684,6.19,102.8,8.3,0,1,1,4
12.93,539,2.76,75.1,21.0,2,2,1,3
7.34,454,7.53,81.4,21.2,0,0,1,2
17.32,676,4.84,51.1,13.5,1,1,1,2
8.21,230,3.52,53.8,12.8,2,1,1,0
2.4,394,0.63,104.2,13.5,1,2,0,3
12.94,588,5.71,98.2,17.4,0,1,0,4
17.49,35,6.72,45.8,16.6,2,0,0,2
10.27,238,6.61,46.5,17.8,1,1,1,0
13.38,376,6.28,82.2,23.0,1,2,1,3
16.49,366,2.97,93.8,18.8,1,1,0,2
17.65,596,3.27,52.7,12.8,2,2,1,2
11.39,30,13.74,79.9,8.3,1,2,1,2
10.2,384,4.67,81.9,6.1,0,1,1,0
8.61,393,13.33,76.0,11.0,2,0,1,2
8.67,124,12.87,92.0,17.2,0,0,0,3
5.61,701,7.24,61.9,6.9,0,2,1,1
8.83,175,4.04,69.6,6.9,2,0,1,0
9.94,495,11.17,69.1,14.2,2,1,1,2
7.85,203,12.25,83.1,6.8,1,1,1,2
9.21,532,10.99,85.3,12.8,1,1,0,3
9.03,100,13.62,108.6,4.2,2,1,1,4
10.55,83,2.9,87.7,6.1,1,0,0,1
12.41,510,7.93,99.2,17.5,1,2,0,4
11.03,181,4.16,42.4,6.3,1,1,1,0
1.95,293,7.81,89.9,9.8,1,3,0,1
13.4,451,2.29,101.1,22.5,2,0,1,4
8.6,443,10.55,55.7,8.4,1,3,1,1
1.87,449,2.04,80.1,6.8,0,1,0,0
10.72,488,10.28,64.1,14.2,2,0,1,2
4.87,194,7.11,75.1,17.7,2,2,1,3
17.76,510,4.24,102.4,11.1,1,2,1,4
10.73,584,9.97,81.7,16.8,1,1,1,2
9.05,254,1.69,68.3,13.6,0,1,1,0
8.11,592,1.98,97.0,4.5,2,3,0,2
3.82,263,1.35,57.9,19.1,0,0,1,0
9.49,709,12.74,97.2,20.5,0,2,1,4
14.39,92,6.8,111.6,5.8,1,3,1,3
8.36,12,6.92,89.3,5.3,2,2,0,2
2.68,384,5.88,39.4,22.4,0,1,1,0
11.39,322,10.27,70.6,8.8,0,0,1,0
9.64,230,1.51,54.8,8.2,2,0,1,0
16.58,673,12.13,95.2,20.3,1,2,1,4
9.77,352,1.22,62.7,8.3,0,2,0,0
1.71,40,2.33,75.1,15.0,2,1,0,1
1.12,278,7.86,75.1,11.9,0,0,1,2
3.28,87,11.25,64.2,5.9,2,2,1,0
16.04,77,2.45,85.2,7.1,1,2,1,1
17.11,453,8.75,39.2,14.1,2,1,1,2
16.59,505,5.88,53.2,21.8,0,1,1,3
2.88,12,10.73,80.9,20.2,1,3,0,2
14.26,705,3.07,60.3,13.5,2,2,0,3
2.45,557,3.26,65.7,8.1,0,2,0,0
5.29,317,7.3,75.2,15.7,0,3,1,1
1.74,649,7.25,50.1,16.4,1,0,0,1
9.63,458,9.82,70.7,7.7,0,1,1,1
11.33,384,7.67,90.8,20.8,0,2,1,2
2.81,195,10.08,74.7,10.4,1,1,0,1
7.44,311,2.38,84.9,12.5,0,2,0,2
7.32,265,6.23,79.4,13.9,1,1,0,1
8.83,84,1.58,52.2,13.5,1,2,1,0
3.91,525,12.25,101.2,9.6,0,2,1,4
9.46,173,9.77,111.7,7.1,0,3,0,4
10.45,48,10.93,80.0,16.4,0,0,0,2
7.4,201,10.71,68.9,4.9,1,0,1,0
7.05,396,2.95,62.7,20.9,1,2,1,1
3.99,349,4.18,71.6,5.8,0,0,1,0
16.52,167,9.63,98.2,15.7,1,0,0,4
10.81,309,10.82,40.3,11.0,0,1,0,1
9.75,303,8.71,101.7,6.4,2,3,1,3
14.96,441,7.25,39.9,13.8,1,1,0,2
9.24,501,4.06,97.9,20.4,1,1,1,2
2.48,212,3.19,75.1,21.7,2,2,0,1
9.33,619,5.25,75.1,13.5,2,1,1,0
10.02,292,11.07,61.5,19.0,0,1,1,1
11.3,671,11.15,105.6,22.8,0,0,1,4
4.53,298,3.93,56.4,16.5,1,2,1,0
13.93,539,1.34,110.5,9.0,1,0,1,3
14.21,690,7.13,110.8,13.5,0,1,0,4
1.53,598,0.62,57.7,10.4,0,1,1,0
12.09,317,2.98,38.0,5.4,2,1,1,0
8.4,444,11.07,68.6,4.2,1,1,1,1
17.04,655,2.15,74.5,20.8,0,1,1,2
7.29,636,3.05,62.8,9.6,1,2,0,1
16.07,199,0.59,46.6,8.7,0,1,1,0
2.4,480,4.13,107.3,10.3,1,1,0,3
17.29,517,6.11,79.9,5.1,0,1,1,2
10.71,583,2.99,90.0,21.7,1,1,1,3
7.9,9,3.65,64.7,8.8,2,3,1,0
10.7,647,7.25,42.9,21.9,1,0,1,3
6.9,287,4.54,101.4,15.5,0,2,0,3
6.39,129,8.86,59.2,14.1,2,2,1,1
11.01,285,13.97,106.5,21.7,1,3,1,4
1.41,98,7.95,76.9,15.6,1,3,1,1
3.89,524,2.97,86.6,6.5,0,3,0,0
0.9,97,2.59,72.8,16.8,0,0,1,0
8.32,589,9.54,75.1,17.4,1,0,0,4
3.07,376,11.05,47.7,18.8,0,1,0,1
12.88,17,7.56,65.3,12.1,0,1,1,1
8.12,661,9.86,58.1,14.9,0,0,1,1
11.47,507,8.56,95.5,13.8,0,2,0,4
12.98,133,11.98,106.6,21.7,2,1,1,4
0.39,435,0.77,69.1,8.1,1,1,1,0
4.87,347,2.67,108.2,15.7,0,0,0,3
9.12,117,3.31,73.9,19.5,2,0,0,1
6.46,472,3.79,83.7,12.5,0,2,1,1
4.8,389,4.13,84.0,9.6,1,3,0,1
3.83,539,7.25,110.6,13.1,1,0,1,4
3.16,664,8.22,83.7,13.8,0,3,1,2
3.58,607,3.72,75.4,20.8,2,1,0,2
6.74,469,2.85,45.7,9.0,2,2,1,0
17.14,87,6.98,96.4,12.6,1,0,1,3
7.83,577,9.33,54.5,11.9,1,1,1,0
9.51,350,9.39,103.5,6.3,1,3,1,3
14.63,145,12.83,62.1,6.6,2,2,1,1
7.47,381,7.15,72.3,10.4,2,1,0,1
9.23,172,1.95,109.3,7.2,1,0,0,2
15.16,73,6.12,94.3,15.3,2,1,1,3
10.59,193,13.2,85.0,10.5,2,2,1,4
17.04,485,6.61,105.8,5.7,1,2,1,4
6.36,261,6.53,82.5,15.1,1,1,1,0
7.35,526,7.25,52.7,12.7,1,1,1,0
8.85,105,7.09,98.3,5.0,0,1,1,1
5.79,505,13.02,49.6,7.6,2,0,0,2
10.58,28,7.9,84.1,7.4,0,1,0,0
11.42,88,12.87,70.4,11.3,1,1,0,1
2.88,30,12.36,81.7,6.1,1,1,1,1
17.4,680,10.99,51.2,22.6,0,3,1,3
7.44,130,7.25,54.8,4.7,1,1,0,0
2.32,503,2.07,54.3,9.4,0,2,1,0
7.87,76,10.62,65.5,9.0,2,0,0,0
15.76,215,7.25,61.1,18.0,2,2,0,1
5.59,454,5.33,82.3,18.4,1,1,1,2
17.46,310,7.06,73.8,16.7,1,1,1,2
6.06,715,12.56,58.6,5.4,0,3,1,2
5.65,300,2.62,102.6,15.0,0,0,1,2
4.74,633,6.68,106.0,18.6,1,1,1,3
0.62,503,13.72,96.5,6.1,2,1,1,3
10.78,621,9.49,69.1,17.1,1,3,1,3
8.19,244,13.17,39.7,8.8,0,1,1,1
14.61,675,11.2,40.1,16.8,1,0,1,2
16.63,551,7.01,104.9,10.9,2,3,0,4
4.33,593,13.38,110.9,15.5,1,0,1,4
13.23,140,1.13,61.5,7.4,1,3,0,0
9.33,667,6.58,83.7,18.3,2,3,1,3
10.51,249,7.4,39.2,12.8,0,3,0,0
13.19,526,12.74,42.1,19.9,0,1,1,3
7.38,553,11.43,61.7,16.0,2,2,1,2
15.35,117,1.74,83.0,18.3,2,1,1,1
11.16,340,5.43,42.1,15.6,1,1,1,0
12.36,63,10.37,73.2,21.3,0,0,1,2
14.47,382,6.07,58.6,13.1,1,3,1,1
3.52,363,1.64,104.3,12.0,1,3,0,3
10.07,484,8.27,51.7,6.4,1,2,1,1
6.03,416,3.34,105.2,8.7,2,1,0,3
14.58,47,1.97,55.4,15.5,0,2,1,0
16.26,101,2.82,53.9,22.5,2,3,0,1
11.49,633,4.85,49.3,11.1,2,2,1,2
2.58,263,1.75,84.7,8.0,2,0,1,0
12.33,376,13.43,105.3,19.6,2,0,1,4
8.35,616,10.13,76.3,10.1,0,1,0,2
13.68,240,7.46,110.6,4.0,0,1,1,3
1.34,30,12.81,74.6,20.3,2,1,0,2
11.55,527,9.61,96.7,4.6,1,1,1,4
5.87,235,4.16,49.4,19.4,1,0,0,0
6.3,690,5.95,102.7,13.8,0,1,1,3
11.76,720,1.5,86.6,12.1,2,3,1,3
1.57,81,11.9,66.0,13.6,1,1,1,1
17.16,216,8.45,99.1,17.6,1,2,1,4
16.88,607,2.99,92.4,14.8,0,0,0,3
6.44,101,5.41,70.3,16.2,0,1,0,0
7.46,258,7.38,107.0,10.7,0,0,0,3
9.35,637,10.37,67.9,19.9,1,3,1,2
13.96,316,1.54,43.9,21.5,0,0,0,1
2.58,494,9.37,62.9,8.0,2,1,1,0
0.64,215,0.92,80.3,21.3,0,3,0,1
6.45,591,9.77,53.7,13.5,1,1,1,1
10.94,302,13.63,111.3,12.9,2,3,1,4
13.64,459,9.81,57.0,4.6,2,1,1,2
11.17,458,10.31,72.2,16.0,0,0,0,2
9.77,66,11.87,47.3,16.6,0,1,1,1
7.9,266,8.17,62.4,5.3,0,1,0,0
12.31,657,4.99,88.9,6.8,2,1,1,2
8.61,171,3.08,59.7,11.6,2,0,1,0
15.84,392,0.52,89.2,21.0,0,1,1,3
8.56,701,4.02,96.4,19.2,0,2,1,3
14.65,350,11.34,94.5,7.1,2,3,1,4
10.71,38,11.34,39.5,10.3,1,0,1,1
1.23,578,13.59,46.3,19.6,2,0,1,2
10.85,585,6.5,75.1,19.4,1,1,0,2
2.92,319,12.13,85.2,16.2,0,3,1,3
3.64,301,5.39,111.6,12.2,0,2,1,3
10.67,449,13.94,65.1,20.0,1,2,1,3
6.63,344,6.32,85.6,4.0,1,0,1,0
7.46,458,3.11,68.1,12.5,1,1,1,0
10.67,370,7.48,109.9,5.3,2,1,0,3
11.95,695,2.1,96.7,4.0,2,3,1,3
16.59,527,6.01,76.2,16.3,2,1,0,3
15.42,302,0.71,92.8,5.7,0,3,1,2
9.4,137,11.97,91.2,12.4,2,2,0,4
3.72,7,10.01,75.1,5.4,0,2,0,3
10.51,243,12.63,103.3,9.0,1,2,1,4
1.85,633,3.71,43.4,10.3,2,2,1,0
14.52,528,1.74,104.9,5.3,0,1,1,2
6.41,561,13.65,48.5,21.3,0,0,1,2
6.99,245,12.27,46.9,7.3,1,2,1,1
14.73,127,2.42,45.9,9.5,0,0,0,0
2.73,467,11.62,39.0,17.2,1,1,0,1
13.83,591,9.62,76.7,5.1,0,0,0,2
7.23,714,3.36,59.9,5.5,0,2,1,0
8.93,218,2.74,87.0,21.8,0,0,1,2
6.76,261,6.05,105.5,19.7,2,2,1,3
7.97,354,3.94,79.0,21.6,1,0,0,1
11.92,576,7.73,48.0,5.6,0,1,1,1
10.61,112,3.5,82.2,12.1,0,0,1,0
2.97,291,6.56,94.7,19.4,1,2,0,3
7.53,276,8.62,42.6,21.4,1,2,1,1
6.11,453,8.0,92.5,4.5,2,1,1,2
8.14,403,13.01,100.3,7.2,2,1,1,4
16.89,465,3.04,95.4,22.4,0,2,1,4
5.18,464,6.32,38.0,15.5,1,0,1,0
2.5,566,7.38,106.1,16.7,1,3,0,4
17.81,128,3.82,75.1,14.9,2,2,0,3
0.34,624,5.54,80.6,19.5,0,0,0,1
7.8,486,12.66,51.0,17.0,2,2,1,2
10.97,376,7.13,106.1,22.6,0,1,1,4
2.07,551,11.29,111.8,18.9,0,0,1,4
2.77,88,0.76,92.0,6.9,2,0,1,1
16.84,500,10.07,106.1,21.8,2,3,1,4
9.26,712,10.41,52.6,10.3,0,2,0,1
12.41,493,12.22,65.6,22.0,1,0,1,2
14.86,288,8.51,94.4,13.5,1,1,1,3
10.49,720,3.31,44.0,6.4,1,3,0,1
6.29,498,13.63,96.0,14.0,0,2,0,4
10.48,615,5.67,45.1,20.6,0,1,0,2
5.13,680,11.59,73.4,6.5,1,1,0,1
2.29,89,7.37,47.6,6.3,2,1,1,0
7.57,172,3.32,75.1,15.2,1,0,1,0
10.42,16,2.05,97.7,13.0,0,0,1,2
5.86,16,1.97,58.6,13.5,2,1,0,0
4.85,193,0.53,50.4,19.1,0,2,0,0
14.47,246,9.34,66.4,8.1,2,1,1,0
17.17,338,4.49,53.1,18.9,0,2,1,1
4.37,594,13.37,66.4,18.2,0,1,1,2
10.92,10,8.2,40.7,20.6,0,1,1,0
15.19,540,5.41,90.7,8.9,0,1,1,3
5.19,700,2.9,75.5,6.5,0,1,0,1
9.93,424,13.11,53.7,17.0,2,2,0,3
4.14,478,5.22,63.7,8.6,2,3,0,0
5.32,573,5.94,100.2,20.9,1,3,1,3
17.53,332,12.87,68.1,17.5,1,1,1,2
17.67,162,9.65,40.2,11.9,1,2,1,1
13.56,456,9.19,101.4,4.3,1,1,1,4
16.67,661,6.12,91.7,18.5,1,2,1,4
13.68,105,11.62,103.1,12.9,0,0,1,3
11.57,630,8.24,59.0,16.6,1,3,1,3
14.67,262,10.43,79.2,11.9,0,3,0,2
14.73,421,10.36,105.2,22.9,2,2,0,4
17.66,189,10.69,69.6,19.6,2,3,1,3
10.57,170,2.05,51.8,16.3,1,0,1,1
3.23,533,10.54,100.9,12.9,1,1,1,4
17.71,413,9.31,83.8,12.7,2,2,1,4
4.21,231,1.6,56.3,18.0,0,3,0,0
15.36,371,3.96,40.7,11.9,0,1,1,0
1.92,389,5.99,89.4,18.3,0,3,1,2
10.83,428,8.78,68.4,13.5,0,0,0,2
11.63,658,6.95,111.4,18.8,1,1,1,4
1.56,22,4.76,40.8,12.3,0,2,1,0
6.21,368,8.82,64.4,19.8,1,1,1,1
17.7,485,7.18,50.8,12.2,1,2,1,2
6.69,607,9.53,88.1,5.2,2,1,1,3
10.3,462,11.22,60.4,20.9,2,2,0,3
1.06,367,4.71,44.2,5.9,1,3,0,0
16.19,428,2.77,53.9,5.8,0,2,1,1
8.87,454,8.8,63.8,12.3,0,3,0,1
5.57,335,13.9,109.7,5.6,0,1,1,4
12.63,634,9.25,60.7,17.6,0,2,0,3
8.81,199,2.63,89.5,15.7,1,1,1,1
10.02,101,8.8,42.7,9.5,1,1,0,0
17.93,557,4.46,49.5,14.5,1,1,1,2
11.61,497,5.19,56.1,13.5,1,0,1,1
14.62,263,12.6,106.6,4.9,1,0,0,4
13.63,118,9.99,85.4,12.9,2,3,1,3
5.72,99,11.63,82.8,11.8,0,0,1,2
14.82,171,8.01,99.2,5.1,0,1,0,3
10.84,653,1.7,75.1,7.0,0,1,1,2
13.27,699,2.77,99.7,11.1,2,2,1,3
5.64,247,12.69,57.6,13.1,0,2,0,2
9.25,207,13.92,59.2,7.9,1,0,0,1
4.72,149,12.24,73.0,14.2,1,1,0,1
5.21,286,2.81,103.6,5.8,2,2,1,3
1.21,213,6.71,78.7,21.5,0,1,0,1
0.53,281,2.34,98.8,20.0,0,2,0,3
4.01,587,9.5,48.3,10.1,2,1,0,1
8.64,638,8.5,80.5,16.0,0,2,1,2
16.27,582,5.37,101.7,13.0,0,0,0,3
7.55,530,12.24,52.8,13.5,1,1,0,2
10.84,696,7.25,93.2,12.8,1,2,1,3
12.23,283,5.37,83.4,21.1,0,1,0,1
8.3,646,2.83,65.2,4.9,0,3,0,1
5.54,264,13.35,47.1,6.7,1,1,1,1
5.66,598,7.46,85.6,5.3,1,1,1,0
11.39,428,6.24,61.2,15.5,1,3,0,2
16.65,500,13.25,53.4,12.8,0,0,1,2
15.89,118,7.13,92.8,18.7,1,2,0,3
12.18,129,12.57,45.8,17.1,1,0,0,2
7.48,637,0.51,57.8,22.8,0,1,0,1
9.68,38,9.02,71.9,12.1,2,3,0,1
15.95,314,6.22,74.4,13.6,0,3,0,2
6.15,569,13.95,44.9,9.3,1,1,1,2
12.71,239,8.98,61.5,14.1,1,3,1,1
5.86,643,7.16,75.9,11.8,2,2,1,2
5.0,389,5.08,68.8,22.2,0,2,0,1
8.7,553,6.79,92.2,21.8,0,1,0,3
17.16,442,12.23,77.1,11.1,1,2,1,3
12.74,533,6.1,58.3,13.0,1,1,1,1
11.25,95,9.59,55.8,4.2,0,2,0,1
11.45,477,12.35,50.3,10.3,2,2,1,2
12.02,356,11.24,69.1,12.7,1,1,1,1
14.73,179,8.65,66.7,6.8,1,1,0,1
3.2,659,12.13,76.0,18.5,0,1,0,3
6.57,92,11.17,56.1,17.6,0,0,0,1
6.39,510,2.16,63.9,21.4,1,2,1,1
8.66,306,3.82,107.4,19.5,1,2,1,3
7.1,484,9.54,58.0,17.8,1,0,0,1
4.17,697,13.18,72.3,7.9,1,1,0,2
15.17,527,2.23,105.5,15.7,0,1,1,4
2.4,511,8.46,101.5,10.1,0,2,0,3
14.27,688,7.25,102.1,10.0,0,1,1,4
2.87,635,8.64,62.9,13.8,1,1,1,1
7.95,693,8.13,84.8,22.0,2,0,1,3
1.89,79,7.74,55.0,12.6,0,1,1,0
0.48,67,13.04,54.2,10.9,0,2,1,1
4.7,117,7.66,79.0,5.0,0,1,1,0
14.45,407,4.85,51.1,21.2,0,0,1,1
9.24,662,11.75,63.8,13.1,2,2,1,2
10.08,232,10.76,84.9,13.1,1,2,1,2
15.77,169,7.8,81.8,9.4,0,1,0,1
0.31,344,13.74,94.7,7.9,2,1,1,3
4.01,562,4.32,98.8,8.2,2,3,1,2
12.14,68,12.17,105.1,16.8,2,1,1,4
14.34,437,13.59,88.5,21.0,1,1,1,4
7.24,156,12.19,69.4,18.5,1,1,1,1
8.45,713,0.63,73.8,10.9,2,1,0,2
7.82,480,4.3,66.5,17.2,0,2,0,1
10.1,272,9.58,41.1,7.7,2,2,0,1
12.3,68,9.28,50.4,23.0,1,3,0,2
17.67,720,7.25,95.5,4.0,1,0,1,4
11.32,199,7.59,78.9,7.3,2,3,1,2
16.77,520,13.43,104.4,8.9,2,0,1,4
4.92,195,6.73,108.0,8.8,2,3,0,3
16.07,423,2.71,73.6,7.4,1,1,1,1
0.86,177,7.33,47.0,4.3,1,1,0,0
1.33,60,6.28,59.5,5.1,1,3,1,0
15.69,440,2.99,63.3,5.7,2,1,1,1
2.68,135,11.71,81.2,14.4,0,3,0,1
4.11,138,8.83,90.9,8.6,0,1,1,2
3.92,447,11.12,108.1,7.4,0,2,1,4
4.88,243,5.14,54.0,12.3,0,2,1,0
5.24,625,12.29,50.1,12.6,2,0,0,2
16.96,560,4.95,71.5,6.9,1,2,1,2
13.57,33,12.42,54.1,4.0,0,0,1,1
13.06,58,9.06,55.1,9.9,0,2,0,1
4.73,81,11.03,88.1,17.2,2,0,1,3
7.52,587,10.57,107.0,11.2,0,1,0,4
16.01,557,4.78,80.6,13.4,0,1,1,2
0.85,661,1.42,51.1,7.0,2,0,0,0
9.54,678,3.86,54.3,20.6,1,2,1,2
8.41,381,12.78,71.0,15.5,1,1,1,2
16.16,128,9.56,98.9,15.8,1,2,0,4
8.98,505,4.37,106.5,6.7,1,2,0,3
4.71,560,12.65,92.5,8.9,2,3,0,4
2.61,665,11.29,57.9,22.5,0,0,1,2
0.41,599,1.99,108.1,11.1,2,2,0,3
6.84,690,2.07,48.1,4.5,0,2,1,0
14.97,716,7.25,106.5,18.3,1,1,0,4
1.94,486,11.34,66.5,21.3,2,0,0,1
16.55,698,12.34,90.8,4.9,0,1,0,4
16.01,172,6.89,38.5,13.8,2,1,1,0
0.9,479,7.25,76.8,20.6,0,1,1,1
15.39,123,12.41,68.0,19.0,1,3,1,2
10.43,576,13.21,60.7,11.2,1,2,1,2
1.0,572,11.4,81.6,15.9,0,1,1,2
7.48,207,13.2,73.2,18.4,0,2,0,2
3.38,562,13.96,101.9,11.0,1,2,1,4
2.88,648,11.55,70.1,12.5,2,2,0,2
5.61,141,10.85,81.9,13.7,1,1,0,2
11.15,562,3.65,90.2,21.3,1,2,1,3
10.27,241,7.98,88.8,14.3,0,2,1,2
4.18,291,7.5,104.9,20.2,0,1,1,3
13.99,41,12.45,70.5,8.6,1,0,1,0
7.76,215,13.83,69.2,21.8,0,1,1,2
9.39,14,8.85,105.9,10.2,0,3,1,3
14.65,493,7.19,44.1,19.9,0,0,0,2
9.13,468,1.78,55.2,19.6,2,1,1,0
13.17,11,8.24,58.7,15.2,1,0,0,0
11.4,715,12.09,65.0,10.6,2,1,0,2
2.27,482,0.69,105.9,11.0,1,2,1,3
7.06,654,10.66,90.7,6.5,1,2,0,3
10.83,594,9.3,94.3,18.8,1,1,1,4
1.55,407,2.7,72.3,22.0,2,3,1,1
17.3,443,8.62,67.6,9.2,0,3,1,2
2.48,645,7.41,59.4,13.5,0,0,1,0
16.9,82,7.25,64.5,10.4,0,3,1,0
16.29,626,10.37,82.8,5.3,0,1,1,4
7.44,565,4.61,95.7,19.2,1,1,1,2
13.44,87,7.87,45.5,9.4,2,1,1,1
13.57,625,9.59,86.5,20.0,0,1,1,3
4.81,269,6.69,48.1,21.3,0,2,0,0
7.69,156,11.07,39.8,14.5,1,1,0,1
10.99,40,1.65,44.5,10.9,1,1,1,0
7.16,455,1.71,67.7,20.1,2,3,0,1
12.6,548,8.2,76.5,6.2,2,1,1,2
8.98,331,8.57,100.6,22.8,1,2,1,4
1.1,331,5.48,85.7,8.9,0,1,1,1
2.73,612,4.89,74.8,9.1,2,3,1,1
17.49,486,11.17,68.3,7.6,2,1,1,3
2.46,461,6.71,69.2,11.1,1,3,1,0
9.4,127,4.01,81.8,8.0,0,2,1,0
8.14,588,3.3,75.1,16.4,0,0,1,2
13.75,14,3.22,43.9,5.0,2,0,1,0
13.19,154,9.89,86.7,11.3,2,0,0,3
16.4,140,3.17,72.1,20.5,1,0,1,1
2.17,368,7.92,89.7,7.4,0,0,1,1
16.61,523,8.83,97.4,8.6,0,1,0,4
14.62,482,2.57,87.2,12.3,0,1,0,3
15.64,174,6.78,104.9,6.3,0,0,1,3
6.92,122,7.31,40.3,11.6,1,2,1,0
17.52,80,9.27,44.5,16.5,1,1,0,1
14.59,200,2.26,56.6,9.7,0,1,0,0
12.29,174,5.64,79.1,8.7,2,0,1,1
7.76,717,7.25,76.1,10.5,2,3,1,3
17.79,175,7.14,45.8,4.7,1,3,1,0
3.0,33,4.97,94.9,8.8,1,2,1,1
15.66,426,10.89,91.9,8.0,0,2,1,4
9.8,288,6.41,68.9,16.6,0,0,0,1
8.86,553,3.62,75.1,5.9,2,0,1,2
1.19,551,9.14,49.9,5.2,2,2,0,1
7.36,89,9.59,110.6,16.3,2,1,0,4
0.57,505,5.1,73.6,18.2,0,0,0,0
9.63,308,12.36,107.6,11.0,0,1,1,4
1.81,349,13.2,82.3,9.4,2,1,1,2
4.1,399,1.44,64.1,22.1,2,2,1,1
1.77,572,4.62,88.1,16.2,1,1,0,2
16.23,643,0.59,39.5,21.8,0,2,1,3
14.09,320,0.8,110.5,14.5,2,1,1,3
2.04,401,13.8,43.7,13.7,0,1,0,2
7.91,331,10.14,54.6,4.3,1,0,0,0
12.42,569,0.7,99.7,7.6,0,3,1,3
13.8,668,3.18,51.3,17.8,1,1,0,2
14.93,720,7.25,68.6,11.0,0,2,1,2
10.81,505,10.54,80.0,20.2,0,2,1,3
10.89,349,5.84,63.1,20.9,0,2,1,1
4.05,334,7.13,93.6,6.7,1,3,1,1
16.64,128,9.44,88.4,11.9,1,1,1,3
6.42,579,7.15,51.3,7.9,2,0,1,1
12.27,173,11.57,64.1,11.6,1,1,0,2
6.19,360,2.64,50.6,11.2,2,3,1,0
14.68,189,0.85,73.2,11.7,1,3,1,1
17.16,681,12.8,83.9,6.0,0,2,0,4
2.05,410,2.69,75.1,4.8,1,3,1,0
17.96,576,1.8,55.1,5.2,2,1,0,2
14.21,188,6.28,105.7,13.5,0,2,0,3
17.12,278,12.42,48.4,18.0,0,2,1,2
14.41,75,3.67,50.9,18.6,2,1,1,0
2.46,298,6.05,65.1,7.9,0,1,1,0
5.9,126,12.11,60.3,13.5,0,1,0,1
14.48,215,5.6,85.7,10.2,0,1,1,1
5.01,481,11.23,64.1,5.3,1,3,1,1
11.27,343,7.77,68.0,15.0,1,0,0,1
12.05,381,10.2,70.0,8.2,1,0,0,1
10.22,496,4.29,56.3,20.8,0,0,0,2
3.96,648,7.98,70.8,14.4,1,2,1,1
0.51,41,4.13,38.3,12.6,2,1,1,0
7.28,297,2.17,66.6,15.4,0,2,1,0
13.4,190,5.92,98.8,11.4,1,1,0,2
10.91,236,1.96,39.7,12.5,2,1,0,0
7.88,44,7.25,88.9,10.4,0,1,1,1
10.72,56,10.45,98.4,13.6,2,2,1,3
6.51,261,3.12,105.9,21.9,2,1,1,3
0.77,404,7.97,49.2,5.6,0,2,1,0
16.92,389,9.23,78.8,18.9,0,1,1,2
13.99,543,5.54,80.5,15.7,1,1,1,2
17.35,225,8.6,59.8,21.7,1,2,1,2
13.81,471,7.93,105.4,11.6,0,0,1,4
7.53,586,10.31,66.9,9.2,1,2,1,1
2.64,566,3.74,64.4,5.3,1,0,0,0
4.21,701,2.34,80.4,8.1,1,2,1,1
12.51,25,8.23,62.3,10.9,0,1,0,0
8.67,82,1.7,75.1,9.3,0,3,1,0
16.33,523,1.51,64.2,6.7,1,0,1,1
11.28,49,12.32,103.2,20.5,1,2,1,4
15.83,288,2.16,42.0,5.6,0,2,1,1
9.75,160,3.65,43.3,6.1,0,3,1,0
2.15,518,3.93,71.7,5.6,0,1,0,0
2.27,688,5.15,98.6,10.8,0,3,1,2
16.08,307,4.94,107.5,17.5,0,1,1,3
14.76,283,2.9,47.3,22.0,1,1,1,1
2.26,62,3.76,100.0,17.8,2,1,1,2
14.46,394,10.74,84.0,4.3,2,1,1,3
6.14,223,1.11,107.9,15.7,1,1,0,3
5.71,303,2.04,93.3,21.9,0,0,1,2
0.72,16,5.91,103.4,18.2,2,1,1,2
9.55,251,3.59,64.7,8.9,1,3,0,0
11.8,562,8.82,82.0,21.6,1,1,1,3
13.39,13,5.42,59.4,12.8,0,2,1,0
1.33,185,12.5,74.7,19.0,1,2,0,3
3.06,12,10.78,59.8,20.6,0,3,1,0
13.07,338,5.98,55.2,9.9,0,3,1,1
16.02,525,2.8,102.8,8.0,1,1,1,3
7.11,513,6.34,90.5,9.2,0,0,1,2
14.42,546,6.96,89.2,21.6,2,0,1,3
2.94,119,13.28,103.0,8.2,0,1,0,3
15.96,182,4.78,45.3,23.0,0,0,1,1
9.43,203,7.32,90.6,4.1,1,1,1,1
10.29,549,13.81,56.7,5.4,1,1,1,3
14.17,419,6.47,62.4,12.7,1,1,1,1
16.06,566,10.73,62.1,4.1,1,3,1,2
1.24,104,12.84,81.1,13.5,2,2,1,2
7.44,256,10.01,97.2,7.9,0,1,1,3
5.5,408,2.47,63.6,22.2,0,1,0,1
3.9,150,8.65,92.4,9.6,0,1,0,2
14.98,168,4.39,98.8,21.1,1,0,1,2
17.46,185,7.92,89.7,10.2,0,0,1,1
12.78,391,12.7,89.3,4.7,2,0,1,3
4.5,639,5.9,73.2,13.0,2,3,1,2
2.03,660,0.66,82.1,7.1,0,3,0,1
5.89,162,7.18,68.3,20.4,0,1,0,1
12.46,154,7.76,59.9,11.6,2,1,1,1
3.41,455,8.64,54.5,13.3,0,3,0,1
1.87,117,5.6,99.9,11.0,2,1,1,2
2.22,96,7.25,87.9,4.7,1,1,0,1
13.2,145,11.2,54.4,13.3,2,1,1,1
8.49,48,4.4,69.7,21.5,2,3,0,1
12.2,164,4.13,110.8,22.5,1,1,0,3
8.76,715,1.91,55.6,9.4,0,0,1,0
14.43,579,10.63,71.1,8.1,1,1,0,3
7.91,76,1.71,96.5,21.9,0,2,1,2
10.55,693,8.74,99.8,9.3,1,0,1,4
5.84,232,8.54,101.5,4.3,0,1,1,2
11.15,65,13.56,60.2,14.5,0,1,1,2
10.51,617,5.31,47.9,6.6,1,0,1,1
14.21,274,11.96,103.6,19.2,2,3,0,4
6.4,485,4.92,85.5,16.8,2,2,1,1
9.12,534,1.61,82.4,13.5,2,1,1,2
1.07,455,13.23,40.3,21.6,1,2,0,3
15.42,448,6.75,42.3,4.4,0,0,0,1
13.67,96,11.26,64.8,19.1,2,0,1,2
2.1,643,2.59,75.1,10.9,1,0,0,1
12.16,300,3.62,77.7,4.3,2,2,0,1
11.57,480,6.37,86.7,9.8,1,1,1,2
14.43,396,2.83,87.9,15.7,2,2,1,3
9.99,50,7.36,102.6,11.1,2,0,1,3
11.55,326,7.32,76.1,18.7,1,2,0,2
6.7,281,5.31,54.9,12.7,1,2,1,0
2.1,321,3.51,83.8,12.7,2,2,0,1
17.48,10,5.59,64.2,22.4,2,0,1,1
8.72,569,12.21,38.4,20.6,2,0,1,2
6.79,267,12.67,81.3,16.3,1,1,0,2
12.11,459,5.09,99.7,13.8,0,0,0,3
13.78,145,7.24,48.2,12.3,2,1,0,1
1.39,671,1.36,78.8,11.0,2,1,1,0
11.99,632,4.57,102.8,7.8,0,1,1,3
0.7,170,3.33,49.2,12.9,2,1,1,0
8.7,314,7.25,67.8,17.3,0,1,1,0
15.18,396,13.94,77.1,19.6,1,1,0,3
16.21,661,0.58,77.8,6.7,0,2,0,2
12.64,408,13.98,100.9,18.7,1,1,0,4
0.36,587,2.67,61.4,16.6,2,2,0,1
4.55,9,11.86,75.6,8.5,0,3,1,1
9.34,475,4.88,91.5,9.5,2,2,0,2
13.02,442,7.25,68.8,13.5,0,1,1,2
2.95,698,12.33,49.0,21.4,2,3,0,3
15.05,482,6.77,86.1,21.9,0,1,0,3
17.81,103,11.42,45.9,22.3,2,3,1,3
14.34,294,1.89,62.4,6.7,2,1,0,0
14.17,47,9.28,87.0,13.5,1,2,1,3
14.53,642,13.3,55.5,8.1,2,2,1,3
15.23,196,8.0,55.1,17.7,2,1,0,1
3.6,501,7.26,61.4,18.8,0,2,1,1
6.63,464,13.09,75.3,16.9,1,1,1,2
2.37,26,9.64,55.1,12.6,0,2,1,1
0.79,325,10.7,48.2,22.0,1,3,1,1
4.02,303,6.17,39.2,19.9,2,0,1,0
9.42,41,1.04,90.4,10.3,0,0,1,1
8.11,288,12.12,72.6,12.9,1,1,0,2
0.88,486,9.17,104.2,8.0,0,2,0,4
14.71,102,10.03,89.0,13.5,1,1,0,3
15.13,369,1.38,51.5,13.5,0,0,0,0
11.45,282,10.0,95.3,13.2,1,2,0,4
14.74,23,7.85,82.6,9.0,2,1,1,2
5.61,176,11.86,86.5,15.3,2,1,1,3
8.13,300,3.97,100.8,11.0,0,1,0,1
1.02,716,2.93,51.8,11.7,1,1,0,0
1.55,28,12.5,85.1,13.5,1,1,0,2
10.88,688,5.01,98.1,15.4,1,2,0,4
4.4,538,12.3,60.5,14.9,2,3,1,2
1.84,146,12.99,49.6,7.3,0,3,0,1
17.34,289,7.25,59.3,9.3,0,1,1,2
8.3,66,4.48,104.6,12.6,1,1,1,2
9.47,156,4.91,102.1,9.6,0,3,0,2
17.69,432,9.16,60.1,18.7,1,2,1,2
2.83,680,11.54,68.3,10.7,0,0,1,2
7.49,225,2.18,79.9,21.3,2,1,1,1
5.38,494,1.88,107.6,4.0,1,2,1,3
1.68,639,4.76,110.0,19.6,2,2,1,3
5.39,639,11.07,52.5,16.5,1,1,1,1
14.74,685,12.68,85.6,19.4,0,2,1,4
10.68,249,9.38,97.1,21.4,2,1,0,4
12.58,586,9.54,97.7,21.0,0,2,1,4
13.18,531,3.49,97.5,8.2,1,1,1,3
11.97,576,8.46,83.5,18.9,1,1,0,4
9.3,620,12.37,87.0,19.6,1,1,1,4
11.84,336,8.77,48.1,16.3,1,2,1,2
6.38,309,7.25,64.8,11.4,0,3,1,0
15.37,363,8.97,88.9,13.3,1,1,1,3
6.34,107,9.71,75.1,7.2,2,1,1,2
7.74,119,9.98,85.4,13.5,0,2,0,3
3.42,359,6.9,81.4,8.8,1,2,0,1
16.85,296,13.88,54.6,17.5,1,2,0,3
15.05,450,0.75,64.8,16.3,1,3,1,2
5.52,55,4.85,43.6,6.6,0,0,1,0
11.89,16,6.2,90.7,5.1,2,3,0,2
9.08,460,9.95,94.6,4.8,0,0,0,3
6.77,530,8.65,65.8,18.3,0,1,1,1
12.17,602,10.43,56.6,14.6,1,0,0,2
3.76,386,12.3,106.5,5.6,1,3,0,4
5.05,638,9.21,63.6,13.0,2,0,1,1
1.7,428,2.59,82.8,4.5,2,3,1,0
13.22,707,4.04,94.2,7.6,1,3,0,3
11.2,202,0.87,90.2,13.5,2,2,1,2
17.57,18,5.41,77.0,21.9,0,1,0,2
5.69,49,10.56,68.1,14.4,2,2,1,1
2.14,608,1.51,42.8,18.8,1,2,1,1
9.54,409,9.25,45.9,8.1,0,1,0,1
0.72,223,7.25,94.6,12.6,2,0,1,1
13.24,490,6.04,66.5,5.2,0,1,1,1
2.23,94,1.74,51.2,19.4,0,3,0,0
13.02,253,5.82,86.2,8.5,1,1,0,2
0.71,64,10.59,66.5,21.8,1,0,0,1
1.33,466,3.91,64.4,13.5,0,2,1,1
1.58,312,2.85,95.5,12.7,1,1,1,1
6.66,93,13.89,78.2,18.2,2,2,0,3
9.53,328,5.28,52.5,20.6,2,2,1,1
1.48,632,1.25,75.1,22.0,0,0,1,1
6.91,244,1.35,109.8,22.2,0,2,1,3
11.48,572,3.89,57.8,10.9,1,1,0,2
13.85,493,4.55,107.7,19.8,0,1,1,4
8.52,400,11.84,78.7,17.5,0,1,1,1
11.89,171,1.06,99.5,11.9,1,3,0,2
4.92,481,4.6,59.7,18.6,2,2,1,1
8.07,197,4.92,45.8,13.2,0,0,0,0
17.75,420,11.56,45.9,21.1,2,2,0,3
9.75,132,4.12,68.9,9.2,0,1,0,0
13.23,487,13.09,64.8,22.7,0,1,1,3
3.21,353,6.65,99.2,9.9,0,2,0,2
0.61,572,7.78,77.6,16.1,1,0,0,1
15.26,372,10.9,54.3,19.4,2,2,1,3
13.1,441,4.5,40.2,10.6,2,3,1,0
7.85,80,12.24,42.2,18.2,0,0,1,1
17.85,308,5.8,90.4,6.2,1,3,0,2
7.45,608,3.3,73.0,15.3,0,1,0,1
0.44,240,12.4,52.3,15.7,0,0,0,2
10.4,443,13.92,99.9,21.2,1,2,0,4
6.49,363,13.58,110.5,12.1,0,0,1,4
9.75,659,2.41,43.9,13.8,0,0,1,0
16.76,490,11.46,75.1,13.5,2,1,1,3
17.72,5,7.37,98.8,13.5,1,1,0,3
18.0,487,5.92,84.2,18.1,2,1,1,3
3.26,506,4.82,97.6,19.0,1,0,1,2
15.29,44,9.78,100.0,17.0,2,2,0,4
4.32,11,11.04,109.8,15.0,1,3,1,4
1.04,605,4.62,38.0,17.8,1,1,1,0
14.77,598,4.87,59.3,12.4,0,0,1,1
9.31,617,4.47,102.2,7.2,0,2,1,3
17.93,18,3.02,90.9,14.4,0,0,0,2
1.19,125,9.85,105.0,8.5,0,0,1,3
11.97,587,5.29,62.1,13.5,2,0,0,2
10.54,543,0.64,102.7,19.8,1,3,1,3
12.14,96,9.77,46.6,21.9,2,3,0,2
12.14,380,3.72,59.9,12.4,2,2,1,1
2.22,505,0.7,68.2,19.6,2,3,1,1
14.85,186,4.44,61.9,19.1,0,2,1,1
16.99,472,8.79,101.7,4.7,2,2,1,4
5.48,666,4.6,75.6,4.8,1,0,1,0
2.95,462,13.95,82.5,7.7,1,0,0,2
8.44,145,2.05,61.3,5.8,0,3,1,0
2.84,652,4.72,43.6,11.2,1,0,0,0
5.9,287,12.13,103.2,11.4,1,1,1,3
12.48,254,11.57,43.5,14.1,2,2,1,2
2.14,467,8.5,86.3,20.8,1,2,1,2
7.29,329,1.08,87.4,7.2,2,2,1,1
10.0,313,0.5,59.3,22.4,2,1,0,1
7.21,610,6.48,85.5,13.7,1,0,1,1
4.63,151,8.46,74.6,13.5,2,1,1,0
9.82,393,12.03,53.2,11.0,0,1,0,1
3.3,711,12.2,70.3,15.6,1,2,1,2
7.75,509,2.0,74.9,6.2,2,1,1,0
8.73,210,1.79,75.1,8.6,2,0,1,0
2.41,401,3.1,109.9,13.5,1,0,0,3
6.95,223,4.0,101.3,12.1,2,1,0,2
12.13,232,1.27,63.9,6.2,0,1,1,0
14.58,332,1.28,92.0,20.5,1,2,1,3
13.63,252,12.99,48.0,5.5,1,1,0,1
6.65,689,2.59,75.4,8.3,1,1,0,0
17.75,534,12.44,72.1,16.6,1,1,1,3
7.29,204,3.22,61.7,15.3,2,1,1,0
12.62,92,5.08,57.8,4.1,0,0,1,0
9.13,616,9.62,107.3,22.9,0,1,0,4
8.92,100,5.89,85.1,10.4,1,3,1,1
17.87,520,9.06,83.0,13.2,1,0,1,3
1.74,116,8.39,87.7,5.6,1,2,0,2
9.18,489,8.92,56.6,12.6,0,3,0,1
6.13,632,5.71,80.4,10.9,0,2,1,2
11.06,52,12.53,110.5,13.6,0,3,1,4
16.82,575,6.58,83.4,14.7,2,3,1,3
16.59,710,7.78,63.2,19.1,0,0,0,2
2.06,112,3.95,107.1,22.3,0,2,0,3
15.17,437,2.69,68.4,17.8,1,0,1,2
4.46,77,9.1,85.5,5.5,0,2,1,2
17.57,508,10.77,99.5,13.4,1,2,1,4
2.74,354,1.87,69.0,22.9,1,1,1,0
1.76,182,8.41,84.1,18.8,2,1,1,3
14.56,43,13.32,107.6,18.1,0,2,1,4
17.58,579,7.24,102.0,10.9,2,1,1,4
7.82,351,12.54,53.1,8.5,2,2,0,2
8.19,146,4.71,82.3,21.6,0,2,1,2
5.86,626,2.66,69.9,13.5,2,0,0,1
10.87,573,4.2,64.6,13.5,2,1,0,1
4.07,605,2.61,39.3,4.2,2,1,1,0
10.88,558,9.22,100.6,7.9,1,1,1,4
13.44,559,0.95,103.7,20.5,2,1,0,4
4.22,377,12.32,89.2,5.2,0,2,1,3
1.88,449,9.63,96.6,21.4,2,3,0,4
17.77,23,12.12,43.0,10.1,0,1,1,1
14.73,136,2.29,70.5,6.1,2,1,0,0
0.81,523,9.9,94.8,10.5,2,1,1,3
10.57,504,9.91,109.3,21.8,0,1,1,4
15.18,439,12.86,75.1,16.5,0,3,1,3
9.78,143,6.24,48.3,21.0,0,1,1,0
8.51,138,8.51,87.5,13.0,0,1,0,2
3.47,511,3.62,107.4,15.5,1,2,1,3
17.71,317,12.56,43.9,21.3,0,3,0,3
13.76,270,13.86,75.1,5.7,1,3,1,1
9.62,511,4.88,73.7,19.7,1,1,1,2
12.4,54,6.59,40.0,14.1,0,1,1,0
16.49,320,7.64,60.4,12.1,2,3,1,1
17.1,205,10.04,44.5,8.0,0,1,0,1
11.84,28,8.26,39.5,20.6,1,3,0,1
15.35,247,10.37,81.3,22.0,2,2,0,3
5.88,186,4.68,90.3,10.2,1,1,1,1
16.93,66,5.24,55.7,7.2,0,1,0,0
12.31,155,1.24,40.9,10.1,0,3,1,0
2.75,519,0.83,66.8,13.3,0,1,0,0
0.71,532,5.3,45.6,22.2,0,3,0,1
9.3,88,1.6,95.0,14.2,0,1,1,1
6.46,558,10.53,55.7,20.5,1,2,1,2
17.85,33,3.75,54.8,20.0,1,2,0,1
16.99,432,2.84,77.1,10.9,2,1,1,2
9.46,15,3.22,78.8,9.9,0,3,1,1
17.4,179,7.21,96.4,13.8,0,2,1,3
13.21,439,4.24,101.6,9.7,1,0,0,4
2.88,96,6.15,95.6,8.2,2,1,0,2
3.07,344,4.42,55.7,17.6,0,1,0,0
15.39,613,10.9,58.9,4.5,0,2,1,2
7.8,49,8.75,82.7,5.7,0,3,1,2
5.87,477,0.75,75.1,12.0,2,0,1,1
14.05,663,2.95,104.8,13.6,2,1,0,4
1.17,672,11.31,74.4,8.9,0,1,1,2
14.13,306,2.36,85.6,6.1,0,1,1,1
3.06,574,0.88,52.4,22.8,0,0,0,1
6.22,314,5.73,52.5,12.6,2,2,0,0
11.14,530,1.25,108.8,19.3,1,1,1,4
5.74,13,12.59,55.5,10.0,2,3,1,1
12.78,612,7.42,49.9,21.7,2,1,1,3
6.98,398,8.23,56.0,4.2,1,1,0,0
12.08,474,4.7,75.1,16.8,0,1,1,1
4.99,462,8.87,62.3,6.7,2,2,1,1
17.6,527,12.74,73.9,21.6,1,1,1,3
16.32,325,0.54,58.5,7.5,0,1,0,0
16.66,184,6.58,54.3,11.6,2,0,0,1
9.92,287,11.2,92.4,15.2,0,1,1,3
7.74,184,10.58,105.5,20.2,1,2,1,4
17.89,139,7.18,73.6,5.7,0,2,1,1
17.73,346,8.21,38.5,9.4,2,1,1,1
8.96,691,3.44,111.8,22.8,2,1,1,4
7.74,155,4.6,91.5,11.3,1,3,1,1
6.09,265,13.81,51.2,12.3,0,1,1,1
13.59,316,3.59,82.7,6.8,2,1,1,1
7.04,560,1.5,93.5,20.1,1,1,1,2
9.65,310,1.76,75.0,10.8,2,3,1,1
6.22,98,6.77,72.0,7.6,0,3,0,0
9.71,605,0.96,95.2,19.7,2,1,1,3
17.58,715,5.85,43.7,14.9,1,3,0,2
9.16,553,4.51,82.7,19.2,2,2,1,2
14.93,595,5.32,59.7,15.1,2,2,1,3
2.25,341,12.23,53.1,18.1,2,1,1,1
10.04,573,10.32,75.1,14.9,0,0,1,4
17.81,502,0.77,90.5,21.5,1,0,1,3
9.11,168,12.93,73.5,6.3,1,2,1,1
7.43,646,7.42,76.1,16.3,1,1,1,1
13.83,275,0.74,72.2,21.0,1,2,1,2
13.81,706,8.89,90.9,12.0,0,3,0,4
15.96,236,9.85,49.5,11.3,2,1,0,1
17.86,564,8.02,84.4,23.0,0,1,1,3
3.66,664,11.17,90.0,12.0,1,2,1,3
12.87,105,11.66,88.9,13.9,1,2,1,3
12.1,93,9.02,82.3,9.2,2,1,0,2
12.42,316,10.74,78.6,17.0,0,2,0,3
3.3,674,4.91,52.8,22.9,0,1,0,1
13.4,438,2.64,90.8,10.3,2,2,1,3
10.81,42,3.83,54.0,13.1,1,1,1,0
17.65,600,7.24,106.1,13.2,0,1,1,4
12.83,55,5.72,71.5,13.5,1,1,1,0
13.31,565,4.77,79.3,17.7,1,1,1,2
10.38,162,1.57,100.0,15.8,2,1,1,2
3.48,100,7.25,90.4,15.9,2,2,1,2
3.65,125,9.89,45.3,20.9,1,2,1,1
15.48,598,3.4,44.7,20.8,1,3,0,3
8.21,613,7.98,69.1,19.1,2,1,1,1
7.09,524,13.49,75.1,12.9,1,1,0,1
12.73,529,3.02,88.9,18.1,2,0,0,3
8.57,352,5.1,78.2,21.8,2,3,1,2
15.97,6,12.12,50.3,20.9,0,2,0,2
9.75,552,2.35,107.1,19.9,1,1,0,3
3.04,512,2.13,49.8,6.6,1,1,0,0
1.24,73,4.42,71.6,5.6,1,2,0,0
5.74,623,6.33,90.3,11.2,0,2,1,2
8.0,96,7.25,48.9,17.3,0,3,0,0
1.8,154,5.81,70.6,4.6,1,2,1,0
11.48,457,11.07,80.8,13.5,0,1,0,3
13.85,485,3.65,58.0,18.7,0,3,0,2
5.11,253,11.39,77.4,21.5,2,0,1,1
11.39,316,7.99,55.4,17.8,1,1,1,1
0.5,615,4.13,71.2,18.9,1,3,1,1
16.27,119,11.54,44.4,5.6,0,3,1,1
2.14,157,1.29,86.0,21.0,2,2,1,1
11.79,664,13.72,78.3,8.5,1,2,1,3
2.74,115,8.33,58.5,16.4,1,2,0,0
13.82,140,10.04,111.9,6.9,1,2,0,4
6.34,345,4.77,80.1,17.5,2,2,1,1
0.88,629,6.07,82.6,14.3,0,2,0,2
11.5,325,5.58,44.6,11.9,0,1,1,1
13.94,513,7.47,63.0,8.6,2,2,1,2
16.23,34,4.02,71.9,18.0,1,2,1,1
16.37,699,5.46,93.6,14.2,0,2,0,3
10.31,242,9.7,82.2,13.4,2,1,1,2
10.64,330,11.11,111.4,10.7,0,0,1,4
3.59,696,3.0,67.1,5.3,0,3,1,0
6.4,167,5.17,103.2,8.8,1,0,0,2
3.21,439,11.93,74.1,10.2,0,0,0,1
3.7,453,9.45,82.6,14.4,1,0,1,2
11.94,332,6.42,103.2,18.9,0,3,1,3
16.43,156,13.21,101.8,21.3,1,2,1,4
13.08,79,1.49,47.8,14.3,1,3,1,0
9.32,295,11.1,50.9,15.8,0,1,0,2
14.02,317,13.69,64.3,6.8,1,2,1,1
14.61,461,0.6,45.6,19.0,0,0,1,1
12.33,694,0.81,110.4,12.2,1,1,1,3
15.12,569,8.37,75.1,4.4,2,1,1,2
13.48,393,7.15,103.8,19.1,0,1,0,3
9.66,40,2.4,40.9,21.0,1,2,0,1
1.21,60,7.2,44.8,22.8,0,0,1,1
13.1,595,12.84,50.9,9.2,0,3,1,3
4.99,430,5.6,88.3,15.4,0,3,1,2
10.53,560,3.12,41.5,20.4,0,3,1,1
11.55,449,5.88,69.1,18.9,1,2,1,2
12.53,448,12.96,99.3,16.2,1,1,0,4
12.27,181,13.16,81.7,11.6,2,0,1,2
5.77,324,7.64,81.1,9.8,0,1,0,1
3.85,714,7.16,84.7,19.8,2,3,1,2
1.53,103,11.47,75.1,8.1,2,3,1,0
10.49,6,7.25,40.3,14.3,2,3,1,1
10.53,272,8.54,92.1,8.4,2,1,1,3
5.84,510,8.17,105.8,17.0,1,2,1,4
3.92,160,6.37,96.1,18.6,0,1,1,2
15.88,638,9.63,82.8,13.7,2,1,0,4
16.96,374,7.7,74.6,8.2,1,1,1,1
7.89,17,7.53,98.9,16.9,1,1,0,2
15.44,60,3.6,75.5,7.7,0,3,1,1
15.78,644,4.35,82.2,9.7,0,2,0,3
4.67,350,8.52,103.5,19.3,1,3,0,3
16.42,175,8.65,68.3,9.5,0,2,1,1
8.1,7,13.64,91.0,21.8,2,2,1,4
4.6,688,12.01,100.0,8.4,1,2,0,4
3.83,179,4.59,48.3,8.2,2,1,1,0
13.14,48,11.37,69.5,16.4,1,1,1,2
14.52,532,7.25,75.1,6.7,2,2,1,3
10.72,61,13.14,50.4,22.2,1,2,0,2
11.13,629,1.3,67.6,4.1,0,2,0,1
7.37,345,5.67,79.2,13.0,1,1,1,1
9.58,21,7.63,80.3,9.4,2,2,0,2
3.68,221,12.2,106.0,6.9,0,0,0,3
2.48,560,8.95,74.4,4.0,2,1,1,0
14.64,106,13.19,66.3,16.4,0,1,1,2
4.94,194,6.84,38.3,18.6,0,1,0,0
16.79,662,10.21,90.1,19.4,0,1,1,4
16.02,697,1.8,85.9,15.6,2,1,1,3
1.49,62,4.45,64.4,18.5,0,3,0,0
7.34,524,7.44,66.3,20.7,1,2,1,2
9.16,371,10.34,54.4,9.0,1,1,1,0
3.94,426,1.85,109.5,18.7,2,2,1,3
7.51,224,8.18,43.1,10.6,0,0,1,0
1.32,186,10.76,64.8,18.6,0,2,0,1
5.58,382,7.57,87.4,6.8,1,2,0,1
6.96,76,8.98,78.7,13.7,2,3,0,1
8.3,606,1.61,101.7,14.1,1,1,1,3
13.72,656,11.52,94.6,9.2,0,0,1,4
4.77,627,4.27,73.5,21.9,1,1,1,1
12.0,648,10.95,96.8,14.4,2,2,0,4
14.73,258,12.74,47.1,11.0,1,2,1,2
8.99,76,11.23,101.4,8.1,1,0,0,4
13.36,307,4.38,54.5,17.7,1,1,0,0
11.09,18,1.02,48.8,18.5,1,1,1,0
3.07,82,12.35,45.4,6.0,2,1,1,0
8.59,43,8.67,86.7,9.0,0,2,0,2
9.18,288,4.57,45.5,15.9,2,3,1,1
14.23,690,8.91,107.6,16.5,1,0,0,4
2.12,654,12.38,109.7,7.5,1,2,1,4
16.8,72,13.92,58.5,8.5,2,1,1,2
0.62,276,5.47,97.0,16.3,2,2,0,3
4.6,561,12.81,74.2,21.4,0,2,0,3
14.22,590,3.97,90.4,19.3,0,1,1,3
5.32,350,9.84,46.0,8.8,0,0,0,0
15.87,518,4.38,87.7,21.3,1,0,1,2
1.82,401,4.85,57.3,18.5,1,1,1,0
7.27,299,9.15,51.9,16.9,1,1,1,1
10.97,606,0.57,70.0,19.0,0,3,1,2
2.3,275,12.26,81.1,9.7,0,0,1,1
1.3,110,7.76,41.2,22.0,2,0,0,0
0.82,535,7.6,88.0,8.6,0,0,0,0
16.44,352,3.89,71.2,16.0,2,3,1,2
8.6,630,8.94,44.1,21.7,1,1,1,2
6.63,257,3.4,77.4,12.8,0,0,1,0
12.06,98,12.46,39.6,5.2,0,1,0,1
10.14,697,1.62,67.4,7.8,2,1,1,1
3.03,687,10.05,74.2,12.6,1,2,1,2
15.82,294,3.5,44.5,22.4,0,0,1,1
17.25,369,2.16,111.6,14.6,0,3,1,4
0.94,214,8.21,55.1,7.6,1,1,0,0
16.39,628,8.79,91.3,7.6,0,2,0,4
8.22,297,10.88,87.0,13.9,0,2,0,3
5.7,301,2.07,44.4,9.2,2,1,1,0
6.88,491,0.55,109.0,16.0,0,0,1,3
11.32,540,7.15,48.9,18.6,1,2,1,2
1.78,690,4.59,66.0,11.9,0,3,1,0
2.07,311,1.83,40.6,7.4,0,0,0,0
12.43,607,11.12,43.8,15.6,0,0,1,2
13.28,258,4.4,75.1,21.1,1,1,1,3
16.84,557,6.9,64.4,19.7,1,2,1,3
9.14,593,3.64,105.2,7.1,0,2,1,3
5.7,20,4.7,46.7,5.8,1,2,1,0
6.26,579,3.43,50.0,5.3,2,2,1,0
7.53,118,2.46,108.0,17.2,1,2,1,3
12.23,337,10.64,62.1,16.1,0,1,0,1
8.87,373,4.9,75.1,15.8,0,1,1,2
1.84,390,12.78,76.9,18.9,0,2,0,2
16.26,119,7.25,97.7,11.7,0,2,0,3
7.85,376,11.74,50.3,17.1,1,3,0,3
10.89,499,1.35,97.6,18.8,1,0,1,3
2.78,289,5.4,68.2,18.0,2,0,1,1
17.67,169,1.64,59.9,21.3,0,3,1,1
1.35,93,4.82,101.2,14.0,0,1,1,1
10.04,133,8.75,67.4,10.1,1,1,1,0
9.47,475,6.23,69.0,6.1,0,0,0,1
0.56,491,13.52,76.7,13.5,0,1,1,2
16.06,330,0.72,65.3,13.5,2,1,1,1
5.38,718,12.33,92.2,5.8,1,1,0,3
17.7,684,10.09,40.7,6.8,1,3,0,3
4.5,414,2.51,60.2,8.7,1,1,1,0
5.84,127,6.39,61.5,17.6,1,0,1,0
9.8,416,0.83,81.5,17.2,2,3,1,2
2.4,30,11.9,68.3,5.5,1,1,1,0
11.83,527,10.2,68.8,12.4,1,2,0,3
7.08,422,8.83,64.0,13.6,1,1,0,1
16.65,132,11.86,77.6,22.8,2,3,0,3
13.3,434,9.34,65.4,7.9,0,0,0,2
5.35,50,7.25,57.9,8.9,1,1,0,0
15.97,501,13.95,48.2,17.7,0,2,1,3
12.62,534,2.28,102.5,6.6,0,2,1,3
11.13,502,5.33,94.8,12.6,2,1,0,3
16.32,622,6.69,54.6,22.1,1,1,1,2
8.75,515,7.11,102.7,10.7,0,1,1,2
8.07,286,4.34,66.1,11.8,0,2,1,0
13.16,147,11.27,87.7,21.3,1,1,0,3
11.17,56,6.52,107.0,10.1,2,2,1,3
4.51,246,0.75,87.8,22.7,2,3,1,2
0.99,17,4.37,75.1,13.5,1,1,0,0
7.94,212,6.86,83.6,9.4,2,1,1,1
4.36,92,5.92,58.4,7.2,1,1,1,0
3.12,539,6.17,67.6,15.1,0,0,0,1
0.75,442,12.78,83.1,10.5,1,1,1,3
4.58,641,10.56,96.5,8.3,0,2,1,4
0.75,139,11.51,91.7,9.3,1,2,1,2
15.89,545,8.04,47.4,19.8,0,1,0,3
9.96,424,7.84,75.2,18.3,2,2,1,2
17.19,470,4.17,95.4,12.4,1,1,0,3
5.69,211,10.32,106.8,12.0,0,1,1,3
6.96,119,10.95,92.6,5.1,0,0,0,3
16.55,332,6.29,68.1,22.2,2,1,1,2
1.36,325,9.4,44.8,9.1,2,1,0,0
14.5,371,2.23,88.0,14.6,0,2,1,2
4.64,79,13.51,85.2,7.5,0,2,0,3
4.33,173,12.09,85.8,21.0,0,1,1,3
4.08,421,13.58,54.6,11.0,0,2,1,2
5.0,123,11.08,74.6,21.4,2,2,1,3
6.59,35,0.86,48.9,18.1,0,0,1,0
6.42,94,12.07,83.3,17.6,0,2,1,3
15.38,375,10.07,50.8,12.9,1,2,1,2
2.27,179,4.06,94.8,5.2,0,2,1,1
17.44,638,9.12,75.1,15.8,0,3,1,2
6.15,351,7.57,81.3,19.3,1,3,1,2
2.14,76,9.64,58.0,18.3,2,2,1,1
9.5,120,3.83,72.4,20.2,2,1,1,1
12.68,82,3.77,48.9,6.0,2,1,1,0
14.37,583,8.28,75.6,14.8,1,1,1,2
11.67,450,5.41,60.3,22.8,0,1,1,1
10.92,631,8.47,94.3,4.7,1,1,1,3
1.33,702,9.37,47.6,14.5,2,2,1,1
10.15,464,8.31,80.9,16.6,0,1,0,2
1.66,460,5.57,75.5,12.2,0,1,0,0
2.3,234,3.18,71.1,8.8,1,3,0,0
12.17,375,12.06,109.1,18.7,1,2,1,4
10.72,319,12.65,85.7,6.1,2,3,0,3
3.21,54,4.16,99.3,5.0,0,0,0,0
8.26,477,7.54,38.7,8.9,1,1,1,0
4.17,626,11.59,41.5,11.3,2,3,1,2
15.38,145,9.86,52.4,22.8,0,1,0,1
17.29,452,11.72,102.2,17.8,0,1,1,4
2.96,112,7.62,54.4,7.0,0,1,1,0
9.78,431,9.33,55.8,7.4,2,2,0,1
9.07,579,1.72,83.3,17.3,0,1,1,2
4.39,10,5.27,71.2,21.8,1,2,1,0
1.51,352,10.82,44.7,14.0,0,1,1,0
0.95,220,6.83,76.4,6.6,0,3,1,0
8.13,585,9.0,61.9,7.4,1,2,0,1
5.8,42,10.74,53.6,13.6,0,1,1,0
7.08,66,1.91,62.5,14.0,1,1,1,0
5.67,262,6.15,57.2,10.0,1,3,1,0
7.01,672,8.79,72.6,14.3,0,3,0,2
11.58,568,2.66,39.0,22.2,2,0,1,2
9.17,328,8.5,85.6,16.3,1,2,0,2
12.71,514,3.03,43.9,4.9,2,1,1,1
10.75,130,4.93,93.6,11.3,1,3,0,2
1.89,494,4.27,105.9,12.4,1,1,1,2
12.64,39,3.1,51.5,16.6,1,1,1,0
6.61,675,2.81,64.5,4.8,0,3,0,0
12.99,39,4.51,85.3,6.3,0,2,1,1
11.49,66,11.12,42.3,4.3,0,3,1,0
5.12,429,2.38,62.8,22.8,0,1,1,0
11.24,294,5.06,85.6,18.2,0,2,0,2
9.21,384,4.23,104.5,13.5,1,3,0,3
6.29,173,10.79,74.5,13.5,1,2,1,1
0.77,185,4.49,58.6,5.0,1,2,0,0
2.28,578,11.42,93.3,12.9,2,1,0,3
10.78,114,2.32,78.6,8.8,0,0,1,0
13.9,238,5.9,62.5,6.2,1,2,0,0
15.27,214,0.53,81.3,17.5,0,1,0,1
2.84,714,10.08,46.8,17.7,1,3,1,2
14.7,359,4.93,63.7,19.3,1,1,1,1
12.64,360,8.66,46.5,15.3,0,1,1,0
10.45,159,13.29,96.6,15.0,1,2,1,4
17.82,619,5.31,68.9,7.8,0,2,0,2
14.64,133,13.2,69.7,7.3,0,1,1,1
2.5,59,4.14,111.1,17.5,1,3,1,2
16.23,668,10.08,97.1,17.4,0,2,0,4
7.04,547,13.23,70.7,18.2,1,2,1,3
15.81,206,8.05,39.0,11.2,0,0,0,1
14.93,556,2.31,43.9,21.8,2,1,1,2
2.99,164,9.52,58.1,7.3,0,0,1,0
11.08,558,12.25,60.8,13.6,0,0,1,2
13.95,533,8.24,101.5,4.7,0,1,0,4
9.42,636,4.98,39.9,4.5,1,2,1,1
9.94,686,1.45,110.3,8.8,1,1,1,3
11.64,605,7.28,54.9,18.4,1,3,1,2
8.17,598,13.02,67.1,17.2,1,3,1,2
14.52,661,11.13,42.2,5.1,0,3,0,3
4.0,218,2.74,45.6,16.2,2,0,0,0
6.18,410,3.42,86.2,11.7,0,1,1,1
7.61,290,1.74,71.8,21.0,0,3,1,1
11.7,335,9.39,49.9,19.6,0,1,1,0
3.8,380,7.25,39.5,12.9,0,1,0,0
4.4,187,6.26,90.0,13.6,0,1,1,1
2.34,203,12.44,80.6,7.6,1,3,1,1
6.47,366,2.2,57.6,15.6,2,1,0,1
11.31,582,6.9,104.4,6.3,2,3,1,4
14.43,360,6.84,44.4,19.4,2,1,1,1
0.97,93,4.49,47.6,16.4,0,0,1,0
12.92,371,9.89,45.5,19.1,0,1,0,2
5.68,388,6.31,40.9,19.4,0,1,0,0
1.32,253,1.2,52.4,19.1,1,0,1,0
16.93,53,9.95,42.1,18.4,0,0,0,2
3.34,263,3.16,75.1,21.5,1,3,0,1
5.09,166,2.8,50.9,10.8,0,2,1,0
17.33,705,7.11,45.7,11.3,2,3,1,2
0.3,615,6.84,50.3,5.4,0,3,0,0
11.73,502,13.12,46.8,14.4,0,3,0,3
14.45,15,13.23,63.8,16.9,0,2,1,2
0.49,609,12.47,59.2,16.7,0,0,1,2
4.82,628,10.1,63.0,22.9,1,2,0,2
2.73,461,13.89,43.6,8.3,1,3,0,2
12.27,456,10.17,49.9,8.1,2,3,1,2
4.46,694,10.78,101.4,18.4,2,0,1,4
8.26,593,12.71,68.6,17.9,1,0,1,2
3.27,308,10.45,56.6,17.8,1,0,0,0
15.95,200,12.39,59.9,22.9,2,2,1,2
16.12,549,11.13,98.6,7.8,1,1,1,4
17.63,451,12.03,80.0,12.9,0,1,0,3
4.38,455,9.52,74.3,20.2,0,1,1,2
7.04,457,11.75,87.8,9.0,1,0,1,3
10.35,338,11.01,63.9,6.1,0,2,1,0
13.35,352,11.98,46.0,17.4,1,1,1,2
3.12,709,1.09,53.7,20.9,0,3,0,1
7.78,176,1.75,67.5,15.3,1,2,1,0
15.77,682,3.9,84.9,7.2,2,1,1,3
8.33,78,2.02,100.8,6.5,1,2,0,1
3.55,81,4.21,85.8,13.5,0,3,1,0
16.02,302,12.29,101.6,12.0,1,2,0,4
15.05,127,9.92,62.3,19.7,0,0,1,2
0.38,617,12.67,75.1,20.3,1,1,0,4
0.37,418,3.95,73.8,22.3,0,0,1,1
14.69,170,12.84,67.2,15.1,0,1,1,2
7.64,610,7.23,49.7,18.6,0,2,1,1
6.06,208,3.29,108.1,17.9,0,3,1,3
4.26,325,10.0,103.4,6.6,0,1,1,3
7.56,112,3.54,59.3,9.0,1,1,1,0
6.24,676,2.32,76.0,20.7,0,0,1,1
1.14,630,10.19,58.8,13.1,0,1,1,0
11.42,662,10.9,43.6,10.1,0,1,1,2
2.47,192,2.19,78.9,4.4,2,3,1,0
0.75,281,8.93,83.9,22.2,1,3,1,2
9.39,174,3.58,53.1,16.0,1,1,0,1
16.17,551,7.5,52.4,13.5,0,1,0,2
6.2,30,4.25,53.6,18.7,0,1,1,0
2.34,112,0.6,89.4,15.0,1,1,1,0
11.73,530,3.52,52.4,15.6,0,1,0,1
11.62,522,1.92,42.7,12.4,0,1,1,1
8.57,354,0.61,80.7,9.6,1,1,1,0
8.98,283,4.55,79.6,22.6,1,1,1,1
14.49,143,7.09,83.2,21.7,1,0,0,2
2.81,599,4.66,53.2,10.9,0,2,1,0
16.02,17,13.19,52.0,18.1,0,1,0,2
6.4,14,8.24,64.4,19.7,1,1,1,0
3.39,23,4.18,98.3,17.6,2,2,0,2
11.51,617,3.95,50.9,22.1,1,3,0,2
11.2,448,4.1,91.3,17.1,1,3,0,3
10.05,407,5.35,86.9,22.9,1,0,1,2
0.87,152,6.5,76.7,7.5,0,1,1,0
6.19,625,1.21,86.4,19.5,2,1,1,2
12.49,465,12.44,100.8,17.6,0,0,1,4
17.69,137,1.77,96.9,9.2,1,1,0,2
0.76,515,8.61,102.0,21.8,0,1,1,3
7.29,14,10.33,41.4,15.6,2,0,1,1
13.75,69,3.78,111.4,9.7,0,3,0,3
14.55,21,7.67,57.0,19.6,1,1,1,1
8.92,576,7.25,107.9,18.0,0,1,0,3
16.35,242,1.06,48.6,15.8,2,1,0,1
12.83,477,3.83,88.2,9.6,0,0,1,2
3.29,596,10.16,91.3,5.8,1,0,1,2
5.98,338,6.33,85.3,9.5,0,0,1,1
11.8,507,7.47,89.9,19.1,1,1,1,3
12.63,469,9.47,84.6,19.7,1,2,1,4
6.3,457,0.83,88.8,18.7,0,3,1,2
1.26,585,3.83,97.8,8.6,0,3,1,2
0.38,372,2.3,106.7,7.5,2,0,1,2
11.98,390,4.42,65.9,13.4,0,2,1,1
12.74,482,5.89,77.2,9.9,0,3,1,2
11.93,87,8.68,75.9,16.5,2,1,1,2
14.9,43,4.07,54.9,14.5,2,1,1,1
8.89,578,1.89,73.8,14.8,1,3,1,1
12.1,64,11.59,57.5,17.9,1,1,1,1
2.6,322,9.06,50.1,10.9,2,1,1,1
7.4,431,5.45,81.7,20.5,2,1,1,2
4.27,101,7.25,109.5,19.8,0,2,1,4
11.94,415,5.79,57.5,16.8,0,0,0,1
13.06,521,6.85,74.9,17.7,2,3,1,3
1.25,330,12.86,48.1,18.0,0,2,0,1
3.62,672,4.06,59.3,6.8,1,1,1,0
12.8,535,1.82,86.9,6.1,0,1,1,1
11.83,714,7.33,94.0,20.4,2,3,1,4
16.2,672,5.85,102.5,11.3,0,2,1,4
3.39,178,13.8,57.3,16.9,0,3,1,1
13.19,75,9.28,75.6,8.5,1,2,1,1
12.97,371,3.92,89.6,9.7,2,2,1,2
0.93,424,10.69,52.9,21.8,0,1,1,1
17.99,513,6.4,63.4,11.4,0,3,1,2
2.05,705,12.58,72.7,4.9,0,0,0,1
3.2,253,8.32,74.1,8.9,2,2,0,1
13.38,504,3.65,54.4,21.3,1,1,1,2
1.26,152,11.37,111.9,17.8,0,2,1,4
15.72,188,10.97,98.0,4.3,2,3,1,3
16.41,105,12.69,43.9,5.1,0,0,0,1
17.35,167,6.84,99.9,21.3,0,2,1,3
15.27,651,10.08,57.4,21.8,1,3,1,3
1.59,55,10.43,71.1,15.3,2,2,1,1
1.7,695,7.18,91.4,22.4,0,2,0,3
4.21,620,8.61,99.2,16.2,0,1,1,3
1.59,438,12.55,67.2,7.9,2,1,1,1
10.84,485,5.71,72.9,9.2,0,0,0,1
12.95,407,2.69,82.5,20.1,2,1,0,3
2.21,363,13.74,45.5,11.3,0,3,0,1
14.05,363,1.01,62.2,15.5,1,2,1,0
13.6,119,12.35,82.8,18.6,2,3,1,3
12.63,124,2.08,47.6,13.1,0,1,1,0
12.31,397,3.69,97.2,4.4,0,1,1,2
16.77,120,5.45,75.6,17.4,1,2,0,1
16.68,166,13.13,63.5,21.5,0,1,1,3
13.26,355,0.7,60.9,13.5,1,0,1,0
16.85,47,8.95,86.0,5.2,2,3,1,3
1.73,488,3.18,72.0,10.2,0,2,1,0
9.48,122,4.65,89.6,4.4,0,3,1,1
8.83,514,11.4,95.7,10.0,1,1,0,3
17.15,440,3.82,89.4,5.8,2,0,1,3
2.68,257,10.99,71.2,22.0,1,1,0,1
16.55,653,12.68,97.5,22.6,0,2,1,4
6.47,279,4.94,95.0,6.3,0,2,1,2
12.15,485,3.31,49.9,20.0,2,3,0,2
9.33,408,4.02,45.4,17.2,0,2,0,1
16.02,183,5.59,39.7,22.0,0,1,1,1
1.26,11,3.26,87.9,7.1,1,2,1,0
12.53,386,8.66,76.9,14.3,1,3,1,2
10.03,371,13.5,57.9,8.2,0,2,1,2
7.56,171,7.81,91.0,20.4,0,2,1,2
13.64,70,13.8,94.7,15.0,1,3,1,4
14.03,318,12.62,110.7,7.8,1,2,1,4
15.45,330,13.27,96.5,20.9,0,1,0,4
12.25,359,9.39,71.0,14.6,1,0,0,2
5.74,29,7.37,62.5,16.3,1,3,1,0
15.7,81,1.36,46.7,13.5,1,1,0,1
6.91,600,6.49,105.2,10.6,1,1,1,2
7.37,495,1.06,82.0,17.1,0,1,1,1
15.1,683,1.09,92.2,7.4,0,0,1,3
5.49,109,10.5,39.4,9.7,0,2,1,0
8.63,641,8.51,51.6,20.4,0,2,0,2
8.26,128,1.7,46.6,5.2,0,0,1,0
17.72,459,7.25,83.9,9.5,1,2,0,3
3.13,345,11.06,62.6,22.2,1,3,1,1
6.29,651,12.57,107.0,16.3,0,1,1,4
11.91,225,13.57,111.7,18.5,2,1,1,4
0.34,252,8.71,94.0,12.1,0,1,1,2
12.1,188,12.02,111.0,6.1,0,0,1,4
1.2,597,2.67,55.3,20.5,1,1,1,0
13.86,413,4.62,111.8,9.4,1,2,1,3
1.36,151,12.88,38.5,17.7,0,0,0,1
4.33,93,0.53,87.9,21.6,1,1,1,1
5.43,16,8.39,81.3,20.2,2,1,1,2
17.85,586,1.44,65.3,13.5,0,1,0,1
10.21,482,7.25,52.7,7.9,2,0,1,0
6.21,104,11.6,109.9,11.7,1,2,1,4
5.84,103,9.76,56.4,8.9,0,1,1,0
14.77,53,2.17,67.6,9.5,0,2,1,1
11.4,175,0.58,59.1,23.0,0,0,1,0
8.52,37,12.79,57.8,22.7,1,2,1,3
10.12,522,8.35,103.4,17.8,1,1,0,4
13.3,490,7.35,74.6,13.0,0,1,0,3
16.63,548,7.25,52.8,10.8,2,2,1,2
14.91,578,6.86,96.5,21.4,0,1,0,4
8.87,611,7.67,103.7,17.6,1,0,0,3
16.54,435,0.62,72.2,20.5,0,3,0,2
4.16,619,5.38,102.4,21.1,0,2,0,3
5.91,145,1.2,93.6,6.1,2,2,0,2
8.52,529,11.78,44.3,7.7,0,1,0,2
7.92,78,10.12,73.1,4.2,1,1,0,0
12.62,625,12.05,94.8,20.7,1,2,1,4
17.4,627,7.46,88.9,15.4,0,1,0,3
17.68,139,7.11,93.9,15.3,2,1,1,2
12.71,434,12.92,96.4,15.2,0,0,1,4
10.39,586,4.02,97.8,16.3,1,1,1,3
10.51,419,8.29,89.4,8.4,0,3,1,3
17.22,365,10.2,84.6,8.0,0,0,0,3
1.0,595,4.7,80.9,6.5,0,1,0,0
2.57,496,13.06,99.5,6.9,2,2,0,4
17.33,87,1.69,54.7,19.1,2,2,1,1
13.1,572,4.49,79.4,9.0,1,1,1,2
4.71,454,6.02,61.0,6.4,1,2,1,0
1.91,236,5.66,64.1,12.6,1,1,1,0
8.6,109,5.88,97.5,7.9,2,0,0,2
17.28,53,7.08,75.2,18.7,1,2,1,2
8.28,177,13.17,75.1,15.6,0,3,0,2
12.81,671,1.36,84.1,4.6,0,3,0,2
13.14,326,4.99,111.2,11.3,1,2,1,3
14.51,186,8.9,70.8,21.3,0,1,1,1
7.71,340,11.93,57.0,16.3,0,1,1,2
11.34,659,8.43,44.4,13.7,1,2,1,2
11.38,66,12.87,45.5,13.5,1,1,1,2
9.95,466,2.76,80.7,15.8,0,1,0,1
13.84,657,8.7,47.5,21.2,2,1,0,3
10.48,620,13.84,44.1,17.7,1,0,1,3
1.74,28,4.25,92.1,14.8,1,2,1,1
15.69,652,1.56,71.8,14.7,1,1,1,1
8.79,271,10.16,104.2,8.9,0,1,1,3
11.77,253,11.66,84.6,8.6,2,2,1,3
1.86,14,11.39,101.0,11.2,0,1,0,2
15.01,492,8.63,73.1,7.0,0,1,0,2
17.49,161,2.18,66.5,4.0,0,2,1,0
9.78,285,10.44,86.7,21.9,2,1,1,3
2.44,22,12.88,108.4,10.9,0,1,1,3
8.15,66,1.31,74.9,16.5,0,2,1,1
12.74,619,10.64,103.6,7.0,2,0,0,4
10.06,694,13.67,85.0,11.0,0,2,0,4
3.95,508,12.78,54.6,17.1,2,1,0,2
8.96,354,11.31,65.7,21.0,1,2,0,2
5.86,670,6.85,63.1,22.7,2,1,1,2
9.94,222,13.38,71.1,20.8,0,1,0,3
14.66,513,13.08,75.9,21.4,2,0,0,4
0.73,239,11.76,48.8,18.9,1,1,1,1
1.66,14,9.38,45.2,18.2,2,2,0,0
9.79,179,12.15,96.4,6.0,1,3,1,3
14.71,594,12.98,44.1,13.9,1,1,0,2
5.61,337,10.33,97.7,7.2,1,1,1,3
11.55,690,5.9,85.3,6.8,0,2,1,3
12.14,368,2.61,78.5,14.7,0,1,1,1
18.0,676,12.91,56.0,13.0,1,2,1,3
2.47,189,6.58,81.9,22.7,1,0,0,1
7.82,274,5.48,65.2,10.5,2,3,0,0
14.87,7,7.25,106.4,7.5,1,0,0,4
9.92,350,13.65,49.3,21.8,0,0,0,2
16.4,261,7.66,81.8,13.1,1,1,0,2
5.52,404,0.97,85.3,11.1,1,0,1,1
11.29,218,10.48,100.3,15.6,0,1,0,3
8.43,584,12.44,92.8,20.4,0,1,0,4
4.16,397,6.24,93.6,9.9,2,1,1,1
6.7,702,5.37,47.5,5.0,0,0,1,1
16.73,718,2.44,88.4,21.2,2,3,1,4
10.17,42,8.3,58.3,10.7,1,3,0,1
7.77,471,7.25,65.0,16.0,0,1,1,1
10.58,445,11.61,41.1,8.3,2,1,1,2
11.43,411,3.88,51.1,21.4,1,1,1,1
7.75,334,7.25,39.6,8.9,1,1,0,1
7.21,326,12.67,76.1,5.8,2,1,1,1
3.7,714,6.4,93.1,12.0,1,3,0,2
9.15,509,5.86,40.0,5.3,1,0,0,1
1.68,343,11.51,108.6,18.1,1,1,1,4
0.38,57,3.1,42.4,8.0,1,3,1,0
15.85,498,7.87,80.0,9.9,0,1,0,2
4.77,43,5.5,78.3,6.6,1,2,1,0
14.49,294,12.49,59.2,20.2,2,1,0,3
10.66,18,4.67,64.0,5.1,0,0,1,0
4.86,276,3.81,43.8,14.8,1,3,1,0
1.89,624,9.67,96.9,14.4,0,1,0,3
4.99,550,4.95,48.6,20.2,1,2,0,1
5.94,295,4.62,54.3,6.8,0,1,1,0
12.28,293,10.78,56.2,4.5,0,1,1,0
3.02,287,10.44,65.3,9.1,1,3,1,0
13.42,241,4.13,77.6,18.2,0,1,0,1
13.32,319,12.03,91.6,8.0,1,0,1,3
15.4,633,2.13,102.6,15.2,1,0,0,4
12.58,254,2.47,97.5,8.7,0,2,1,2
16.27,199,12.45,49.5,13.8,0,2,0,2
15.34,252,2.99,83.2,14.0,1,2,1,2
1.5,432,7.62,61.2,8.5,0,3,1,0
17.7,615,13.11,41.6,10.7,1,0,1,3
15.51,351,9.86,93.5,5.1,0,1,1,3
8.27,233,7.19,83.0,16.1,0,1,1,1
15.05,85,12.42,67.1,17.5,2,1,1,2
17.84,606,13.77,49.8,16.2,1,0,1,3
1.35,93,11.7,69.8,12.3,0,2,1,1
17.66,362,13.95,83.7,13.5,1,0,1,3
12.75,623,12.66,45.8,16.2,1,1,0,3
7.47,24,3.76,58.2,10.7,0,2,1,0
17.69,638,11.6,93.9,21.0,0,2,1,4
14.1,404,2.01,99.2,13.5,1,2,1,3
6.39,401,6.15,88.1,8.5,1,0,0,1
10.94,398,4.32,61.6,6.7,2,1,1,0
15.03,382,9.64,78.2,20.8,2,1,1,2
8.56,431,12.02,42.9,22.9,1,0,0,1
4.11,617,12.02,65.7,18.3,0,2,1,2
13.62,338,2.56,103.7,13.8,0,1,1,3
7.46,422,5.87,82.3,4.4,0,1,0,1
8.35,354,4.72,89.2,7.1,0,3,1,2
11.05,102,2.18,60.7,16.5,0,0,1,0
2.38,534,3.15,89.4,18.4,0,1,1,1
4.34,246,13.28,85.7,4.8,2,0,1,3
12.37,218,5.69,42.4,11.8,0,2,1,0
4.91,490,4.05,63.4,6.4,0,1,0,0
12.37,198,1.96,70.1,10.6,1,1,1,0
13.8,445,8.44,101.5,10.9,0,2,1,4
13.1,373,12.91,76.6,9.8,0,1,1,2
15.68,302,13.08,69.5,14.8,1,1,0,2
9.02,326,1.18,46.8,10.4,0,1,0,0
12.24,453,6.79,59.8,15.4,2,1,1,2
1.67,110,6.19,75.1,5.4,1,2,1,0
8.99,58,12.99,49.4,19.8,2,2,1,2
0.7,81,8.43,55.1,17.4,2,0,1,0
5.7,26,6.66,89.5,22.2,2,0,1,2
7.45,291,2.94,91.4,21.2,0,1,0,2
16.57,508,13.03,75.1,18.0,2,2,1,4
6.57,126,1.63,46.3,5.3,1,2,1,0
6.06,428,7.53,102.1,16.3,0,3,1,3
17.63,448,10.15,56.3,15.1,0,1,1,2
15.15,291,10.46,104.4,5.3,0,0,1,3
11.99,394,7.61,110.4,9.1,0,0,1,3
12.89,356,3.86,93.7,15.3,1,2,0,3
15.83,322,8.02,73.9,4.9,0,3,1,1
0.81,194,6.85,59.1,8.7,2,1,1,0
15.38,114,9.54,46.9,10.5,1,3,1,1
1.06,272,13.39,93.8,13.5,2,1,0,3
3.5,219,7.54,53.8,6.7,0,0,1,0
16.93,369,9.36,83.8,19.8,2,0,1,3
15.51,337,7.03,72.7,17.7,0,2,0,2
1.82,612,2.03,68.1,18.9,0,1,1,0
11.61,103,3.14,78.8,17.5,1,0,1,0
6.42,533,0.6,71.0,22.5,2,2,1,2
17.29,294,2.59,61.2,20.1,1,3,1,1
12.51,457,13.19,43.2,16.0,0,1,0,3
0.72,62,11.27,49.9,18.5,2,2,1,1
1.43,690,9.49,102.7,21.9,0,1,1,4
8.98,462,12.13,79.1,12.9,2,0,0,2
9.27,462,1.61,89.6,15.4,1,2,1,2
9.66,76,8.22,87.6,8.8,0,1,0,1
14.73,248,10.46,58.6,16.4,1,2,1,1
16.01,641,12.58,79.4,14.2,1,2,1,4
15.88,314,7.25,70.5,11.5,1,1,1,2
7.99,445,7.65,50.2,13.6,2,2,0,1
6.84,6,7.79,80.3,13.8,1,2,1,1
6.75,322,7.25,99.4,22.8,2,3,1,4
9.56,129,4.5,38.1,12.5,1,0,0,0
11.02,215,0.8,68.8,9.1,0,1,1,0
12.43,523,5.31,85.4,15.3,1,3,0,3
15.69,655,3.92,39.0,15.7,0,0,1,1
3.81,50,13.05,89.7,17.8,0,1,1,3
5.37,111,5.73,84.2,7.5,1,1,0,0
1.12,261,7.99,53.5,6.9,2,3,1,0
7.43,25,2.25,97.4,15.5,0,2,0,2
4.79,117,13.81,88.3,19.4,1,0,0,3
11.91,533,12.3,75.1,8.5,0,1,0,2
4.47,535,8.71,87.4,9.1,0,0,0,3
3.14,607,7.52,41.7,23.0,0,1,1,2
4.73,17,12.55,103.8,11.5,0,3,1,3
8.31,473,1.99,65.8,13.5,2,0,0,0
8.28,667,13.35,78.5,4.1,2,3,0,3
12.96,11,4.03,97.4,6.0,1,2,1,1
6.85,625,1.34,107.5,10.7,1,2,1,3
6.13,353,3.51,82.3,14.0,1,1,0,1
11.26,477,2.74,56.9,8.5,0,0,1,0
9.02,371,7.25,98.0,16.4,1,2,1,2
1.62,711,4.38,110.7,7.5,0,3,1,3
8.83,205,0.64,105.0,8.3,1,3,0,2
17.3,169,4.9,75.3,13.5,2,2,0,2
6.05,52,2.0,47.5,13.8,0,0,1,0
14.1,606,5.73,81.6,21.8,2,3,1,3
13.07,413,13.72,87.3,17.4,1,2,0,4
15.45,624,5.49,71.3,22.5,2,3,1,3
12.24,667,9.89,110.9,22.6,0,3,1,4
8.45,196,1.08,73.6,6.3,1,0,0,0
10.53,631,11.52,97.9,13.5,1,2,1,4
6.16,417,5.46,62.1,20.5,1,1,0,1
12.78,307,11.08,60.4,17.3,2,3,0,2
10.53,576,1.98,92.1,5.5,0,0,0,2
6.83,304,7.83,107.6,17.4,0,2,0,4
1.02,692,4.54,54.7,9.0,1,2,0,0
9.47,412,4.47,43.8,21.7,0,2,1,1
10.81,505,10.38,79.7,22.2,1,3,0,3
4.73,110,5.85,97.1,6.9,2,0,1,1
14.59,37,11.92,89.5,9.0,2,3,1,3
0.92,161,12.54,44.7,11.7,1,1,0,0
15.76,71,12.86,92.2,21.7,2,2,1,4
13.6,17,3.58,47.9,13.4,1,1,1,0
13.44,154,11.22,67.3,18.1,2,2,0,2
1.74,622,4.26,103.0,7.9,1,0,1,2
2.6,576,2.24,57.6,13.8,2,1,1,0
8.56,424,10.74,93.0,22.3,0,3,1,4
0.41,219,1.03,87.6,13.1,0,0,0,1
6.08,157,4.87,53.8,11.8,2,1,1,0
10.79,106,6.06,101.0,22.6,1,1,1,2
3.25,64,9.11,38.1,11.3,0,2,1,0
4.33,425,12.87,63.3,13.9,0,3,1,1
7.94,653,7.41,100.9,8.3,1,1,0,3
11.23,227,12.09,110.2,15.3,1,1,1,4
17.81,617,7.33,88.0,21.8,1,3,0,4
16.04,187,0.75,44.5,13.5,0,3,1,1
12.45,476,3.96,61.5,21.6,1,0,0,2
2.25,133,12.69,42.9,7.6,0,1,0,0
11.71,711,7.71,90.6,18.2,2,1,0,3
1.31,599,2.54,41.5,16.2,2,2,1,1
1.07,314,3.58,68.8,9.8,2,3,1,0
12.03,243,8.52,92.8,5.5,1,2,1,2
9.56,160,10.85,67.6,4.8,1,2,1,1
12.97,196,10.24,87.7,6.6,0,3,0,3
16.38,131,8.48,111.1,7.8,0,1,1,4
5.33,89,13.43,93.8,6.7,1,1,1,3
6.21,491,10.31,38.2,21.8,0,3,1,2
8.31,5,12.8,89.3,5.8,0,2,1,2
13.54,93,1.79,94.0,8.4,0,3,1,1
17.51,547,10.13,81.5,16.4,0,2,1,3
1.88,104,13.66,53.1,12.3,1,0,1,1
6.57,468,13.59,110.6,10.7,0,1,1,4
10.97,551,12.82,93.7,10.1,2,1,1,4
17.32,658,6.7,56.6,18.1,0,1,1,2
8.03,120,7.87,90.8,21.8,1,0,1,2
7.72,408,9.84,107.2,9.4,0,1,1,4
12.02,42,12.11,76.3,15.6,2,1,1,2
3.39,369,12.03,61.6,11.8,2,2,0,2
8.24,364,11.48,55.2,20.3,2,3,0,3
8.8,347,3.7,64.1,8.9,2,3,1,0
3.3,67,0.56,68.6,6.9,0,1,1,0
12.51,236,6.43,50.2,19.1,1,3,0,1
15.85,91,6.22,60.9,5.9,0,3,1,0
2.33,291,11.03,53.6,16.0,2,1,1,0
10.47,282,13.83,97.6,9.0,2,3,0,4
8.82,123,7.25,68.5,17.5,2,3,0,1
17.16,486,7.45,84.2,12.4,0,1,1,3
2.26,498,6.71,60.5,13.5,1,3,0,0
10.2,625,6.37,109.9,10.8,1,0,1,4
9.0,169,4.54,92.3,6.2,0,0,1,1
11.81,75,7.54,49.1,22.6,0,2,1,1
4.96,176,2.83,48.7,16.4,1,2,1,0
4.51,191,8.28,110.9,7.1,0,1,1,3
11.86,24,3.73,72.8,13.8,0,2,1,0
15.72,131,7.51,86.6,8.1,0,0,1,1
16.51,254,1.53,69.8,19.3,1,0,0,1
14.57,106,2.82,98.1,6.6,1,2,1,2
17.37,237,4.98,91.1,12.0,0,1,1,2
11.03,216,1.91,87.9,4.2,2,2,1,1
1.92,332,2.04,91.9,14.1,2,1,1,2
9.94,425,12.95,100.2,9.9,2,1,0,4
10.65,451,2.86,91.0,5.5,1,2,1,2
9.32,405,0.74,75.0,11.7,1,0,1,0
15.76,190,4.53,87.8,14.1,0,2,1,1
17.94,194,7.12,57.8,12.7,1,2,1,1
7.09,299,13.28,41.4,17.1,0,1,0,2
1.85,655,5.6,78.7,14.9,2,3,0,2
3.56,37,11.05,110.8,17.8,0,2,1,4
6.93,576,4.96,66.5,21.0,0,1,1,1
6.43,715,1.03,43.5,4.3,2,3,1,0
3.24,527,4.98,111.8,13.7,0,0,0,3
1.25,96,2.83,57.3,13.2,0,3,1,0
4.85,12,9.21,58.8,15.6,0,1,1,0
8.03,373,3.94,42.1,19.7,2,1,1,1
11.78,655,1.13,63.3,15.4,0,1,0,2
12.44,361,13.94,105.8,22.9,0,2,1,4
17.95,383,7.86,77.6,14.6,2,3,0,3
17.88,546,12.84,78.0,18.3,0,3,1,3
10.44,388,9.17,79.2,16.1,2,2,1,3
8.19,678,8.32,106.7,16.9,2,2,0,4
10.35,425,1.36,71.3,4.4,1,2,1,1
1.03,472,9.83,98.4,13.3,2,0,1,3
7.29,314,0.72,78.8,19.3,2,0,1,2
0.85,635,0.73,104.4,12.9,2,2,1,3
9.22,355,13.61,51.2,22.8,2,1,1,3
4.06,198,13.28,63.2,18.3,1,1,0,2
6.43,218,6.44,107.7,14.9,1,1,1,3
10.29,404,8.66,91.9,15.7,2,2,1,3
4.96,97,12.86,96.4,11.9,0,1,1,3
5.93,220,13.45,108.6,18.7,0,1,0,4
8.57,537,1.36,43.6,6.7,0,1,1,0
6.3,501,12.76,47.7,13.5,0,1,1,1
17.94,7,11.03,86.5,10.4,1,2,1,4
16.91,581,3.71,40.6,8.7,0,3,1,2
13.52,94,6.44,105.9,16.8,2,1,1,3
1.49,626,12.93,76.0,21.9,1,3,1,3
0.62,694,7.18,80.1,17.5,0,1,0,1
8.55,486,11.53,69.7,16.9,2,1,1,1
2.19,536,1.95,91.4,16.2,0,1,0,2
2.89,32,10.56,86.9,12.0,1,1,1,2
15.07,421,8.51,82.1,12.0,2,1,0,3
10.4,517,5.76,75.1,9.4,2,3,1,3
3.53,695,1.91,54.1,11.6,0,0,0,1
8.14,571,13.82,43.9,19.8,0,3,0,3
11.78,18,9.26,107.1,9.5,1,1,1,3
13.91,61,3.9,98.7,10.4,2,1,0,2
6.33,415,6.8,89.8,6.8,0,2,0,1
8.85,229,8.05,102.6,6.1,2,1,1,3
7.97,241,1.83,48.6,21.7,1,1,1,0
10.69,180,9.94,90.9,6.6,2,1,1,2
4.26,70,1.24,64.9,11.5,2,1,1,0
15.45,199,1.08,39.2,4.9,2,1,1,0
10.87,235,8.31,93.4,10.9,2,3,0,3
6.91,614,8.77,56.2,10.2,0,0,1,1
8.89,380,7.25,38.8,4.4,0,1,1,0
9.52,551,13.38,52.4,10.0,1,1,0,2
14.92,465,6.93,85.9,14.8,0,1,1,3
8.64,443,8.74,64.3,7.8,2,1,0,1
10.77,33,6.12,83.9,11.1,2,0,1,1
7.91,695,1.71,80.5,9.4,0,1,1,1
16.04,46,6.71,62.4,18.8,0,0,1,1
4.94,720,13.41,54.9,11.5,1,2,1,1
6.34,346,8.91,110.6,7.9,1,1,1,4
10.29,460,7.8,105.4,15.7,0,2,0,4
15.36,239,10.05,111.7,11.1,2,1,1,4
1.53,708,11.61,79.2,6.0,1,1,1,2
11.5,377,4.57,83.3,13.2,2,2,0,2
6.33,390,1.32,70.8,16.1,1,0,1,0
5.33,390,9.14,61.0,12.7,1,3,0,2
15.79,310,5.43,38.8,16.9,1,3,0,1
1.26,389,8.16,60.1,8.6,2,0,1,0
6.59,130,9.37,90.0,11.2,0,0,0,2
3.16,427,9.41,71.4,14.9,1,1,1,1
4.3,221,13.32,54.4,11.9,0,2,0,1
1.54,685,10.8,64.2,13.5,0,1,0,1
16.18,274,5.01,91.7,15.5,0,1,0,2
14.55,25,7.56,65.4,10.8,0,1,1,0
5.24,37,4.66,84.7,21.2,1,1,0,1
5.45,293,12.24,52.2,4.7,0,1,0,1
15.06,330,3.8,91.4,6.5,0,1,1,2
15.94,493,3.02,51.3,13.5,2,2,1,2
17.64,668,0.6,61.1,22.3,1,1,1,2
15.89,568,2.67,88.9,18.4,1,2,1,3
14.53,443,2.46,95.4,21.4,1,2,1,3
2.28,201,11.84,60.6,6.7,2,3,1,0
12.99,25,4.04,93.4,13.5,0,2,1,2
4.49,189,7.16,59.6,15.1,2,1,1,0
1.75,633,4.27,57.1,6.5,1,1,1,0
14.53,446,2.36,102.3,8.7,0,1,1,3
9.98,119,6.27,66.0,5.7,1,2,0,0
3.63,363,8.5,55.2,6.2,1,2,1,0
12.17,667,13.68,69.3,7.2,0,1,1,3
3.17,396,4.5,91.6,14.7,2,2,0,2
13.4,545,7.61,107.6,6.7,2,0,1,4
0.46,305,6.91,47.7,22.3,0,2,1,1
7.25,439,11.14,53.5,5.7,1,2,0,2
5.47,455,4.31,38.8,20.5,1,1,1,0
5.15,576,10.55,52.2,5.9,2,1,0,1
12.05,680,11.66,105.6,16.1,2,1,1,4
8.41,644,10.68,69.7,11.6,1,0,1,1
6.81,194,6.43,67.8,19.4,1,2,1,1
13.78,153,7.72,83.1,8.2,1,1,0,1
13.14,675,1.58,66.3,13.6,0,1,0,1
15.21,503,10.63,66.8,18.2,1,3,0,3
8.61,131,11.5,66.0,8.9,0,1,0,1
11.99,414,11.58,101.6,15.9,0,1,1,4
0.8,290,13.74,40.4,20.2,0,0,1,1
15.16,248,3.76,43.1,5.3,1,1,1,0
14.86,367,12.34,89.2,22.3,0,1,1,4
17.26,367,6.25,62.2,7.6,0,1,1,0
6.48,130,13.9,44.3,22.7,1,3,1,2
12.82,51,1.5,51.2,8.0,1,1,1,0
4.34,124,12.78,96.6,8.2,2,1,0,4
15.18,369,5.81,44.6,4.6,0,2,0,0
1.06,273,9.91,108.1,11.9,0,2,1,3
12.67,567,6.23,40.8,22.4,2,1,0,2
16.0,428,7.1,70.4,15.7,2,3,1,3
5.95,470,9.35,64.2,20.8,2,1,1,1
3.16,181,9.98,58.6,22.4,1,1,1,1
12.69,179,13.56,74.6,20.6,1,0,1,3
4.94,315,7.89,88.2,13.8,2,3,1,2
7.5,456,4.34,66.8,16.1,0,3,1,1
6.52,316,12.46,72.3,5.7,1,1,0,2
1.32,464,5.72,43.2,5.2,0,1,1,0
13.83,662,7.16,89.4,21.2,2,2,1,3
7.2,559,2.8,49.2,14.1,0,2,1,0
3.5,29,13.58,90.9,22.0,1,0,1,3
18.0,555,12.48,82.2,14.4,0,2,0,4
10.89,680,2.14,72.5,11.0,0,2,1,2
9.98,685,10.63,87.3,16.9,0,0,0,3
7.49,64,5.1,100.4,18.1,0,0,0,3
13.15,630,12.01,66.5,7.8,0,2,1,2
13.1,696,7.69,78.4,14.2,1,2,1,3
12.78,199,8.12,77.9,15.0,0,2,1,1
14.95,54,9.32,61.9,19.6,0,3,0,1
15.99,163,1.54,65.2,9.2,2,2,1,1
16.71,502,11.29,80.2,8.8,0,1,1,3
12.79,586,0.7,66.3,12.8,0,2,0,1
14.8,716,9.9,80.9,8.9,0,1,1,2
6.17,418,6.48,73.2,16.2,0,1,1,1
1.96,567,12.47,111.3,21.9,0,3,1,4
13.63,78,8.75,79.5,18.3,2,2,1,2
12.21,226,1.44,99.4,10.1,0,1,0,2
16.03,167,5.25,101.9,15.1,0,0,0,3
6.24,22,12.81,97.9,14.0,0,1,0,3
10.98,629,8.71,39.7,19.3,1,0,1,1
3.26,401,10.14,104.0,19.0,0,1,0,4
3.75,81,6.76,82.0,21.2,2,1,0,1
5.02,154,0.67,106.0,7.4,0,0,0,2
5.97,10,2.88,97.0,6.6,2,3,1,1
14.01,509,7.25,79.3,5.6,1,2,0,3
15.63,411,10.98,71.6,18.3,2,0,1,2
7.82,64,4.72,94.1,12.3,1,2,1,2
6.89,141,1.68,100.3,19.6,0,2,1,2
2.19,441,3.26,94.0,22.0,2,1,1,2
4.61,72,10.34,71.3,4.6,1,1,1,0
14.6,18,1.57,76.8,13.5,0,1,0,1
13.45,278,11.76,75.3,13.2,0,2,1,2
4.85,115,3.0,57.9,10.0,0,2,1,0
10.47,604,3.82,41.4,5.5,1,2,1,0
10.99,448,13.61,91.9,16.8,1,1,1,4
9.01,651,3.35,60.9,11.0,2,1,0,1
17.33,182,3.92,79.5,10.8,2,3,1,1
4.8,87,5.78,106.3,21.9,1,1,1,2
1.89,357,13.06,89.8,10.1,0,1,0,3
15.71,314,1.67,79.7,20.5,1,0,1,2
13.13,404,7.21,79.6,13.5,1,1,1,1
10.81,514,1.61,48.6,11.3,0,2,0,1
12.75,545,3.81,53.1,6.6,1,1,1,1
4.36,388,8.23,79.7,8.7,1,1,1,0
4.44,686,1.26,109.3,8.9,0,3,1,3
11.08,42,9.64,82.1,19.4,1,3,0,3
16.55,720,13.35,50.5,4.6,2,2,0,3
7.02,209,7.7,79.1,15.2,1,0,1,1
16.63,476,13.86,54.0,21.6,1,2,1,4
15.54,92,4.04,105.8,18.7,1,1,1,3
2.1,206,10.0,44.8,13.3,0,1,1,0
10.34,562,8.66,92.8,18.9,1,3,0,4
15.98,552,10.32,66.6,11.1,0,0,0,2
7.41,373,1.54,62.6,12.4,0,1,1,0
13.51,621,6.15,109.2,6.0,0,0,0,4
0.51,383,7.96,57.3,22.9,1,1,0,1
17.78,177,4.43,58.1,17.3,1,1,1,0
1.56,663,6.06,70.4,11.9,1,2,1,1
4.75,307,12.93,96.5,20.4,0,2,0,4
8.38,661,7.5,88.6,14.7,1,1,1,2
17.13,139,13.03,86.7,5.8,0,3,0,4
16.83,367,11.14,58.4,10.0,2,1,1,2
11.16,327,12.47,44.7,22.3,2,1,1,2
15.22,91,10.23,99.9,6.9,0,1,1,4
7.26,665,6.76,41.6,11.2,1,3,0,1
0.69,629,7.89,97.3,12.0,0,1,0,2
9.88,60,11.03,109.6,12.9,0,2,1,4
16.37,234,3.77,103.3,18.5,0,2,0,3
17.69,195,1.52,58.8,22.8,1,1,0,0
3.36,222,4.75,76.5,7.9,0,1,0,0
11.59,375,5.63,47.6,7.2,2,0,0,0
0.82,254,10.04,110.2,15.0,1,1,1,3
14.38,575,0.82,106.7,12.8,0,1,1,4
14.18,566,12.12,86.4,12.1,0,1,1,4
13.78,594,8.56,96.4,17.9,0,0,1,4
14.34,368,11.87,111.6,16.9,0,2,1,4
12.54,201,11.47,96.5,11.4,1,0,1,3
4.28,203,7.74,89.4,6.9,1,1,0,1
6.77,226,8.57,96.0,11.6,1,2,0,3
16.57,160,12.55,74.6,7.9,0,3,1,2
6.19,315,3.99,91.6,7.8,0,2,1,1
7.67,99,5.46,48.8,9.4,2,0,1,0
5.41,717,3.84,82.0,22.3,0,0,0,2
13.16,176,1.52,67.9,15.8,0,2,1,1
17.93,428,3.57,45.8,7.8,1,1,0,1
1.95,456,1.59,60.8,13.5,1,1,1,0
9.54,508,3.28,90.0,5.1,0,2,1,2
6.22,301,6.6,50.4,19.8,2,1,1,0
14.75,483,6.72,67.9,17.3,2,1,1,2
1.16,219,12.31,92.9,14.6,2,3,1,3
8.0,456,0.83,101.7,7.6,2,3,1,2
1.54,682,10.55,72.4,16.0,2,1,0,2
13.19,261,13.7,44.5,20.7,1,2,0,3
5.46,84,3.73,68.1,13.8,1,2,1,0
1.76,451,9.98,71.6,5.2,1,2,1,0
16.46,456,4.08,100.9,16.2,2,0,1,3
7.67,317,7.35,109.2,18.9,0,3,1,3
12.64,368,12.13,109.2,16.8,1,2,1,4
17.85,388,2.76,90.3,8.7,0,1,1,1
16.32,217,11.66,51.8,11.4,2,1,0,2
7.44,23,8.8,87.7,10.0,0,1,0,2
13.87,705,11.95,47.1,10.9,0,2,0,3
6.36,64,7.17,82.4,13.2,0,0,1,0
5.89,114,9.18,49.8,16.1,0,2,1,0
10.38,493,0.85,77.8,5.7,1,1,1,1
2.02,587,9.66,56.8,16.3,2,0,0,1
13.99,291,3.48,48.9,11.0,1,3,1,1
3.43,47,11.82,70.9,18.9,2,2,1,2
16.65,248,1.82,63.6,18.4,0,1,1,1
7.2,114,1.63,39.7,18.8,1,2,0,0
10.5,312,5.22,53.6,12.0,1,3,0,1
1.11,516,2.92,87.0,5.7,2,1,1,1
1.55,442,0.85,94.1,12.8,1,2,1,2
17.75,370,7.31,72.8,8.0,1,2,0,2
16.5,167,4.99,42.4,18.3,0,0,1,0
11.33,213,12.99,85.5,17.7,1,1,0,3
2.51,203,2.39,107.8,14.7,2,2,0,3
3.65,407,1.73,76.2,20.6,1,2,1,1
13.17,605,9.48,56.0,7.1,2,1,1,2
14.19,500,11.01,78.1,16.4,1,1,0,3
4.23,105,12.11,104.8,17.2,2,1,1,4
5.94,452,7.44,82.8,20.7,2,2,1,2
16.21,694,10.07,55.9,22.7,1,2,1,4
3.24,527,0.76,46.4,17.3,1,1,1,0
4.46,207,12.88,75.7,19.7,2,1,1,2
15.99,86,10.82,69.9,19.6,1,1,1,2
3.13,489,7.09,60.9,5.3,0,2,1,0
4.87,426,3.08,75.3,15.5,2,2,1,1
6.1,489,5.3,46.9,12.6,0,2,1,0
6.94,172,6.7,75.5,9.2,2,1,0,1
11.26,113,4.26,77.4,13.5,0,0,0,0
1.19,683,0.96,91.0,9.3,0,0,0,1
15.81,153,6.64,75.1,12.9,0,3,0,1
15.03,52,1.44,45.2,12.5,2,1,1,0
12.97,284,9.28,86.6,17.7,1,1,0,3
6.24,600,3.72,40.3,13.0,1,1,1,1
12.18,188,1.01,108.2,22.7,1,1,1,3
1.78,256,12.46,40.8,15.4,0,0,1,1
11.64,479,9.59,110.5,22.8,0,1,0,4
17.55,370,10.32,85.1,19.6,1,2,1,3
10.75,235,7.96,103.0,7.9,2,2,1,3
0.34,240,10.79,77.7,22.3,1,2,1,2
17.49,669,0.69,106.3,9.3,0,0,0,4
10.73,41,5.51,59.9,6.6,0,2,1,0
3.24,307,5.35,74.1,6.1,0,2,1,0
5.69,503,2.22,96.1,16.0,2,1,1,3
1.31,529,2.52,92.3,13.7,0,3,1,2
7.28,58,13.95,88.9,16.9,2,1,1,3
2.52,95,11.41,82.7,13.7,1,2,1,2
10.16,234,3.17,58.0,9.9,1,1,1,0
15.95,408,11.41,74.3,10.5,1,1,0,2
3.27,483,4.08,54.2,5.6,2,2,0,0
5.2,40,13.84,106.8,13.0,2,3,1,4
9.32,538,4.64,75.1,4.6,1,1,1,0
12.89,497,2.54,107.0,17.2,0,2,1,4
10.23,681,12.91,59.0,14.6,1,3,1,3
15.94,388,6.73,104.9,21.3,2,2,0,4
7.4,573,8.9,103.0,18.6,0,3,1,4
14.17,476,2.76,50.9,12.1,2,1,0,2
9.85,16,8.13,93.0,16.9,1,1,1,2
6.48,655,7.93,109.7,20.0,0,1,1,4
16.35,547,5.59,64.7,7.6,1,0,1,1
10.34,562,6.71,84.7,5.6,2,1,1,3
6.62,701,8.88,55.8,11.3,2,0,1,1
6.05,325,6.97,64.9,11.1,1,1,1,0
4.39,604,4.4,44.4,8.6,0,2,0,1
3.04,85,1.12,85.6,4.9,2,3,1,0
4.09,58,0.61,77.9,13.0,0,0,1,0
2.48,510,4.58,43.9,12.4,0,2,0,0
13.26,357,13.81,49.7,4.7,0,1,0,2
15.41,313,2.55,104.2,16.5,1,1,1,3
9.25,660,4.58,88.5,14.3,2,0,1,2
15.22,565,11.3,59.2,13.5,0,0,1,2
8.04,595,12.63,44.9,9.6,2,1,1,2
7.43,487,1.94,55.2,20.9,2,3,1,1
17.58,334,8.74,55.3,9.9,1,2,0,2
11.66,462,10.39,50.0,9.0,1,2,0,2
2.44,166,8.55,82.9,17.0,2,2,1,2
12.25,204,6.42,89.7,14.0,0,2,1,2
15.74,96,8.62,60.0,14.0,1,3,0,1
14.2,672,7.62,100.3,13.0,1,1,0,4
1.9,611,6.33,44.2,20.1,2,1,0,0
10.21,280,2.83,44.4,15.7,2,1,1,1
11.54,582,8.36,55.5,4.6,2,1,1,1
3.63,273,6.45,51.3,15.3,0,1,1,0
6.66,646,7.25,75.1,11.0,0,2,1,3
5.85,467,1.42,82.9,5.4,1,2,1,1
14.78,553,10.9,41.2,17.2,1,0,1,3
2.06,349,2.69,97.5,12.8,0,1,0,2
9.83,585,11.08,55.2,12.3,0,1,1,1
13.67,324,12.34,101.5,6.2,2,3,1,4
10.05,485,7.77,53.4,6.7,1,0,1,0
2.21,660,2.47,63.5,8.8,2,2,1,1
6.79,134,2.31,62.4,10.6,0,1,0,0
3.28,183,4.5,88.1,8.9,1,1,1,0
14.14,511,13.7,103.2,14.3,1,2,1,4
9.69,189,12.2,90.0,19.2,2,1,1,3
6.57,532,2.16,95.6,5.3,1,2,1,1
13.11,509,2.08,53.4,6.0,2,1,0,1
0.38,299,3.6,72.3,13.0,0,2,1,0
17.38,252,9.48,63.3,11.8,2,0,1,1
5.29,206,9.68,75.9,8.8,0,1,1,1
4.97,675,7.9,75.1,15.8,1,3,1,2
5.16,251,13.21,104.0,22.0,0,2,1,4
13.95,170,0.51,49.7,11.4,0,1,1,0
4.41,386,7.62,41.8,11.2,0,1,1,0
16.02,661,9.89,105.5,5.8,0,2,1,4
8.8,212,8.81,72.3,11.2,0,1,1,0
6.91,249,11.62,106.8,13.5,1,3,1,3
15.18,357,7.77,75.1,7.7,0,2,0,3
14.58,118,11.36,84.6,22.9,0,3,1,4
8.92,498,10.0,111.3,11.5,2,0,1,4
2.17,25,8.22,87.7,21.2,1,2,1,2
17.66,592,4.51,86.8,11.4,1,0,1,2
11.06,183,12.18,50.4,20.7,1,3,0,1
6.18,644,0.99,70.0,8.2,2,2,0,1
3.79,643,2.91,74.6,5.1,2,1,1,0
14.08,457,4.59,45.5,22.1,2,3,1,2
13.66,663,11.78,54.7,6.3,0,1,1,1
3.59,279,6.58,67.9,9.7,2,1,1,0
13.1,596,2.66,67.5,18.4,2,2,0,3
7.61,689,2.87,69.8,17.4,0,2,0,1
13.48,577,7.93,93.0,9.1,0,2,1,3
10.37,379,13.84,60.4,17.7,0,1,0,2
16.83,75,0.78,64.5,4.2,1,2,1,0
6.02,188,4.83,104.1,19.6,0,0,1,3
4.59,41,2.79,74.8,6.8,1,1,1,0
2.11,373,11.87,54.9,12.0,1,3,1,1
17.92,676,1.69,84.1,15.1,2,0,1,3
6.83,478,3.41,92.0,9.1,0,0,1,1
12.75,123,9.48,96.1,20.2,2,1,0,4
2.21,582,1.45,73.4,20.8,2,1,1,2
14.08,190,3.56,73.5,11.9,2,0,1,1
2.72,57,1.27,39.4,19.2,0,0,0,0
9.9,176,1.06,67.9,5.6,1,2,1,0
5.21,41,12.16,56.9,13.5,1,0,0,0
10.4,126,8.32,45.7,10.5,1,3,1,1
16.91,224,10.84,76.5,8.0,0,3,1,2
14.3,59,2.59,72.8,8.4,0,1,0,0
4.79,304,4.69,97.1,5.5,0,3,1,2
5.59,232,7.48,72.1,21.6,2,1,1,1
1.23,319,10.6,101.8,17.4,2,1,1,3
5.69,334,9.71,107.7,10.3,2,3,1,4
16.19,424,8.3,51.4,14.9,0,2,0,2
14.1,275,1.13,58.4,6.9,2,0,1,0
10.09,110,8.43,83.8,20.2,1,1,1,2
3.49,366,1.95,69.7,21.5,0,1,1,1
3.16,212,8.59,105.7,5.0,0,0,0,3
10.76,709,9.81,98.7,19.2,2,1,1,4
0.61,110,2.02,70.7,22.5,0,1,1,0
12.87,475,11.66,92.0,6.1,1,0,1,4
3.12,617,1.57,76.5,5.2,1,2,0,1
10.84,253,4.1,96.7,12.5,2,3,1,2
6.45,490,1.71,39.5,14.0,1,2,0,1
4.74,424,6.28,91.8,7.6,0,1,0,1
11.91,190,6.58,52.2,13.1,1,2,1,1
13.67,675,10.56,91.3,21.5,1,1,0,4
7.5,264,11.85,80.2,7.2,1,1,1,2
16.25,291,7.05,79.1,6.1,0,1,1,1
4.27,657,9.25,100.3,12.3,0,1,1,3
10.64,130,2.27,75.1,15.8,0,1,1,0
1.67,75,3.92,97.0,12.1,1,1,1,1
1.96,79,4.94,89.9,15.2,0,1,1,0
11.33,428,8.87,82.1,19.5,2,1,1,3
8.62,322,7.92,64.2,21.5,2,0,1,1
8.52,527,2.02,94.9,17.8,1,0,0,2
10.3,59,3.31,61.6,16.4,2,2,1,0
9.27,132,12.7,63.9,15.0,1,1,1,2
16.08,10,8.73,60.1,10.4,1,1,1,0
15.13,237,2.47,90.2,9.0,1,2,0,2
16.01,143,10.49,111.9,6.4,1,1,0,4
0.88,237,7.25,105.1,19.3,1,0,0,3
2.82,383,2.65,104.9,22.4,0,3,1,3
11.45,690,9.83,40.5,6.5,1,2,1,2
12.69,99,12.05,77.6,5.1,0,0,1,1
1.76,48,2.85,86.2,9.8,0,1,1,0
7.57,69,1.35,106.1,19.6,0,1,0,3
12.83,188,5.5,84.9,12.3,0,0,1,1
8.38,489,4.39,81.7,13.5,0,2,0,2
3.12,475,10.69,62.6,22.8,1,1,0,1
16.22,298,7.25,104.2,5.1,2,2,1,3
13.06,306,1.29,61.6,7.3,2,2,0,0
15.25,132,4.1,43.1,19.1,1,3,1,1
11.4,443,3.86,93.2,7.7,0,1,0,2
6.64,653,7.3,110.7,8.8,1,1,1,4
12.62,243,0.6,105.7,12.5,2,2,0,3
17.95,167,4.44,40.7,8.1,0,0,1,1
3.48,600,4.28,85.0,6.0,0,0,1,0
11.91,139,6.21,74.9,20.4,0,0,1,1
15.77,659,7.25,68.5,13.6,0,2,0,2
15.14,352,3.47,56.9,10.9,2,1,1,1
1.47,66,8.83,46.0,5.2,0,3,1,0
16.38,629,0.89,72.8,9.4,0,2,0,2
15.72,646,4.21,107.4,14.2,2,1,0,4
10.14,697,13.95,108.1,11.8,2,2,0,4
11.51,374,1.0,53.7,5.4,1,1,0,0
12.62,465,13.18,60.3,15.6,0,1,0,3
2.68,604,11.57,109.8,16.0,0,1,1,4
15.47,553,2.85,53.5,6.2,1,0,0,1
15.58,205,7.39,81.7,11.5,0,0,0,2
4.31,504,10.82,69.0,5.8,1,0,1,0
11.23,289,2.1,76.3,18.3,0,1,0,1
8.79,283,3.39,53.7,17.2,0,2,0,1
6.02,342,6.0,79.2,13.2,0,2,0,1
2.66,130,9.65,44.7,13.5,0,1,1,0
15.27,512,13.9,93.1,17.0,2,3,0,4
4.57,607,4.98,55.8,11.3,0,2,0,1
13.25,257,2.7,50.5,7.7,2,2,1,0
16.13,497,7.15,99.8,8.1,2,1,1,3
2.22,585,11.4,98.5,13.6,1,3,1,4
17.82,303,3.76,110.0,5.8,2,1,1,3
4.84,395,6.9,92.7,6.5,0,2,1,2
4.85,186,6.16,82.9,12.8,0,1,1,1
8.81,46,5.63,89.8,11.8,1,1,1,1
15.39,162,10.59,73.0,11.2,1,0,0,2
5.5,708,2.91,74.9,22.9,2,0,0,2
8.39,195,9.49,89.9,12.9,1,3,1,2
1.14,516,11.17,70.2,13.5,0,3,1,1
7.59,469,7.67,42.8,9.8,0,2,0,0
7.71,132,5.7,95.0,17.5,0,2,0,2
4.06,362,12.78,105.2,11.8,1,0,1,3
13.74,88,1.13,47.9,6.8,2,3,1,0
16.09,369,3.89,80.9,18.1,1,1,1,1
3.08,115,13.21,71.6,20.8,1,2,0,2
0.6,705,8.32,92.6,9.7,0,1,1,2
0.85,107,0.53,72.4,20.3,0,1,1,0
12.32,76,9.85,73.5,19.5,1,1,1,1
10.64,584,8.35,111.1,4.6,1,2,1,4
7.95,74,9.4,85.7,16.3,2,2,1,3
9.35,458,10.47,109.6,14.7,0,0,1,4
12.81,456,8.01,90.8,7.9,0,1,1,3
0.54,23,11.15,70.1,4.6,1,0,1,0
17.44,616,7.25,87.2,18.4,2,0,0,4
8.9,160,7.82,50.7,22.3,0,2,0,2
1.25,213,13.98,48.9,8.9,1,1,1,1
12.97,248,12.04,75.1,21.1,0,2,0,4
0.54,11,13.8,93.0,8.0,0,0,1,2
4.5,670,2.24,79.5,11.3,1,3,1,0
14.0,491,4.55,50.2,10.5,0,1,0,1
13.7,560,7.53,84.2,15.1,1,2,1,3
6.48,565,11.66,101.0,21.9,2,2,1,4
11.06,619,9.65,49.8,17.3,2,1,1,2
2.01,157,5.32,105.8,16.8,1,1,0,3
3.89,287,11.26,104.6,11.9,2,0,0,3
2.69,672,12.7,64.1,8.3,1,1,1,1
14.36,586,12.06,69.5,6.1,1,3,1,3
9.71,651,6.41,43.5,5.3,0,2,0,1
9.38,70,8.01,52.4,13.5,2,0,1,0
14.07,180,13.08,63.0,6.9,2,2,1,2
3.66,717,12.62,72.6,9.1,0,0,1,2
17.93,635,0.61,82.9,6.5,1,2,1,2
13.47,675,2.87,40.5,4.9,2,1,1,1
1.38,173,13.44,54.4,20.1,1,2,1,1
2.26,445,5.06,60.0,7.0,0,2,1,0
9.97,666,7.45,78.1,20.2,0,1,1,2
9.55,647,4.85,71.0,10.7,1,1,1,0
8.77,491,9.1,111.6,6.7,2,3,0,4
11.95,579,6.6,72.3,16.6,0,3,1,2
5.09,510,5.7,75.1,7.5,0,1,1,1
17.04,634,2.54,64.7,18.4,1,1,1,1
0.51,103,2.09,97.7,8.7,0,2,0,1
4.02,652,8.99,95.0,10.1,1,3,1,3
16.15,345,12.96,78.8,16.7,0,2,1,3
4.08,498,7.01,51.9,11.8,1,1,0,0
2.85,400,4.33,38.1,18.2,1,1,1,0
3.95,486,13.1,85.6,22.2,1,2,1,4
13.24,190,4.05,89.5,6.9,0,1,1,1
0.55,264,9.14,111.7,11.6,0,1,1,3
6.77,491,13.02,106.8,13.5,0,2,0,4
15.32,413,7.24,39.0,17.3,0,2,1,2
10.49,689,6.38,100.0,4.9,0,3,1,3
1.17,458,10.62,110.5,6.3,2,2,1,4
9.48,276,2.08,101.6,12.3,0,0,1,2
3.98,548,0.81,91.7,4.5,1,1,1,1
17.74,560,10.05,110.6,18.5,0,1,1,4
11.78,376,7.42,95.9,18.8,2,1,1,3
4.69,563,11.63,75.1,21.1,2,1,1,4
16.19,642,5.74,40.3,8.4,0,2,1,1
0.79,140,3.61,103.3,10.8,0,3,1,2
14.84,275,6.06,85.9,12.0,0,2,0,3
2.04,423,1.49,93.6,14.3,0,0,0,1
13.43,138,13.42,103.1,22.3,2,1,1,4
6.9,178,8.52,90.0,21.7,2,2,0,3
16.82,433,6.47,74.7,15.2,2,1,0,3
2.47,343,2.82,67.1,22.1,0,2,1,0
2.39,331,4.21,96.6,19.9,0,1,1,2
12.57,161,4.61,84.7,13.5,1,1,1,2
5.2,377,12.76,107.6,5.3,1,1,1,3
15.26,451,4.24,47.5,6.8,2,3,1,1
10.53,446,10.09,88.2,5.3,0,1,0,3
15.08,555,4.59,39.5,19.1,0,0,1,2
4.72,336,2.9,111.8,19.1,2,2,0,4
11.15,281,6.69,66.8,22.6,2,2,1,2
7.9,481,7.39,75.6,5.1,1,2,1,1
0.69,421,0.83,53.7,13.2,0,2,0,1
12.91,66,12.7,80.7,7.6,2,1,0,2
8.06,131,12.57,59.0,11.7,0,3,1,1
0.71,348,2.63,55.2,21.6,2,1,1,0
16.23,102,10.71,62.7,11.2,2,2,1,2
12.89,473,6.76,56.1,7.1,1,0,0,0
7.78,508,4.79,40.1,16.2,0,2,0,1
8.39,120,6.0,105.1,21.3,0,0,1,3
5.06,120,8.8,50.5,16.9,0,2,1,1
15.42,50,7.76,60.6,6.9,0,1,1,0
16.5,343,11.72,66.2,20.0,2,2,1,3
6.67,664,0.67,74.1,20.6,1,0,1,1
6.45,276,13.81,44.3,9.3,2,0,0,2
12.79,398,1.16,84.5,8.8,1,1,1,1
1.55,170,7.28,53.1,5.6,0,1,0,0
0.88,316,6.9,91.7,14.2,1,1,0,1
8.19,56,13.22,74.5,8.2,2,3,0,2
14.69,134,11.18,111.8,10.1,0,1,1,4
12.2,214,13.47,105.4,4.0,2,3,0,4
16.84,666,3.19,95.5,20.4,2,3,0,4
14.3,551,10.13,73.9,12.3,2,3,1,3
15.74,145,11.94,40.9,15.0,0,3,0,3
8.14,541,12.98,79.4,9.1,2,2,1,2
1.94,185,3.63,67.6,4.0,1,1,1,0
11.29,573,13.21,107.0,21.0,2,1,1,4
9.7,621,4.15,50.7,10.3,2,3,1,0
2.44,454,5.93,65.7,22.2,1,1,1,0
15.87,98,1.09,92.9,4.5,0,1,1,2
16.09,204,8.7,55.0,19.7,1,1,1,1
2.79,61,8.08,48.8,4.4,0,2,1,0
4.93,308,2.16,64.6,11.2,2,1,1,0
13.88,47,11.32,111.5,6.1,2,2,0,4
10.86,325,7.7,105.1,8.6,1,0,1,3
7.12,180,3.59,79.4,18.0,2,0,1,1
6.52,223,7.49,53.6,15.9,0,0,0,1
9.85,92,11.16,64.5,19.2,1,1,0,2
2.76,362,0.82,61.0,11.6,2,1,1,0
17.91,664,6.57,76.3,14.8,0,0,1,2
16.7,300,12.27,51.1,12.6,2,1,0,2
12.44,70,2.29,96.6,21.4,0,1,1,2
13.85,41,13.23,80.7,8.4,1,1,1,2
2.57,261,8.74,98.2,20.9,2,0,1,3
7.84,20,0.97,66.2,22.8,2,3,1,0
4.72,205,2.92,43.8,7.7,0,2,0,0
7.91,226,12.19,42.1,17.9,0,3,0,2
10.69,40,4.69,51.3,5.7,0,0,1,0
12.57,587,5.28,49.3,17.3,0,3,0,2
1.23,252,7.43,77.7,19.2,0,0,0,1
12.83,20,5.25,59.9,11.4,1,1,0,0
15.7,572,1.27,73.2,19.6,2,3,1,2
16.21,78,5.37,106.2,5.1,0,1,0,2
1.48,47,8.74,102.8,17.4,1,2,1,3
5.06,650,13.57,54.1,13.0,1,1,1,1
7.55,231,7.33,82.8,17.7,2,1,1,2
15.29,217,4.37,75.1,10.8,1,2,1,2
10.55,561,9.81,38.4,14.5,0,3,1,3
17.67,318,3.49,107.7,22.9,2,3,1,3
10.82,168,7.25,39.5,18.3,0,2,0,1
10.07,21,12.73,92.9,21.3,0,3,0,3
2.57,569,4.81,78.8,17.1,0,0,0,2
10.65,207,9.21,100.1,6.1,1,1,1,3
17.18,177,6.32,79.7,22.0,2,3,1,2
11.49,631,13.83,59.9,5.8,1,0,1,2
14.5,674,12.01,55.9,20.2,1,2,1,3
13.16,48,3.35,69.8,5.4,1,1,1,0
9.21,405,11.18,84.6,8.7,0,2,0,3
15.38,253,7.25,55.2,21.2,2,3,1,2
7.46,700,2.27,82.5,16.0,2,3,1,2
5.86,61,2.16,52.8,13.4,1,1,1,0
5.37,426,11.77,49.4,21.1,0,1,1,1
6.36,100,11.93,69.9,8.6,2,1,1,0
10.81,600,4.99,54.0,7.2,0,0,1,1
2.63,12,0.53,49.0,12.3,2,0,1,0
4.33,699,2.68,73.9,14.7,1,2,0,1
8.31,614,1.18,55.1,6.4,2,2,0,1
9.54,335,11.71,70.6,6.1,0,1,1,1
0.47,64,7.33,106.9,7.6,2,0,1,2
6.25,230,11.86,72.9,12.1,2,3,0,1
2.0,716,12.63,66.0,20.1,0,0,0,2
10.24,24,10.43,55.4,5.8,0,2,1,1
16.44,665,5.39,79.8,6.9,0,2,0,2
9.48,286,2.64,72.0,17.4,0,3,1,1
1.75,267,2.28,60.3,18.9,1,2,1,0
5.59,90,6.65,105.8,11.8,2,0,1,2
17.61,370,10.76,64.3,18.4,1,3,1,2
17.35,597,9.17,69.3,22.1,2,1,1,3
15.84,413,6.45,80.1,20.9,1,1,1,2
2.51,79,9.47,94.1,21.1,0,0,0,3
16.36,121,2.2,51.5,9.5,0,3,1,0
2.85,489,7.37,108.7,6.8,1,2,1,3
0.75,608,6.79,74.9,5.2,2,0,1,0
1.6,454,5.92,50.9,5.5,0,0,1,0
13.67,301,5.35,41.4,13.8,2,1,1,1
13.0,268,8.75,64.3,17.4,0,1,1,1
3.38,665,6.42,55.9,13.5,2,1,1,0
12.69,602,2.28,45.8,11.2,1,2,1,1
9.52,98,13.23,91.4,20.2,1,1,1,3
10.97,123,8.71,100.2,16.8,2,3,1,4
1.49,340,10.98,101.7,4.4,0,2,1,3
6.45,657,13.32,65.6,16.2,1,2,0,3
8.8,665,10.5,95.8,8.5,1,0,0,4
8.09,103,4.38,65.8,6.5,2,1,1,0
5.25,484,4.69,104.9,7.8,1,1,0,3
4.86,675,1.14,101.2,6.0,1,0,1,2
3.18,654,2.03,53.4,13.7,1,2,1,0
13.49,48,13.42,62.9,6.4,0,1,1,1
17.47,662,10.85,45.7,8.2,1,1,1,2
1.68,579,5.19,102.0,18.2,1,3,1,2
1.68,572,6.09,63.0,22.4,2,2,1,1
12.44,236,0.87,54.8,17.2,0,0,1,0
14.88,583,10.7,57.2,11.4,0,1,0,2
13.16,103,13.48,76.6,15.3,1,0,0,2
13.86,11,10.64,70.9,22.2,1,2,1,2
4.13,428,12.27,55.5,13.0,0,3,0,1
7.76,76,2.48,71.2,17.6,2,0,0,0
6.56,493,2.21,56.8,6.6,1,2,1,1
9.93,179,2.77,38.2,9.9,0,1,1,0
7.98,253,12.11,106.2,12.8,2,2,1,4
15.2,76,4.71,53.6,9.5,2,1,1,0
2.75,23,3.57,77.1,10.9,2,3,1,0
1.08,691,6.93,95.5,21.4,2,1,1,3
2.19,717,7.28,99.4,19.0,0,0,1,3
10.66,286,12.96,94.0,20.1,2,0,1,4
4.24,525,3.07,76.5,13.7,2,1,1,1
14.11,433,0.94,73.5,14.0,0,1,1,1
8.56,381,12.53,106.2,5.2,0,2,1,4
6.56,411,10.0,72.1,6.7,2,2,0,1
3.19,495,11.87,101.6,17.4,0,2,1,3
9.51,474,11.6,60.9,6.5,0,1,1,1
3.96,142,10.92,71.4,5.8,1,1,1,0
12.66,199,5.63,103.6,18.2,1,2,0,3
15.04,380,1.01,44.4,13.5,0,1,1,1
15.6,229,3.49,48.2,12.0,2,0,1,1
11.14,263,1.71,75.1,6.1,0,2,1,0
13.22,154,9.74,86.1,9.1,0,3,1,3
2.96,249,2.13,74.1,12.0,0,1,1,0
11.68,473,9.39,75.1,4.3,2,1,1,4
7.44,562,11.2,83.0,8.0,1,2,1,3
7.01,262,10.0,39.7,5.2,0,2,0,1
10.16,500,7.25,60.5,5.7,1,2,1,2
10.43,5,12.3,97.4,13.5,1,1,1,3
8.26,602,9.67,98.8,14.4,1,1,1,4
15.8,190,6.07,104.3,20.7,1,3,1,3
3.14,382,7.25,83.9,21.1,1,2,0,3
16.73,229,4.72,65.6,21.9,1,2,0,1
0.74,101,7.88,97.0,13.5,1,0,0,1
16.54,64,13.69,38.6,9.3,0,0,0,1
1.52,368,9.63,101.7,19.0,0,2,0,4
0.36,525,4.82,53.8,5.3,2,2,0,0
9.13,527,5.55,71.4,23.0,2,2,1,2
5.57,383,2.81,77.0,21.7,1,0,1,0
7.3,437,12.77,42.7,19.1,1,3,1,1
7.88,206,12.76,53.2,11.4,1,0,1,0
15.23,627,1.23,105.3,7.9,1,2,1,4
6.14,277,8.91,42.1,19.1,1,1,1,0
16.62,246,7.19,82.3,15.1,1,1,1,2
1.61,684,13.81,109.5,7.2,1,1,1,4
6.74,475,11.26,46.1,14.9,1,2,1,1
13.11,591,12.27,76.9,6.6,1,1,1,2
5.61,11,9.45,86.5,5.2,2,2,1,2
4.06,507,7.25,88.9,4.9,2,2,1,1
11.07,205,3.25,42.9,18.9,1,1,1,0
13.66,643,6.9,92.2,22.9,0,3,1,3
1.72,483,0.66,42.0,15.3,2,1,1,0
12.1,65,3.32,73.3,15.4,1,1,0,0
4.35,652,9.59,62.1,21.0,0,2,1,2
12.26,165,1.22,95.2,17.9,1,2,1,2
17.37,339,3.49,72.3,19.1,1,0,1,1
2.35,487,11.29,69.6,11.5,1,1,0,1
12.85,8,13.34,54.3,8.7,0,2,1,1
1.83,571,5.13,78.0,19.6,1,0,1,1
10.96,511,1.57,67.1,4.2,2,1,1,0
10.17,84,6.68,90.9,20.8,0,3,0,2
17.37,694,2.0,69.7,21.5,0,1,1,2
10.42,204,7.25,88.6,15.0,0,2,1,2
17.98,424,10.02,96.8,17.8,1,1,0,4
4.39,281,6.98,53.0,6.4,0,1,1,0
14.74,105,1.55,71.9,19.6,0,0,1,1
10.92,114,7.75,81.0,22.6,2,3,1,2
3.03,267,2.14,71.0,10.2,0,3,0,0
7.08,177,4.91,77.1,12.9,0,1,1,0
1.15,516,1.38,85.4,10.0,1,2,0,1
1.51,202,11.73,48.4,4.5,2,2,1,1
5.12,297,7.55,54.1,21.9,2,1,1,1
1.24,329,13.23,62.8,7.9,2,2,1,1
11.31,237,1.34,74.6,5.3,1,3,1,0
15.19,132,5.94,86.9,17.0,2,1,1,2
5.42,353,9.32,88.0,9.3,2,2,1,2
12.37,440,9.55,76.4,8.2,1,2,1,3
10.91,287,7.25,53.2,9.5,0,3,1,1
9.26,351,6.67,68.6,11.2,0,3,0,0
5.39,179,4.13,75.7,8.1,0,1,1,0
1.75,634,7.25,54.2,12.7,0,0,0,1
3.33,260,0.81,78.6,16.0,1,3,1,1
17.06,444,5.65,92.4,17.9,0,1,1,3
0.61,430,2.36,101.7,20.0,0,1,0,2
1.86,254,9.2,96.5,15.6,0,1,0,3
11.72,177,5.93,77.9,13.1,1,0,1,1
0.45,454,2.14,93.1,9.0,1,3,1,2
13.7,159,8.46,52.2,9.6,0,1,0,1
12.39,189,11.98,89.5,5.5,1,2,1,3
10.7,667,10.8,70.6,22.5,1,3,1,3
4.87,126,11.94,57.2,11.4,0,1,1,0
4.34,109,5.84,69.5,12.3,0,3,1,0
7.03,483,2.52,76.2,5.9,0,0,1,0
5.52,300,6.21,59.1,20.3,0,3,1,0
2.74,170,8.44,106.5,5.7,0,1,0,3
5.49,225,3.29,109.1,17.2,0,0,1,2
13.29,431,3.55,59.1,4.9,0,3,1,1
14.4,359,3.87,102.1,19.9,2,2,1,3
2.57,535,9.39,75.1,18.9,2,1,0,2
17.1,649,11.3,52.9,19.8,1,2,1,3
9.32,120,3.88,99.0,9.7,0,3,1,2
6.35,409,3.6,68.2,5.9,2,3,0,0
7.41,204,3.43,88.3,4.2,1,0,1,0
8.64,43,12.09,108.9,13.9,0,1,0,4
5.65,435,10.25,97.4,10.6,0,1,1,3
8.96,339,6.88,64.5,18.5,0,1,1,0
10.43,155,3.52,91.9,13.2,0,1,1,1
17.33,520,10.45,80.2,13.1,1,1,0,2
12.07,224,5.01,79.5,14.8,0,3,1,1
6.9,436,6.04,92.8,21.3,0,1,1,2
16.82,300,7.33,58.9,14.5,2,1,1,1
7.76,395,13.04,84.1,8.1,0,2,1,3
10.84,625,4.88,111.8,13.5,0,1,1,4
15.77,661,6.07,75.9,11.6,0,0,1,2
16.82,390,11.25,102.1,15.2,2,1,1,4
13.18,145,12.97,98.9,19.7,0,2,1,4
3.91,225,7.25,107.4,16.1,0,0,1,2
17.83,94,9.16,108.3,20.1,0,0,0,4
2.72,624,10.1,61.0,18.7,0,1,0,1
8.92,348,1.76,60.1,19.9,2,2,1,1
8.74,521,7.83,77.8,13.5,0,2,1,1
6.36,687,9.16,89.3,10.4,0,0,0,3
3.34,191,12.73,55.0,16.8,0,3,0,1
15.44,25,10.54,98.9,10.0,1,1,1,3
7.93,423,3.84,109.9,20.7,1,1,0,3
17.15,616,3.65,82.5,4.3,0,0,1,1
5.18,39,3.08,80.1,14.9,0,3,0,0
2.34,481,9.94,44.2,18.8,2,2,1,2
5.45,83,1.79,63.2,9.7,0,2,1,0
9.34,481,10.79,38.8,19.6,2,0,1,2
5.76,458,4.45,81.7,10.3,2,2,1,1
6.34,162,11.98,93.9,5.6,1,0,1,2
15.63,134,6.68,86.8,5.7,2,1,1,2
16.59,562,1.9,38.5,21.7,0,0,1,3
6.81,313,7.25,79.0,20.2,2,1,1,1
7.82,338,13.31,41.3,15.1,0,2,1,2
6.04,136,0.8,75.1,18.2,0,1,1,1
16.02,56,1.67,75.1,15.2,2,1,1,1
12.68,667,5.42,90.7,19.9,2,1,0,3
17.29,174,1.15,98.1,5.2,0,1,0,2
16.74,186,2.11,73.9,22.2,2,2,1,2
9.45,337,7.22,50.7,13.0,0,3,1,1
8.06,519,11.67,72.8,15.5,1,2,1,2
7.14,409,4.16,59.3,7.1,0,1,1,0
12.4,448,11.35,57.3,19.9,0,1,1,3
11.59,528,4.27,80.0,13.5,2,1,0,2
4.22,688,4.09,70.9,14.2,2,0,1,0
9.59,177,11.57,52.4,21.7,2,2,1,3
14.7,695,3.12,76.7,15.3,2,2,1,3
9.01,9,7.43,78.5,14.0,0,3,0,1
3.22,576,1.73,75.3,6.6,0,1,1,0
4.31,674,6.87,79.2,15.0,0,1,1,1
7.09,54,12.59,79.2,21.7,1,1,0,2
5.98,471,1.57,71.6,6.7,1,3,1,0
16.42,592,4.71,45.7,21.1,0,3,0,2
14.27,271,9.39,69.5,16.7,0,1,0,2
12.86,222,0.59,42.3,21.8,1,3,0,1
2.78,654,12.06,61.4,10.0,0,0,0,1
15.06,21,5.89,62.8,12.8,0,1,0,0
4.91,594,13.14,87.4,5.7,0,3,0,3
12.72,562,12.45,104.8,6.3,2,1,0,4
5.82,322,8.58,58.4,8.5,0,0,1,0
12.35,375,2.53,41.4,13.7,1,1,1,0
2.75,334,11.87,75.3,16.3,1,2,1,2
15.14,660,8.42,105.7,11.7,0,3,1,4
10.95,36,9.72,101.9,8.1,2,2,1,3
9.99,708,0.8,79.8,10.1,1,2,0,2
11.9,281,7.25,80.1,13.5,1,1,1,1
16.09,646,0.87,57.2,22.7,2,2,0,3
9.92,505,9.59,91.7,4.6,1,1,0,3
6.48,537,11.72,51.4,13.0,1,1,1,2
10.06,133,9.4,53.1,8.4,2,2,0,2
2.09,631,4.29,48.2,15.9,1,0,0,0
3.75,105,10.4,87.7,10.2,1,1,1,2
1.83,618,11.92,89.2,4.1,2,3,1,3
11.14,598,6.71,75.1,6.5,2,0,0,1
14.07,609,7.24,49.3,17.8,0,2,0,3
3.81,615,5.57,52.5,22.6,0,0,0,1
6.94,373,3.73,53.6,17.3,2,2,1,1
7.0,293,1.04,60.4,14.8,0,1,0,0
12.29,53,8.77,103.2,12.4,2,3,1,4
14.05,499,6.47,75.1,21.6,0,1,0,2
2.81,526,8.49,63.9,11.4,2,2,0,1
6.91,238,2.55,110.9,8.0,2,1,1,3
2.04,431,8.63,90.0,7.3,1,3,0,2
16.29,137,2.56,97.5,8.6,1,2,1,2
1.04,186,7.98,90.2,22.6,2,0,1,3
3.44,657,1.91,77.8,13.9,2,1,1,0
16.31,616,12.72,84.2,7.5,1,1,1,4
8.38,493,1.64,69.0,22.5,1,3,0,1
11.82,411,3.97,78.4,18.9,2,3,1,2
11.51,716,9.88,107.5,17.5,0,1,0,4
7.92,37,4.94,56.0,22.7,1,2,1,0
15.57,539,10.76,68.2,19.9,2,2,1,4
11.14,334,13.29,61.9,16.7,0,1,1,2
13.28,326,7.05,43.6,22.1,1,2,1,2
13.1,315,3.92,94.0,5.2,1,2,1,2
1.73,118,13.15,79.6,23.0,2,1,0,3
14.97,235,4.77,105.2,21.1,0,0,0,3
13.19,586,4.79,104.6,8.2,0,1,0,3
17.38,401,11.33,84.6,11.8,0,3,1,3
10.13,32,0.72,86.5,9.7,2,1,1,1
13.35,299,4.0,94.3,11.3,2,0,1,2
7.51,433,3.74,47.2,6.2,1,1,1,0
10.58,677,13.23,75.1,6.0,0,2,0,3
1.66,668,2.69,72.1,6.9,0,2,0,1
14.81,171,11.89,75.1,6.8,1,1,1,2
6.44,95,9.84,56.6,5.5,0,3,1,0
3.62,405,9.52,102.2,17.0,2,3,1,4
0.56,126,12.51,97.8,17.2,1,1,1,3
12.2,356,7.87,49.1,10.1,0,0,1,0
15.32,556,11.4,42.5,19.5,2,2,1,3
11.11,425,13.68,83.4,7.6,0,1,0,3
17.1,666,7.25,47.4,9.5,0,1,1,1
5.67,16,12.63,80.9,17.9,1,1,0,2
11.37,110,11.56,93.2,5.7,2,3,0,3
2.68,539,10.41,52.5,13.7,0,2,1,1
8.38,579,3.72,98.7,8.0,1,0,0,2
15.48,25,3.9,81.9,18.7,1,1,1,2
9.92,601,4.95,92.5,15.7,1,1,1,2
15.57,452,11.73,102.7,15.9,1,2,0,4
1.77,213,10.33,84.1,14.4,1,1,1,1
14.62,77,6.83,75.1,14.8,2,3,1,2
14.11,128,8.16,111.4,7.1,1,3,1,3
11.91,497,12.38,99.8,10.5,1,1,0,4
4.92,379,7.29,88.0,21.0,2,2,1,3
9.97,636,4.6,45.1,8.0,0,2,0,1
15.51,426,6.59,45.2,8.7,1,1,1,1
5.45,232,7.9,55.4,11.5,0,1,1,0
9.65,105,11.82,70.7,19.8,0,3,1,2
4.05,237,2.05,75.5,11.6,1,3,1,0
14.79,186,5.8,68.2,14.5,0,2,0,1
2.61,420,5.45,60.6,20.1,0,3,0,0
17.35,440,3.49,84.4,11.9,1,1,0,2
2.47,562,2.44,80.3,11.1,1,2,0,1
12.51,715,3.51,53.8,20.1,1,2,1,2
14.15,451,8.39,55.1,22.4,1,0,0,3
7.65,415,3.82,67.0,7.7,0,1,0,0
14.74,544,13.39,105.5,5.1,1,3,0,4
5.25,342,1.13,43.6,18.6,2,3,1,0
13.75,78,0.84,42.4,15.1,2,1,1,0
15.48,670,6.35,96.9,11.6,2,0,1,3
12.42,417,13.25,68.8,7.7,2,3,1,2
14.44,98,12.2,52.8,5.6,1,1,1,1
16.58,396,2.71,106.1,18.7,2,2,1,3
0.68,488,12.32,110.5,5.7,1,1,0,4
10.36,364,9.48,56.4,21.5,1,3,1,2
15.88,635,13.38,45.1,20.6,2,1,1,3
12.63,662,11.5,106.6,13.5,1,3,1,4
8.93,471,10.23,63.2,14.0,2,3,0,2
9.04,370,11.3,99.1,13.2,0,3,0,4
15.99,110,12.7,56.5,16.4,0,2,1,3
11.04,663,6.68,80.2,4.5,0,2,0,2
10.73,521,0.97,42.6,16.4,1,1,1,1
17.43,463,11.36,74.5,11.4,0,0,0,2
13.25,54,2.24,56.1,21.5,1,1,1,0
12.51,112,6.12,73.1,11.6,0,2,1,1
6.92,388,5.09,84.9,4.0,0,0,1,0
12.24,79,4.62,74.7,17.6,2,1,1,1
4.46,705,10.82,81.1,23.0,0,1,0,3
6.96,554,13.74,95.4,12.4,1,1,1,3
2.13,427,2.18,91.4,13.5,1,2,0,2
12.43,304,7.25,48.8,6.3,0,1,1,0
3.1,201,5.96,104.3,15.5,2,3,1,2
5.48,499,12.44,65.4,11.5,0,1,0,1
12.6,483,10.02,42.2,8.8,0,0,0,2
4.23,362,13.25,92.2,5.5,1,3,0,3
10.55,343,5.27,53.0,13.5,0,3,0,0
7.27,145,9.22,102.4,7.7,1,1,1,3
11.98,476,10.75,54.0,21.1,2,3,0,3
16.14,40,7.66,108.3,22.3,0,1,1,3
12.62,673,12.23,51.1,5.8,2,1,1,2
12.38,659,9.1,42.9,19.9,0,1,0,2
3.65,14,7.78,69.1,13.5,1,2,1,0
14.96,599,1.51,38.5,7.7,0,0,1,1
3.59,403,2.27,62.6,8.8,1,0,1,0
7.09,350,13.14,90.8,10.3,1,1,1,3
12.51,612,11.9,85.0,13.1,0,1,1,3
8.55,90,12.46,43.5,10.6,1,0,1,0
5.74,222,4.02,49.2,16.6,0,1,1,0
9.35,382,11.35,110.1,19.9,0,3,0,4
1.6,340,8.53,93.7,19.1,2,0,1,3
15.51,133,12.19,86.6,22.7,2,2,1,4
9.45,486,13.73,76.5,21.0,0,1,1,3
13.65,415,13.84,54.9,20.8,2,0,1,3
5.55,437,6.12,69.1,7.9,0,1,1,0
11.85,650,7.86,88.2,13.1,2,0,1,3
1.14,596,4.55,60.9,12.6,0,1,1,0
11.24,668,11.09,75.1,20.7,1,0,0,3
7.51,471,9.18,63.3,8.2,2,1,1,1
7.98,717,1.75,92.4,12.8,0,0,0,2
7.33,77,7.83,83.5,7.3,0,2,0,1
3.57,682,9.67,51.7,14.7,2,2,1,2
15.36,620,7.07,81.7,17.0,2,2,1,3
1.79,558,11.33,41.6,12.6,0,0,1,0
13.39,692,3.09,91.5,17.4,2,1,1,3
16.85,616,8.51,75.1,11.0,2,1,1,3
14.3,306,5.64,48.1,17.0,0,2,1,1
6.46,546,3.34,54.6,13.7,2,0,1,0
3.25,457,12.21,76.1,8.0,1,1,0,1
4.44,540,1.09,107.5,17.1,2,2,0,3
10.34,209,13.44,79.5,11.8,0,2,1,2
15.08,411,13.73,52.7,14.3,1,0,1,2
6.4,481,12.39,100.2,6.9,1,2,1,3
3.67,669,5.85,85.2,18.8,0,1,1,1
8.86,304,1.94,50.2,10.5,1,1,0,0
8.21,35,0.63,75.1,5.1,2,0,1,0
14.53,234,10.99,103.7,17.4,0,1,1,4
11.94,294,9.49,93.2,20.6,1,2,1,4
15.48,128,8.72,57.4,19.9,1,3,0,1
6.51,197,5.92,63.2,4.1,1,3,0,0
12.31,154,3.84,94.5,18.1,2,1,1,2
4.09,89,7.18,71.5,10.4,0,2,0,0
2.99,305,7.25,54.1,4.5,1,2,1,0
9.65,290,4.15,60.8,5.1,2,2,0,0
2.87,211,13.43,48.7,17.7,1,2,1,1
4.48,488,8.72,85.4,16.8,1,0,1,3
14.58,230,2.09,55.8,21.1,1,3,1,1
15.55,180,10.65,47.2,6.6,1,2,1,1
17.75,460,13.13,102.6,8.5,2,0,1,4
4.53,170,3.72,62.8,6.8,2,3,1,0
4.53,571,12.04,75.1,12.5,1,2,1,2
8.34,397,6.29,101.0,12.4,1,2,1,2
10.92,370,12.38,54.6,18.1,2,1,1,2
6.08,413,11.1,79.2,7.3,1,3,1,2
8.27,445,0.94,52.9,18.4,1,2,1,0
16.9,59,1.22,55.2,19.9,1,1,1,0
10.96,536,4.99,100.2,10.8,1,0,1,3
13.67,130,4.51,89.6,5.9,1,2,0,1
13.17,525,8.05,53.2,4.7,0,0,1,1
17.17,250,9.37,98.6,5.8,2,2,1,4
2.14,75,11.3,66.3,15.1,1,2,0,1
8.98,415,13.24,46.6,20.7,2,0,0,2
13.55,212,9.44,38.4,17.6,2,2,1,2
3.03,47,12.4,83.3,8.5,0,3,1,2
12.25,182,8.28,97.4,14.3,1,3,1,3
10.91,342,0.53,61.1,16.2,1,1,0,0
6.18,494,12.84,110.3,13.5,0,2,0,4
5.81,47,4.87,45.9,18.7,0,2,1,1
8.26,535,13.27,94.2,20.8,0,2,1,4
6.99,126,3.59,83.6,12.9,1,2,1,1
6.38,532,1.61,79.7,18.0,0,1,1,1
1.28,449,1.89,90.5,22.7,2,2,1,2
7.52,142,11.83,68.3,16.4,0,1,1,1
5.15,454,11.65,58.9,19.8,2,1,1,2
9.74,271,10.57,67.0,17.1,2,2,1,2
10.6,94,9.7,94.9,5.5,0,1,1,2
16.74,339,8.35,46.6,12.5,0,2,0,2
13.0,538,10.83,77.0,5.2,1,2,1,2
17.98,70,9.84,78.8,12.2,1,3,1,2
10.83,21,11.06,101.5,6.0,1,3,1,3
17.43,207,6.98,71.6,7.9,1,1,1,0
14.92,93,5.02,80.3,15.8,0,3,0,1
5.85,257,3.01,100.1,20.5,2,0,1,3
10.74,246,6.65,59.8,10.0,2,2,1,1
5.84,388,1.87,90.0,18.5,1,3,1,2
14.51,128,13.07,91.3,19.6,0,2,1,4
13.32,673,12.94,102.6,12.7,2,2,1,4
4.08,669,9.31,92.2,5.7,2,2,1,3
4.96,408,12.65,75.1,14.1,0,0,1,1
2.01,720,8.04,80.7,9.9,1,0,0,1
13.48,388,9.15,104.1,16.6,1,0,1,4
5.88,664,7.87,99.4,11.6,2,1,1,3
17.11,295,3.12,92.0,22.7,0,1,1,3
17.11,219,6.22,38.4,9.9,2,2,0,1
15.85,369,9.64,59.5,16.9,1,0,1,2
15.47,25,4.34,109.8,11.1,0,2,0,3
3.68,169,11.92,63.1,12.9,2,1,0,2
17.63,392,2.1,88.8,11.5,1,1,1,1
5.97,197,2.4,106.1,18.4,1,2,1,3
13.21,293,5.71,97.9,14.2,2,1,0,3
3.17,304,9.82,109.4,15.5,0,1,0,4
5.25,84,2.49,86.0,5.2,0,1,1,0
17.62,401,3.51,55.1,8.9,2,1,1,1
15.85,120,0.69,45.3,22.1,1,1,1,1
8.42,229,9.13,62.0,12.4,0,0,1,1
4.07,441,7.85,57.7,22.0,1,1,0,1
9.42,586,0.55,60.1,10.2,0,0,0,0
15.89,703,10.78,90.2,7.0,0,1,1,4
7.66,374,10.43,99.6,16.9,1,0,1,3
17.16,257,9.28,77.4,6.8,1,2,1,1
3.08,363,2.54,41.2,21.7,2,2,0,1
13.16,315,7.75,110.3,14.1,1,2,1,4
13.24,521,12.86,67.7,11.4,0,0,1,3
9.31,449,12.99,81.2,22.9,1,3,1,3
9.03,17,13.68,49.8,16.5,2,1,1,2
17.48,469,11.19,65.1,6.7,1,2,0,3
0.87,225,13.97,72.3,19.5,2,1,1,2
12.55,60,1.7,58.5,7.0,1,1,1,0
14.62,502,11.24,64.8,12.5,1,1,1,2
4.8,166,3.02,81.8,18.0,1,1,1,0
12.01,217,3.27,54.5,22.1,0,2,1,1
7.52,284,6.12,85.3,8.1,0,2,1,2
8.6,239,13.3,71.5,9.1,0,1,1,1
6.77,228,8.6,105.2,18.5,2,1,0,4
14.59,252,12.72,55.1,6.0,0,2,1,1
9.08,96,10.5,93.1,20.0,1,1,1,3
10.51,224,7.63,102.4,12.5,2,1,1,3
3.25,137,5.78,96.5,5.4,2,2,1,1
2.69,37,1.46,108.4,18.5,2,0,1,2
10.98,717,4.13,64.1,7.7,1,3,0,1
17.33,534,8.53,108.6,11.9,2,1,1,4
5.66,473,4.21,50.0,22.7,1,3,1,0
4.33,540,7.25,106.3,10.5,0,3,0,3
7.82,409,11.69,102.4,5.4,0,1,0,3
14.92,372,3.37,50.8,19.0,0,2,0,1
4.98,483,13.67,55.2,13.5,1,0,1,2
17.03,21,9.74,58.9,22.7,2,2,1,2
9.11,674,7.81,69.1,19.1,2,1,0,2
16.34,249,4.97,42.4,19.2,1,2,0,1
0.7,342,7.98,88.9,15.2,2,1,1,2
1.32,33,0.58,84.3,7.7,1,1,0,0
3.15,303,10.97,81.4,19.6,2,0,1,2
14.21,568,3.18,75.3,8.0,0,2,1,2
1.03,595,5.83,109.3,19.7,1,1,1,3
10.87,98,12.33,89.6,4.1,1,3,1,3
5.46,145,1.64,52.4,18.4,2,3,1,0
13.16,244,1.23,59.1,12.8,0,0,1,0
16.32,109,2.23,78.6,12.0,1,1,1,1
16.6,570,2.41,64.8,17.0,1,2,0,2
3.21,473,2.8,70.4,21.6,0,1,0,0
1.39,414,12.96,83.3,15.7,0,1,1,3
15.96,50,7.41,78.4,13.5,0,1,1,1
12.58,407,10.08,110.5,17.5,1,0,0,4
1.27,317,2.62,48.0,11.8,1,0,1,0
17.91,387,12.93,83.1,4.7,2,1,0,3
6.95,554,1.68,54.0,17.4,0,1,0,1
14.05,480,6.13,76.6,22.5,1,1,1,2
10.32,290,8.57,93.4,22.0,1,2,1,3
8.76,165,12.86,49.5,6.9,0,3,1,1
0.69,384,0.61,67.9,21.3,0,2,1,0
8.73,437,0.73,105.6,14.0,2,2,1,3
7.56,477,6.9,79.7,11.6,1,0,1,1
8.42,658,3.44,51.3,11.5,1,0,0,0
10.12,269,10.54,62.5,13.5,0,2,0,2
0.6,698,3.09,89.0,10.5,0,1,1,1
15.69,31,10.72,76.7,11.4,1,3,0,2
1.12,454,0.89,42.0,9.1,2,1,0,0
10.88,258,5.8,100.7,19.0,2,2,0,3
10.76,475,4.54,81.7,14.2,1,3,0,2
15.21,74,12.56,86.0,12.1,0,0,1,3
2.4,713,11.68,57.4,8.2,0,3,1,1
7.86,32,7.8,80.3,20.8,1,1,1,1
7.09,712,1.38,80.1,9.7,0,1,1,1
6.34,652,11.29,92.6,14.0,0,1,1,3
15.65,409,12.43,80.2,22.2,1,3,0,3
13.54,458,8.75,45.6,9.5,0,0,1,1
2.88,77,6.67,65.2,17.0,1,3,1,0
17.3,442,11.57,70.1,16.3,0,1,0,3
6.49,101,7.25,73.4,9.2,0,2,0,0
17.99,709,12.02,83.1,9.5,1,1,0,4
13.48,44,3.3,50.9,17.2,0,1,1,0
11.64,577,10.87,69.1,11.1,2,0,1,2
17.65,434,7.56,69.9,5.5,0,1,1,2
17.89,424,5.69,110.7,21.2,1,1,0,4
16.25,360,10.58,50.5,7.6,1,0,1,1
0.39,628,9.71,102.2,22.5,1,3,0,4
13.49,35,5.58,101.0,18.1,2,2,1,3
6.59,408,5.47,84.7,14.8,0,0,0,1
5.07,410,1.39,39.6,11.4,0,2,1,0
16.21,572,13.54,50.6,5.6,1,0,0,3
10.47,480,1.82,102.6,12.9,0,1,1,3
1.38,370,10.02,107.7,13.5,2,2,0,4
13.02,568,9.38,88.5,21.6,2,0,0,4
16.5,36,7.16,58.7,10.9,0,1,0,0
16.75,592,5.44,103.9,19.6,0,1,0,4
2.81,637,10.41,54.1,11.5,1,2,1,1
2.97,467,5.41,110.2,7.0,0,3,1,2
17.92,571,9.54,53.4,10.6,0,1,1,2
11.27,594,11.01,69.7,16.6,2,2,1,3
11.23,208,7.21,65.7,20.3,2,2,0,1
14.26,78,9.31,59.7,16.5,1,2,1,1
15.99,547,0.54,53.8,15.9,0,2,1,1
1.61,451,10.55,65.9,13.7,0,0,1,0
11.17,292,11.67,56.4,5.9,2,3,0,2
15.26,17,9.14,94.8,14.6,1,1,0,3
9.94,645,13.35,107.2,7.9,0,0,1,4
15.37,60,9.09,46.0,10.8,2,1,1,1
3.22,208,3.44,57.2,12.2,1,0,1,0
4.6,442,6.39,57.9,11.9,1,3,0,1
3.31,496,4.51,48.1,15.3,1,2,0,0
15.0,246,0.95,42.9,11.3,1,0,0,0
16.41,378,8.53,56.8,5.2,1,1,0,1
4.99,672,10.56,75.1,12.3,0,1,1,4
7.49,682,8.63,56.6,15.2,0,1,1,1
5.51,8,10.31,43.1,19.1,1,1,1,0
9.43,487,2.48,81.5,18.8,0,1,1,2
8.03,455,4.49,78.5,8.7,1,0,1,0
3.8,482,12.65,89.4,18.0,0,2,1,3
9.89,528,6.26,107.9,11.6,2,0,1,3
8.4,428,10.72,79.7,5.0,0,3,1,1
6.83,17,2.37,87.3,13.0,1,1,1,1
14.14,392,3.7,43.2,4.8,2,2,0,1
16.86,707,11.34,62.8,7.5,2,0,0,3
15.28,525,4.73,44.5,9.3,1,0,1,0
5.44,200,1.67,66.3,13.5,2,1,1,0
15.73,622,11.56,89.9,12.8,2,1,1,4
15.69,417,12.85,68.0,22.4,0,1,1,2
8.41,490,13.9,100.9,14.2,2,1,0,4
4.62,156,11.11,105.8,18.2,1,0,1,4
1.93,530,12.19,52.1,8.9,1,2,1,0
0.79,107,2.65,107.0,22.1,0,2,0,3
10.02,85,11.73,78.1,18.8,2,2,1,3
13.97,13,3.58,86.0,9.3,0,0,1,1
5.97,473,12.26,70.2,17.3,2,2,0,2
14.2,106,12.45,103.8,8.1,1,1,1,4
14.31,617,8.88,69.1,10.5,0,2,0,2
1.66,67,1.97,94.1,11.3,0,3,1,1
14.4,700,10.54,41.6,14.9,1,2,1,3
17.19,709,2.72,102.8,18.0,1,0,1,3
0.55,611,2.46,96.0,17.3,1,3,1,3
11.03,619,12.17,42.4,21.9,2,0,0,3
0.43,303,11.85,54.5,10.5,0,2,1,0
7.23,526,3.16,107.1,18.2,1,1,0,3
0.74,444,10.43,76.0,14.4,2,2,1,1
8.81,704,9.2,86.4,21.1,2,2,0,4
1.08,257,1.32,68.1,15.0,1,0,0,0
0.94,451,11.12,108.9,15.7,2,1,1,4
16.27,174,10.84,110.9,19.2,0,1,1,4
0.69,249,13.1,105.0,12.9,1,1,1,3
4.37,615,6.35,56.7,20.6,1,2,0,1
16.31,252,13.58,66.4,8.7,2,0,1,1
7.78,268,2.74,76.0,9.2,1,1,0,1
5.08,719,3.13,68.2,10.8,2,2,1,1
1.1,459,8.96,75.7,6.8,0,2,1,0
3.04,512,13.48,93.1,17.3,2,0,0,4
11.93,439,7.57,70.6,7.9,2,1,1,1
6.49,551,0.51,89.2,5.2,2,1,1,1
0.95,288,13.19,61.3,18.0,2,3,0,2
13.11,308,12.23,76.4,7.7,0,2,1,2
0.52,407,11.78,41.1,14.0,0,3,1,1
17.53,473,2.34,94.3,19.8,0,3,1,3
3.58,450,1.07,68.3,11.3,1,2,0,0
10.27,79,8.24,55.0,9.8,1,2,1,1
10.8,296,6.61,38.9,11.6,0,1,0,0
15.12,303,1.62,82.2,16.4,0,1,0,2
7.58,10,0.86,74.2,19.5,2,1,0,0
14.24,7,4.79,89.1,10.8,2,2,1,2
15.66,696,7.65,38.7,17.4,1,1,0,2
7.64,591,6.21,57.9,12.2,1,0,1,1
0.92,477,6.26,41.8,7.1,0,1,1,0
9.04,29,12.73,109.0,18.7,1,1,0,4
3.63,453,2.95,46.9,7.0,2,1,1,0
13.29,506,4.62,111.8,15.1,1,2,1,4
13.67,547,8.42,103.1,8.3,2,1,0,4
13.84,191,12.5,53.6,9.3,2,1,0,2
8.68,570,10.97,92.3,4.6,0,0,1,3
16.19,337,7.25,98.2,10.2,1,1,1,2
12.71,301,2.21,105.4,21.9,0,1,1,3
15.55,284,5.93,90.4,18.8,1,2,0,3
0.88,493,5.38,67.2,21.3,0,1,1,0
12.84,225,2.56,99.7,19.3,2,2,1,3
7.11,241,12.63,62.2,13.0,1,2,1,2
12.74,465,12.82,75.1,22.2,1,0,0,3
15.31,631,5.45,90.5,12.1,0,1,0,3
3.66,276,9.88,83.1,9.4,1,3,0,2
5.18,707,11.37,55.3,18.4,2,1,0,2
16.6,669,6.72,66.9,7.9,0,1,1,1
9.06,101,11.47,84.0,17.2,2,1,1,3
11.19,669,1.36,110.1,13.5,0,2,1,4
13.23,364,5.11,64.6,10.2,1,0,1,0
7.76,67,10.49,89.6,15.1,2,0,1,3
12.96,205,12.5,49.7,8.2,1,0,1,1
4.36,648,13.45,71.7,20.2,1,0,1,2
6.91,232,13.16,68.7,14.4,0,1,1,2
0.57,593,9.95,73.3,21.5,0,3,0,2
15.87,330,1.38,69.2,18.9,0,2,0,1
3.01,496,13.39,105.7,6.4,1,3,1,4
3.67,105,9.94,88.1,5.2,2,0,1,2
6.2,489,7.93,78.0,18.6,2,3,1,2
5.2,586,5.22,77.0,15.9,1,1,0,1
16.3,185,5.98,101.2,9.4,2,3,0,3
10.6,635,11.22,78.0,20.4,1,1,0,3
17.5,610,2.1,106.4,7.0,1,3,1,3
10.55,625,13.54,44.3,10.3,2,2,1,3
3.37,336,7.25,91.9,16.6,1,3,1,3
4.85,283,12.17,40.3,4.3,2,1,1,1
13.73,166,6.45,58.5,21.3,0,1,1,1
2.44,424,10.09,88.1,20.4,2,2,0,4
1.59,254,12.21,47.9,10.7,1,0,1,1
16.19,543,11.53,44.1,11.4,0,1,0,3
2.01,469,9.97,64.1,13.5,1,3,1,1
15.4,152,10.04,105.6,7.1,2,1,1,4
11.46,238,5.4,43.4,18.1,0,0,0,1
8.55,148,13.76,46.4,13.5,1,0,1,1
12.9,71,3.94,75.6,14.0,1,2,0,1
1.76,555,5.71,42.9,8.0,0,3,0,0
15.27,253,9.43,39.9,12.8,0,1,1,1
5.16,290,3.63,60.6,9.8,1,1,1,0
12.74,232,11.43,75.2,17.2,0,1,1,1
0.65,709,10.4,108.7,19.6,0,3,1,4
1.74,298,11.25,83.4,17.9,0,0,1,3
9.26,231,10.76,79.6,15.6,1,2,0,2
2.05,13,1.06,67.7,15.0,0,2,0,0
15.54,212,13.29,88.7,18.8,1,1,0,4
8.87,414,13.69,76.5,21.8,2,3,0,3
12.64,240,13.38,75.1,16.6,0,3,0,2
3.75,703,5.73,101.3,15.4,0,0,1,2
4.27,614,11.31,76.2,13.3,2,2,0,3
11.65,456,5.24,45.6,16.1,0,1,0,1
12.62,314,4.58,60.2,17.0,0,2,0,1
3.82,260,7.32,89.3,21.5,2,2,1,3
1.8,253,10.82,101.1,9.3,2,2,1,3
14.18,657,2.3,47.8,19.6,0,3,1,2
8.71,409,9.26,48.8,13.9,2,2,0,2
0.55,83,12.8,56.1,5.1,0,2,1,1
9.51,674,12.13,61.7,16.9,0,2,1,3
0.9,240,13.44,104.2,16.0,0,0,1,4
9.08,656,7.85,74.3,11.7,0,1,1,1
5.83,20,1.26,70.4,6.2,2,0,0,0
4.62,112,10.96,49.9,12.4,2,1,0,2
16.47,470,11.16,104.6,18.3,2,1,0,4
5.58,554,5.52,55.1,6.5,0,0,0,0
14.42,116,13.27,75.1,9.7,1,0,1,1
10.15,270,13.54,110.7,10.7,2,3,0,4
13.78,269,7.81,72.9,6.7,0,3,1,1
15.35,626,2.4,62.5,11.4,0,0,0,1
6.6,112,2.49,79.3,11.9,0,1,0,1
2.6,107,5.6,47.3,15.2,1,1,1,0
13.55,326,0.72,75.1,8.1,0,0,0,0
2.16,9,7.27,79.3,10.5,0,3,1,0
9.31,97,8.23,62.1,13.4,0,1,1,0
8.53,424,1.66,100.4,19.1,2,0,0,3
7.75,552,10.49,79.5,4.0,0,0,0,2
3.37,411,1.77,94.4,7.0,2,3,1,2
5.28,356,4.52,60.0,12.6,1,1,1,0
11.53,455,5.02,108.1,9.4,2,0,1,3
9.4,594,12.88,69.2,4.6,0,0,1,2
2.62,267,12.65,40.8,5.9,1,3,1,1
14.63,553,12.22,91.0,11.3,1,0,1,4
10.91,93,5.72,64.2,16.3,1,2,1,1
10.52,178,5.17,58.7,12.4,2,2,1,1
5.05,182,11.64,58.8,11.3,0,0,1,0
14.21,313,9.88,62.3,4.9,0,1,1,0
10.75,282,3.25,67.3,13.5,2,0,0,1
2.62,694,7.43,89.9,11.6,0,2,1,2
9.25,7,10.99,111.5,18.5,0,3,1,4
12.48,434,3.73,77.4,11.9,1,3,1,2
10.62,92,4.58,96.0,13.5,2,0,1,2
10.25,141,4.61,105.6,17.6,2,2,1,3
11.25,104,7.47,80.0,6.6,0,2,0,1
3.9,259,6.29,74.8,21.0,0,2,1,1
5.1,276,2.28,77.0,9.8,2,1,1,0
1.25,508,8.55,71.4,6.7,0,3,1,0
15.8,284,9.39,75.1,13.9,1,0,0,1
15.53,278,13.42,108.7,13.8,1,0,1,4
7.99,373,6.32,69.5,6.1,0,1,1,0
4.39,254,0.86,96.9,18.6,2,3,1,2
12.71,21,11.5,50.6,21.5,1,1,0,2
12.72,409,3.91,58.4,18.1,0,3,1,1
15.67,572,10.36,78.5,7.3,0,1,0,3
8.66,633,9.06,44.9,8.9,2,1,1,1
11.65,236,11.97,56.7,13.5,1,0,1,1
13.68,405,4.85,111.5,8.8,0,3,1,3
16.52,326,0.76,64.3,7.6,0,0,1,0
8.53,201,8.78,50.1,21.6,2,0,1,2
14.68,464,1.53,100.7,5.0,1,0,0,3
5.79,209,11.68,85.4,22.6,2,1,0,3
7.33,581,10.64,105.6,13.1,0,0,1,4
5.42,688,8.91,52.5,12.1,0,2,0,1
9.09,564,10.79,110.1,21.3,0,1,0,4
7.8,712,11.59,98.4,10.6,0,3,1,4
9.92,649,13.05,74.2,11.1,0,2,1,3
2.86,472,4.67,38.5,10.1,1,1,1,0
9.75,549,2.41,72.2,18.6,1,0,0,1
2.63,654,3.22,98.8,22.6,0,0,1,3
9.25,47,11.34,81.9,4.2,0,1,1,1
4.17,335,11.16,77.2,8.6,1,1,1,2
17.8,597,7.37,108.1,13.8,2,1,0,4
14.96,240,11.92,44.5,12.9,0,3,0,3
6.68,19,8.17,80.8,14.8,1,2,1,1
16.21,46,8.97,71.9,13.5,0,1,1,1
4.51,27,3.44,91.3,20.5,0,2,1,2
4.26,291,0.72,71.0,4.8,0,2,1,0
4.3,162,12.92,89.5,11.0,2,2,1,3
17.62,93,1.77,51.2,5.3,2,0,0,0
2.41,86,1.74,42.6,12.8,2,1,1,0
2.19,436,1.43,39.6,20.1,0,2,1,0
13.11,397,2.96,82.6,8.9,0,2,1,1
3.35,403,4.26,81.9,4.3,1,3,0,0
16.88,281,7.25,84.9,18.7,0,2,0,2
8.06,511,0.98,57.0,14.1,1,0,1,0
2.05,282,11.59,47.4,12.3,0,1,1,0
12.11,453,3.71,65.9,18.4,2,1,1,1
12.67,255,12.34,39.4,18.4,0,3,0,2
1.2,714,8.15,60.6,17.2,1,0,1,1
10.34,631,7.12,103.1,5.5,0,0,1,3
6.04,600,12.07,70.0,12.1,2,2,1,2
8.46,233,3.92,100.6,6.3,1,1,0,2
14.72,394,3.41,51.2,16.3,0,1,1,0
14.97,88,5.07,88.6,6.9,1,1,0,1
11.84,154,10.79,61.6,22.8,1,1,1,1
7.58,262,7.99,94.0,19.8,2,0,1,2
3.14,643,10.03,75.1,15.1,1,0,0,2
8.28,444,13.26,70.5,14.2,0,2,1,2
10.46,314,2.35,55.6,21.7,2,1,1,0
12.63,397,11.02,71.6,21.0,0,3,0,2
2.26,689,1.56,80.3,7.9,0,1,1,1
6.65,295,4.49,94.6,19.4,0,1,1,2
14.66,448,1.66,100.5,12.4,0,2,0,3
11.14,134,5.9,44.8,5.6,1,1,1,0
4.9,625,5.28,78.0,22.3,1,3,1,2
13.91,264,7.25,57.2,18.3,0,0,1,1
11.07,177,6.28,81.0,13.5,1,2,0,2
3.98,522,4.84,64.6,11.9,2,2,1,1
6.36,168,8.12,64.0,17.7,0,2,1,0
10.65,37,13.99,69.8,5.4,1,0,0,1
13.46,494,13.62,48.9,13.1,2,0,1,2
2.13,600,10.22,44.8,16.9,0,1,1,1
9.14,239,4.25,60.7,14.6,2,3,1,0
2.29,450,10.12,40.9,18.1,0,3,1,1
12.44,378,7.25,99.6,22.1,2,3,1,3
6.66,275,13.31,63.6,7.6,0,1,0,1
7.66,388,9.04,102.0,16.7,0,2,0,4
15.85,13,9.77,101.7,6.3,1,0,0,4
2.0,694,7.15,105.3,17.7,0,1,1,3
9.28,609,11.03,88.6,4.9,1,1,0,4
14.9,73,4.79,109.0,22.5,1,3,0,4
10.77,655,5.23,49.7,17.1,0,2,1,2
1.85,209,11.2,45.7,4.5,2,0,1,0
10.79,530,10.37,47.9,8.0,1,2,1,2
16.6,82,10.85,70.5,17.7,1,0,0,2
5.43,157,7.36,101.0,17.5,1,2,0,3
15.7,331,7.16,69.3,5.0,2,2,0,0
9.49,429,7.11,83.2,6.8,0,3,0,1
10.26,464,11.7,69.2,16.3,0,2,1,2
9.69,343,3.21,51.0,8.2,2,1,0,0
11.38,151,10.5,78.9,22.8,0,2,1,2
17.58,167,6.21,101.4,9.2,1,1,1,3
2.6,480,5.87,110.7,11.7,2,0,1,3
11.65,566,10.4,79.1,19.0,2,2,1,3
1.97,609,12.36,65.1,12.5,2,1,1,2
5.52,396,7.25,105.4,11.9,2,1,1,3
8.71,293,10.55,44.6,19.2,0,1,0,2
5.2,537,9.96,69.8,20.6,0,1,0,1
8.07,708,11.39,70.6,4.3,0,2,1,2
9.44,256,10.31,46.3,21.8,0,3,0,1
10.13,136,4.01,40.5,20.6,1,3,1,0
5.84,684,5.64,102.2,6.7,2,2,1,3
0.43,360,4.4,102.8,5.1,2,0,1,1
13.97,380,9.86,92.1,13.5,1,3,0,3
16.54,479,2.65,85.5,8.5,0,1,0,3
10.85,53,7.01,103.5,13.9,0,0,0,3
15.13,275,13.49,55.7,7.7,0,3,0,2
10.96,463,2.9,90.3,10.3,0,0,1,3
9.6,159,6.44,80.3,22.9,1,2,0,2
12.23,352,12.76,53.6,6.3,1,1,1,1
15.93,682,4.0,59.2,22.9,0,2,1,3
16.06,669,2.14,53.4,17.6,0,0,1,2
15.48,43,13.93,93.9,10.9,2,1,1,4
1.45,396,2.2,87.0,5.9,1,2,1,1
4.61,527,13.35,53.8,11.6,0,3,1,1
2.86,203,4.79,60.9,15.4,1,2,1,0
15.38,595,1.14,75.1,13.1,0,2,1,1
14.4,378,5.81,62.7,15.7,0,0,1,0
12.68,184,3.32,102.4,14.9,0,0,0,2
8.55,27,11.16,59.1,15.8,0,0,1,1
10.5,302,13.21,42.1,19.0,0,1,0,2
15.69,529,2.69,74.3,18.8,1,1,0,2
16.69,176,5.63,63.9,14.6,1,1,0,1
11.26,15,5.91,51.5,15.4,0,2,1,1
13.72,677,2.12,59.7,4.6,0,0,0,1
4.66,505,9.92,51.5,20.9,2,1,0,2
1.25,521,10.34,89.8,22.8,2,1,0,3
6.86,333,5.64,71.1,13.3,0,1,1,0
13.8,712,12.68,71.8,13.1,1,2,1,3
5.8,539,7.33,84.6,9.0,0,1,1,2
5.89,304,8.67,65.4,12.9,1,1,1,0
12.44,144,9.22,49.9,20.1,0,1,1,1
2.71,6,10.4,103.2,11.3,2,0,1,3
15.33,626,0.7,82.6,8.9,1,1,1,2
15.87,500,13.03,65.0,10.5,0,0,1,3
10.42,292,6.08,105.1,18.0,0,1,1,3
7.35,277,10.87,73.8,21.7,0,0,1,2
15.12,291,4.22,100.9,21.8,0,1,1,3
15.58,214,12.65,75.3,19.7,1,1,1,2
8.55,435,1.99,65.8,21.5,2,1,1,1
9.6,604,2.69,71.7,12.8,0,1,0,1
17.48,574,13.86,101.9,6.2,1,0,1,4
14.27,353,4.19,90.3,11.9,1,3,1,2
15.6,205,1.74,78.1,6.3,2,1,0,0
2.69,171,13.49,81.0,18.6,0,1,0,2
3.14,565,1.37,53.1,8.7,1,2,1,0
17.24,69,9.52,46.7,4.5,0,1,1,0
0.39,108,13.48,93.3,14.5,2,1,1,4
3.21,548,10.13,84.8,7.0,0,2,0,2
16.47,670,5.64,56.7,18.5,2,1,0,3
2.06,339,4.04,51.3,20.5,2,0,1,0
11.8,250,5.84,48.8,9.0,2,1,1,0
10.18,463,1.67,43.1,6.5,1,2,1,1
6.67,614,0.8,65.5,7.3,0,1,1,0
14.67,254,7.92,75.1,7.4,0,0,0,3
0.46,76,9.26,43.9,13.9,2,2,0,0
5.4,660,12.1,79.8,4.6,1,3,1,2
15.55,369,1.41,106.5,13.5,0,1,1,3
11.42,577,9.21,73.9,13.5,1,2,1,2
3.85,621,0.94,93.0,5.5,2,2,1,2
5.19,374,10.11,94.3,21.6,0,0,1,3
16.25,23,6.13,97.5,11.8,0,0,1,2
2.34,76,10.85,40.3,14.0,1,2,1,0
7.95,107,7.8,67.2,14.3,2,0,1,0
14.81,513,8.56,73.5,19.7,2,2,0,3
1.76,441,10.86,82.3,22.1,2,2,0,3
15.52,400,0.54,89.1,9.7,2,3,0,2
16.23,496,5.2,57.8,11.6,2,3,1,2
5.84,80,1.34,46.2,21.3,1,0,1,0
14.36,496,10.49,88.9,17.8,0,0,1,4
6.79,270,5.58,87.6,22.2,2,0,1,2
14.62,281,7.19,98.5,12.2,0,2,1,3
3.86,202,6.52,43.9,7.6,2,1,1,0
13.47,590,0.95,91.9,13.8,0,2,1,3
3.71,441,10.38,78.1,19.1,1,3,0,2
11.51,83,11.96,97.8,13.0,1,2,1,4
0.42,256,2.24,98.4,6.0,2,2,0,2
9.26,527,11.68,67.4,13.5,2,3,1,1
8.57,631,6.21,87.1,5.2,1,2,1,2
0.54,244,6.28,58.5,21.4,1,1,1,0
6.68,500,8.34,93.8,22.6,0,1,1,3
1.44,208,9.4,57.9,5.3,2,2,1,0
2.16,351,5.33,55.9,8.4,0,1,0,0
3.69,416,1.22,70.6,12.1,0,1,1,0
2.13,437,11.84,74.7,16.2,0,1,1,1
12.33,325,12.59,102.1,22.8,1,1,1,4
17.98,483,9.5,41.2,8.3,2,1,1,2
15.73,134,1.28,53.0,12.7,1,3,0,1
1.13,244,11.48,106.7,19.0,0,1,0,4
9.53,298,1.09,101.3,6.8,1,0,0,2
14.27,550,6.65,109.5,13.4,0,2,1,4
5.29,390,12.99,86.0,22.0,2,0,1,3
5.66,499,3.02,84.2,13.5,1,2,1,1
1.41,640,7.48,48.0,13.4,0,2,1,0
2.23,125,12.52,96.1,5.2,1,0,1,2
7.07,375,2.48,90.1,9.7,2,3,0,2
12.57,320,2.3,101.2,17.8,0,3,0,4
9.37,508,4.32,85.8,20.3,0,1,1,2
10.3,132,4.69,69.4,6.4,1,1,0,0
12.33,387,1.58,40.8,5.8,2,1,0,0
15.25,404,12.12,109.5,8.9,1,1,0,4
8.97,560,5.29,64.8,5.4,2,3,1,1
13.08,591,4.57,106.8,4.2,1,3,0,3
14.95,295,11.26,100.5,7.8,2,1,1,4
13.29,40,3.05,73.9,9.0,0,2,1,0
10.43,454,12.33,107.1,8.7,0,3,1,4
16.93,459,11.62,64.6,17.3,0,1,0,3
4.45,694,9.2,42.5,17.5,1,0,1,1
0.98,404,9.76,42.4,7.0,1,2,0,1
12.83,202,10.54,80.0,8.7,1,2,1,2
12.02,101,2.7,102.4,18.3,2,1,0,3
1.02,258,12.96,49.0,13.5,0,1,1,0
15.34,485,13.43,60.1,19.5,2,1,1,3
9.3,321,7.95,59.8,17.1,2,0,0,1
5.75,32,8.85,83.4,17.6,0,1,1,2
11.6,239,12.05,110.8,21.9,0,3,1,4
9.2,336,0.78,79.0,13.0,0,2,1,1
6.47,156,6.25,97.2,15.5,1,3,0,2
16.74,33,0.73,76.8,20.3,0,1,1,0
5.28,512,5.77,81.2,4.4,0,2,0,1
5.13,236,5.02,68.9,12.8,1,1,1,0
1.59,256,5.66,62.5,9.8,1,1,1,0
3.99,641,11.51,109.6,15.8,0,2,1,4
7.41,19,8.83,48.2,16.2,0,1,1,0
17.48,42,12.89,101.6,9.3,2,3,1,4
15.16,577,5.37,108.1,9.8,1,1,0,3
6.84,332,12.62,62.4,15.2,1,2,0,2
3.67,516,7.51,64.0,13.5,1,0,1,0
6.14,393,3.88,70.0,17.9,0,3,1,0
0.6,395,6.41,98.0,15.5,1,1,0,2
15.92,591,12.9,85.8,15.5,2,2,1,4
10.35,608,12.78,78.6,18.9,2,2,0,4
1.37,419,12.01,42.6,19.8,1,1,1,1
17.29,716,11.49,45.5,5.5,2,3,1,3
1.37,115,12.79,50.9,11.7,1,1,1,0
15.3,555,4.75,54.8,19.2,1,0,0,2
1.05,505,6.46,96.7,17.9,0,3,0,2
12.21,665,6.7,46.9,17.3,0,1,0,2
6.33,153,12.1,92.9,6.3,0,2,0,3
5.99,120,6.26,96.3,15.8,2,0,1,2
7.36,628,8.79,47.5,16.6,1,1,1,1
12.71,308,11.73,103.4,5.4,1,1,1,4
14.9,203,7.86,99.9,19.8,0,3,0,3
8.6,491,7.35,109.1,17.0,1,1,0,4
3.2,215,11.27,62.4,6.0,1,1,0,0
15.25,17,7.65,56.6,18.7,2,2,0,2
14.46,309,3.45,45.9,15.7,0,1,1,0
1.52,241,13.96,42.7,20.8,0,3,1,2
0.91,196,8.98,102.1,14.6,2,3,1,3
3.78,52,12.23,77.0,14.8,2,1,1,2
15.74,579,13.5,97.9,9.6,0,2,1,4
14.93,338,7.25,64.1,21.3,2,2,1,3
9.58,102,10.08,40.9,14.9,0,2,1,1
12.72,166,8.3,48.5,8.1,0,3,1,0
14.79,35,4.03,73.7,20.0,0,0,1,2
11.14,315,13.83,73.1,17.8,0,2,0,2
1.97,670,7.25,39.7,7.3,1,3,1,0
14.51,143,9.65,102.6,14.9,2,0,0,4
8.07,24,4.39,102.1,17.1,0,1,0,2
2.58,482,7.25,68.2,5.7,0,3,0,0
10.01,241,11.76,66.1,5.1,2,1,0,1
0.77,498,12.32,91.0,22.2,0,3,0,3
14.28,634,11.49,105.9,22.7,2,1,0,4
9.33,492,5.99,97.1,5.2,1,2,0,2
13.67,24,0.56,99.8,12.4,1,3,1,2
6.88,488,7.82,66.6,22.1,0,2,1,2
14.43,202,10.19,60.1,4.5,2,2,0,1
10.49,125,0.62,84.0,12.8,1,0,1,0
5.27,644,1.75,77.7,22.6,2,1,0,2
17.62,433,1.18,99.7,4.1,1,3,1,3
6.06,571,11.53,67.4,20.8,1,1,0,2
11.92,437,13.78,75.1,15.3,1,1,0,4
14.43,523,10.39,95.4,12.7,0,0,1,4
3.22,144,9.29,103.8,13.5,1,3,0,3
14.03,77,6.35,89.0,9.8,1,3,1,2
17.8,407,5.27,74.5,13.5,2,1,1,2
1.17,525,9.92,76.9,12.3,1,0,1,1
7.86,63,1.32,62.0,13.5,1,1,1,0
3.25,619,5.38,78.6,7.0,2,0,0,0
9.29,106,1.72,91.5,20.0,1,3,1,2
6.35,286,4.96,108.1,20.8,1,2,1,3
7.62,683,9.68,78.3,13.1,0,2,0,2
8.08,103,7.55,59.8,5.4,1,1,1,0
7.0,205,13.62,95.3,4.8,2,0,1,3
3.72,265,8.35,108.4,21.2,1,3,1,3
13.88,244,13.01,48.1,9.0,1,0,0,1
8.43,267,8.76,90.5,21.8,1,2,0,3
8.94,638,12.62,103.8,11.7,1,2,1,4
8.79,397,4.21,102.0,4.5,0,1,1,1
9.63,649,11.98,92.3,22.3,2,0,1,4
11.48,321,8.18,41.9,14.9,1,0,1,1
1.51,663,6.14,101.3,18.8,0,1,1,2
11.93,151,11.99,86.6,8.7,1,1,0,2
15.37,673,10.41,65.5,16.9,1,1,1,3
8.15,554,4.27,75.4,15.2,0,1,0,0
1.66,296,7.25,90.4,12.6,2,1,1,2
10.88,49,6.53,38.5,13.5,1,0,1,1
15.68,597,4.8,95.1,13.5,0,2,1,3
0.65,682,4.45,70.4,4.1,0,2,0,0
4.4,149,12.48,94.0,19.5,1,1,0,3
16.54,553,12.79,83.3,9.5,0,1,0,4
9.28,68,10.52,58.5,20.3,2,1,0,1
17.58,81,5.61,108.1,4.3,2,3,1,2
13.35,269,4.27,78.1,12.9,0,0,0,1
3.52,119,12.34,76.2,12.8,2,2,0,2
0.41,122,11.47,59.7,15.5,2,1,1,0
1.72,165,4.55,50.9,20.8,1,1,0,0
4.39,24,13.06,54.9,11.0,0,0,1,0
7.62,425,0.7,57.6,22.7,0,1,0,1
11.5,648,5.48,91.7,5.4,2,1,1,3
15.04,671,0.95,66.8,18.0,0,1,1,3
7.39,514,4.55,51.7,14.9,2,3,1,1
9.83,450,3.25,75.1,7.4,0,2,0,3
8.3,554,1.43,74.8,9.7,0,1,1,0
6.54,9,9.24,50.4,5.1,1,1,1,0
12.95,633,9.1,84.0,12.3,1,1,1,3
17.5,401,1.45,71.8,9.8,0,3,1,1
5.34,17,6.18,58.0,18.6,0,1,1,0
12.35,707,12.03,53.2,12.2,1,3,0,3
3.66,527,2.48,53.9,14.2,0,2,0,0
11.76,163,9.43,109.3,11.7,2,1,1,4
15.82,139,1.63,68.4,8.2,2,3,0,1
16.06,246,3.98,60.7,8.6,1,1,1,0
7.15,5,7.53,99.9,5.5,1,3,1,2
0.78,20,11.74,40.6,6.5,1,0,1,0
17.21,365,9.89,97.8,7.8,1,0,0,3
3.37,321,9.27,111.9,19.2,2,1,1,4
0.87,487,2.53,107.2,17.1,1,2,1,3
3.51,373,3.65,61.9,8.6,0,0,1,0
7.85,485,3.57,74.5,6.2,1,2,1,1
14.13,148,2.91,83.0,14.7,2,0,0,1
9.56,698,9.67,108.4,7.8,0,1,1,4
9.46,345,11.74,61.5,7.2,2,1,1,1
13.51,545,1.04,88.3,22.6,2,1,1,3
9.25,559,3.83,112.0,14.8,1,0,0,3
7.32,504,5.51,47.5,19.9,1,3,0,1
5.95,141,6.11,43.9,21.6,0,2,1,0
13.37,708,11.19,40.0,22.9,1,2,0,3
17.05,243,6.68,82.5,8.9,0,3,1,1
16.34,29,7.6,93.6,15.5,2,1,1,2
14.41,299,13.87,41.5,20.7,0,1,0,2
10.73,267,2.22,85.2,6.2,1,1,0,0
11.48,149,7.83,85.1,20.0,0,1,1,1
13.42,645,10.76,41.6,8.3,1,2,1,3
2.72,496,9.11,89.7,5.9,1,2,0,2
9.88,523,8.18,38.4,17.8,0,2,1,2
4.72,301,12.7,99.1,15.0,1,1,1,3
3.79,356,1.27,95.8,20.0,2,0,1,3
10.74,699,6.5,99.8,11.5,2,1,0,3
8.29,506,1.39,98.8,4.3,1,2,1,2
4.41,295,13.83,58.2,10.5,1,3,1,1
11.04,84,4.56,66.5,16.9,2,3,0,1
2.44,566,0.64,58.5,19.8,1,1,1,0
3.85,516,7.81,52.3,8.6,0,1,1,0
14.69,362,12.52,86.8,16.7,2,1,1,4
15.32,493,3.0,72.5,15.6,2,1,1,2
0.31,27,13.03,89.4,13.5,2,3,0,3
16.26,231,13.36,58.2,4.6,1,1,0,2
16.45,283,1.75,61.9,22.5,1,1,0,1
17.12,318,13.7,96.6,17.0,1,1,1,4
7.09,260,13.78,74.9,8.9,0,2,1,2
11.3,363,5.68,63.8,7.7,0,1,1,0
8.56,387,4.94,105.3,20.1,0,3,1,3
1.51,168,2.54,98.1,8.1,0,0,0,1
5.24,318,7.3,80.2,9.4,0,1,0,1
2.66,632,12.22,78.8,4.4,1,3,1,2
5.44,120,3.09,57.3,19.4,2,2,1,0
11.79,624,13.5,91.0,9.1,2,1,0,4
8.69,104,1.52,72.0,21.0,0,0,0,0
0.51,584,13.95,80.5,11.9,1,1,1,2
7.68,632,5.23,80.6,10.5,2,2,0,2
16.45,82,7.77,83.4,22.3,2,0,0,3
8.03,156,2.46,54.0,16.9,2,0,0,1
15.26,28,13.12,81.8,8.9,0,2,0,2
13.47,609,5.68,70.1,15.0,0,1,1,2
17.52,297,6.18,84.3,5.7,2,1,1,2
1.16,617,3.7,51.5,17.5,2,0,1,0
2.44,131,3.33,57.4,18.3,2,3,0,0
1.78,306,5.17,104.6,5.0,0,2,1,3
3.91,413,13.48,70.6,14.8,0,2,1,2
1.62,351,1.27,102.1,11.6,0,2,1,2
15.54,465,9.28,61.0,20.6,2,0,1,2
4.62,685,12.38,81.2,8.4,1,3,1,2
1.29,691,1.52,70.6,21.3,0,1,1,0
0.4,292,5.26,45.2,4.3,0,1,1,0
3.28,563,9.06,99.5,13.8,0,0,1,3
13.16,702,0.91,98.0,10.0,1,1,1,2
4.13,444,11.49,72.4,20.2,1,2,1,2
12.11,712,6.57,106.5,11.8,0,1,1,4
17.16,12,2.32,59.6,7.8,0,1,0,0
2.68,260,8.03,64.4,12.2,1,2,1,0
1.64,622,4.33,98.5,10.9,1,1,1,2
16.49,431,3.79,75.1,5.2,0,3,0,1
3.82,574,2.59,44.5,11.3,1,1,1,0
8.82,712,10.57,110.7,8.0,0,3,1,4
16.66,464,10.79,100.5,21.3,1,2,0,4
2.13,522,6.39,103.2,11.4,2,2,1,3
15.38,387,13.09,48.7,8.3,0,3,0,2
17.48,423,12.06,70.3,15.2,1,1,1,3
12.65,681,8.73,83.3,4.7,2,0,1,3
14.91,310,8.06,44.9,20.0,0,0,1,1
6.33,283,8.68,109.7,4.4,1,0,1,3
13.92,461,8.35,65.4,6.8,2,1,0,2
5.27,53,7.68,72.7,9.8,0,1,1,0
11.72,701,10.59,73.8,4.1,0,3,1,2
3.22,28,11.8,74.3,21.8,1,2,1,1
4.55,53,1.38,58.6,20.6,1,2,1,0
14.5,270,12.07,46.8,16.3,2,1,0,2
14.01,397,11.13,98.2,4.1,0,2,0,4
3.43,477,11.3,49.3,14.0,0,1,1,1
1.57,446,8.23,99.0,4.4,0,1,0,3
13.54,456,6.21,65.6,17.1,1,2,0,2
1.58,223,5.28,38.7,17.1,1,1,1,0
15.69,456,9.95,79.3,13.0,2,3,1,3
7.24,211,11.21,81.2,18.1,2,3,1,2
14.99,180,3.29,106.5,8.3,0,2,1,3
12.88,184,1.38,65.6,7.4,2,3,1,0
16.4,621,7.25,93.2,16.6,2,2,0,4
11.03,15,11.92,65.7,20.8,1,2,1,2
7.14,256,13.51,73.9,9.3,2,1,0,1
16.91,626,2.23,45.0,14.4,1,2,1,2
4.46,131,8.91,96.7,14.0,2,2,0,3
12.53,190,10.65,98.1,10.0,0,1,0,3
8.89,587,6.35,101.4,9.1,2,0,1,3
4.04,82,2.15,88.6,7.0,1,2,1,1
12.02,21,5.48,49.0,20.9,0,0,1,0
9.92,715,3.22,74.9,11.0,0,0,1,1
0.52,387,8.47,73.3,14.8,0,1,1,1
5.38,710,2.73,102.0,9.6,1,3,1,2
6.61,581,12.5,110.5,20.9,2,0,0,4
4.51,650,8.29,99.4,4.6,2,2,0,3
4.73,288,10.18,76.7,8.8,0,1,0,2
14.85,297,6.68,63.2,22.0,1,2,1,2
4.85,334,5.0,78.5,19.6,0,1,1,0
4.48,503,12.34,65.0,13.5,0,2,1,2
1.17,165,10.88,77.8,14.1,0,0,1,0
0.54,596,11.92,82.9,17.9,2,1,0,3
11.38,274,11.92,81.7,15.3,2,1,0,2
16.41,474,12.08,39.3,6.9,1,3,0,3
12.66,410,13.08,89.0,17.5,2,1,1,3
15.79,129,6.28,111.2,22.2,0,1,1,4
9.0,401,4.25,42.9,20.1,1,3,1,1
12.87,661,7.55,87.9,4.4,1,1,1,2
15.39,479,7.25,38.4,14.3,2,1,0,1
6.54,72,13.0,54.8,10.7,0,1,1,1
12.96,416,10.6,75.1,19.0,2,2,1,3
14.47,241,10.23,68.3,20.6,2,3,0,2
5.69,199,2.44,51.6,9.5,1,2,0,0
7.21,464,10.96,104.9,11.5,2,1,1,4
15.3,551,11.54,70.0,12.5,0,0,0,3
7.98,166,7.21,96.4,7.1,1,3,0,2
11.9,194,12.96,85.9,13.5,0,1,1,3
3.39,585,10.88,75.8,17.6,0,0,1,2
0.32,512,5.98,97.6,6.2,2,1,0,2
12.4,202,11.78,109.6,14.2,1,2,1,4
17.92,20,1.4,44.7,15.3,0,2,0,1
12.58,197,5.97,55.5,11.9,1,3,0,1
7.14,645,12.15,72.9,13.6,1,1,0,2
5.11,555,6.42,50.0,19.2,0,3,1,1
3.0,114,4.59,42.4,5.6,1,0,1,0
1.46,493,7.04,61.6,15.7,1,0,0,1
15.12,529,6.75,91.2,13.4,0,1,0,3
6.53,346,2.97,50.6,18.2,0,2,1,0
12.01,74,12.78,74.1,9.3,1,1,0,2
17.23,207,7.84,109.0,16.9,1,0,0,3
11.3,587,3.2,77.7,15.0,0,1,0,2
15.12,613,11.9,103.3,15.3,0,3,0,4
10.07,397,9.57,43.6,20.3,0,1,1,1
3.5,158,3.0,59.1,4.8,0,3,1,0
3.1,109,7.03,65.6,15.2,0,0,1,0
8.43,631,5.73,82.8,5.1,1,0,1,1
14.87,564,5.81,47.8,22.3,2,3,1,3
6.44,305,3.05,75.0,13.2,1,1,0,1
2.65,202,11.78,56.8,18.6,2,2,1,1
8.78,29,13.08,83.6,8.1,0,0,0,3
1.29,239,10.17,75.1,16.8,2,3,0,4
11.4,213,12.22,72.9,5.0,1,1,0,1
16.53,273,6.61,65.4,14.8,1,2,1,1
8.46,592,7.95,79.5,12.2,0,2,1,2
10.23,567,1.7,75.1,16.7,1,1,1,2
17.34,454,4.82,62.1,7.7,0,2,1,1
1.45,85,13.73,63.9,7.3,0,3,1,0
15.09,702,3.38,51.4,15.2,0,2,0,3
3.51,350,8.79,66.3,13.5,0,2,0,1
9.34,395,12.67,91.6,20.2,0,3,1,4
0.61,29,1.97,67.2,5.8,2,0,1,0
8.78,496,11.57,93.2,7.3,1,3,1,4
8.65,493,10.59,94.5,19.2,0,1,1,4
5.5,36,12.25,60.4,17.2,1,2,1,1
7.93,73,7.49,100.6,17.3,1,2,1,2
10.57,24,1.34,66.6,11.8,1,1,0,0
13.73,89,13.97,46.3,5.9,0,1,1,1
7.23,185,2.36,53.3,14.6,0,3,1,0
9.19,266,13.12,100.5,8.8,0,2,1,3
13.15,85,0.67,108.5,7.1,1,2,1,3
2.86,19,4.17,77.3,18.0,2,2,1,1
17.48,688,3.0,76.9,16.6,1,1,1,2
7.04,284,4.32,78.4,7.3,0,1,1,0
3.57,300,12.62,59.9,16.8,0,3,1,1
1.9,325,4.83,52.8,14.0,1,0,0,0
12.85,189,4.48,99.6,8.9,2,3,0,3
11.64,393,12.92,95.4,20.2,0,2,1,4
8.98,634,9.83,61.0,15.0,1,3,0,2
1.84,699,12.34,70.0,15.5,0,0,1,1
15.23,199,5.71,57.2,22.6,0,2,1,1
16.47,691,6.56,64.3,11.8,2,1,1,2
14.09,503,4.75,55.6,19.8,0,1,1,2
3.99,69,10.07,93.2,10.2,1,0,0,2
5.64,217,0.78,93.2,13.0,2,1,1,1
13.81,118,8.25,43.8,8.0,1,1,0,1
5.89,586,7.31,94.3,9.4,1,1,1,2
3.06,530,7.33,53.0,17.5,2,2,1,1
17.5,574,2.0,95.4,13.5,0,0,0,3
8.49,324,13.14,102.4,5.5,2,0,1,3
16.3,673,9.41,56.6,21.6,2,3,1,3
14.61,18,6.67,69.6,22.5,0,3,1,1
8.5,363,4.55,84.5,4.3,1,1,1,1
15.44,708,6.18,103.5,11.0,0,1,0,3
10.76,332,1.6,99.6,12.5,0,3,1,2
13.39,704,13.44,70.1,13.2,0,2,1,3
3.63,557,1.5,58.4,12.4,0,3,0,0
4.29,521,2.19,105.9,15.1,0,2,1,3
5.11,435,2.16,101.1,11.2,0,3,0,2
3.08,517,8.17,90.5,14.9,2,3,1,3
14.69,259,11.63,45.9,18.1,1,1,0,2
5.73,628,1.14,58.4,14.9,2,3,0,1
13.78,30,7.25,90.0,7.7,2,0,1,3
17.72,134,7.39,78.6,13.5,0,0,1,2
12.75,407,12.17,53.3,8.4,0,1,0,2
14.92,202,13.12,102.4,20.3,1,1,1,4
7.29,616,7.49,62.9,10.1,2,2,1,2
7.6,397,8.87,40.4,11.8,1,1,1,0
14.69,647,1.65,104.5,9.9,1,2,1,4
9.2,24,3.36,45.7,20.8,2,1,0,1
14.69,607,2.26,73.5,5.3,0,2,0,2
6.73,534,4.09,56.6,4.7,0,2,1,0
4.18,379,10.34,110.1,17.9,1,2,1,4
5.48,390,13.31,99.3,9.7,1,1,1,3
9.74,511,7.25,107.7,18.7,1,1,1,4
8.4,260,4.59,39.1,21.2,1,3,0,1
10.59,159,0.63,64.0,13.8,1,3,0,0
2.54,434,2.63,78.6,4.5,0,0,0,0
1.06,229,10.59,41.8,18.2,2,1,1,0
16.25,42,5.49,104.5,14.7,2,3,1,3
13.6,540,13.25,44.9,20.3,1,3,1,3
2.18,145,12.55,42.1,21.9,2,0,1,1
11.87,37,10.89,46.8,18.2,0,3,0,1
2.28,707,0.96,53.5,10.0,1,2,1,0
12.18,281,10.38,39.4,17.9,2,2,1,2
16.45,509,2.06,111.1,15.3,1,3,1,4
11.42,70,8.95,47.1,8.9,1,3,1,0
13.71,28,13.61,108.4,10.3,2,3,1,4
5.63,417,1.18,57.4,6.7,1,2,1,0
9.08,73,3.37,63.2,15.7,2,0,1,0
10.96,218,13.98,45.3,4.7,0,1,1,1
9.35,261,11.91,61.9,19.4,1,2,1,1
5.33,249,12.26,73.8,10.2,1,2,1,1
2.29,161,4.02,83.8,17.6,0,0,1,1
10.13,28,9.77,57.9,15.2,0,1,1,0
17.17,212,5.06,69.3,14.8,1,2,1,2
4.95,31,3.34,57.9,5.2,1,2,1,0
8.03,470,3.4,110.8,13.2,0,2,0,3
3.37,93,2.8,82.6,10.5,1,2,1,0
11.8,705,10.81,63.5,20.8,2,0,0,3
13.3,541,8.32,98.1,20.0,0,1,1,4
6.42,119,9.54,89.1,6.7,1,2,1,2
15.54,297,7.27,51.6,6.1,0,1,0,1
1.34,166,5.71,110.1,8.1,1,1,1,2
10.77,616,4.49,61.4,4.4,2,0,0,2
7.38,227,5.88,70.0,11.3,0,3,1,0
14.04,682,4.73,109.3,17.6,0,1,0,4
8.46,294,11.27,100.1,4.4,2,2,0,3
16.91,700,3.73,45.9,7.9,1,1,1,1
13.89,37,7.99,93.2,10.3,0,0,1,2
9.94,416,5.64,63.2,4.7,1,1,0,0
10.15,457,5.41,54.5,8.6,0,1,1,1
5.02,260,4.79,77.8,7.5,0,2,1,0
4.69,74,10.93,48.6,9.2,1,2,0,1
7.48,511,1.26,70.2,10.6,1,2,1,0
16.18,72,5.68,48.9,6.9,0,3,1,0
0.8,249,0.87,48.9,21.9,0,3,0,0
10.72,556,7.76,107.0,6.4,0,1,0,3
7.27,434,12.9,52.4,17.2,0,0,0,2
6.24,469,6.35,84.3,10.7,1,2,1,1
2.67,60,7.25,96.7,22.7,1,2,0,3
2.7,355,9.14,86.1,20.8,0,1,0,3
6.87,333,3.45,105.9,15.8,1,3,1,3
17.67,465,7.25,45.4,13.6,0,2,1,3
7.51,546,10.83,58.8,8.1,2,1,1,1
2.5,308,5.15,73.2,14.8,2,3,1,0
7.52,518,1.92,58.2,6.2,0,0,1,0
10.64,74,7.44,79.2,10.3,2,2,1,1
8.52,641,12.07,38.5,15.2,0,0,1,2
7.77,429,0.86,92.2,20.2,2,2,1,2
8.71,679,1.82,111.0,13.8,1,0,1,3
16.19,628,1.84,41.3,5.1,2,1,0,1
9.97,457,9.81,70.2,4.9,0,0,1,0
10.79,273,7.2,95.7,20.0,2,3,1,3
15.36,580,1.49,43.4,14.9,2,3,0,2
15.87,199,2.52,61.5,19.8,1,2,1,1
4.71,357,13.5,80.9,18.6,1,2,1,3
8.16,453,3.95,72.1,6.8,0,1,1,0
10.76,664,5.18,67.8,11.8,1,2,1,2
1.26,399,7.6,53.4,21.4,2,1,1,1
0.58,413,4.51,43.2,7.5,0,2,1,0
13.69,411,8.26,84.7,6.5,1,1,1,2
4.89,267,13.33,71.2,16.5,2,1,1,2
15.78,460,11.93,46.3,6.7,1,1,1,2
8.7,349,6.57,68.0,9.0,2,2,0,1
12.61,476,7.25,110.7,10.2,2,2,0,4
7.8,610,10.68,75.1,15.8,0,2,1,4
16.0,661,8.95,46.5,18.0,1,3,1,2
17.84,12,7.9,50.9,21.4,0,2,1,1
4.06,255,8.78,95.0,8.1,2,3,1,3
4.63,523,2.5,80.9,16.4,1,2,0,2
11.24,570,8.25,83.9,22.0,1,3,1,3
7.78,11,4.84,53.7,6.3,2,1,1,0
15.32,102,0.89,75.1,6.9,0,0,1,0
7.1,234,4.07,83.2,5.7,1,3,1,1
14.84,224,5.34,50.9,15.0,0,1,1,1
7.53,519,5.49,43.2,10.1,1,0,0,0
13.31,577,3.99,108.3,20.9,2,1,0,4
8.43,488,5.08,69.7,7.8,1,2,1,0
11.52,213,13.64,42.7,7.4,1,2,0,2
4.16,423,10.51,58.4,16.1,1,3,1,1
15.0,388,10.64,41.8,7.0,1,0,0,1
16.17,350,5.55,75.1,10.9,2,2,0,3
11.98,676,9.73,87.8,18.2,1,2,0,4
8.8,43,8.22,54.7,4.3,1,2,1,0
10.83,617,11.56,62.0,19.6,0,1,1,2
4.14,387,7.25,57.0,14.1,0,0,1,0
0.76,58,3.34,47.3,18.3,2,2,1,0
16.92,472,1.61,82.9,16.6,1,3,0,2
8.61,235,6.11,53.3,14.4,0,2,1,0
7.1,55,11.36,102.6,15.1,1,1,1,3
10.09,11,2.03,54.1,15.1,0,1,0,0
16.62,87,10.08,83.7,13.4,1,2,1,3
8.17,280,4.65,57.0,10.3,0,2,0,1
9.24,550,11.51,91.5,13.5,2,1,0,4
6.68,118,6.71,55.8,14.7,2,2,1,0
5.07,44,10.53,70.3,12.5,2,1,1,0
3.81,73,10.9,111.9,19.2,1,1,0,4
1.82,112,9.57,46.4,11.2,0,1,1,0
9.63,332,12.94,73.3,19.8,2,2,1,2
3.92,320,4.68,55.3,20.8,2,3,1,1
9.74,223,3.71,90.6,7.5,0,0,1,1
9.52,216,4.78,72.1,18.6,1,1,0,1
16.61,45,13.06,59.7,10.1,0,3,1,1
3.5,233,0.79,41.5,8.2,1,2,1,0
15.12,568,8.21,92.4,4.3,2,2,1,4
11.85,709,10.74,67.5,15.6,0,1,1,2
3.53,13,6.17,57.7,13.5,0,1,1,0
1.81,347,2.16,65.5,7.4,0,1,1,0
13.76,545,5.16,72.6,9.1,2,1,0,2
10.4,334,10.19,92.4,15.1,1,0,0,3
12.67,620,13.87,58.0,22.6,1,2,1,3
3.5,269,1.54,94.6,15.5,1,0,0,1
17.72,196,9.0,51.1,14.6,0,1,0,1
14.36,514,5.51,49.9,13.5,1,1,1,2
0.35,209,5.48,41.8,6.1,1,1,1,0
14.49,438,7.58,75.4,13.0,1,3,0,3
13.49,594,5.25,78.0,15.1,2,1,0,2
5.81,187,13.65,110.8,7.3,0,1,0,4
5.44,629,5.36,85.3,16.6,0,3,0,2
3.28,440,13.3,56.5,9.7,0,1,0,1
0.91,200,4.93,58.5,6.0,1,2,1,0
1.54,690,9.14,73.0,20.5,2,1,1,2
12.01,135,7.75,43.7,21.4,1,2,0,1
16.42,638,9.73,78.4,14.8,2,2,0,4
15.17,549,10.77,97.2,4.4,0,2,0,4
7.57,633,7.25,62.2,18.8,0,0,1,1
10.17,508,13.51,42.7,21.8,0,1,0,3
3.46,6,8.12,43.2,8.2,0,1,1,0
11.0,386,7.64,107.2,12.9,0,1,1,3
1.73,82,4.54,86.5,22.8,1,1,0,1
17.65,425,13.57,84.5,15.9,2,0,0,4
11.51,595,4.16,97.7,10.1,1,3,1,3
10.09,190,10.25,42.1,14.2,1,1,1,1
7.45,115,12.68,77.8,17.6,0,3,1,2
17.76,653,2.99,98.4,22.9,2,1,1,4
10.49,69,0.59,62.6,20.6,0,2,0,1
2.77,12,10.94,40.5,21.3,0,0,1,1
7.22,219,0.83,89.5,16.4,0,0,1,1
2.5,167,2.56,77.7,14.4,1,1,1,0
4.94,606,11.62,38.7,14.7,2,2,1,2
1.55,708,1.34,44.9,11.0,0,2,1,0
6.46,441,5.99,88.3,12.0,1,2,0,2
13.27,85,4.65,85.1,9.7,0,2,0,1
1.96,195,7.33,95.5,15.1,0,1,1,1
2.68,657,4.63,47.3,20.4,2,1,1,1
15.46,283,1.95,61.5,13.5,1,1,1,1
5.09,452,9.71,82.4,14.7,1,3,0,3
1.82,358,5.64,106.8,22.0,2,3,0,3
6.89,162,3.86,52.9,17.7,2,2,0,1
11.56,249,12.37,55.9,17.1,1,0,0,1
17.79,380,1.5,86.2,22.9,2,1,1,3
13.52,317,6.47,65.7,14.2,1,1,1,1
16.18,236,0.6,71.2,7.2,2,0,1,1
1.58,489,6.11,39.5,13.5,1,2,1,0
4.21,221,7.25,110.4,9.0,0,1,1,4
3.92,114,3.11,59.3,8.9,0,2,1,0
8.79,109,12.94,59.4,21.0,1,2,1,2
0.64,23,9.07,108.2,10.1,0,3,0,3
6.42,360,13.38,56.8,9.3,1,1,0,1
9.58,106,7.07,84.9,9.8,2,1,0,1
3.14,164,4.62,51.5,8.4,1,3,1,0
11.05,113,4.89,82.8,5.9,0,3,1,0
3.47,338,9.46,61.5,22.8,1,2,1,1
1.06,714,6.95,42.3,8.7,0,2,1,0
17.7,266,8.96,68.3,11.2,1,1,1,2
0.96,165,13.15,79.9,15.6,1,1,1,2
10.16,18,11.35,66.7,21.8,0,2,1,1
8.32,551,11.81,56.6,7.5,1,1,1,1
14.38,607,3.14,110.3,19.1,0,1,1,4
2.16,359,4.95,90.2,20.0,0,3,1,1
14.76,635,2.44,47.3,19.7,1,3,1,2
7.86,562,11.87,42.3,13.5,1,1,1,1
3.18,440,13.22,87.8,6.2,0,1,0,3
12.11,132,6.44,72.7,16.7,2,2,1,2
13.5,426,5.01,60.4,19.6,0,3,1,2
7.56,166,11.93,85.7,13.5,1,2,0,3
11.55,270,10.04,103.3,10.3,1,2,0,4
0.67,514,13.72,101.9,22.9,0,1,1,4
14.74,113,0.84,111.9,17.5,1,1,0,3
10.47,305,12.59,110.7,9.0,1,3,0,4
1.1,321,10.92,64.3,8.8,1,1,1,0
11.25,95,3.11,102.6,12.9,1,2,1,2
3.07,421,7.25,102.4,15.9,1,0,1,2
8.6,458,4.06,42.8,9.7,1,1,1,0
16.76,331,7.55,72.4,15.0,2,3,1,2
1.99,385,1.8,55.3,19.8,1,2,1,0
3.0,61,12.43,101.9,10.2,2,1,1,4
10.77,676,12.99,70.5,13.0,2,3,1,3
12.74,324,13.6,82.0,16.2,0,3,0,3
2.36,52,13.62,42.1,20.0,1,2,1,2
12.48,706,8.41,97.6,14.0,2,1,0,4
3.7,389,0.86,75.1,8.3,0,2,1,1
2.96,480,12.33,63.8,19.6,2,1,1,1
2.48,507,2.68,53.7,16.5,0,1,0,0
6.19,19,6.91,41.6,8.9,1,1,1,0
17.96,391,12.89,88.7,9.0,1,2,1,3
16.22,192,10.12,102.3,15.6,2,1,1,4
2.49,585,12.18,90.4,8.3,2,3,0,4
4.58,369,2.12,41.3,19.0,1,2,1,0
11.6,649,7.25,57.1,15.3,1,0,0,2
12.35,316,6.66,96.5,22.3,1,1,0,3
12.68,441,5.48,53.9,5.4,1,2,1,1
13.7,417,8.58,85.1,21.7,1,1,1,4
17.51,513,3.67,49.6,16.2,0,2,1,2
13.57,592,12.58,47.8,11.5,0,2,1,3
10.43,172,4.43,100.9,21.3,0,3,1,3
16.47,313,8.31,38.9,6.1,0,3,0,1
10.33,423,9.24,44.1,12.1,0,3,0,2
8.44,643,7.68,96.7,8.3,0,0,0,3
5.27,299,11.12,41.9,12.8,1,3,1,1
10.13,442,6.66,72.0,15.9,2,0,1,2
5.8,385,9.26,91.3,18.7,0,1,1,3
15.68,599,7.99,52.8,6.8,1,2,0,2
14.99,652,12.59,89.8,7.4,0,0,0,4
3.39,394,11.0,46.0,19.0,0,2,0,2
11.49,401,12.94,80.3,6.2,0,1,0,2
1.82,719,1.84,76.5,12.8,1,2,0,1
10.01,599,7.74,77.8,15.6,2,1,0,2
7.8,38,12.49,100.5,13.7,0,0,0,4
15.36,201,9.0,60.0,14.1,0,2,0,2
3.76,107,11.68,104.2,13.7,2,3,1,4
14.2,147,6.35,70.6,11.8,0,3,0,1
14.51,447,7.25,79.0,11.9,2,1,1,3
17.71,41,2.84,68.7,18.2,1,0,0,1
9.74,220,8.45,53.9,20.9,0,2,1,2
11.66,88,7.26,79.2,12.3,0,0,1,1
5.89,34,8.85,45.5,13.7,0,1,1,0
12.12,483,9.87,46.0,11.7,1,0,1,1
2.17,389,5.86,56.6,6.3,1,1,1,0
5.11,181,3.28,40.6,14.8,1,2,1,0
9.63,257,12.14,74.3,21.9,0,3,0,2
11.84,34,4.64,42.2,20.2,0,2,1,0
17.87,87,10.74,61.1,15.1,2,0,1,2
4.6,693,12.55,107.7,5.3,1,1,1,4
0.58,151,7.81,84.0,15.2,1,0,0,1
1.86,106,8.05,111.2,11.4,2,3,0,3
2.51,692,5.73,75.1,20.0,1,0,1,0
1.81,516,5.89,105.1,6.1,1,0,0,2
11.61,596,6.54,106.3,6.6,1,1,1,3
17.57,672,0.73,58.7,11.8,1,2,0,2
15.23,493,8.29,51.8,19.1,0,2,1,2
17.76,368,8.13,40.8,18.0,0,1,1,2
15.5,559,7.33,60.8,8.0,1,0,0,2
1.46,48,4.76,42.1,18.2,0,1,1,0
15.94,591,8.64,60.4,4.6,0,2,0,2
0.82,689,8.98,59.9,4.7,0,1,1,0
15.25,573,7.33,107.0,9.0,0,0,0,4
9.88,45,8.16,62.2,21.4,1,1,1,0
13.18,225,9.68,40.6,13.6,0,0,1,1
9.37,597,7.1,62.1,22.7,2,0,0,1
6.93,299,4.66,104.2,9.1,1,2,1,3
4.16,670,2.98,103.7,20.1,0,2,1,3
15.89,428,5.59,72.8,12.9,1,3,0,2
1.04,283,1.96,55.0,7.5,1,0,1,0
14.51,185,8.7,98.8,4.8,2,3,1,3
1.18,673,4.69,97.9,11.1,1,1,1,2
0.93,368,1.85,67.1,10.5,0,3,1,0
14.97,642,10.95,53.4,10.5,1,3,1,3
0.72,408,1.52,110.6,22.8,1,2,1,3
9.79,174,10.54,110.6,18.5,0,2,1,4
7.3,602,8.83,40.8,21.2,1,0,1,1
9.76,620,5.54,105.0,4.0,1,2,0,3
0.59,312,6.66,93.2,10.6,2,1,0,1
6.85,668,11.93,104.3,22.8,0,0,0,4
4.19,36,14.0,53.0,20.6,1,2,1,1
11.61,151,2.92,47.3,4.3,0,0,1,0
4.39,124,11.46,65.6,17.3,0,1,1,1
9.07,12,7.64,67.4,17.2,0,1,1,0
16.28,573,13.87,108.6,21.7,2,1,1,4
4.09,577,10.39,107.1,12.9,1,0,1,4
11.69,556,6.39,43.8,17.8,1,0,1,2
1.41,117,7.0,78.8,17.7,0,3,1,0
3.41,474,13.24,85.6,14.4,1,1,1,3
5.42,559,6.68,68.9,4.4,0,0,1,0
15.68,528,10.35,79.0,13.6,0,0,1,3
2.9,668,4.28,63.3,16.3,2,1,0,1
5.9,389,11.68,111.0,19.7,0,2,1,4
11.44,293,7.38,98.4,13.7,0,1,0,3
14.72,581,1.66,101.5,10.6,0,2,0,4
7.89,206,9.93,94.2,20.3,0,3,1,3
8.81,259,3.61,101.6,13.2,0,3,1,3
10.36,525,0.88,51.1,18.7,1,1,1,2
7.06,474,7.25,42.3,7.7,1,1,0,1
14.9,376,5.01,68.3,21.5,0,2,0,2
9.27,353,5.23,103.6,7.6,0,1,1,3
8.15,379,9.33,59.1,8.8,0,2,1,1
4.59,395,10.24,84.4,14.3,1,1,1,3
3.93,332,4.59,55.7,15.4,1,2,1,0
9.29,680,10.29,43.0,17.0,0,0,0,2
8.09,133,11.19,102.6,15.2,1,3,1,4
14.43,152,11.77,83.8,9.2,1,3,1,3
2.52,357,12.53,75.9,10.7,1,3,1,1
2.47,46,1.76,99.5,13.5,1,0,0,2
8.2,253,12.45,60.7,4.2,0,2,1,1
9.83,652,3.63,100.2,15.2,0,2,0,4
13.23,348,11.93,103.4,8.0,0,3,1,4
1.14,279,11.75,110.7,6.2,0,0,1,3
6.86,585,6.41,97.1,12.8,2,1,1,2
16.28,137,11.6,46.2,19.7,0,1,0,2
12.03,679,11.6,77.3,4.9,2,1,1,3
12.97,144,5.87,43.1,10.4,1,1,1,0
6.97,7,6.78,82.0,19.7,1,2,1,1
13.98,70,8.73,57.5,13.6,0,2,1,1
3.72,440,1.68,76.6,15.2,1,3,1,0
14.78,499,3.62,106.0,4.1,1,1,0,3
3.74,674,6.98,42.5,10.6,1,0,1,0
11.27,270,4.18,49.5,15.0,1,0,0,0
5.58,476,11.63,105.1,15.5,1,2,1,4
16.17,93,11.95,86.4,4.9,0,0,1,2
16.27,204,0.53,98.1,4.2,2,0,1,2
0.37,603,8.33,85.8,20.5,1,0,1,2
13.97,537,12.19,99.8,12.7,2,1,1,4
4.93,283,12.8,62.9,9.7,0,2,0,2
14.86,27,7.32,42.9,19.7,1,3,1,0
3.77,215,1.68,40.6,4.5,2,0,1,0
1.11,175,8.06,53.1,22.3,1,1,1,0
5.69,688,4.84,95.6,12.6,0,0,0,2
2.66,45,1.64,93.9,9.9,2,1,1,1
16.37,453,5.42,66.8,12.3,2,1,0,2
14.45,673,12.65,51.6,20.5,0,1,1,3
12.64,241,1.05,47.4,19.7,0,1,0,0
8.82,577,10.65,64.4,8.1,0,2,1,1
5.82,110,7.79,91.4,4.4,1,2,1,1
16.42,606,6.81,90.5,14.5,0,1,1,3
3.76,522,6.27,99.0,22.4,0,1,0,3
10.69,386,12.99,73.0,18.7,1,1,0,3
16.53,475,0.58,99.2,8.2,0,3,1,3
2.91,674,1.99,86.9,9.6,1,1,1,1
4.47,131,9.78,102.6,8.9,0,0,1,3
17.42,367,4.3,91.2,13.5,1,1,1,2
10.87,25,9.34,81.3,6.0,1,2,1,1
3.23,118,11.58,43.1,10.1,0,1,1,0
16.32,685,13.48,75.1,8.3,2,3,0,4
3.96,620,6.71,45.5,18.2,0,1,0,0
4.61,23,11.39,98.7,11.7,0,1,1,3
14.4,324,6.65,69.0,9.4,0,3,1,1
6.07,18,1.71,83.3,8.0,0,1,0,0
3.97,21,3.12,70.7,10.3,1,3,1,0
11.12,181,4.15,48.2,4.7,1,0,1,0
5.39,91,14.0,53.0,15.7,0,1,1,1
12.82,85,7.36,53.7,20.0,0,1,0,1
2.88,163,6.67,55.4,18.1,1,1,1,0
13.15,231,9.35,85.0,18.2,2,1,0,3
7.7,340,11.51,99.0,17.0,0,3,1,4
5.95,191,9.03,63.1,9.8,1,1,0,0
4.65,636,3.51,48.7,4.4,1,2,1,0
6.12,469,7.31,62.2,7.4,0,1,1,0
13.53,426,3.9,102.0,15.4,2,2,0,4
7.53,46,13.31,65.0,12.6,0,0,1,2
8.79,343,9.42,69.9,20.4,2,3,0,2
4.88,532,12.94,45.1,6.8,1,1,1,1
2.79,148,13.97,43.7,4.8,0,2,0,1
1.54,688,12.24,65.5,16.6,2,0,0,2
7.15,406,11.76,58.0,19.3,2,2,1,2
6.8,416,4.62,81.2,4.5,2,0,0,1
12.09,427,1.02,106.2,16.1,1,3,0,3
15.65,187,7.09,44.9,18.2,0,0,1,1
13.79,453,1.63,73.6,6.3,0,1,1,0
16.84,87,4.07,72.4,5.7,0,1,1,0
16.48,491,1.54,108.9,18.1,1,3,0,4
11.6,26,8.32,100.2,12.8,0,2,1,3
7.56,24,1.99,70.2,8.6,0,0,1,0
1.21,88,7.76,42.8,8.9,2,0,1,0
15.81,377,0.9,73.7,12.2,0,1,0,1
13.77,652,8.26,75.8,16.8,0,1,0,3
15.14,436,7.46,46.3,7.3,1,1,1,1
13.37,287,7.25,48.7,6.6,2,3,1,1
13.36,355,0.91,71.5,7.8,1,2,1,0
8.13,466,11.73,58.2,6.5,0,1,1,1
6.5,626,9.59,63.7,20.9,1,0,1,2
12.95,135,7.72,104.6,16.6,1,0,1,3
12.07,409,4.2,78.2,11.8,0,1,1,1
2.84,98,1.48,57.7,21.7,1,0,1,0
12.72,233,11.08,103.4,10.3,1,3,0,4
12.41,84,8.57,79.1,14.2,0,3,1,1
17.13,438,3.57,61.7,13.5,0,2,0,2
3.54,313,4.99,103.4,7.0,1,0,1,2
7.57,243,10.49,99.5,18.2,1,3,1,4
13.53,636,2.24,60.0,14.8,2,3,1,2
16.33,718,3.71,39.3,9.9,2,1,0,2
9.32,505,1.84,105.0,18.6,2,0,0,3
1.46,581,5.77,63.6,10.9,1,2,1,0
6.76,73,3.83,76.6,12.6,1,1,1,0
4.7,455,9.61,82.8,14.5,1,1,1,2
12.93,392,1.35,45.4,14.5,1,2,1,0
2.32,238,5.8,87.8,12.2,0,2,1,1
8.31,496,12.11,74.9,12.7,2,1,0,2
13.7,433,0.73,91.5,13.5,0,0,1,2
8.36,255,13.78,46.7,14.7,2,2,0,2
9.59,531,11.03,85.1,13.8,0,3,0,3
1.15,438,10.55,50.1,11.2,1,2,1,1
2.27,177,5.81,80.2,13.6,2,2,0,1
3.19,143,2.73,60.5,14.1,1,0,0,0
5.84,710,2.84,56.8,13.3,0,3,1,0
5.99,377,10.67,95.0,5.2,2,1,1,3
1.25,358,5.79,88.6,4.9,2,1,1,0
17.52,228,10.0,99.8,7.3,1,1,1,3
4.05,26,2.26,87.2,18.9,0,3,1,1
17.09,215,9.47,76.7,16.8,2,3,0,2
5.16,559,9.96,67.0,6.8,0,2,1,1
11.73,590,9.02,53.2,6.9,0,1,1,2
4.87,645,1.67,88.3,9.2,0,1,0,2
1.32,621,3.09,93.4,5.4,2,0,1,2
12.54,498,7.92,73.8,9.1,1,2,1,2
3.06,68,9.94,73.7,22.0,2,1,1,1
5.43,563,5.37,50.4,22.8,1,3,0,1
10.17,272,3.53,97.5,22.6,2,1,1,3
1.91,268,13.13,72.6,13.8,0,0,1,1
11.71,700,8.04,102.0,17.6,0,2,1,4
10.33,309,9.11,91.7,8.1,1,0,1,3
2.52,499,8.0,75.6,21.4,0,2,1,2
16.0,466,1.22,48.7,9.3,1,1,0,1
9.11,521,1.44,86.6,11.4,0,1,1,1
16.38,652,7.68,81.9,8.8,0,3,0,3
11.62,435,5.28,96.2,10.7,2,2,1,3
8.35,608,0.87,55.9,9.1,0,2,1,0
15.45,638,12.94,39.2,19.0,1,3,1,3
8.33,305,2.17,82.7,8.5,0,3,1,1
3.39,90,9.0,108.6,18.8,0,1,1,3
13.09,707,13.73,38.9,6.2,1,1,0,3
11.88,380,2.12,72.5,10.3,1,1,0,0
4.19,617,13.31,103.7,22.5,1,0,1,4
7.03,462,12.32,108.0,11.6,0,0,1,4
11.84,679,12.07,41.0,22.0,1,1,1,3
9.46,441,4.54,75.0,22.5,2,1,1,1
2.03,639,9.72,52.5,7.1,0,2,1,1
6.6,599,4.8,49.7,5.3,1,2,0,0
8.52,472,8.25,58.4,16.6,2,3,0,2
14.49,300,3.91,43.0,13.2,2,3,1,1
4.22,155,1.17,110.5,22.8,0,1,1,2
14.32,614,11.73,63.2,11.6,1,3,1,2
9.87,626,0.77,79.0,11.2,1,2,1,1
4.1,387,1.59,60.3,7.6,0,2,1,0
3.14,177,0.81,81.1,10.4,1,0,1,0
8.47,280,1.13,91.5,7.4,2,3,1,1
9.37,252,9.32,74.6,17.1,1,1,0,2
3.79,83,12.93,73.0,18.6,2,0,0,2
8.6,542,13.9,85.7,20.1,1,3,1,4
1.52,235,9.63,98.4,7.7,2,1,0,3
1.47,390,12.42,100.0,9.0,0,0,1,3
12.61,484,6.46,57.6,19.7,2,2,1,2
12.28,23,1.42,55.9,11.1,0,2,1,0
15.99,262,8.37,78.7,18.0,0,0,1,2
5.25,400,8.81,97.5,4.9,2,3,1,3
6.09,59,13.72,98.3,14.7,1,1,1,3
15.4,457,1.49,62.0,8.9,0,1,1,2
14.27,665,2.46,52.5,19.8,2,1,1,2
15.32,275,1.67,38.0,12.9,1,3,0,0
4.38,217,9.73,52.4,11.4,0,0,1,0
10.41,430,10.7,93.3,4.4,0,1,1,3
14.3,123,11.76,53.6,10.5,1,3,0,1
3.74,297,9.03,75.1,8.7,1,3,1,0
8.18,206,12.57,61.4,8.9,0,1,0,1
0.51,301,8.18,70.8,10.6,1,0,1,0
13.33,168,12.6,75.1,22.0,0,1,1,4
10.44,123,4.48,41.2,19.1,0,1,0,0
0.68,575,4.35,66.7,18.6,1,2,1,1
6.26,634,6.24,59.8,14.3,0,1,0,1
9.57,382,6.0,66.6,10.7,2,3,1,1
5.18,340,9.77,57.3,10.0,1,2,0,1
11.83,252,10.42,109.8,20.4,1,1,1,4
3.58,231,9.03,77.4,8.4,0,3,1,0
16.93,304,8.05,47.0,5.7,1,3,1,2
10.26,679,9.5,64.3,22.6,1,2,0,3
16.07,578,5.81,81.7,5.6,2,0,0,2
15.13,558,10.22,49.9,22.1,0,1,1,3
4.15,672,7.7,110.9,11.7,2,2,1,4
17.2,282,7.25,46.5,8.2,0,1,1,0
10.88,369,3.24,99.8,13.0,1,1,0,3
11.8,40,1.97,100.4,9.0,2,2,1,3
9.8,236,2.16,76.7,6.4,2,2,0,1
12.26,491,9.27,104.9,20.4,0,1,0,4
15.37,265,13.74,101.0,13.6,1,0,1,4
8.98,700,0.67,54.1,14.7,0,1,1,1
10.22,666,1.96,84.7,18.6,0,2,0,3
11.93,81,13.58,81.4,22.8,2,2,1,3
7.87,416,5.3,90.7,12.5,0,1,1,1
8.61,332,8.56,97.6,18.8,1,1,1,3
5.1,287,1.8,46.0,12.6,1,0,1,0
5.91,614,12.29,41.9,13.3,0,1,1,1
5.66,300,13.66,85.2,22.3,1,1,1,3
17.86,77,6.55,40.7,14.1,0,1,0,1
11.74,275,7.3,69.5,21.6,2,1,1,1
2.25,315,3.61,104.7,13.3,2,3,1,3
15.29,159,4.9,71.2,11.7,0,2,1,2
6.61,436,8.24,109.1,5.4,1,1,1,3
12.53,699,7.71,100.5,7.0,1,0,0,3
8.25,695,11.76,100.0,21.8,0,3,1,4
13.54,441,4.5,88.8,17.9,1,0,1,3
9.55,76,5.17,80.8,19.9,0,3,0,1
6.68,438,2.62,66.3,10.7,1,3,1,1
7.83,704,13.66,84.2,17.8,1,3,1,3
6.02,669,0.96,90.7,4.9,0,3,1,2
17.14,13,13.26,62.9,20.8,2,2,1,3
2.45,570,7.02,95.3,14.0,0,1,1,2
9.8,178,6.95,59.3,6.6,0,3,1,0
7.47,177,7.25,69.2,23.0,0,3,1,1
13.07,601,6.03,104.9,17.3,0,1,0,4
12.4,368,6.28,63.1,7.7,1,2,1,0
10.73,311,3.89,102.4,13.2,0,2,1,3
7.14,166,12.27,109.3,14.0,0,0,1,4
16.55,302,1.87,85.9,7.5,0,1,0,0
6.03,96,11.84,39.2,5.7,0,2,1,1
5.36,474,1.61,101.2,10.0,1,0,0,2
3.66,350,12.84,75.1,21.1,1,1,1,2
9.46,619,10.06,85.9,19.9,1,3,1,3
1.36,275,9.83,106.5,5.4,0,1,1,3
5.95,90,13.6,76.0,6.5,2,2,1,2
2.7,221,12.33,110.8,5.2,0,1,0,4
7.94,546,9.66,45.0,15.7,1,2,1,1
5.63,575,6.27,56.1,14.7,0,3,1,1
12.83,106,0.51,87.5,12.5,0,0,1,1
14.43,58,4.0,58.2,15.7,2,1,1,1
13.9,301,9.11,70.8,21.8,2,1,1,1
13.31,476,8.8,58.8,7.3,0,1,0,2
8.87,562,1.75,61.0,13.5,0,1,1,0
0.51,649,12.09,82.8,8.5,0,1,0,2
15.84,473,6.01,72.5,10.0,1,0,1,2
14.57,353,12.11,109.9,15.3,0,1,0,4
6.12,375,1.23,71.0,21.2,0,3,1,0
6.11,284,7.76,51.3,12.7,0,1,0,0
16.8,398,3.55,43.5,14.6,1,1,1,1
10.47,226,4.97,87.7,5.0,1,2,0,1
17.43,519,11.97,83.6,7.3,1,1,1,3
7.28,241,12.73,91.5,5.9,0,2,1,3
13.04,343,8.03,44.0,15.2,2,3,0,1
13.25,405,12.16,97.9,16.5,0,1,0,4
4.71,299,9.97,103.8,11.8,2,1,1,3
10.22,191,5.33,103.0,14.1,0,1,0,2
13.19,7,5.77,82.2,7.4,2,1,0,1
7.15,710,2.4,88.5,17.5,2,2,1,2
7.35,530,10.02,63.5,10.6,2,2,0,1
12.26,113,4.6,51.7,6.0,1,0,0,0
13.27,446,7.94,77.3,13.5,2,1,1,2
2.49,438,7.29,100.2,21.4,0,1,1,3
14.24,91,4.5,89.9,15.5,0,2,0,2
11.47,582,13.95,94.6,18.5,0,0,0,4
13.18,71,2.99,78.0,11.1,0,1,1,0
6.65,39,3.08,44.8,20.3,0,1,0,0
4.7,282,3.43,50.8,18.8,1,1,0,0
15.66,377,13.39,54.8,12.8,1,1,1,2
5.31,664,0.98,69.9,18.3,1,1,1,1
17.25,312,3.64,39.4,19.5,2,2,1,1
4.57,96,0.72,80.1,10.0,2,1,0,1
2.76,335,11.33,67.5,6.4,2,0,1,1
8.39,54,0.94,110.2,21.2,0,2,0,3
1.39,466,8.52,75.1,18.7,0,0,0,1
10.43,217,10.43,86.4,14.5,1,1,0,3
5.95,389,7.57,60.1,12.1,2,0,1,0
6.8,607,6.98,77.4,20.8,1,2,0,2
16.23,500,8.35,58.8,7.4,1,1,0,2
13.56,516,1.22,78.9,9.9,1,2,1,2
15.8,676,1.36,79.2,13.5,1,2,1,3
3.31,577,9.48,72.6,6.1,1,1,0,1
13.43,458,7.25,100.8,16.3,0,3,1,3
15.65,212,0.9,70.6,9.4,1,1,0,0
12.24,482,8.86,105.7,18.6,1,3,1,4
0.89,22,3.78,81.1,15.2,0,1,1,0
15.32,51,6.23,91.8,14.0,1,2,0,3
8.41,590,4.25,98.6,11.3,0,2,1,2
15.97,241,2.24,104.1,10.6,0,1,1,3
2.59,254,10.38,96.6,21.5,0,2,0,4
8.16,709,12.17,82.1,11.6,2,3,0,4
9.85,27,8.42,75.1,21.1,1,2,1,1
4.93,453,11.12,95.4,9.7,1,1,0,3
16.88,620,0.67,65.5,18.9,2,3,1,2
2.87,670,0.86,39.8,8.1,0,2,1,0
16.25,190,10.72,93.2,15.9,1,2,1,3
2.3,489,10.14,65.5,5.8,0,0,1,0
11.63,287,7.25,79.5,19.1,0,0,1,3
12.89,489,13.56,110.0,14.0,0,1,1,4
17.28,705,11.44,84.5,9.2,1,1,1,4
14.99,69,1.7,61.2,22.1,2,0,0,1
13.33,715,7.5,86.2,20.2,0,1,0,3
12.16,669,1.74,98.8,13.9,0,1,1,3
1.37,410,5.73,55.6,16.6,0,3,0,0
13.01,225,3.03,81.9,9.7,1,3,1,1
2.43,22,10.22,51.2,12.9,1,0,1,0
10.25,325,8.34,83.4,15.5,1,2,1,3
9.21,165,8.49,70.2,20.6,2,3,0,2
0.53,432,11.59,68.3,11.9,2,2,0,2
7.71,615,1.34,96.2,18.9,2,2,1,3
1.42,169,5.74,52.9,11.6,2,3,0,0
14.23,368,7.8,98.8,6.3,0,2,0,3
8.07,319,1.04,88.9,21.5,1,0,1,2
15.51,230,10.94,59.7,9.3,1,0,1,1
17.01,362,11.46,45.3,15.5,1,1,1,2
9.9,556,0.72,39.9,22.4,2,2,0,2
10.77,200,11.99,48.0,21.6,1,2,1,3
7.83,235,3.68,75.0,14.9,0,1,1,0
12.06,13,6.26,95.0,6.0,0,2,0,2
7.66,441,0.54,111.0,19.2,0,3,1,3
5.25,58,5.72,76.5,19.6,0,1,1,0
17.24,165,5.0,106.6,9.5,2,1,0,3
16.42,419,0.67,61.3,15.1,1,3,1,1
9.21,657,10.41,59.2,16.5,1,2,1,2
10.23,668,13.67,96.3,7.6,1,1,1,4
16.81,627,1.02,47.3,14.9,1,1,0,2
10.99,617,13.47,58.0,10.5,2,1,0,3
15.76,455,10.47,79.0,6.1,0,1,1,3
8.82,412,12.24,105.0,13.5,2,2,1,4
10.2,329,7.16,45.3,12.7,2,3,1,1
7.76,443,5.46,38.8,11.7,0,2,0,0
2.49,484,9.31,85.5,12.0,0,1,1,2
14.63,272,13.11,45.2,8.5,2,1,0,2
16.47,521,12.6,71.7,10.9,0,1,0,2
13.82,146,9.23,75.6,4.7,0,0,1,1
16.11,505,7.1,75.1,7.7,1,1,1,2
16.54,379,11.44,53.6,16.1,2,2,0,3
3.05,705,11.94,101.3,7.6,1,2,0,4
6.34,610,4.28,60.2,15.0,0,1,0,1
9.14,297,4.92,95.8,8.0,1,3,0,2
12.89,117,10.52,87.8,17.2,1,2,1,4
5.17,211,6.8,40.4,7.4,1,3,1,0
9.69,296,13.5,87.2,16.7,2,2,0,4
14.49,562,2.92,70.5,20.5,2,3,0,3
4.97,233,12.95,102.3,15.9,0,1,0,4
15.82,479,3.13,86.0,19.8,2,2,0,3
2.29,395,11.64,97.1,21.4,2,0,1,4
5.02,63,11.71,104.8,8.3,1,0,1,3
2.46,288,3.17,53.6,17.3,1,1,1,0
7.42,508,7.21,50.1,8.5,0,1,1,1
9.45,414,10.96,46.7,14.0,0,1,1,1
17.31,384,11.71,73.1,15.5,1,0,1,2
11.62,60,2.13,49.0,12.0,2,2,0,0
6.69,371,1.61,64.8,21.4,1,2,1,1
1.55,638,6.01,110.9,13.4,1,0,1,3
6.31,502,10.29,91.6,4.0,1,1,1,3
9.09,157,7.99,90.7,17.9,1,2,1,2
7.88,388,8.94,72.0,7.9,0,2,0,1
1.97,397,4.4,98.6,14.3,1,2,1,2
10.83,270,9.74,39.5,18.0,2,3,0,2
4.98,657,2.15,76.7,13.5,1,2,1,1
6.41,100,12.05,97.3,6.5,1,3,0,3
14.78,477,13.19,94.2,4.9,1,1,0,4
16.72,496,8.21,61.7,10.6,0,0,1,2
9.87,567,8.77,45.7,17.7,0,2,1,2
14.94,582,4.49,107.5,13.7,1,3,1,4
9.58,318,1.13,85.8,7.6,1,1,0,1
15.75,505,13.04,64.6,23.0,1,0,0,3
13.38,409,0.55,111.9,11.8,0,3,0,3
11.34,475,11.72,56.3,15.6,2,2,0,3
3.59,641,5.5,100.9,12.9,1,2,1,2
2.66,479,5.67,40.3,16.4,2,2,0,1
15.16,105,11.71,71.4,13.3,1,1,0,1
15.53,592,2.43,102.3,11.8,2,2,1,4
16.66,465,3.36,53.7,22.1,0,3,0,2
11.35,463,0.52,100.5,20.1,1,1,1,3
11.5,210,2.55,83.3,11.1,2,0,1,1
13.33,497,2.11,110.0,20.6,0,0,1,4
11.34,437,3.79,88.1,14.1,0,3,0,3
8.7,540,12.39,42.5,13.7,0,1,0,2
15.07,322,1.28,77.2,8.2,0,2,1,1
13.19,19,5.31,58.7,9.6,0,2,1,1
8.37,567,9.99,99.9,13.0,1,3,0,4
17.14,105,0.78,68.6,16.1,2,2,0,2
11.15,517,10.34,39.1,21.7,0,0,0,3
14.28,326,11.51,49.6,7.2,1,2,0,2
8.64,497,7.32,75.1,17.9,1,0,1,4
3.44,656,4.43,47.8,22.0,1,1,1,1
17.12,21,10.98,70.4,18.5,1,3,0,2
13.23,166,1.95,99.8,5.6,0,1,1,2
11.15,450,1.54,107.2,13.5,2,0,0,4
13.21,535,12.58,87.2,15.4,2,0,1,4
4.0,528,3.13,91.7,15.9,1,0,0,1
4.64,385,6.71,76.8,4.2,1,3,1,0
2.8,283,12.16,61.5,14.3,1,2,1,1
3.28,476,5.6,39.5,6.2,1,2,1,0
14.63,691,13.06,98.7,15.0,1,1,1,4
2.21,298,11.53,49.2,19.6,1,0,1,1
10.83,642,13.06,62.2,11.9,2,1,1,2
12.21,659,4.36,51.6,11.7,1,3,0,2
5.08,454,12.84,74.5,7.7,2,1,1,1
3.44,426,10.59,70.8,9.5,2,1,1,1
10.57,234,1.85,75.8,13.1,0,1,0,0
4.4,378,10.11,82.8,10.4,0,2,0,3
6.13,276,2.22,89.2,11.6,0,1,1,1
10.8,280,0.65,58.2,11.3,2,1,1,0
0.65,634,8.61,66.5,21.8,0,2,0,1
1.12,418,1.99,51.5,15.3,1,2,1,0
15.13,520,12.15,75.1,20.2,1,1,1,3
2.72,223,8.59,40.7,6.6,1,2,1,0
11.34,326,2.53,77.9,19.2,0,0,1,1
13.23,159,5.02,53.3,22.6,1,3,1,1
16.17,486,9.01,86.3,4.5,0,2,1,3
10.55,106,6.34,52.5,12.0,0,1,1,0
6.65,597,5.06,55.1,13.5,2,2,0,1
17.43,205,12.83,101.1,8.8,0,2,1,4
3.07,667,5.26,75.1,11.8,0,2,1,1
14.11,402,8.58,105.9,13.5,2,1,1,4
7.08,149,3.46,78.0,8.7,0,1,1,0
16.47,183,12.65,78.8,6.7,0,2,1,3
2.9,547,7.26,75.1,20.3,1,0,1,3
15.66,580,11.26,96.4,8.5,1,1,1,4
6.03,24,12.11,99.8,5.0,2,1,0,3
8.71,37,12.95,93.6,13.2,1,1,0,3
3.09,711,13.61,65.1,4.2,2,2,1,2
15.01,383,7.25,81.7,9.8,2,0,1,1
5.05,540,2.19,106.0,13.8,0,1,1,2
0.86,179,7.25,52.4,21.9,2,0,0,0
4.97,329,0.99,62.2,9.6,2,1,0,0
14.61,326,6.15,56.8,18.4,1,0,0,0
7.49,540,3.95,59.4,6.7,1,3,1,0
7.91,666,13.36,47.3,17.4,0,3,1,3
8.43,597,2.55,56.3,17.7,2,0,0,1
3.74,220,4.93,92.4,18.5,0,3,1,2
2.04,603,2.77,96.1,19.7,2,1,1,2
6.96,649,0.55,47.5,10.4,0,3,0,0
7.61,424,4.08,103.7,13.2,2,3,1,3
14.43,674,6.09,88.4,18.7,2,1,1,3
11.22,676,11.83,46.0,22.4,0,1,0,3
7.54,708,8.0,85.3,21.7,0,1,0,4
12.92,691,1.15,87.9,15.6,0,0,1,3
14.04,270,4.64,90.0,12.1,2,2,0,3
12.76,330,5.58,75.1,22.7,0,2,1,1
11.53,682,10.99,68.6,14.4,1,2,0,3
15.07,172,6.47,59.3,12.0,2,1,1,0
4.4,336,6.47,109.4,12.5,1,3,1,3
5.36,234,3.66,66.6,18.7,1,1,1,0
10.98,498,13.24,75.2,11.1,2,0,1,3
9.29,41,4.65,102.0,9.1,0,1,0,2
3.51,171,6.02,99.2,15.9,2,1,1,2
3.13,82,5.33,54.1,4.6,0,1,0,0
6.68,676,1.82,44.7,18.0,2,3,1,1
10.72,400,7.68,78.1,14.2,1,1,1,1
1.78,274,9.05,96.3,11.2,1,2,1,3
8.58,569,1.96,92.6,15.7,2,2,1,3
12.5,424,3.3,51.7,9.0,0,0,0,1
15.36,693,13.32,68.6,16.4,1,1,1,3
12.55,23,9.09,56.4,17.2,2,0,0,1
11.36,310,9.44,103.0,21.3,2,2,0,4
0.57,194,13.95,68.2,4.3,0,3,1,1
3.73,630,5.7,52.7,11.8,2,2,1,0
13.63,602,9.19,109.2,11.9,1,0,1,4
9.56,409,12.32,105.4,7.8,1,2,1,4
11.03,306,6.5,92.9,8.9,2,2,1,3
9.81,264,2.73,104.8,20.0,1,0,0,3
12.45,210,13.48,108.6,8.4,1,1,1,4
0.49,170,11.32,80.7,7.4,0,3,1,0
13.8,583,12.61,82.0,4.3,1,1,0,3
8.83,149,1.73,109.8,15.8,0,0,1,3
12.17,263,4.13,74.6,5.7,1,3,1,1
17.73,389,13.37,56.2,14.4,1,2,1,3
12.1,267,4.49,83.0,18.1,0,1,0,2
5.56,433,4.4,84.0,14.2,2,2,0,2
0.76,247,11.47,109.3,11.8,2,0,1,4
17.76,343,11.0,57.7,21.4,1,1,1,2
16.77,621,5.44,100.0,22.8,1,3,1,4
11.66,560,1.73,60.3,9.6,0,3,1,1
14.61,337,3.71,110.0,19.5,1,1,1,3
0.64,457,4.86,59.7,22.5,1,3,1,1
9.58,285,9.44,87.0,5.0,1,2,1,2
15.04,531,5.83,103.0,11.3,1,2,0,4
14.33,117,7.26,74.5,12.1,2,1,0,1
9.95,452,10.48,54.0,4.9,1,3,1,1
10.79,591,6.45,62.2,19.7,2,0,0,2
12.72,645,7.22,79.5,20.1,0,1,1,3
2.96,340,11.73,41.8,4.9,0,1,0,0
11.18,209,8.73,84.8,6.7,0,1,0,2
10.69,194,10.17,84.4,11.3,0,2,1,3
13.73,165,5.32,90.4,9.8,2,1,1,2
15.15,214,4.8,92.9,10.5,0,0,0,2
8.44,571,3.05,56.8,13.0,1,0,1,0
1.08,521,3.25,111.5,6.6,2,1,1,3
5.94,24,9.71,45.2,19.4,1,0,1,0
11.66,287,7.04,64.9,13.5,1,2,1,1
15.67,341,2.52,100.3,8.1,1,3,1,3
2.25,662,1.78,75.1,9.4,0,0,0,0
0.87,562,6.76,67.0,14.4,2,1,1,0
5.24,157,1.78,87.0,11.3,1,1,1,1
3.79,230,9.14,90.1,14.4,0,2,0,3
13.92,556,7.82,42.8,5.2,0,0,1,2
10.95,673,9.88,46.5,6.5,2,0,0,2
17.26,653,11.22,83.0,15.3,0,1,1,4
17.15,622,6.7,87.2,21.5,0,1,1,3
10.57,575,13.53,104.7,6.2,1,0,1,4
1.62,309,11.47,66.7,20.5,0,1,1,1
4.2,414,1.21,61.7,18.0,2,0,1,0
11.42,28,2.14,43.2,13.5,1,3,1,0
15.5,498,8.3,83.0,21.9,0,2,1,4
13.76,458,1.69,53.4,11.4,2,0,0,1
14.34,551,8.02,53.2,11.3,2,0,1,2
0.33,293,2.89,99.0,13.9,1,3,1,2
9.95,459,4.75,65.5,6.1,0,2,1,0
17.14,330,7.96,90.0,16.6,2,2,1,3
1.02,583,5.92,81.4,6.2,1,1,1,1
14.54,668,5.48,104.9,21.6,0,1,1,4
17.38,219,9.12,101.3,6.7,1,1,1,3
7.07,710,1.76,77.9,6.3,1,1,1,1
8.07,459,11.31,82.0,10.2,2,0,1,3
15.66,557,9.73,75.6,20.1,0,1,0,3
5.08,471,6.86,38.4,5.7,1,0,1,0
0.64,651,5.32,108.5,4.3,2,1,1,2
12.42,334,11.63,61.5,20.3,0,1,1,2
12.18,106,2.41,105.1,11.9,1,3,1,3
3.03,211,1.08,61.2,12.1,2,1,1,0
16.48,595,6.71,49.8,13.0,0,0,1,2
8.72,407,11.39,103.2,11.9,0,1,0,4
8.35,161,0.72,84.5,22.5,0,1,1,1
16.69,480,6.89,86.7,11.9,1,1,0,2
14.66,635,9.8,87.4,6.7,0,2,0,4
5.33,657,2.39,91.7,10.8,0,1,1,2
1.84,130,12.8,93.4,15.3,1,0,1,3
6.83,77,1.81,73.6,18.1,0,1,0,0
15.95,572,12.36,111.4,11.7,0,1,1,4
9.73,685,0.76,94.4,5.2,2,3,1,2
15.39,669,7.03,103.7,10.1,1,0,1,3
16.35,35,11.43,44.7,18.5,0,3,1,1
11.49,605,13.31,101.9,7.2,0,3,0,4
3.71,595,4.79,98.3,22.1,0,3,0,3
16.11,543,2.55,60.9,5.3,1,1,0,1
15.63,715,2.66,67.5,13.5,0,1,1,2
12.56,147,4.97,71.1,13.5,1,2,0,0
15.17,39,12.03,80.4,9.0,2,2,1,2
8.65,245,12.97,105.5,6.2,1,0,0,4
4.18,548,8.71,108.5,22.6,0,1,0,4
12.08,201,6.86,41.1,8.6,0,0,1,0
2.13,207,1.59,38.0,11.9,0,3,1,0
6.95,71,6.17,68.4,4.4,0,2,0,0
14.61,547,7.45,42.8,11.3,0,1,1,2
12.64,25,10.69,60.0,22.9,1,1,1,2
3.72,66,7.09,66.3,19.2,0,1,0,0
13.55,433,8.95,42.6,6.6,1,1,0,2
15.61,646,3.7,62.6,10.1,1,0,1,1
6.95,236,11.95,105.8,18.0,2,2,1,4
14.29,345,7.96,92.6,14.1,0,3,1,2
4.16,565,0.76,75.7,19.7,1,1,0,1
8.44,157,7.48,73.3,11.5,0,1,1,0
0.36,551,9.08,78.7,20.3,2,1,1,2
6.11,691,9.2,70.1,5.8,2,1,0,1
14.99,677,9.48,72.9,5.4,1,2,1,2
7.45,241,6.27,60.8,13.9,2,2,0,1
12.58,635,12.46,86.6,4.7,1,2,0,4
2.83,139,13.24,51.7,4.8,0,3,1,0
7.3,698,7.18,41.8,11.2,1,2,1,1
10.84,109,8.14,89.2,9.9,2,2,1,2
2.48,300,6.33,75.1,13.9,1,1,1,2
9.63,248,2.0,104.3,11.8,0,0,1,2
16.4,405,10.73,102.3,18.2,0,1,1,4
5.14,189,10.35,78.2,4.6,0,2,1,0
12.52,411,5.74,79.7,17.5,2,2,1,2
8.83,295,8.04,50.2,22.7,0,0,1,1
4.41,56,13.83,74.6,21.1,0,2,0,2
5.57,160,9.11,93.1,4.3,2,2,1,2
9.71,131,1.25,79.1,15.2,1,2,1,1
12.51,308,9.94,73.7,7.0,2,2,1,2
15.34,17,1.66,93.1,17.0,0,0,1,2
0.72,8,8.21,104.6,21.2,0,0,1,3
6.77,346,2.69,39.8,16.0,0,3,0,1
3.53,427,4.64,111.1,13.6,0,2,1,3
17.11,585,5.01,61.1,9.1,1,2,1,1
3.5,244,8.31,78.6,12.7,0,2,0,1
2.64,644,5.79,87.8,13.8,1,1,1,1
6.58,106,7.91,48.3,21.8,0,1,1,0
17.7,486,10.84,38.9,9.5,1,0,1,2
6.3,327,8.48,71.4,17.3,0,1,0,1
15.43,356,11.73,66.7,11.6,1,0,0,2
7.11,670,10.61,57.7,15.8,0,1,1,1
16.92,600,0.79,39.8,20.9,0,0,0,2
4.73,694,2.26,103.8,12.4,0,1,1,3
15.1,560,5.11,39.0,20.5,2,2,0,3
3.83,29,8.52,53.0,5.2,1,3,1,0
14.35,519,12.59,55.1,5.8,0,1,1,2
9.51,719,1.16,94.4,13.5,0,1,1,3
17.81,720,13.48,77.5,22.3,2,2,1,4
3.82,57,13.07,50.5,20.5,0,1,1,0
3.49,23,12.24,86.8,22.2,0,3,1,3
9.65,452,10.71,98.4,17.5,1,3,1,4
3.24,301,7.25,91.6,22.2,0,1,0,3
12.5,535,5.14,52.3,14.3,1,0,0,1
8.69,410,2.56,58.0,7.7,2,1,1,1
6.88,661,3.61,50.4,8.9,0,3,1,0
9.63,709,0.73,53.0,4.7,1,3,0,0
0.73,282,7.25,100.1,11.7,1,3,0,1
1.92,716,11.17,88.5,20.4,0,1,1,3
1.81,64,1.77,44.5,6.3,1,1,1,0
8.57,175,1.29,105.7,20.3,2,0,1,3
6.75,115,4.42,95.1,6.9,1,2,1,1
13.75,126,6.52,67.5,8.6,2,2,1,0
1.02,200,10.24,75.1,8.4,0,3,0,0
9.48,373,6.63,42.5,20.7,2,1,1,1
2.2,131,4.96,78.4,15.2,0,2,0,0
7.4,622,2.53,94.9,7.3,2,1,1,2
16.75,594,8.0,100.4,11.4,1,2,1,4
3.03,679,0.61,64.3,10.6,1,0,1,0
6.12,441,10.24,80.4,22.7,1,3,1,2
13.77,555,5.48,103.5,19.0,0,2,1,4
11.8,284,5.38,93.5,17.2,2,2,1,3
11.14,129,13.09,48.9,20.1,1,1,0,1
7.09,101,5.46,56.3,17.0,2,1,1,0
11.77,261,11.26,60.2,10.9,2,1,1,2
7.12,382,0.81,80.9,8.6,0,2,1,0
12.56,340,10.87,79.7,14.5,0,1,1,2
7.01,315,5.88,80.2,9.0,1,1,0,0
11.39,488,1.1,69.8,11.0,2,1,1,1
9.57,385,2.12,40.4,14.6,2,1,0,1
15.61,58,8.2,97.1,9.4,0,3,1,3
4.35,8,1.96,105.0,20.0,0,2,1,3
14.1,425,6.3,43.7,4.1,0,1,1,0
1.58,378,9.57,53.8,14.0,1,1,1,0
10.43,523,4.65,75.1,10.3,0,1,1,2
12.98,271,6.72,57.6,20.2,1,0,1,0
5.06,49,11.34,50.9,14.0,1,3,0,1
4.34,50,12.44,103.8,8.0,2,2,1,4
5.27,208,6.02,47.7,22.9,1,1,1,0
0.6,378,3.13,109.1,21.4,2,1,1,3
9.05,615,4.11,95.1,16.5,2,1,1,3
10.12,344,11.43,92.0,6.5,1,0,1,3
5.31,365,9.21,96.3,20.7,0,1,1,3
10.33,347,10.62,110.3,17.0,2,1,1,4
12.99,376,3.39,59.0,13.0,0,2,1,1
1.67,713,7.8,49.9,8.3,0,1,1,1
6.65,304,4.56,97.9,18.5,0,1,1,3
6.94,212,13.81,56.4,11.9,0,0,1,1
2.22,633,6.37,108.0,4.7,0,1,1,3
9.71,432,2.25,73.9,9.2,0,0,1,0
17.6,171,3.34,75.2,4.0,2,1,1,0
0.62,171,5.56,82.5,17.4,0,1,0,1
0.54,446,12.03,75.1,5.0,0,1,1,1
1.02,77,9.88,75.1,15.0,1,2,1,0
14.04,60,2.7,75.5,21.8,1,1,0,2
7.31,633,13.83,44.7,13.9,2,2,0,2
6.23,629,6.82,76.9,18.6,1,1,1,2
7.28,525,4.0,39.2,12.8,0,1,1,0
2.25,271,5.88,93.5,22.4,2,0,1,2
3.44,391,10.23,108.7,13.6,2,0,0,4
15.87,441,4.91,46.3,20.2,0,1,1,2
13.19,127,1.79,109.0,22.3,1,1,0,3
16.98,558,3.73,46.0,5.1,2,0,0,2
16.41,676,13.7,72.5,8.8,0,2,1,3
0.62,104,6.18,107.5,17.2,0,0,1,2
1.82,645,10.54,40.3,19.0,0,1,0,2
5.57,78,11.88,110.7,8.9,0,3,1,4
6.78,219,7.55,39.5,13.9,0,3,0,1
17.34,580,3.61,101.4,18.8,0,2,0,4
4.69,175,6.76,51.2,6.1,0,2,1,0
10.47,558,4.52,98.8,17.8,2,1,1,4
14.62,340,4.97,79.3,5.7,2,3,1,2
17.05,430,11.26,92.5,15.9,1,2,0,4
16.12,126,7.06,96.3,12.1,2,0,1,3
11.44,554,11.62,81.6,16.4,0,1,1,3
5.0,543,2.45,45.8,17.2,2,0,1,1
5.51,79,3.71,70.7,13.5,1,2,1,0
9.37,219,11.51,83.1,21.6,1,1,0,3
9.63,291,1.61,40.8,11.8,1,1,1,0
6.42,716,6.64,88.4,18.8,1,3,1,2
11.37,668,3.74,98.8,12.0,1,0,1,3
11.38,408,9.09,98.5,5.6,2,2,0,4
9.29,694,7.1,61.2,16.1,0,1,1,1
7.83,421,4.37,67.8,5.0,1,1,0,0
17.87,570,11.57,55.3,15.3,0,2,1,3
14.44,145,2.4,44.9,11.2,1,0,1,0
6.21,487,11.73,80.9,11.2,0,2,1,2
16.15,209,8.19,62.7,5.9,0,3,1,1
2.65,507,2.2,39.0,12.4,1,1,0,0
7.6,434,10.71,58.2,15.7,2,2,1,2
2.09,426,10.88,102.9,20.1,0,3,0,4
14.85,83,2.61,75.1,6.1,0,3,1,1
14.17,167,1.27,66.4,13.3,0,0,1,0
14.88,91,12.91,101.9,6.9,0,2,1,4
6.3,365,4.15,103.0,7.3,1,2,1,2
11.86,310,10.71,52.5,9.7,1,1,0,1
6.95,379,12.89,82.1,11.3,0,2,1,3
1.23,641,2.78,60.7,5.4,0,3,0,0
3.03,276,2.02,74.3,6.3,1,3,1,0
8.76,567,11.98,64.3,7.5,0,2,1,2
11.09,127,8.33,106.8,17.7,1,2,0,4
13.85,159,12.96,42.1,16.9,2,3,1,2
5.61,588,6.08,84.3,16.6,2,0,0,2
13.69,645,2.35,105.3,12.6,2,3,0,4
15.22,451,8.42,55.2,21.8,2,1,0,3
12.0,506,8.75,53.3,15.7,1,0,1,2
12.67,117,2.88,63.6,10.2,0,1,1,0
7.76,475,8.01,87.1,10.4,2,1,1,2
17.48,35,12.4,96.8,21.2,2,1,1,4
1.52,83,5.96,85.5,15.0,0,1,1,0
15.37,400,8.53,81.6,6.7,0,0,1,1
2.82,704,4.33,42.5,8.3,0,3,0,0
10.07,432,11.73,110.5,15.4,2,1,1,4
16.48,611,12.25,48.0,8.6,2,3,1,3
5.06,371,13.18,87.9,6.4,0,2,1,3
9.65,682,3.65,77.9,6.0,0,2,1,1
0.39,218,5.62,84.8,16.5,0,0,1,1
5.61,181,4.59,71.3,9.1,0,1,1,0
16.51,18,8.91,111.5,6.9,1,2,1,4
13.27,503,13.58,80.1,6.2,0,1,1,3
13.1,127,12.7,95.6,12.4,0,0,1,3
15.05,406,7.25,109.7,20.8,2,3,1,4
12.61,404,0.82,73.0,9.2,1,1,1,0
12.06,191,12.6,70.6,15.7,1,1,1,1
6.04,55,0.53,42.0,13.6,1,2,1,0
7.92,293,1.77,48.8,19.2,0,2,1,0
4.39,664,6.67,79.8,18.3,1,1,0,2
7.77,242,1.7,56.3,14.8,2,1,1,0
10.31,126,13.51,58.4,12.2,1,1,0,1
8.55,199,11.8,49.6,7.6,2,3,1,1
9.44,53,7.57,69.6,8.8,2,2,1,0
9.32,181,3.44,41.3,9.4,0,1,1,0
9.39,68,11.97,57.8,22.0,1,0,1,1
6.08,551,12.0,78.1,21.7,1,2,0,3
7.66,629,5.35,111.0,7.9,2,1,1,4
3.7,308,8.79,68.1,13.8,1,0,0,0
11.37,227,12.69,52.6,19.4,2,1,1,1
17.4,372,10.36,109.6,5.7,0,2,0,4
14.6,319,8.69,50.0,17.6,2,3,1,2
4.87,656,13.3,65.5,4.7,1,3,1,1
15.14,549,7.52,47.5,18.5,2,1,1,2
4.73,518,8.07,69.8,13.0,0,0,0,1
14.6,138,12.55,92.4,20.2,2,2,1,4
15.34,239,5.31,38.5,19.9,0,2,0,1
5.65,234,12.03,57.0,16.7,2,3,1,1
13.31,586,1.54,92.2,21.0,0,1,0,3
2.02,117,8.69,72.6,4.5,0,1,1,0
6.44,369,1.41,69.6,22.6,0,1,1,0
10.88,662,5.93,58.9,22.7,0,2,0,2
10.95,381,13.19,108.8,12.5,0,1,1,4
0.76,113,4.13,62.8,4.2,1,0,0,0
5.32,407,7.25,49.2,16.9,0,3,1,0
2.39,193,10.95,60.2,8.6,0,2,1,0
16.82,192,5.3,40.4,20.4,1,1,1,0
5.07,191,5.71,89.8,9.6,1,0,1,1
1.33,414,4.16,100.3,12.8,1,2,1,1
15.31,304,13.23,45.7,12.0,1,0,1,1
13.37,541,1.89,86.0,11.3,0,1,0,2
12.5,184,2.19,75.1,22.9,1,1,1,1
10.42,144,12.76,81.3,6.7,0,3,1,2
5.54,706,4.39,97.6,20.7,0,1,1,3
6.2,212,6.1,108.1,8.8,0,0,0,2
12.5,216,11.52,54.7,13.8,1,1,0,2
2.59,254,11.13,79.3,8.0,2,2,1,2
2.13,76,12.33,78.3,19.5,0,3,1,2
11.27,546,4.35,107.2,13.5,2,2,0,4
7.55,667,11.19,96.3,21.3,0,1,0,4
8.78,346,1.27,75.1,12.9,1,0,1,2
2.14,432,5.76,83.9,12.9,1,0,1,1
6.96,664,2.21,39.3,9.2,0,2,0,1
5.09,11,1.47,53.5,13.1,2,2,0,0
15.49,412,7.25,88.7,16.6,1,1,1,4
8.61,451,2.71,78.6,13.5,0,1,0,2
13.8,719,6.89,68.0,14.5,2,0,1,3
16.73,206,2.74,78.8,4.1,1,0,1,0
10.0,18,5.57,104.4,14.8,2,2,0,3
9.03,56,7.7,58.3,19.5,2,0,1,0
4.34,585,5.21,100.0,8.1,0,2,1,2
6.77,369,1.66,86.7,4.8,0,2,1,1
6.97,392,11.1,72.0,5.8,1,1,0,1
5.88,533,13.36,93.9,6.5,2,1,0,4
13.88,128,4.63,106.1,11.1,1,1,1,3
13.78,93,1.99,59.6,5.4,1,0,1,0
15.72,287,13.39,104.0,22.4,0,1,0,4
8.95,658,1.81,86.0,21.2,2,2,0,3
12.5,115,2.5,88.2,4.5,1,0,1,0
11.91,553,1.33,110.7,16.5,1,1,1,4
15.05,213,2.52,91.8,18.7,2,1,1,2
9.08,128,10.31,65.0,14.3,0,0,0,1
5.38,433,4.27,91.8,5.0,0,1,1,1
2.9,67,11.58,45.8,13.3,1,1,0,1
7.3,221,5.67,69.6,13.7,2,2,0,1
7.4,269,9.41,105.8,19.5,0,0,0,4
3.09,54,7.25,61.5,16.7,0,0,0,0
11.23,10,9.84,66.8,11.6,0,2,0,1
9.91,367,2.05,52.3,20.3,0,2,1,1
10.27,372,4.42,103.8,18.9,1,0,0,3
3.47,193,3.82,79.7,13.5,2,3,1,1
12.04,87,9.41,65.3,14.8,2,2,1,1
6.51,668,4.41,49.5,17.2,0,2,1,1
6.88,527,4.95,54.7,9.1,2,0,0,1
10.15,455,5.96,65.8,7.4,0,1,1,0
5.93,357,10.33,93.9,9.6,1,3,0,3
12.23,139,10.42,38.7,14.7,1,1,1,1
6.01,66,11.38,84.3,8.8,2,1,1,2
15.37,10,11.15,53.9,10.4,2,0,0,2
14.7,654,7.62,100.9,10.8,2,3,1,4
17.29,213,4.09,67.5,10.5,0,3,1,0
2.67,81,10.35,53.2,4.6,0,0,1,0
2.78,174,1.62,99.7,14.2,1,3,1,1
1.69,174,4.87,59.5,15.1,0,1,0,0
5.87,230,3.17,90.6,19.6,1,1,0,1
11.73,180,13.7,108.9,13.2,1,1,0,4
0.7,570,4.11,53.1,14.3,2,0,1,0
4.29,67,2.93,81.8,6.4,1,3,1,0
13.44,600,7.0,111.5,19.8,2,3,0,4
9.19,175,2.87,38.7,20.9,0,0,1,1
2.21,459,5.76,110.8,14.9,1,1,1,3
13.03,472,6.02,69.7,5.7,1,3,1,1
15.19,380,10.19,64.1,15.5,0,1,1,1
1.4,206,11.98,59.8,11.7,1,3,1,1
6.46,655,11.98,48.8,20.3,1,0,1,2
5.07,325,12.64,108.6,7.8,2,2,1,4
5.29,331,6.6,91.6,11.7,0,0,0,2
14.13,397,7.84,108.0,18.8,0,1,1,4
14.18,703,6.95,75.1,15.8,2,0,1,2
14.04,636,4.75,55.1,21.6,0,1,1,2
3.91,535,7.55,87.5,17.7,1,3,0,2
15.97,491,9.7,38.9,19.0,0,2,0,3
17.52,319,7.23,75.1,21.9,2,1,0,2
16.87,239,11.67,75.1,18.5,2,2,1,2
8.27,612,9.89,81.0,12.4,2,1,0,2
7.14,495,10.67,63.7,10.0,2,1,1,1
2.45,442,6.36,98.3,4.2,2,3,0,1
8.78,660,2.49,85.4,18.5,0,2,1,2
2.63,212,4.09,76.7,10.5,0,1,0,0
9.45,667,8.0,42.3,16.9,1,1,1,1
1.55,603,0.52,47.8,21.5,2,1,1,1
3.03,586,6.46,45.7,22.0,2,1,1,1
14.35,380,11.83,74.2,14.8,1,2,1,3
12.18,694,5.46,93.2,21.0,1,2,1,3
9.68,146,0.76,74.7,10.4,1,0,0,0
14.18,532,4.32,64.0,20.4,0,0,1,1
4.5,607,11.07,44.7,16.6,2,1,0,2
5.17,449,6.98,55.1,15.7,1,1,1,0
13.81,517,13.29,75.1,11.0,0,1,0,2
2.16,390,10.21,76.4,8.3,0,0,1,0
5.45,338,4.03,104.2,4.2,2,2,0,3
14.66,140,0.81,70.8,19.1,0,3,0,1
15.7,234,12.38,81.9,16.1,0,2,1,3
4.57,636,9.07,47.1,22.9,0,3,1,2
10.8,488,5.47,48.0,17.9,1,1,1,2
16.35,611,12.47,58.0,6.6,1,0,1,3
9.06,565,9.62,69.4,4.4,2,3,0,1
12.28,441,3.09,75.1,12.1,1,2,0,2
17.07,178,7.07,43.9,21.9,1,0,1,1
17.87,313,3.51,84.6,13.0,2,0,1,2
17.43,157,8.53,42.0,21.9,0,0,1,1
12.14,96,5.72,86.8,11.8,2,0,0,2
12.82,307,7.95,77.1,21.6,1,1,0,2
15.93,536,7.33,90.8,21.9,1,3,1,4
6.33,145,5.38,103.3,8.0,0,2,0,2
8.71,23,12.71,47.9,14.9,0,0,1,1
16.4,492,5.56,99.5,6.8,0,3,1,3
15.51,25,12.54,62.8,12.5,1,0,1,1
17.01,172,6.24,45.6,7.0,0,3,1,0
6.47,666,4.45,61.2,11.0,0,0,0,0
3.4,699,1.13,99.1,13.5,0,2,1,2
13.43,629,1.97,60.9,22.1,0,3,0,2
12.62,602,12.96,102.8,5.2,1,1,1,4
11.03,562,9.99,96.0,22.5,1,2,1,4
12.02,17,12.87,92.1,7.8,1,2,1,3
8.32,609,1.1,74.6,7.3,1,0,1,0
4.87,27,1.22,79.2,6.1,2,1,1,0
8.29,713,9.5,90.5,14.0,0,2,0,4
10.8,135,6.67,90.9,15.9,0,2,1,2
6.77,301,8.35,75.1,17.0,1,1,0,1
1.62,626,3.81,91.7,10.1,0,1,1,1
17.84,174,7.25,57.0,6.0,0,3,0,0
15.19,450,4.77,88.0,23.0,0,1,1,3
12.16,152,9.33,93.0,21.7,0,1,1,3
0.99,479,13.12,109.2,6.8,1,2,1,4
15.84,325,8.66,50.6,7.4,2,1,0,1
6.4,672,11.99,45.6,10.9,0,3,1,2
17.5,685,6.49,54.4,6.5,0,1,1,1
2.4,362,13.09,66.3,18.4,2,2,0,2
12.74,422,10.87,48.7,16.6,1,1,1,2
8.74,66,9.3,63.2,15.6,1,3,0,1
10.43,37,1.85,47.2,18.0,0,2,1,0
9.98,305,7.25,59.2,13.7,0,1,1,0
3.33,456,7.41,98.1,7.1,0,0,1,2
0.37,558,10.93,82.9,8.7,2,1,1,3
16.6,65,1.69,45.4,6.7,2,2,0,1
1.6,659,10.14,68.8,17.2,1,1,1,1
15.61,343,0.94,66.7,15.0,1,0,1,1
6.66,60,8.64,59.3,13.6,1,2,0,0
3.86,582,5.73,76.7,7.8,2,2,0,2
1.08,349,9.71,51.9,15.0,2,2,1,2
3.63,247,7.78,60.9,15.7,2,1,1,1
3.4,444,0.84,100.4,21.8,0,1,1,3
7.39,453,12.21,103.8,8.1,1,1,1,4
17.15,185,8.34,102.4,5.4,0,3,0,4
5.94,453,6.89,102.3,19.2,1,3,1,3
15.58,20,3.62,69.9,12.4,2,1,1,0
8.7,410,6.03,105.6,6.0,0,3,0,2
0.39,187,6.62,40.4,16.1,1,1,1,0
11.17,701,12.18,109.1,22.0,0,2,1,4
10.52,420,0.86,41.1,17.6,0,0,1,0
1.86,529,2.78,61.6,16.5,0,1,1,0
5.32,89,7.25,70.2,7.4,0,1,1,0
6.85,95,8.21,107.7,11.9,0,1,1,3
9.51,155,1.69,105.5,15.9,1,2,1,2
17.37,520,3.49,79.8,7.3,2,3,0,3
8.26,315,1.6,93.6,19.8,2,1,1,2
4.51,24,0.98,81.8,18.5,0,3,1,0
11.66,615,9.73,78.1,21.0,0,3,1,3
1.33,241,1.55,104.0,15.1,2,3,1,2
3.17,136,0.86,99.6,13.3,0,2,1,1
12.14,337,11.27,75.4,22.1,1,1,1,3
6.24,598,7.77,110.4,13.4,0,2,1,4
14.23,672,1.8,96.7,21.1,2,1,1,4
3.79,297,3.24,72.6,19.1,0,2,0,0
4.3,711,13.43,74.2,13.3,0,0,1,3
14.56,493,12.02,41.3,10.5,2,2,1,3
2.75,664,4.68,71.3,13.5,1,1,0,1
16.66,259,9.71,68.2,13.3,0,3,1,1
17.0,684,11.07,75.1,9.4,0,1,1,4
8.93,527,3.08,43.2,21.7,1,2,0,1
8.77,144,12.59,62.1,5.8,0,1,1,1
9.04,107,9.43,42.4,22.4,0,1,1,0
11.3,482,9.14,60.1,16.9,0,3,1,2
3.87,160,9.34,76.1,17.0,0,0,1,0
1.1,164,3.32,75.1,4.6,1,1,0,0
4.85,53,8.15,52.7,8.1,2,3,1,0
7.28,270,11.56,62.8,16.6,0,2,1,1
6.08,48,12.49,41.3,15.2,1,2,1,1
14.34,652,5.63,72.8,13.1,2,2,1,2
11.87,66,8.4,96.5,5.6,1,0,1,3
7.53,84,3.66,51.3,6.2,1,2,0,0
6.77,695,2.42,50.3,16.3,0,1,1,1
2.18,218,9.12,59.2,6.5,1,2,1,0
14.31,352,3.62,40.4,9.7,0,2,1,0
4.03,477,11.48,63.4,20.6,1,1,0,1
15.18,649,3.62,45.3,10.4,2,1,0,2
16.7,417,8.33,93.3,5.0,2,1,1,3
11.14,515,4.75,65.5,5.2,2,2,1,1
0.45,535,9.98,42.5,19.9,2,1,1,1
17.34,259,11.73,59.0,9.4,0,2,1,2
16.52,555,3.74,98.4,10.6,1,1,0,3
7.96,677,6.98,54.6,7.4,2,0,1,1
2.73,77,13.86,94.5,15.2,1,3,0,3
5.99,183,7.84,67.8,7.8,2,1,1,0
2.41,601,2.78,63.4,20.4,0,1,1,1
14.63,477,9.81,100.3,12.2,0,1,1,4
10.95,368,4.25,97.3,5.6,1,2,1,2
17.02,582,7.25,81.2,6.9,1,2,1,3
16.19,23,1.37,45.9,22.2,1,2,0,1
0.94,332,10.2,91.7,12.0,0,1,1,2
14.03,202,5.27,77.0,13.5,0,2,0,1
2.43,266,8.07,84.0,12.2,0,0,1,2
0.86,470,1.95,48.6,10.1,2,1,0,0
10.68,652,13.26,57.0,4.7,1,1,1,2
2.88,171,6.27,51.7,21.8,0,2,1,1
1.99,19,1.5,90.3,6.4,0,0,1,0
13.76,324,0.78,91.6,13.5,0,1,1,2
3.92,213,7.3,60.9,8.9,1,2,0,0
2.47,246,2.78,41.3,20.0,1,0,1,0
14.23,680,1.67,94.3,15.5,0,0,1,3
12.53,235,1.73,60.2,7.0,1,3,1,0
12.85,521,7.77,75.1,13.2,2,2,1,3
5.74,13,7.53,63.8,5.4,0,3,1,0
9.37,282,10.18,59.8,7.6,0,1,1,1
0.76,108,8.92,109.1,17.3,1,3,1,3
4.14,631,12.16,50.2,12.5,0,1,1,1
8.13,551,13.71,98.0,6.5,2,0,1,4
17.85,442,8.79,69.8,20.7,2,1,1,3
15.44,569,4.46,91.7,11.6,0,2,1,3
7.33,527,13.37,79.3,18.8,0,3,1,3
12.3,198,10.01,72.1,10.7,1,2,0,2
17.7,199,3.92,70.8,17.7,1,3,1,1
9.38,68,3.15,50.7,19.1,1,0,1,0
17.63,245,11.72,104.8,20.9,0,0,1,4
0.81,442,4.77,49.1,4.5,0,2,1,0
5.05,671,10.79,106.2,7.6,2,3,1,4
12.55,428,0.71,91.4,16.1,1,2,1,3
10.13,394,7.28,60.8,10.5,1,3,1,0
2.41,510,11.52,97.6,5.6,0,3,1,3
13.63,54,7.11,89.6,18.9,0,1,1,2
11.76,401,8.06,75.4,22.1,0,2,0,2
0.47,353,4.98,97.3,13.1,0,1,1,1
3.91,462,12.08,100.4,22.5,0,1,1,4
15.27,18,7.63,69.9,8.8,2,0,1,1
7.83,287,12.76,69.0,13.8,0,2,1,2
8.06,648,3.83,90.6,22.0,1,3,0,2
5.88,555,3.9,38.9,18.2,0,1,1,0
4.1,242,6.63,43.8,4.7,1,3,0,0
13.67,506,1.27,63.9,4.7,0,1,0,1
8.02,414,6.29,70.4,8.9,0,1,1,0
4.06,451,9.46,91.7,12.7,2,1,1,3
9.72,317,7.87,73.9,6.2,2,0,0,1
4.82,37,9.87,80.2,13.2,1,1,1,1
14.39,211,13.85,100.7,15.2,1,1,1,4
8.15,364,2.26,67.6,20.2,2,2,1,1
10.91,12,5.48,80.0,15.1,0,0,1,0
5.87,608,8.92,62.1,5.8,1,1,1,0
4.79,110,12.29,78.0,17.5,2,0,1,1
6.37,483,7.25,105.2,16.4,2,1,0,3
3.35,474,8.73,75.9,10.5,0,3,1,1
2.15,183,13.84,47.0,21.8,1,3,1,2
11.88,271,1.63,98.4,17.9,0,1,0,2
3.52,195,6.55,93.5,9.4,1,3,1,2
15.27,253,3.65,68.1,8.7,0,1,1,1
9.88,42,13.16,78.5,13.4,1,1,0,2
2.52,312,1.4,76.1,13.5,0,1,1,0
9.24,256,4.95,79.3,19.1,1,2,1,2
13.57,427,3.65,39.4,22.2,2,0,0,2
1.26,91,10.07,90.7,5.7,2,1,1,2
14.14,680,6.78,75.1,13.5,1,1,1,4
9.66,186,5.97,73.8,20.4,1,0,1,0
16.64,310,0.73,102.8,14.6,1,2,1,3
11.18,596,8.08,87.0,21.2,1,3,1,4
1.3,381,7.6,52.0,16.8,0,1,1,0
16.12,280,5.67,111.9,21.8,0,2,1,4
17.25,71,11.0,49.5,15.8,2,1,1,2
17.8,696,0.73,42.0,22.6,0,2,1,3
8.98,129,7.25,39.8,22.7,2,2,0,1
2.84,343,9.73,75.8,8.9,1,0,0,0
4.55,475,0.91,74.7,8.6,1,2,0,1
1.58,457,9.43,68.3,5.2,1,1,1,0
0.64,420,5.46,95.4,16.8,1,0,0,2
3.36,242,6.4,59.6,8.9,0,1,1,0
5.39,593,2.34,84.3,22.5,1,2,1,2
4.44,280,3.53,45.6,9.3,2,2,0,0
1.57,513,12.23,76.8,17.8,2,3,1,2
16.25,49,2.1,104.1,9.7,1,1,1,2
10.38,515,7.91,92.0,22.5,0,2,1,3
9.39,235,7.25,68.6,14.2,1,2,1,1
12.88,637,10.9,89.1,10.7,0,3,0,4
11.64,116,2.58,94.3,13.5,0,1,1,1
7.43,135,10.47,71.9,22.2,1,2,1,2
5.2,609,11.24,38.1,21.6,0,2,1,1
0.86,226,6.6,49.3,22.6,0,3,0,0
15.53,151,10.93,94.7,11.9,1,2,1,4
12.03,638,10.38,51.7,16.6,0,1,1,2
6.32,258,11.08,52.5,21.6,0,2,1,2
9.94,597,9.07,64.5,15.7,0,3,1,1
11.41,353,2.05,58.6,17.8,2,0,1,1
7.45,172,8.94,47.3,12.3,0,1,1,0
13.29,554,9.96,44.7,14.8,0,2,1,2
1.32,161,10.46,48.6,18.5,0,0,0,0
13.06,377,2.66,72.0,4.0,2,2,1,1
10.12,237,0.82,51.2,20.4,2,0,0,1
16.29,559,13.78,65.1,15.3,2,0,1,4
5.87,541,13.58,47.3,6.1,1,2,1,1
2.75,401,5.3,68.9,21.3,0,1,0,1
12.25,146,11.78,95.7,19.0,1,2,0,4
10.2,460,12.97,105.2,14.5,0,0,0,4
9.05,528,1.66,111.1,6.8,0,2,1,3
5.65,175,11.58,60.3,14.7,0,0,0,1
12.58,581,8.27,63.5,15.7,2,1,1,2
10.61,448,3.46,110.8,13.8,1,1,0,4
6.1,354,1.58,99.2,12.8,2,1,0,2
4.02,484,7.18,85.9,21.1,1,2,1,2
17.72,413,11.79,66.7,13.9,0,2,1,2
7.03,53,10.37,68.7,18.5,2,2,0,1
6.08,381,13.17,46.3,7.8,2,2,0,2
12.41,376,7.35,88.1,18.7,0,2,1,3
12.66,138,11.09,105.0,20.7,1,2,1,4
2.48,326,9.35,91.5,12.9,0,1,1,2
4.48,311,8.73,78.9,4.4,1,0,1,0
15.74,119,9.75,96.8,16.1,0,3,1,3
11.93,204,5.97,87.7,16.9,1,2,1,2
10.94,680,8.16,83.4,21.9,1,0,0,4
9.59,299,3.59,38.7,10.3,1,1,0,0
10.27,283,12.68,89.4,5.4,1,2,0,3
9.01,363,3.48,48.4,9.1,1,2,0,1
0.44,547,6.13,81.2,8.4,1,2,1,1
7.55,122,9.68,51.0,16.8,1,3,1,1
13.4,345,3.21,74.1,6.0,0,1,1,0
8.84,112,3.28,90.2,15.8,1,2,0,2
5.69,153,13.46,100.2,18.0,1,2,1,4
15.52,719,12.96,69.3,21.0,2,3,1,4
13.06,404,3.35,104.4,6.0,2,2,1,3
3.63,18,2.11,54.9,9.7,2,2,0,0
7.18,43,4.47,86.5,4.8,1,2,1,1
2.89,418,12.7,71.9,10.0,2,3,1,1
2.0,105,12.1,108.0,8.6,1,2,0,4
17.19,338,11.52,102.7,21.8,2,1,0,4
7.88,532,7.25,91.9,6.7,1,2,1,3
10.58,614,5.95,88.5,12.9,1,2,1,3
16.86,325,10.35,102.8,17.5,0,1,1,4
3.5,532,5.64,74.2,22.7,0,2,0,1
17.25,644,10.61,75.1,16.5,0,1,1,3
17.49,299,8.24,82.5,17.1,0,0,1,3
5.2,659,6.92,48.1,20.6,1,2,1,1
0.35,444,9.91,84.1,18.2,2,1,1,3
1.45,677,5.12,43.0,14.7,1,2,1,0
12.65,335,8.31,48.9,7.9,2,1,1,0
1.06,127,7.25,42.3,15.3,0,1,1,0
11.78,505,2.17,67.6,16.7,1,0,1,1
14.6,439,12.67,50.8,7.9,1,1,0,2
7.53,362,0.89,99.6,9.6,0,1,0,2
15.19,116,12.15,106.1,16.4,1,1,1,4
4.06,588,5.23,75.1,19.9,1,1,1,3
8.98,42,4.64,69.9,20.0,0,1,1,0
9.4,45,1.45,67.9,20.0,2,2,1,1
8.33,156,7.46,107.4,10.9,2,1,0,3
17.12,396,2.22,42.7,21.7,1,1,0,1
0.65,455,5.4,91.5,18.0,1,3,1,1
7.99,358,8.37,56.8,9.9,2,1,0,1
7.92,275,12.44,99.9,11.2,2,1,1,4
11.46,71,8.62,38.9,10.9,0,1,1,0
9.99,337,12.68,96.9,18.5,1,1,0,4
17.63,196,3.39,61.9,15.2,2,2,0,1
2.6,560,9.04,58.5,21.4,2,0,0,1
9.05,7,13.28,41.9,14.7,2,0,0,2
17.11,713,3.43,79.3,22.2,0,3,0,3
1.59,328,6.05,109.9,13.8,0,2,1,3
10.17,180,8.61,76.5,9.9,1,1,0,0
15.38,651,7.27,87.0,18.2,2,0,1,3
10.38,615,7.08,102.2,13.6,0,2,0,4
9.54,114,10.26,111.2,18.0,1,1,1,4
5.59,240,0.79,92.9,20.1,0,2,0,3
10.87,502,9.4,96.7,18.5,0,1,1,4
13.5,413,8.15,73.9,7.7,2,3,1,2
16.77,381,8.59,53.2,5.5,2,2,1,2
10.82,31,1.81,84.1,20.0,1,1,0,1
17.96,266,7.47,73.4,15.9,0,1,1,2
15.94,182,7.07,110.8,17.3,1,0,1,3
14.31,676,12.13,106.4,6.2,1,2,0,4
6.67,179,6.15,91.4,17.9,1,2,1,2
10.28,181,5.07,95.8,13.2,0,2,0,2
5.48,295,7.25,89.8,22.3,0,0,1,3
9.05,119,1.22,102.6,12.2,1,2,1,3
10.02,546,5.97,42.9,9.0,1,1,0,1
1.98,656,10.08,99.3,19.9,2,2,0,4
8.52,344,12.73,104.9,9.0,1,3,1,4
6.46,615,1.17,51.7,4.3,2,0,0,0
15.63,461,2.01,110.0,12.9,1,1,1,3
2.17,295,6.66,61.4,11.1,1,1,0,0
13.04,426,7.01,83.1,9.0,0,3,1,2
5.14,156,13.46,57.3,19.6,1,1,1,2
13.6,422,11.65,38.5,16.2,0,1,1,2
13.77,427,3.56,77.5,13.1,1,2,1,2
11.27,481,8.77,85.7,19.5,2,3,1,4
16.18,719,9.68,109.4,21.4,1,1,1,4
5.55,605,7.31,50.5,5.3,1,1,0,0
14.25,131,3.83,38.2,5.6,1,1,1,0
4.13,540,10.71,75.8,6.0,0,2,1,2
14.92,642,7.23,42.5,14.1,0,1,0,2
14.73,450,4.53,43.5,18.7,0,2,1,2
13.19,688,9.11,100.2,19.2,0,2,1,4
12.13,217,3.5,62.9,16.0,2,1,0,0
9.13,353,4.17,62.9,10.0,0,1,0,0
4.92,345,12.66,105.9,21.1,0,2,1,4
2.5,350,4.6,111.2,4.8,1,1,1,2
11.45,515,10.54,41.3,16.3,1,1,1,2
11.6,289,4.21,82.5,9.2,1,1,0,1
2.71,537,13.53,94.3,21.9,1,2,1,4
6.81,191,10.96,88.5,15.1,0,1,1,2
3.61,231,11.2,39.3,16.1,2,0,1,1
10.89,632,4.17,101.6,21.0,2,0,1,4
9.25,571,7.25,69.4,10.4,0,0,0,2
17.15,595,10.2,49.8,5.1,0,0,1,2
16.39,187,13.43,43.1,5.5,0,1,1,1
9.31,72,1.92,52.1,4.5,1,2,1,0
11.94,646,6.47,49.6,13.6,2,2,1,2
9.94,486,6.38,54.5,21.3,1,0,0,1
9.5,472,7.61,111.8,22.1,1,1,0,4
15.76,101,11.14,86.5,14.9,2,0,0,3
16.63,360,1.99,59.6,15.2,1,1,1,1
8.14,309,1.75,68.4,13.5,1,1,1,0
11.04,215,12.48,40.0,7.8,2,2,1,1
0.83,626,12.9,73.0,5.2,2,3,1,2
3.83,573,6.1,111.5,5.0,2,1,0,3
17.54,205,10.15,50.8,5.6,1,2,1,1
12.13,189,5.31,39.6,20.5,1,3,1,0
10.97,707,8.78,75.5,5.0,2,1,1,2
16.47,114,9.51,90.0,13.6,1,1,1,3
13.04,717,6.0,52.1,6.6,0,1,0,1
1.29,95,10.32,51.1,8.1,2,3,0,0
9.94,461,3.33,42.4,14.8,2,2,1,1
11.46,125,6.92,84.3,6.3,0,2,0,2
11.95,365,4.17,87.5,11.2,1,2,0,2
8.14,252,4.65,42.5,7.0,2,1,0,0
5.81,474,12.16,40.8,8.7,0,1,1,1
7.53,460,10.49,78.8,13.5,0,0,1,1
15.46,460,12.28,90.5,7.4,0,3,1,4
0.53,237,12.3,62.4,10.5,0,3,1,0
8.98,640,12.59,87.7,17.5,2,1,1,3
17.4,536,6.71,75.1,10.0,1,3,1,4
11.24,371,8.5,110.5,11.8,1,1,1,4
16.49,552,2.67,53.0,13.5,0,2,0,2
4.97,47,10.68,111.7,16.3,2,1,1,4
7.74,432,4.03,53.7,15.1,0,2,1,1
7.09,557,12.37,76.9,22.9,1,1,1,3
12.34,584,4.29,104.2,14.0,0,3,1,4
3.81,440,11.45,74.5,16.0,0,3,0,2
5.31,533,10.59,70.9,12.4,0,1,1,1
17.64,656,3.86,92.9,7.8,0,2,1,3
9.06,22,7.31,51.1,13.5,1,3,1,0
2.87,439,2.24,97.2,14.0,0,1,1,2
9.08,673,3.32,101.5,21.7,1,2,0,4
8.84,500,12.43,86.1,12.9,1,0,1,3
12.44,517,12.99,88.8,5.7,2,1,0,4
13.56,310,4.24,68.5,11.6,0,3,1,0
0.63,688,6.74,68.9,18.2,1,3,0,1
13.13,252,9.49,94.5,11.2,0,1,0,3
6.26,537,7.79,105.7,17.0,0,1,0,3
16.5,362,8.97,82.3,8.4,1,2,1,3
4.21,365,6.97,89.2,18.3,2,1,1,2
14.09,112,11.6,53.0,12.9,0,0,0,2
16.41,11,6.53,65.0,18.0,1,1,1,0
1.14,221,2.74,102.6,8.8,0,2,0,2
0.49,39,1.26,55.7,21.7,1,2,1,0
7.5,33,4.71,84.1,5.9,0,1,0,0
17.02,492,6.54,97.2,20.0,0,2,1,3
11.14,224,13.58,103.9,20.1,1,3,1,4
12.85,461,7.25,96.5,17.3,1,1,0,2
12.88,351,9.56,89.0,14.9,2,3,0,4
9.72,690,0.98,75.1,4.7,2,1,1,3
3.78,403,0.83,50.0,12.8,0,1,1,0
13.01,602,7.67,95.2,18.4,1,1,1,3
13.02,370,3.02,100.3,14.3,2,3,0,3
15.99,94,0.58,52.4,19.1,2,2,1,2
0.44,717,3.61,84.0,8.6,1,1,1,1
13.87,563,5.23,111.3,8.7,0,1,1,4
14.58,708,11.9,63.1,7.6,2,2,1,3
3.21,402,12.71,87.7,8.4,2,1,1,3
4.54,501,6.27,65.7,21.7,1,1,0,1
12.48,325,4.52,83.2,21.3,1,1,0,2
16.96,349,5.91,67.5,12.0,2,2,0,2
17.6,11,7.53,48.9,10.1,1,1,0,0
5.28,174,13.73,110.9,6.4,1,3,1,4
3.85,615,10.01,82.9,7.3,0,2,1,2
2.57,24,6.94,76.1,17.6,2,1,1,0
12.52,699,4.97,84.3,12.5,2,1,1,3
8.63,206,3.05,103.7,15.7,0,1,1,2
16.66,356,6.79,86.1,6.5,2,2,0,3
6.83,138,0.53,44.2,17.0,1,1,1,0
11.74,178,9.54,100.5,16.1,2,0,0,4
9.51,455,1.35,88.6,20.6,2,3,0,3
17.93,368,9.31,57.1,20.0,2,1,0,2
11.94,646,10.6,94.6,22.4,1,1,0,4
3.04,639,13.46,89.9,4.1,1,1,0,3
6.74,318,10.65,77.8,11.4,1,0,0,1
9.94,305,7.25,106.4,6.4,0,2,1,4
3.49,305,4.27,64.7,15.1,0,1,1,0
17.0,79,9.98,79.8,9.5,0,1,0,2
12.12,166,12.92,100.9,4.1,1,1,1,3
14.5,139,0.67,88.6,14.6,2,1,0,2
13.65,67,8.54,110.0,11.4,1,0,0,4
11.25,194,5.47,107.5,13.5,1,1,0,3
11.55,252,10.98,111.0,14.9,1,3,1,4
14.9,186,13.4,75.3,5.2,2,2,1,2
10.56,356,6.52,59.2,21.2,2,2,0,2
10.35,348,7.82,106.6,17.1,2,2,1,4
12.01,530,10.6,58.7,4.0,0,1,0,2
8.08,222,13.53,81.8,5.3,1,1,1,2
8.03,416,2.05,72.7,5.1,0,1,0,0
1.77,98,13.5,84.6,19.2,0,1,1,3
17.39,288,7.98,65.5,12.3,1,3,0,1
5.15,558,4.33,57.5,7.1,1,0,1,0
16.82,364,10.71,78.8,8.3,0,0,1,2
8.47,311,12.22,72.7,18.1,1,1,1,2
12.63,266,6.17,90.9,19.1,2,1,1,3
16.28,360,10.13,90.8,7.5,2,1,1,3
8.02,153,4.3,62.3,21.5,2,1,1,1
7.11,691,12.02,38.6,11.8,1,1,1,1
17.43,579,4.07,87.4,14.1,2,1,0,3
4.3,640,3.6,96.0,11.8,1,2,1,2
9.96,641,3.21,76.2,11.1,1,3,0,1
4.43,36,12.74,77.5,18.2,2,3,1,1
5.57,582,5.38,59.9,20.5,1,1,1,1
6.03,196,4.33,87.7,8.7,0,0,0,1
2.92,645,2.2,39.1,17.5,2,0,0,0
15.27,694,8.17,76.7,13.5,0,2,1,2
0.73,36,2.14,77.1,7.1,0,2,1,0
14.34,645,4.22,45.3,16.8,2,2,1,3
1.54,540,10.76,50.8,13.8,2,1,0,1
13.0,591,5.72,103.2,21.1,0,0,1,4
3.34,119,13.29,45.6,8.3,0,1,1,0
8.56,476,11.39,76.6,22.9,0,1,1,2
14.45,374,6.77,52.8,9.5,2,3,1,2
17.63,332,10.07,44.3,13.5,0,2,1,2
10.24,102,11.51,67.3,8.6,2,1,1,1
13.05,511,11.23,56.3,18.2,1,3,0,3
14.71,146,3.41,59.8,18.3,1,1,1,0
9.83,346,9.25,63.4,6.3,1,3,1,0
13.14,250,5.47,85.8,20.4,1,1,1,1
6.82,122,8.55,70.2,12.8,2,0,1,0
6.62,334,12.32,39.3,15.4,1,1,1,2
0.59,102,9.14,73.9,12.9,0,2,1,0
1.32,529,7.33,53.7,18.2,1,1,1,0
17.13,555,5.12,99.9,5.0,1,1,0,3
1.1,569,4.83,75.1,4.1,1,2,1,0
12.14,180,8.83,87.2,16.4,0,0,0,3
5.74,648,1.35,58.1,4.7,0,0,1,0
2.88,484,10.66,85.7,13.1,0,2,1,3
13.24,75,7.89,52.4,8.7,1,1,1,0
11.86,312,7.25,92.7,13.4,1,3,1,2
10.3,713,13.12,80.5,13.5,0,2,1,4
3.75,18,13.13,103.1,18.9,1,0,0,4
2.84,543,9.77,81.9,16.9,2,1,0,3
9.11,220,10.76,79.8,13.7,1,3,0,2
14.09,411,5.67,75.1,13.7,0,1,1,0
7.11,289,10.78,91.3,9.2,0,0,1,3
6.35,98,8.94,53.7,7.7,2,2,1,0
4.75,285,1.69,46.2,22.4,0,1,1,0
2.09,397,13.16,92.1,4.1,2,1,1,3
5.14,282,4.06,101.0,12.4,2,1,0,2
3.31,199,10.9,59.8,10.3,2,1,1,0
16.96,276,4.97,72.8,6.9,0,2,1,1
17.92,326,5.42,60.0,9.8,1,1,1,0
2.97,315,13.65,88.9,13.5,1,2,0,3
17.36,635,5.61,60.5,4.2,2,2,0,2
5.34,674,6.15,61.1,10.2,0,2,0,1
10.85,661,1.4,75.1,17.5,2,1,0,4
13.06,641,1.46,85.6,14.3,0,2,1,3
2.51,296,7.83,51.2,7.8,0,2,0,0
5.67,117,3.45,93.4,18.1,1,0,0,1
4.44,7,13.89,85.4,19.5,0,2,0,3
3.71,140,13.06,78.4,6.5,0,1,0,1
12.56,702,6.72,47.2,15.6,0,1,0,2
9.51,100,1.71,105.0,7.1,2,2,0,3
8.43,323,0.92,110.7,10.9,1,2,1,3
17.77,609,6.66,98.8,22.4,1,1,0,4
14.69,198,4.84,86.0,18.4,1,3,1,2
3.0,615,10.6,88.8,13.5,1,1,0,3
0.36,373,10.16,75.1,10.2,2,3,1,2
14.79,17,1.85,75.3,11.0,1,2,1,1
14.93,325,6.24,63.9,14.1,1,1,1,1
17.91,719,12.59,46.1,5.7,1,3,0,3
10.14,540,9.78,66.8,5.3,1,0,1,1
17.52,167,7.18,61.4,10.0,2,2,0,2
3.04,395,3.8,64.5,5.3,1,1,0,0
13.94,519,8.49,58.1,14.5,0,1,1,2
9.41,19,6.92,60.9,6.4,0,0,1,0
0.47,665,2.35,76.4,18.3,1,3,1,0
1.47,630,12.17,45.6,11.2,0,2,1,0
12.61,12,8.78,103.5,21.8,1,2,1,4
12.3,303,11.23,97.2,8.2,2,1,1,3
12.65,425,8.81,109.3,5.7,1,2,1,4
6.62,14,6.72,106.8,12.7,0,1,1,2
12.75,428,12.0,71.1,18.0,1,2,1,3
17.59,146,2.67,76.4,19.8,0,1,0,2
16.92,425,2.16,65.9,9.9,0,2,1,2
14.93,26,8.66,75.3,5.6,0,1,0,1
17.85,190,9.75,60.1,11.7,0,3,1,1
5.81,694,6.92,64.2,5.4,1,3,1,0
3.95,612,2.34,78.7,17.5,0,1,1,1
1.79,692,9.81,66.5,16.5,0,1,0,1
7.77,119,8.53,75.3,18.0,0,1,0,1
12.79,332,4.91,108.5,18.3,2,2,0,3
6.3,109,3.7,75.1,10.6,0,1,1,1
1.83,556,7.48,64.5,7.1,0,0,1,0
16.44,166,5.3,66.8,16.2,1,2,0,1
3.8,203,4.37,98.9,17.7,1,1,0,2
6.69,114,7.13,99.3,22.4,0,1,1,2
3.77,636,9.66,48.8,18.5,0,1,1,1
17.16,580,5.15,50.8,7.7,0,2,0,2
12.61,181,1.25,60.7,16.1,0,1,1,0
14.84,240,0.53,72.3,15.5,2,1,1,1
10.57,394,12.67,106.4,20.3,0,2,1,4
12.19,236,1.97,43.2,18.9,2,0,1,0
11.44,396,11.87,56.5,16.9,2,2,1,2
5.26,380,7.65,86.7,21.6,0,1,0,2
17.31,75,7.25,106.8,12.5,0,3,0,4
8.28,459,1.13,70.3,22.9,1,0,1,1
3.79,434,1.72,86.2,18.9,0,1,1,2
10.73,90,11.45,48.0,4.1,2,3,1,1
11.24,520,1.76,95.2,17.2,2,1,0,3
6.37,56,13.37,66.5,13.5,1,1,0,1
0.32,93,13.79,101.2,6.8,0,2,1,3
2.6,572,2.88,43.6,14.3,1,2,1,0
11.2,214,12.63,75.1,12.8,0,3,1,2
8.66,542,1.17,63.5,20.9,0,0,0,1
1.22,66,3.76,75.3,19.5,2,2,1,0
15.88,52,13.67,80.9,9.6,2,1,1,3
6.23,172,1.53,75.3,20.7,0,1,1,0
14.77,486,13.81,40.9,22.6,2,2,0,4
6.65,710,8.54,73.0,8.7,0,1,1,1
6.2,94,7.25,43.4,21.9,1,2,0,1
9.81,543,0.58,83.1,4.3,0,2,1,1
5.5,341,12.42,90.9,13.5,0,2,1,3
13.23,148,10.97,90.1,9.9,1,0,0,3
16.73,459,4.44,72.1,10.4,1,0,0,2
13.29,438,9.83,60.5,16.4,1,3,1,3
9.17,418,2.46,52.7,19.9,0,2,0,2
13.72,175,3.47,92.1,14.0,1,1,1,2
7.94,369,13.19,99.6,13.3,0,1,0,4
0.76,302,10.61,53.7,17.0,1,2,0,1
8.41,163,2.18,108.3,13.3,0,3,0,3
14.65,187,11.52,59.9,7.4,0,2,0,2
6.49,489,8.97,48.8,11.5,0,1,0,0
2.02,203,9.16,88.4,11.8,2,0,1,2
10.86,309,7.25,67.1,18.4,2,1,1,2
5.11,160,7.25,66.8,15.8,0,3,1,2
2.03,155,0.63,67.6,19.3,0,1,1,0
7.05,394,11.35,72.0,20.1,0,1,1,1
3.01,381,11.17,67.2,6.2,1,0,1,0
6.56,430,2.6,91.7,22.9,0,0,1,2
7.93,680,6.64,101.2,8.1,0,1,1,3
17.81,174,9.16,83.5,10.1,0,2,1,3
15.34,688,4.43,77.1,5.3,0,0,1,2
4.78,432,5.39,80.2,17.8,1,2,0,2
12.26,288,3.97,48.5,19.2,2,3,1,1
14.44,583,9.91,59.1,9.1,1,1,0,2
14.17,58,3.08,50.4,14.6,0,3,1,0
6.83,697,5.46,96.4,16.2,0,3,1,3
12.67,344,3.29,38.8,8.3,0,2,1,0
13.45,633,6.77,106.3,10.2,2,2,0,4
12.66,626,10.15,96.0,18.6,1,0,0,4
5.63,176,2.84,75.9,16.5,1,2,0,0
6.37,372,1.46,90.1,22.8,0,2,1,2
9.91,709,11.56,105.7,22.2,1,2,1,4
9.62,268,1.38,83.0,21.8,2,1,1,2
16.82,230,6.85,84.2,20.2,0,3,1,2
8.76,257,2.08,56.6,22.9,1,0,0,1
9.9,240,13.33,83.3,4.9,2,1,1,3
5.14,694,7.97,104.7,12.2,1,1,0,3
15.28,307,11.64,83.0,6.6,2,2,1,3
8.19,681,7.25,104.4,19.6,2,2,0,4
13.39,67,10.54,43.0,17.3,1,2,1,2
16.63,560,0.56,55.4,13.3,1,2,1,2
12.84,190,4.88,61.3,17.8,0,3,1,1
13.61,68,10.01,38.6,13.9,1,1,1,1
12.47,470,4.51,86.9,14.1,0,2,0,3
14.52,463,10.81,83.7,11.3,0,0,1,3
3.35,501,4.05,47.9,16.7,2,2,1,1
16.87,216,0.93,62.3,21.7,1,2,0,2
15.43,293,3.85,57.6,4.5,2,1,1,0
0.54,220,13.94,95.4,9.1,0,1,1,3
12.09,490,10.45,102.4,10.2,1,1,1,4
10.07,444,5.38,73.9,9.9,0,2,1,1
1.37,396,2.48,100.0,5.4,1,2,0,2
10.36,266,3.54,47.6,10.9,1,0,0,0
6.59,104,8.07,111.2,7.6,0,3,1,3
14.16,247,2.31,64.6,6.0,1,2,0,0
16.22,125,2.95,105.6,22.2,1,1,1,3
0.74,156,1.34,101.5,15.3,1,1,0,2
8.44,134,1.13,99.7,4.8,1,1,1,2
8.21,225,7.25,96.1,7.3,0,1,0,3
9.19,510,9.51,66.2,21.6,1,0,1,2
2.43,443,9.48,98.7,12.0,2,1,1,3
2.74,55,8.21,101.5,16.9,1,0,0,3
13.84,501,6.04,66.4,17.1,1,1,1,1
0.52,108,5.25,64.9,17.6,2,2,1,0
13.11,589,3.06,52.4,6.6,1,1,0,1
8.98,472,5.19,63.2,7.8,0,2,1,0
1.46,256,5.65,78.6,11.7,2,2,1,0
16.0,312,3.67,70.1,17.2,2,1,1,1
8.94,257,11.99,39.9,6.3,0,0,1,0
6.05,330,12.32,63.8,11.7,1,3,0,1
14.97,530,11.49,77.1,14.6,0,1,1,3
3.97,273,10.5,39.3,11.8,1,2,1,1
8.46,482,2.63,85.3,11.8,1,1,1,1
10.95,587,2.38,85.9,21.9,0,1,1,3
16.55,462,11.52,80.4,12.1,1,1,0,3
10.66,690,2.85,102.0,14.0,0,2,1,3
6.85,96,3.52,40.7,10.6,2,0,0,0
3.55,237,4.86,87.1,5.3,0,2,0,1
1.7,507,2.75,40.1,14.0,0,3,1,0
13.1,265,2.96,81.8,10.6,2,2,0,2
9.8,353,7.01,57.5,11.3,0,0,1,0
7.44,412,13.41,73.7,18.0,0,3,1,2
1.34,404,4.79,63.3,22.7,1,1,1,0
15.43,683,5.31,59.9,22.4,0,2,0,3
10.93,163,11.61,45.5,12.0,1,2,0,1
17.55,14,12.89,49.6,9.4,0,1,0,1
1.96,142,4.28,58.2,18.8,2,0,1,0
11.95,627,9.14,53.7,9.1,1,2,1,2
14.03,197,4.8,43.8,4.5,1,3,1,0
2.58,11,5.91,53.3,13.5,2,0,0,0
7.17,183,11.7,56.8,16.4,0,0,0,2
12.17,525,6.82,75.1,17.3,2,1,0,4
6.79,519,1.22,73.7,17.1,0,1,0,1
13.21,18,1.92,59.4,20.7,2,2,0,1
8.14,119,11.24,61.4,11.5,0,1,1,0
7.79,395,13.45,48.5,13.6,2,1,1,2
2.95,38,12.5,39.4,18.6,1,1,0,1
6.85,236,5.63,68.6,5.6,0,3,0,0
1.84,544,9.48,43.0,6.4,0,2,1,1
12.18,410,5.68,53.8,13.5,1,0,1,0
13.84,327,5.94,39.3,6.2,0,1,0,0
0.34,651,2.48,92.1,22.2,0,2,0,3
4.56,602,6.14,39.5,11.0,2,2,0,0
17.98,52,6.84,93.3,5.7,0,2,1,2
1.02,574,8.27,110.6,11.8,2,2,1,4
13.39,583,6.62,63.6,19.1,0,1,1,2
13.91,281,12.56,54.7,17.8,1,0,1,2
16.85,61,13.56,75.6,9.2,1,0,1,2
14.21,526,12.07,98.8,12.7,2,0,1,4
11.48,286,5.48,73.7,18.8,0,3,0,1
14.47,458,11.36,66.7,14.1,1,1,0,2
12.75,121,12.48,52.8,21.2,0,1,1,2
2.86,198,12.43,54.4,9.5,0,0,1,1
9.86,460,1.89,79.5,4.0,1,1,1,1
8.79,559,7.07,85.8,22.1,2,2,1,3
16.37,491,9.99,105.9,16.9,0,2,0,4
12.83,477,6.07,48.5,17.5,1,0,1,1
10.86,167,2.8,70.7,12.5,0,1,1,0
3.97,226,13.36,105.2,13.7,1,3,1,4
9.91,706,2.46,103.5,19.8,1,1,0,3
12.18,415,9.57,42.9,20.5,2,3,0,2
3.93,333,12.32,73.7,7.9,1,2,1,1
5.53,662,10.3,81.1,14.7,1,2,1,2
0.35,504,9.98,54.8,12.5,0,2,1,1
12.78,600,2.47,58.3,16.3,0,0,1,1
7.6,628,9.03,54.3,11.8,0,3,0,1
16.59,76,11.57,110.0,21.1,0,2,1,4
6.87,640,9.15,103.5,14.3,0,1,1,4
4.12,658,3.24,57.9,20.8,2,1,0,1
6.64,284,5.25,111.3,4.9,0,0,0,3
12.86,297,9.07,103.3,16.5,0,1,0,3
1.06,426,2.46,73.0,9.1,2,2,1,0
5.28,6,10.65,70.3,18.4,1,3,0,1
14.06,142,13.88,89.9,13.5,1,2,1,4
1.37,441,11.31,83.6,13.5,2,2,1,2
4.55,400,3.14,89.2,21.9,1,1,1,2
17.31,601,2.58,78.8,13.5,0,1,1,3
5.91,14,13.12,57.5,13.0,1,0,1,1
14.03,608,6.41,106.9,22.5,0,3,1,4
10.04,365,0.65,108.0,22.7,0,2,0,4
7.53,270,11.09,79.0,17.3,0,1,1,1
2.93,239,5.01,48.8,18.2,1,3,1,0
14.04,631,1.45,68.6,4.4,2,2,1,2
2.2,638,2.56,50.7,20.0,0,3,0,1
14.4,234,1.02,42.7,8.0,1,0,0,1
11.47,178,10.12,64.2,21.6,1,2,0,2
7.37,97,12.87,79.8,5.2,0,3,1,2
15.79,628,6.09,84.5,12.9,0,1,1,2
11.91,567,0.68,53.5,6.3,2,1,1,1
17.99,81,0.67,61.8,13.5,1,3,1,1
3.14,234,3.78,40.0,9.7,0,3,1,0
4.2,562,6.63,95.8,10.1,0,2,0,2
8.88,370,8.96,96.3,20.9,0,2,1,4
4.17,42,11.97,82.1,8.8,1,1,1,2
3.14,25,4.28,75.1,12.2,1,1,0,0
0.53,154,11.05,44.6,6.9,2,1,1,0
1.3,712,1.41,108.2,11.4,2,1,1,3
9.32,676,3.68,109.2,9.4,1,3,0,4
8.4,437,6.08,48.6,15.3,0,1,1,0
10.62,67,6.2,105.9,5.5,2,1,0,2
4.58,393,7.97,64.4,9.1,1,1,1,0
6.53,148,3.44,53.6,17.2,2,2,0,0
14.79,168,10.34,76.7,21.9,1,3,1,2
14.06,89,8.04,38.6,13.7,2,0,1,0
2.02,581,13.26,77.6,18.7,2,2,1,3
13.98,289,4.09,89.4,12.7,1,2,1,2
14.65,158,5.56,41.2,11.3,1,1,0,1
8.46,235,7.9,91.6,14.7,2,2,0,2
1.12,115,9.59,79.5,8.5,2,1,1,0
5.24,665,4.07,84.1,17.0,2,3,0,3
10.48,239,3.7,89.5,19.6,2,0,1,2
9.14,652,11.08,57.7,13.5,1,1,1,1
15.85,361,13.99,63.5,8.8,1,0,1,2
11.64,181,8.31,71.6,13.8,0,1,0,1
16.43,29,1.24,55.6,16.5,1,2,0,1
1.33,524,7.56,58.6,8.5,1,2,1,0
9.22,15,13.05,57.7,10.8,1,2,0,2
8.96,389,10.79,94.7,7.8,1,3,1,3
1.8,434,13.28,46.6,21.1,0,2,1,2
9.47,292,11.21,79.9,17.2,1,0,1,2
6.73,79,2.35,95.6,13.5,2,1,1,1
5.12,571,4.15,74.6,15.4,1,2,1,1
4.35,9,3.12,76.0,16.3,2,1,0,0
11.72,327,2.07,75.3,20.0,1,3,0,2
11.21,232,9.7,39.4,22.9,2,2,1,2
8.57,445,9.71,75.1,12.2,1,1,0,2
0.92,686,8.92,66.3,18.8,0,1,0,1
2.36,304,11.22,75.1,14.0,0,1,1,4
10.94,264,5.31,82.4,13.9,1,0,1,1
1.09,317,8.21,47.6,18.4,2,0,1,0
17.33,343,11.66,54.9,20.3,1,0,1,2
5.7,114,10.29,63.9,11.6,1,2,0,1
5.8,389,2.34,86.4,16.1,0,0,1,1
15.56,463,4.89,45.2,6.2,0,1,0,1
5.62,8,0.54,56.3,4.4,2,1,1,0
9.46,51,8.68,69.7,10.8,1,2,1,0
10.33,655,8.98,79.3,6.2,1,1,1,2
17.26,30,11.67,50.2,9.5,0,1,1,1
5.05,44,11.51,88.6,17.2,1,1,1,2
1.93,237,4.63,56.5,6.4,1,3,1,0
11.92,286,5.05,60.9,19.5,2,1,1,1
5.98,18,3.98,101.8,18.7,0,1,1,2
9.71,458,2.29,89.0,7.8,0,1,1,1
17.15,225,8.59,42.8,10.8,0,2,0,1
7.8,297,7.66,98.8,10.0,0,0,1,2
7.91,345,7.76,39.8,21.2,2,1,0,1
4.97,454,11.17,88.1,10.2,2,1,0,3
0.83,274,13.44,54.5,10.6,0,1,0,0
3.98,451,9.23,109.6,7.2,0,1,1,4
13.29,655,13.94,70.0,16.2,1,0,1,3
6.38,302,5.93,109.4,8.6,0,2,1,3
8.31,490,1.53,75.6,13.5,0,0,1,1
14.45,397,2.36,94.4,7.4,1,1,1,2
5.12,286,12.08,82.1,14.6,1,0,1,3
16.84,417,2.67,51.1,21.8,0,2,1,2
0.34,286,10.07,67.7,12.1,1,2,1,0
4.22,341,13.33,89.9,9.7,1,2,0,4
8.18,159,8.56,84.5,16.6,0,1,1,2
13.41,16,9.83,111.9,9.0,1,2,1,4
7.97,84,4.67,80.4,12.0,1,3,1,0
14.02,680,2.79,105.2,13.5,1,3,1,3
9.57,26,12.17,75.1,14.9,1,0,1,1
10.83,631,7.36,78.5,14.6,0,2,1,2
6.92,557,1.92,61.3,21.3,1,0,0,0
1.06,147,10.26,106.3,9.2,0,0,1,3
10.74,544,7.87,83.0,7.3,0,3,1,2
4.54,539,7.25,75.4,19.5,0,3,1,2
5.48,665,3.63,84.6,12.8,0,1,1,1
5.3,36,11.86,66.5,4.3,2,2,0,0
0.48,244,9.77,63.0,19.9,0,2,0,1
16.98,484,1.66,50.3,19.5,1,1,0,1
13.5,243,3.29,46.2,7.7,0,2,1,1
5.48,247,0.85,50.0,17.5,1,3,1,0
7.83,132,4.98,105.3,19.3,0,3,1,3
10.62,592,1.86,100.6,22.3,2,2,0,4
10.24,53,8.83,59.0,7.2,0,3,1,0
4.48,244,4.85,70.6,18.1,2,0,1,0
1.72,174,4.73,100.7,19.3,1,0,1,2
14.01,175,1.32,105.6,8.6,1,2,1,3
4.97,397,13.26,109.1,16.3,0,2,0,4
10.49,458,10.16,68.6,12.4,2,2,1,3
6.56,72,3.64,38.6,12.9,1,0,1,0
10.21,165,6.2,96.0,17.4,0,0,1,2
15.55,295,3.88,65.9,21.6,1,3,1,1
4.65,401,12.31,70.1,17.4,0,1,1,1
1.66,49,11.04,100.1,8.8,0,2,1,3
5.9,359,5.42,73.2,6.0,1,3,1,0
8.86,387,1.55,73.8,19.9,2,1,1,1
6.98,21,1.79,75.1,22.2,1,2,1,1
9.76,337,12.58,67.4,17.5,2,1,0,2
15.45,337,5.28,44.9,19.8,2,1,1,1
16.31,152,6.54,77.9,11.8,2,3,1,1
15.3,373,7.25,71.9,19.0,2,1,0,3
10.02,499,10.4,51.5,10.3,1,1,0,2
9.19,203,5.68,111.2,12.3,0,3,0,3
5.59,580,4.82,64.7,7.0,0,0,1,0
7.41,145,10.76,72.4,15.0,1,2,1,2
13.47,575,8.18,108.7,13.0,1,1,1,4
15.14,352,3.0,85.5,10.4,0,1,1,1
16.9,638,5.67,54.1,12.5,1,2,1,2
8.35,293,3.74,77.5,4.8,2,2,0,1
17.85,365,11.63,108.1,16.0,0,1,1,4
16.65,366,5.4,69.8,21.4,1,2,0,2
7.12,486,4.06,58.2,9.8,1,2,0,1
15.32,655,3.39,56.8,4.7,0,1,0,2
15.69,250,2.46,105.3,17.2,0,1,0,3
12.78,523,3.16,94.5,11.1,1,3,1,3
2.91,179,6.91,42.5,8.2,2,2,0,0
17.32,381,8.3,109.7,11.9,1,3,1,4
4.91,331,5.31,46.5,6.5,1,3,1,0
6.68,283,6.67,60.9,10.6,2,3,1,0
5.94,51,10.91,75.1,7.7,1,1,1,0
7.47,515,6.94,61.4,12.3,0,1,1,0
10.04,181,1.89,92.4,9.0,2,1,1,1
2.93,105,8.44,54.8,7.9,0,2,1,0
8.26,390,8.4,94.3,11.1,2,1,1,3
10.85,696,3.54,75.1,4.2,0,0,1,1
9.09,72,10.07,100.2,5.8,1,2,0,3
7.3,65,12.07,43.4,11.5,0,1,1,0
16.48,286,13.52,66.6,15.1,1,0,1,3
5.12,359,2.8,75.1,5.1,2,1,1,1
16.37,634,11.04,56.9,9.1,0,1,1,2
14.55,27,12.32,57.0,20.0,0,1,0,2
3.46,658,1.09,99.0,4.9,0,3,1,2
3.79,356,4.45,93.4,13.4,2,2,0,2
17.3,481,7.39,75.4,11.3,1,1,0,2
14.57,619,0.74,88.2,19.0,1,0,0,3
7.73,443,2.69,67.3,22.4,1,1,1,1
12.06,75,7.53,65.9,11.2,2,3,1,1
15.82,690,3.88,75.5,21.5,0,3,0,3
11.38,317,7.37,109.6,13.6,0,1,1,3
15.18,92,11.52,98.8,20.3,2,2,1,4
9.86,73,9.55,103.2,6.3,2,0,1,3
17.48,665,11.4,87.9,15.1,0,0,1,4
17.98,375,6.6,93.4,9.0,2,2,1,3
2.3,180,1.02,38.8,22.7,0,2,0,0
13.02,210,2.78,62.3,6.1,0,3,1,0
11.93,467,7.23,104.9,5.2,0,1,0,3
14.24,490,3.96,97.0,9.5,2,0,1,3
4.94,280,10.02,106.3,15.1,0,2,1,4
10.39,523,9.98,49.5,17.9,0,2,0,2
2.06,653,3.97,60.7,13.5,1,1,1,0
15.37,209,12.45,59.6,7.4,1,1,1,1
5.86,303,5.77,60.9,8.5,1,1,0,0
10.17,697,10.4,58.9,9.0,2,2,1,3
15.42,92,13.57,101.1,12.4,0,1,0,4
12.54,475,6.01,100.5,10.2,1,2,0,3
17.63,546,7.33,43.3,22.1,2,1,0,3
8.34,8,11.23,104.0,5.5,0,3,1,3
3.55,343,7.51,91.9,18.6,2,2,1,2
15.04,705,7.77,91.6,15.5,1,1,1,3
1.0,496,12.52,90.1,17.8,1,2,1,3
4.21,445,3.63,110.4,13.7,0,2,1,3
10.12,476,2.25,75.1,22.3,0,1,1,2
16.75,406,12.55,67.1,18.8,2,1,0,3
13.68,430,6.87,98.9,15.8,0,1,1,3
17.6,258,2.66,43.3,11.3,2,0,1,0
14.3,190,0.7,96.4,18.6,1,1,0,3
5.31,100,8.42,38.3,14.9,1,1,1,0
12.67,44,3.43,45.4,15.2,0,2,1,1
9.36,282,0.87,89.0,15.2,1,3,1,1
5.98,407,1.6,79.4,13.9,1,0,1,1
9.86,60,13.01,88.0,13.9,0,3,0,3
13.95,404,3.87,64.1,14.3,2,0,1,0
7.13,159,2.86,50.2,6.6,2,3,0,0
15.23,363,3.86,95.3,17.4,1,0,1,2
11.26,382,12.16,83.9,13.9,1,0,1,3
14.31,82,9.94,69.2,7.8,0,1,1,0
6.44,684,3.04,42.7,20.5,0,3,1,1
12.52,636,12.55,43.2,9.7,1,1,1,2
2.01,692,0.67,70.5,17.2,0,1,1,0
5.29,615,13.59,76.6,8.0,1,1,1,2
6.12,602,5.0,47.0,11.5,1,3,1,0
11.25,56,6.31,71.7,13.6,1,2,0,1
0.77,239,11.58,50.8,9.8,1,1,0,0
6.12,64,1.67,63.7,10.9,1,2,0,0
16.4,344,9.28,39.6,13.7,1,0,1,1
7.83,226,4.02,59.3,7.6,0,1,1,0
12.35,173,1.19,83.1,8.1,2,2,0,2
11.05,252,13.58,66.9,8.5,2,1,0,2
8.12,440,5.05,75.1,20.2,2,3,0,1
1.41,180,2.52,42.3,8.2,0,1,1,0
2.52,702,9.45,56.8,10.3,2,2,1,1
12.36,267,9.57,105.8,14.4,2,0,1,4
3.95,195,8.54,52.1,15.0,1,1,1,0
4.14,223,7.68,86.0,7.4,1,1,1,1
6.22,546,11.32,53.5,9.1,0,1,0,1
9.47,626,13.78,108.9,5.0,0,1,0,4
3.9,95,9.25,103.5,9.4,1,2,1,3
7.97,332,8.8,100.4,10.0,2,1,1,3
3.7,477,11.42,70.8,9.6,1,1,0,1
12.29,12,7.8,84.9,15.3,0,1,0,1
2.16,400,0.84,85.4,16.1,2,1,0,2
12.32,403,4.26,47.3,8.4,1,1,1,0
7.41,206,7.19,43.0,8.6,2,0,0,0
3.13,261,9.21,54.1,8.8,0,3,1,0
8.67,28,13.67,44.8,13.0,2,1,1,1
3.39,23,1.59,38.3,22.1,0,0,1,0
14.26,374,7.77,86.5,12.0,1,3,1,2
17.14,570,6.71,47.2,16.5,1,1,1,2
12.61,644,11.13,61.8,6.2,2,2,1,3
14.15,439,2.01,82.6,6.0,0,1,1,2
6.06,104,7.25,111.4,6.6,0,1,1,2
14.8,99,5.9,101.5,21.9,2,1,1,3
10.15,644,11.19,62.3,7.9,2,1,1,2
5.91,54,4.33,67.4,7.6,0,0,1,0
12.52,194,12.45,58.1,13.0,0,2,0,2
5.4,102,12.04,63.8,13.5,0,3,1,1
13.43,481,3.96,107.8,11.7,1,1,1,3
1.95,324,8.48,75.1,22.7,0,0,1,1
0.51,473,10.84,87.5,17.0,0,0,1,3
17.08,41,13.0,63.4,13.8,0,2,0,2
9.8,369,4.85,65.1,13.8,1,1,0,0
17.53,660,1.07,44.4,15.3,2,3,1,2
1.46,647,13.48,95.5,18.7,0,1,0,4
14.13,240,9.38,56.0,17.1,0,3,0,1
12.51,388,4.91,102.4,20.5,2,2,0,4
7.66,7,13.77,64.7,20.2,2,1,1,2
14.14,514,8.56,48.3,19.4,0,1,1,3
3.05,208,10.28,76.4,18.3,2,3,1,1
0.47,716,5.01,111.2,5.7,2,0,0,3
4.56,377,12.11,55.9,6.2,2,1,0,1
10.85,474,12.78,73.9,10.1,0,1,1,3
17.68,691,8.29,92.0,12.0,1,0,0,4
2.02,206,10.17,57.9,9.3,1,1,1,0
11.59,651,3.29,83.8,17.9,1,1,0,3
6.3,394,8.74,52.7,17.9,1,2,1,2
16.43,380,11.66,57.4,18.5,0,3,1,3
10.66,182,2.43,102.4,15.9,1,0,0,3
14.23,274,7.55,96.0,14.5,2,2,1,3
11.11,399,13.94,76.1,10.2,1,3,1,2
10.81,17,5.97,74.0,13.5,2,0,0,1
10.42,336,13.02,100.8,6.5,0,2,1,4
1.53,624,4.47,91.1,14.5,1,2,1,2
3.11,559,10.6,108.7,4.2,0,3,1,4
4.0,324,9.0,52.8,11.1,0,2,0,0
6.29,529,2.71,53.5,11.9,1,2,1,1
5.28,353,13.33,46.3,20.2,2,0,1,2
13.0,151,8.26,81.6,10.6,1,1,0,1
12.75,638,3.98,39.6,21.6,0,0,0,3
5.67,423,13.25,95.3,14.7,1,2,1,3
9.45,489,8.29,107.6,11.3,1,0,0,4
5.02,272,3.68,96.7,20.4,0,1,0,2
1.24,233,9.45,91.9,17.6,2,2,0,3
0.43,446,6.09,71.8,22.3,0,1,0,1
8.29,463,5.59,54.4,7.9,1,0,1,0
13.08,122,13.43,46.7,13.5,2,1,1,2
17.55,386,11.45,75.1,4.4,2,2,1,4
2.08,688,13.55,86.5,5.9,1,1,1,3
9.44,420,3.65,106.5,10.9,1,2,0,3
17.0,400,1.79,47.2,9.6,2,3,0,1
8.88,48,12.95,64.1,11.8,0,3,1,1
9.32,325,7.78,91.2,9.3,2,0,1,2
15.0,514,9.71,40.7,16.1,2,3,0,3
15.06,409,8.41,91.9,16.5,0,1,1,3
9.01,359,10.66,107.7,21.9,2,1,1,4
1.32,405,6.91,39.5,13.9,1,0,0,0
8.09,200,7.45,74.6,13.1,1,0,1,1
12.94,324,5.85,108.7,21.6,2,3,1,4
4.8,50,9.82,38.1,7.2,0,1,1,0
2.82,712,1.39,73.1,5.4,1,1,1,0
14.02,12,0.57,102.3,9.0,0,1,0,2
10.25,214,4.41,59.4,16.3,1,1,0,0
10.35,340,7.66,52.4,5.8,0,1,1,0
1.36,66,0.54,98.1,16.9,2,1,1,1
4.94,507,9.3,64.2,14.9,1,1,1,1
2.21,670,13.04,95.8,20.0,0,2,1,4
13.83,561,11.71,102.4,13.8,1,1,0,4
5.97,211,11.9,80.2,13.2,0,1,1,2
12.12,198,0.51,104.0,5.2,2,0,1,2
3.76,615,4.64,103.3,12.2,0,1,1,2
7.07,286,12.31,110.5,10.3,1,2,0,4
13.29,517,11.59,103.0,7.9,2,2,0,4
5.25,322,9.43,106.8,21.0,0,1,1,4
2.24,415,10.45,110.3,17.9,0,2,0,4
12.5,156,13.52,99.7,16.1,1,1,1,4
3.2,656,11.01,100.7,4.6,1,3,0,3
16.28,564,13.33,61.0,12.4,0,0,0,3
12.85,359,9.36,111.7,16.3,1,2,1,4
6.61,312,9.86,63.4,23.0,2,1,1,2
3.49,526,5.0,84.5,12.5,1,0,1,1
6.69,384,13.09,72.6,14.4,1,3,1,2
2.01,106,10.04,71.8,17.9,0,2,0,1
8.48,404,5.23,47.9,4.4,1,1,1,0
5.02,164,2.83,46.8,20.0,0,3,1,0
2.05,683,7.03,106.8,16.3,0,2,0,3
2.63,652,11.35,78.9,22.4,2,3,0,3
15.74,410,4.42,95.5,13.9,1,1,1,3
11.66,307,7.25,39.4,17.1,1,3,1,1
14.3,62,4.93,85.3,22.4,2,1,1,2
8.23,268,1.53,105.8,21.7,2,1,0,3
13.56,513,7.17,96.1,13.9,0,0,0,3
3.65,669,0.85,44.7,6.0,0,0,1,0
14.94,508,10.85,83.2,20.3,0,1,1,4
10.9,417,6.59,57.7,6.6,0,0,1,0
17.88,673,10.8,69.2,16.1,2,1,1,3
15.92,595,5.97,67.7,21.2,0,1,1,2
2.02,531,9.63,50.3,10.2,0,3,1,1
6.79,218,0.73,47.8,17.6,0,1,1,0
4.84,190,4.62,64.3,19.4,1,1,1,0
17.55,485,1.89,53.7,8.6,0,1,1,1
1.8,26,8.17,103.7,11.3,2,1,1,3
17.65,279,7.25,95.1,8.6,1,1,0,3
0.86,146,10.47,104.1,15.7,1,0,1,3
2.36,621,1.69,69.7,6.2,1,1,1,0
9.35,375,13.53,75.1,8.4,0,2,0,2
12.42,124,10.73,110.8,7.6,0,2,1,4
11.68,91,12.2,75.1,6.4,0,3,1,3
11.25,426,8.32,46.1,11.2,0,0,1,1
4.1,183,9.81,41.2,16.9,0,3,1,0
9.7,690,4.56,91.8,22.8,1,1,0,3
5.92,168,6.61,47.7,19.8,1,2,1,0
12.77,686,4.23,99.7,13.3,1,0,0,3
10.13,24,6.46,84.0,20.8,2,1,0,2
4.5,198,5.97,101.2,19.4,0,2,1,2
16.42,615,2.07,59.1,20.7,1,3,1,2
9.56,444,7.52,68.9,9.0,2,1,0,0
10.68,136,8.99,85.2,17.4,0,2,1,2
15.63,418,11.78,77.4,19.5,0,3,1,3
2.11,284,13.98,99.3,14.7,1,0,1,3
13.24,592,9.05,61.4,18.4,2,1,0,2
2.57,10,2.33,86.2,22.9,1,0,0,0
16.09,525,4.55,86.1,4.1,0,1,1,2
1.87,245,9.95,101.9,10.0,1,2,0,3
6.64,408,7.73,82.9,9.0,0,1,1,1
16.74,648,12.48,65.7,17.8,1,1,0,3
12.79,657,4.69,104.5,10.8,0,1,1,3
15.23,464,8.86,70.1,16.8,0,2,1,2
14.57,119,2.45,51.4,16.4,2,2,0,2
9.61,388,11.38,97.8,21.1,2,0,1,4
16.71,234,13.33,61.4,7.1,0,0,0,1
3.57,304,11.08,58.3,18.7,1,2,0,1
17.23,453,7.07,109.7,18.4,0,1,1,4
9.32,417,10.94,88.6,11.7,0,1,1,3
3.46,150,1.6,62.5,8.3,1,3,1,0
11.37,267,4.02,60.2,5.1,0,2,0,0
14.0,361,3.67,59.2,19.0,0,1,0,1
8.24,264,12.7,103.0,6.3,1,1,1,4
12.82,578,0.79,58.9,7.4,1,1,1,1
15.23,174,12.08,105.7,15.5,0,1,0,4
17.65,145,7.05,107.2,22.2,0,1,1,4
3.25,113,0.89,108.6,8.5,0,2,0,3
5.34,323,5.19,81.5,22.7,1,2,1,1
8.15,361,12.2,98.9,10.7,2,0,1,3
1.88,67,7.25,78.0,6.5,1,1,0,0
12.87,24,7.34,54.2,18.9,1,0,0,1
1.78,464,5.61,62.8,16.9,0,0,1,0
10.58,160,6.48,73.5,4.3,1,2,1,0
4.75,338,6.29,57.6,13.4,2,1,1,0
3.8,398,5.42,78.2,22.4,1,1,1,1
9.54,344,7.64,75.1,21.6,0,2,1,3
3.18,678,12.63,83.8,20.9,0,3,1,3
17.79,234,4.85,73.9,19.1,0,2,0,2
2.22,362,1.14,64.1,19.5,1,1,1,0
12.74,643,0.98,75.2,15.0,1,1,0,2
11.96,312,13.33,51.1,13.3,0,1,1,2
10.73,140,12.95,99.3,5.4,1,1,1,3
14.46,606,7.21,90.3,17.7,0,2,0,3
12.34,175,0.55,73.1,12.6,2,1,0,0
12.83,665,8.29,86.2,5.6,1,0,1,3
4.85,212,12.81,75.1,19.6,0,0,0,4
15.98,680,2.76,82.2,10.1,1,0,1,2
8.49,631,10.51,63.8,22.1,1,1,1,2
16.46,512,2.7,101.5,4.6,1,2,0,3
9.38,684,12.42,39.1,13.5,0,1,1,1
10.93,35,10.38,98.4,19.5,0,1,1,3
1.79,425,10.71,44.1,18.9,0,1,1,0
8.38,377,1.38,83.5,7.7,1,1,1,0
16.17,665,10.99,107.6,21.1,0,2,1,4
5.43,66,4.55,88.0,11.2,1,1,1,0
7.4,128,6.2,71.1,11.9,2,2,1,1
7.69,542,7.97,92.5,21.1,0,1,0,3
4.0,640,3.09,104.7,18.6,1,0,0,3
11.05,393,11.58,43.7,10.0,0,2,1,2
8.43,682,13.05,94.0,10.9,1,0,0,4
14.41,194,6.87,58.4,19.7,2,2,1,1
6.35,439,1.95,90.3,16.6,0,2,1,2
10.69,636,6.8,104.9,13.5,2,0,1,4
17.51,279,8.09,101.6,15.8,2,1,1,4
2.97,145,1.7,79.0,14.4,1,3,1,0
15.56,110,10.44,83.5,20.3,0,2,0,3
13.96,237,6.7,74.7,4.9,1,1,1,0
6.7,442,5.35,54.3,15.4,2,3,0,1
17.03,384,2.25,75.1,21.5,1,2,1,3
4.21,345,8.92,105.2,15.4,1,3,1,4
15.18,13,13.07,75.1,17.5,2,2,0,3
13.77,534,12.67,64.0,11.4,0,1,1,2
1.08,248,12.31,42.1,13.5,1,1,1,0
12.99,388,3.07,106.9,20.5,2,2,1,3
16.12,230,7.97,75.2,14.2,0,1,0,2
15.58,13,7.76,61.4,20.4,2,1,1,1
12.2,622,1.43,54.9,19.7,0,2,1,2
0.44,713,3.98,43.9,15.1,2,2,0,1
6.66,679,9.93,85.5,13.0,2,3,0,3
17.61,611,5.72,96.8,13.2,1,2,0,4
2.57,232,13.6,62.4,15.3,2,3,1,2
8.98,491,7.25,60.5,21.8,0,1,0,0
8.11,636,3.61,53.4,16.2,2,2,1,1
6.64,288,7.15,84.4,19.5,0,3,1,2
13.69,714,9.57,108.8,20.6,1,0,1,4
13.18,104,7.6,100.8,19.9,1,1,0,3
16.58,121,11.35,42.3,15.4,1,2,1,2
8.53,606,7.71,100.4,4.5,0,2,1,3
0.59,389,1.49,55.8,19.2,1,2,0,0
12.07,434,2.43,51.7,7.4,1,2,0,1
12.96,189,7.26,94.5,5.2,1,3,0,2
12.18,83,1.77,62.1,8.6,0,1,1,0
5.2,606,9.03,64.5,11.8,1,1,1,0
12.99,41,11.12,77.6,9.3,1,2,1,2
3.26,100,4.98,99.3,14.4,1,3,0,2
17.54,559,7.43,45.2,19.6,1,0,0,3
5.22,553,13.21,109.0,8.4,0,0,0,4
10.09,116,10.14,91.1,14.9,0,0,1,3
7.97,603,1.95,82.0,20.1,0,2,1,2
16.88,212,12.98,99.8,16.0,1,1,1,4
13.35,526,8.82,75.4,5.3,0,2,0,2
12.09,59,3.96,62.5,14.9,0,3,0,0
13.38,386,10.0,94.5,14.5,0,0,1,4
12.5,247,1.96,67.6,12.9,1,2,1,0
1.69,224,1.13,84.1,5.0,2,2,1,1
2.97,294,8.96,63.9,12.4,1,1,1,0
13.9,24,1.41,62.4,5.5,0,1,0,0
8.6,302,12.24,91.5,6.6,2,1,0,3
2.35,211,10.98,41.6,20.2,1,3,0,1
16.16,589,4.22,38.3,19.8,0,1,0,2
1.83,307,12.97,68.9,5.5,0,1,1,1
4.6,533,4.0,50.6,20.3,0,1,0,1
16.13,642,1.09,102.3,12.0,2,1,1,3
17.55,666,4.72,54.1,16.9,0,1,0,2
0.62,157,3.01,56.9,17.9,1,1,1,0
14.0,357,7.17,51.4,20.2,1,0,0,1
7.7,677,7.37,46.2,14.5,1,2,1,1
6.38,27,10.09,98.3,4.4,1,2,1,2
14.66,382,12.8,43.3,10.1,1,1,1,2
7.04,546,6.19,94.9,13.2,0,3,0,3
13.84,423,8.17,77.5,20.9,0,1,1,3
3.41,528,12.57,61.0,17.2,0,2,0,2
13.25,375,6.49,107.8,12.6,0,3,1,3
7.59,115,12.08,99.9,10.3,2,2,0,4
3.9,54,8.35,48.5,18.1,2,2,0,1
6.34,527,9.99,89.0,6.4,2,3,0,3
13.05,354,6.72,84.5,12.9,0,0,1,2
7.34,15,6.85,88.9,9.5,1,2,1,2
10.37,609,2.42,80.1,14.7,0,3,1,2
13.21,224,12.57,91.2,16.4,2,1,1,4
11.62,127,1.94,46.8,11.8,0,0,1,0
8.0,69,2.89,66.8,22.5,0,2,1,0
9.46,300,8.84,84.0,9.8,1,1,1,3
1.57,346,2.35,97.2,6.1,0,1,0,1
15.99,382,3.07,101.0,20.0,1,3,1,3
7.83,674,3.63,52.0,14.2,0,1,0,1
15.01,7,9.99,100.6,7.3,0,0,1,3
9.43,8,5.92,95.1,4.7,0,0,1,1
6.99,227,1.07,107.0,9.4,0,1,1,2
11.78,462,2.2,43.8,13.1,1,2,0,2
0.61,438,11.83,100.4,19.9,0,1,0,4
8.06,302,9.0,41.2,14.0,2,3,1,1
17.27,28,5.58,52.1,11.1,2,1,1,1
4.31,668,12.0,71.2,10.2,1,1,1,1
3.83,242,5.65,94.7,14.4,2,0,1,2
8.72,682,13.32,39.1,13.5,1,2,1,2
0.97,578,11.79,50.6,16.2,2,1,1,1
14.49,158,9.26,110.7,13.5,2,1,1,4
10.73,497,4.56,107.9,10.6,2,1,0,4
15.12,720,0.65,89.8,16.8,2,1,1,3
1.42,549,5.44,51.4,9.6,0,3,1,0
17.37,693,8.45,97.3,9.2,1,1,1,4
10.82,135,11.98,111.7,13.2,0,1,1,4
6.81,317,7.54,45.5,21.8,0,3,0,2
15.96,595,10.24,57.8,20.0,1,1,1,2
5.63,68,12.16,78.7,16.2,1,1,1,1
10.49,610,2.26,59.0,9.6,1,1,1,1
7.75,562,6.63,43.2,9.8,0,2,0,1
11.2,486,2.01,76.0,16.2,0,1,1,2
13.38,65,4.89,63.9,17.7,1,2,0,0
5.92,31,3.71,72.1,8.2,0,1,1,0
1.21,442,5.67,42.4,15.9,2,0,1,1
14.73,153,7.7,81.0,7.9,2,0,1,1
13.85,589,1.51,52.5,11.1,2,1,0,1
12.61,673,10.13,84.9,13.5,0,3,1,4
6.08,605,10.16,85.9,12.7,2,0,0,3
4.68,602,3.39,49.4,4.3,2,1,0,0
5.87,477,5.37,108.6,16.6,0,1,1,3
16.98,676,1.5,53.1,13.4,2,3,1,2
8.47,123,8.13,103.5,14.1,0,1,0,3
4.33,566,9.7,76.6,7.2,0,3,0,1
7.26,141,0.9,86.6,17.6,2,3,1,2
2.5,88,12.5,88.4,11.1,2,0,1,3
8.49,93,5.24,70.5,9.6,0,0,1,0
11.06,221,8.02,55.2,22.3,1,0,1,1
7.12,250,6.17,97.2,17.5,1,3,1,3
13.6,319,13.88,42.7,5.3,2,1,1,2
7.18,379,6.24,48.8,14.7,0,2,1,1
13.92,222,8.13,95.2,12.1,1,1,1,3
3.98,225,1.86,93.3,18.2,0,1,1,1
15.57,108,12.35,96.5,8.1,0,0,1,3
5.91,465,5.98,51.1,22.2,2,0,0,1
16.6,264,1.48,51.7,17.1,0,3,1,1
16.78,556,6.6,92.2,22.6,0,3,0,3
3.67,247,9.72,75.1,22.0,0,0,0,0
9.45,632,2.83,40.8,11.8,0,1,1,0
6.58,125,4.06,58.3,8.5,0,0,1,0
6.54,474,2.12,98.0,15.1,2,0,0,3
15.34,186,7.47,46.0,4.2,0,1,0,0
16.91,668,10.55,38.7,16.2,0,1,0,3
3.98,437,11.74,49.2,20.1,2,0,0,2
16.21,351,6.99,44.4,14.4,1,2,1,1
14.64,534,4.68,81.5,5.5,1,2,0,2
17.78,505,5.95,93.0,6.1,2,1,1,3
6.22,202,2.68,111.4,14.3,1,1,0,3
9.09,399,9.57,75.5,13.7,1,1,1,1
7.36,378,10.29,55.2,19.8,1,2,1,2
10.87,366,13.96,45.7,8.6,0,3,0,2
1.15,633,11.48,38.2,11.3,1,0,0,1
0.55,13,13.15,100.3,14.6,0,3,1,4
15.11,593,1.87,111.9,22.5,1,2,1,4
2.66,528,9.53,50.1,21.9,2,0,1,1
16.43,106,4.5,105.4,22.2,1,1,1,3
14.64,273,13.15,67.7,13.3,1,2,0,2
4.69,715,4.08,109.9,8.4,0,1,0,3
17.82,54,5.03,52.2,4.6,1,0,0,0
5.44,261,8.61,74.9,15.6,0,1,0,1
1.09,33,12.17,68.4,6.2,1,1,0,0
16.21,623,5.14,70.8,6.1,1,1,1,2
6.6,398,12.81,62.0,11.7,0,0,1,1
8.07,543,9.43,102.9,22.6,0,3,1,4
5.5,124,11.14,43.7,21.1,1,1,0,1
5.03,492,12.41,44.7,6.2,2,2,1,2
10.91,431,7.25,105.6,18.8,1,2,1,4
13.04,703,7.57,91.2,8.7,0,3,1,3
7.18,582,12.18,90.9,8.5,1,1,1,3
5.91,9,4.1,74.4,9.6,0,1,1,0
2.24,323,2.05,83.4,4.6,2,0,1,0
3.83,322,5.64,57.5,21.1,0,1,1,0
13.19,448,9.78,97.4,10.4,2,0,1,4
8.96,211,5.96,51.6,15.7,2,1,1,0
1.73,147,11.85,110.6,5.9,1,1,1,3
4.89,300,9.29,55.6,9.5,2,2,1,1
4.79,270,2.44,86.8,6.2,0,0,1,0
3.86,533,1.67,93.6,4.6,0,1,1,1
13.85,104,9.51,102.8,21.9,2,2,1,4
10.5,455,9.5,59.4,13.5,0,0,0,2
1.72,702,4.44,78.2,15.6,0,3,0,0
6.11,590,10.7,69.4,12.8,2,3,1,2
8.85,687,9.47,60.0,7.1,0,1,0,1
0.59,481,6.09,77.7,13.0,0,0,0,0
2.83,110,12.66,93.7,16.6,1,1,1,3
8.74,148,11.93,55.9,10.3,2,2,1,2
8.24,32,7.37,51.2,22.9,1,1,1,0
13.39,134,10.58,70.3,14.9,2,2,1,2
15.7,639,9.97,47.8,10.9,0,1,1,2
5.54,441,5.27,87.9,20.3,2,0,1,2
0.89,414,7.95,49.7,16.1,0,2,0,1
10.83,576,6.84,91.6,9.3,1,2,1,3
11.68,670,9.56,107.5,10.4,2,3,1,4
6.72,489,8.39,81.2,8.2,0,0,0,1
5.85,23,3.08,85.3,17.7,0,2,0,1
8.01,97,11.14,38.3,21.1,0,0,0,2
15.94,372,6.5,99.8,6.1,1,1,1,3
9.49,335,13.11,75.1,9.2,0,0,0,2
9.54,401,0.81,79.7,11.6,1,1,1,1
4.9,318,13.88,108.7,10.9,2,3,1,4
1.26,577,12.84,61.9,17.4,0,3,1,2
0.78,289,12.68,96.4,5.4,1,1,1,3
17.38,652,13.09,100.4,12.2,0,3,1,4
7.68,303,4.26,39.9,6.6,0,0,1,0
7.9,496,12.64,105.9,15.3,1,1,1,4
11.53,694,1.8,57.9,6.4,1,2,1,1
1.49,423,7.14,71.3,17.8,0,1,1,0
2.24,678,12.69,90.9,6.8,1,2,1,3
16.32,150,0.69,62.5,22.2,0,0,1,1
1.15,449,6.47,42.6,17.9,1,2,1,0
17.48,103,8.1,88.8,7.9,2,1,1,3
5.45,406,6.45,54.7,10.6,0,1,0,0
15.77,683,8.19,39.9,9.8,2,0,0,3
5.39,551,3.13,82.5,21.9,0,1,1,1
11.67,382,8.75,61.8,10.3,2,1,0,1
15.86,130,3.39,51.4,16.3,2,2,1,1
8.69,710,11.85,90.2,17.3,1,2,1,4
2.94,716,6.86,92.9,16.3,0,1,1,2
4.13,81,13.83,75.1,21.5,1,3,1,2
0.61,596,1.95,39.4,17.6,1,1,0,0
14.04,446,3.57,81.4,4.2,1,1,0,1
8.2,597,1.35,45.5,6.7,1,1,1,0
7.02,419,4.05,86.7,8.9,1,0,1,1
15.07,162,13.23,80.6,4.4,1,0,0,2
13.39,281,1.84,76.6,13.3,0,2,1,1
12.92,403,3.07,78.7,10.0,0,1,0,1
1.22,609,13.96,76.1,11.1,0,3,0,2
11.71,697,4.49,103.3,16.6,1,3,0,4
13.33,632,1.18,88.9,6.3,0,2,1,2
16.54,37,12.39,45.8,14.3,2,2,1,3
7.75,568,9.22,40.0,6.6,2,2,0,2
7.76,141,4.16,91.2,20.8,2,1,1,2
7.94,718,10.5,103.0,16.1,1,0,1,4
4.77,400,2.11,51.2,18.3,2,1,1,0
1.62,672,8.48,79.0,5.3,0,2,0,1
4.44,117,9.11,96.0,22.9,0,1,0,3
3.46,476,2.29,87.4,16.8,1,2,0,2
13.86,193,13.78,71.6,14.0,0,1,0,2
1.0,285,7.25,65.3,19.6,0,1,1,1
3.09,673,2.36,43.0,14.4,1,1,0,0
12.32,173,0.95,93.9,8.3,1,3,0,2
4.15,533,8.39,73.0,14.2,0,1,1,1
4.15,81,11.19,52.7,10.3,1,3,1,0
10.31,290,9.09,65.7,13.1,1,2,0,1
6.64,611,1.22,105.4,17.6,0,1,1,3
9.33,621,1.89,109.4,21.8,1,1,1,3
16.91,79,11.29,85.7,13.8,1,0,1,3
0.52,323,5.99,105.1,19.2,1,2,1,3
7.0,401,13.62,75.1,13.8,0,2,1,2
9.96,326,10.6,52.9,4.8,0,3,1,1
3.13,334,6.68,111.2,5.2,1,3,0,3
5.56,591,13.33,56.7,17.9,2,3,0,3
5.76,355,7.63,108.3,15.0,0,3,1,3
17.39,81,12.45,49.7,17.8,0,2,0,2
5.63,565,3.67,54.4,9.4,1,1,1,0
15.36,674,12.66,90.7,20.8,0,2,1,4
16.93,191,5.83,97.5,10.0,1,0,1,2
6.59,542,6.89,87.0,10.7,1,1,1,1
10.63,650,4.88,100.8,13.2,0,1,1,3
5.26,44,13.12,79.2,17.2,2,1,0,2
12.49,271,1.77,103.1,17.8,1,0,1,3
11.78,649,8.72,108.4,19.4,2,1,1,4
14.96,477,0.5,40.3,15.8,0,2,1,2
6.11,82,2.47,75.1,18.2,0,2,1,3
15.54,312,12.88,42.2,19.1,2,1,0,2
13.37,510,3.75,50.5,13.5,0,2,0,1
0.67,643,6.17,101.1,10.8,0,1,0,2
7.95,665,11.68,65.1,19.1,1,3,1,2
16.9,127,1.25,95.5,20.6,2,0,0,3
13.12,442,6.5,96.9,16.3,1,2,1,3
17.06,7,9.26,102.0,17.6,0,2,1,4
7.32,467,7.48,66.8,19.6,2,1,1,1
11.63,456,4.19,64.1,15.9,0,0,0,2
9.91,240,4.34,111.5,14.4,1,3,1,3
1.6,46,13.53,54.0,13.0,2,2,0,1
17.08,652,13.62,65.7,9.2,0,0,0,3
3.4,509,10.31,96.5,17.1,0,0,0,3
12.32,26,3.28,77.5,14.1,2,1,1,1
4.47,470,7.78,42.9,12.2,2,3,1,1
12.07,26,4.72,75.1,11.6,1,1,0,1
15.64,610,10.66,72.4,14.8,2,2,1,3
4.98,607,13.23,94.8,6.7,1,3,1,3
4.19,258,12.06,43.9,5.2,2,1,0,1
2.71,390,4.81,46.5,19.0,1,1,0,0
5.25,370,2.9,92.0,19.5,1,3,1,2
1.69,225,11.09,58.9,11.7,1,0,1,1
1.79,517,13.11,72.9,12.2,1,3,1,1
6.62,14,13.52,87.2,10.1,0,1,1,2
8.53,147,7.43,38.2,5.9,2,1,1,0
13.25,385,12.17,47.9,8.2,0,0,0,2
10.94,203,4.51,94.8,19.5,1,3,1,2
8.9,126,5.81,95.3,13.5,1,2,1,1
12.49,242,13.01,40.5,7.2,0,0,1,1
0.77,720,4.09,72.4,13.6,0,2,1,0
4.08,665,2.01,74.8,6.8,0,1,0,1
1.4,27,13.64,111.5,6.2,1,1,1,3
0.42,233,4.79,101.4,16.8,1,1,0,2
5.16,316,12.45,102.2,21.3,1,0,1,4
7.03,134,3.34,40.9,22.6,2,1,1,1
6.52,495,5.11,93.8,19.2,0,1,1,2
5.23,240,2.62,78.0,22.4,2,0,0,2
11.23,719,8.54,70.5,22.2,0,2,1,2
4.58,272,6.16,46.1,13.8,1,1,0,0
3.83,322,3.63,50.6,6.1,1,0,1,0
2.34,326,0.65,109.4,19.2,2,0,1,3
6.17,649,13.67,97.9,21.6,0,2,1,4
3.27,676,1.42,111.8,4.3,0,2,1,3
12.67,19,13.42,92.0,4.1,1,1,1,3
15.56,75,0.57,107.8,16.4,0,3,1,3
5.83,428,4.7,51.3,20.6,1,1,1,0
15.41,696,2.23,41.8,16.9,1,1,0,1
17.37,622,1.8,75.8,20.7,0,1,1,2
12.04,633,0.94,72.7,17.7,1,2,1,2
13.67,319,0.79,109.5,8.3,0,1,1,3
8.65,341,9.18,59.4,20.3,0,3,1,0
17.3,120,7.27,102.9,5.3,0,2,1,3
16.39,53,3.16,75.1,17.6,2,1,1,0
7.42,409,11.3,110.4,17.7,1,1,1,4
15.61,623,7.56,42.9,7.0,1,2,0,2
7.65,585,3.42,78.9,20.2,1,1,0,1
1.65,547,1.17,110.2,8.6,2,0,1,3
15.93,174,1.78,101.1,11.9,1,1,1,2
14.15,263,10.64,82.8,11.6,1,0,1,3
2.82,134,2.34,64.9,19.8,1,1,0,0
1.2,642,8.26,90.2,15.2,2,2,0,3
11.08,179,7.25,93.8,20.2,2,1,1,3
2.34,543,0.9,86.6,6.3,1,2,1,0
6.43,627,9.83,63.2,21.7,2,1,1,2
12.72,155,6.71,98.6,14.2,1,1,1,3
10.68,22,13.3,41.0,18.8,2,1,1,2
9.65,575,7.72,63.6,9.0,1,2,1,1
15.82,121,5.39,75.7,15.1,0,0,1,1
11.82,402,5.35,77.7,4.3,1,3,0,1
3.08,257,7.23,43.7,20.4,2,0,1,0
17.17,202,3.4,66.9,13.2,0,1,1,0
1.39,262,9.29,95.6,19.6,0,0,1,3
3.21,245,10.0,53.6,14.7,0,2,0,1
9.08,507,9.01,38.5,19.4,1,1,1,1
15.6,330,11.24,110.3,20.5,0,2,1,4
5.14,626,12.68,96.4,11.4,2,2,1,4
8.35,714,13.48,69.5,12.4,1,3,0,3
7.34,141,7.88,74.1,19.4,2,2,1,2
13.88,393,11.78,100.7,13.9,2,2,1,4
5.92,90,7.25,107.1,15.2,0,1,1,2
17.97,101,2.1,38.7,14.0,0,1,0,0
6.45,665,2.98,93.2,11.8,0,1,1,2
11.36,173,4.56,50.4,6.1,0,1,1,0
10.46,206,3.8,44.4,17.9,1,3,1,1
5.16,421,10.21,47.6,4.0,0,1,1,1
16.59,36,10.48,100.5,6.9,1,2,1,3
2.19,681,7.25,82.8,19.7,0,0,1,3
4.04,453,11.66,54.9,22.0,2,3,1,2
0.88,5,10.09,39.7,15.2,1,1,0,0
17.71,72,9.52,89.0,22.3,1,2,0,3
7.46,544,12.87,75.1,13.0,0,1,1,2
10.12,210,5.81,98.4,9.8,0,1,0,2
1.21,38,10.76,97.4,7.8,1,2,1,2
14.63,622,9.05,77.0,12.6,0,3,0,3
11.32,591,5.57,42.9,22.7,0,1,1,1
7.84,465,9.45,101.7,16.0,1,3,0,4
11.59,155,6.67,58.3,4.1,2,2,1,0
11.81,224,5.01,53.8,11.1,1,2,1,1
1.97,183,7.89,89.9,19.6,1,0,1,1
1.16,507,2.45,49.1,16.0,2,2,1,1
12.51,323,13.48,77.7,12.4,1,1,0,3
13.76,593,6.71,87.3,8.7,1,2,1,3
15.5,283,13.87,80.0,16.6,1,0,1,3
7.09,165,2.66,95.2,10.0,2,2,1,2
3.1,375,3.53,57.6,15.3,2,2,1,0
9.22,398,9.03,48.3,13.3,0,2,1,1
15.64,395,7.37,95.6,4.4,0,3,1,3
10.68,61,12.65,46.0,20.3,1,0,1,2
12.78,674,11.97,82.4,9.0,0,1,0,3
9.2,577,3.81,75.1,17.3,0,3,1,2
14.2,222,7.98,59.7,7.0,2,1,0,0
17.99,669,13.36,72.5,12.2,1,1,0,3
5.45,297,6.96,83.3,10.3,0,2,1,1
6.03,596,1.46,94.0,22.2,1,1,0,2
2.96,5,7.62,48.7,13.5,0,1,1,0
11.1,45,1.66,112.0,13.7,1,2,1,3
7.66,166,9.66,75.6,16.5,1,2,0,2
13.23,594,10.95,101.8,13.5,0,1,1,4
8.53,528,2.53,53.2,12.0,0,2,1,0
5.63,352,10.51,56.6,4.5,0,0,1,0
1.66,115,9.41,85.6,9.9,0,1,1,1
13.36,339,5.05,101.7,9.1,1,0,0,3
14.3,685,3.06,46.3,15.8,2,1,1,2
13.71,310,13.19,93.9,21.1,2,2,1,4
17.97,699,7.95,46.6,10.0,0,1,1,2
1.91,590,8.51,75.1,16.9,0,2,1,4
1.1,670,11.4,103.9,15.7,1,2,0,4
11.29,203,12.91,89.5,4.9,2,1,1,3
16.78,92,10.96,49.7,18.5,1,0,0,1
11.37,677,13.28,65.2,12.3,1,3,1,3
4.73,637,11.94,38.3,20.2,1,3,1,2
5.34,497,5.17,84.2,4.5,2,2,0,1
3.01,656,9.19,85.5,21.6,0,2,1,4
9.68,137,11.75,39.9,13.3,1,3,1,1
14.43,309,0.82,101.2,20.6,0,2,0,3
9.98,466,8.43,75.1,19.3,0,2,1,3
5.67,522,13.2,76.0,6.5,0,1,1,1
12.37,206,8.71,62.8,6.3,0,1,1,0
5.67,424,5.11,108.9,10.4,1,1,0,2
12.48,351,7.11,105.1,13.5,0,0,1,3
2.4,579,13.51,68.6,15.0,1,2,1,2
16.04,558,11.31,66.7,22.6,0,1,1,3
13.1,30,12.47,84.7,4.5,2,3,1,3
5.52,199,13.1,39.4,17.8,1,0,1,1
0.52,636,7.94,90.4,11.2,1,2,1,2
0.34,309,9.96,102.5,9.7,0,1,0,3
5.74,113,9.15,61.3,5.8,1,2,1,0
6.83,550,2.67,107.4,4.7,2,2,1,3
14.12,211,9.33,76.5,21.4,0,3,0,2
16.84,665,6.41,78.0,8.9,1,2,0,3
17.15,455,13.81,100.2,18.7,2,2,1,4
2.27,398,2.2,87.1,19.3,1,1,1,1
7.37,490,8.13,54.7,6.3,1,2,0,1
0.97,494,2.9,79.4,10.1,1,2,1,0
4.57,649,5.46,62.3,14.0,0,2,1,0
13.1,379,2.47,41.5,9.0,0,1,1,0
17.17,184,1.17,84.5,4.4,1,1,1,1
6.29,607,8.79,111.6,16.7,2,0,0,4
6.65,483,7.25,81.4,21.7,1,1,1,2
11.3,266,3.87,77.2,5.7,2,3,1,1
4.07,150,10.36,41.5,13.2,1,1,1,0
12.94,601,1.25,111.6,7.8,2,1,1,4
7.45,419,3.61,56.9,14.1,2,2,1,1
0.44,67,7.43,69.1,10.2,2,1,1,0
13.4,250,8.69,55.2,13.5,1,1,1,1
1.25,410,5.24,92.4,10.1,1,0,1,2
7.14,587,3.33,52.6,9.3,0,0,1,0
11.0,166,13.83,98.3,8.8,1,3,1,4
1.89,392,12.79,75.1,9.7,2,0,1,1
11.03,79,12.61,97.4,5.1,0,2,1,3
10.35,119,8.06,109.6,18.6,0,1,1,3
14.89,693,0.7,75.0,7.1,1,2,0,2
7.53,334,1.09,105.4,21.6,0,0,1,2
3.83,159,6.98,106.6,12.4,2,2,0,3
12.37,454,10.27,73.6,22.7,2,0,1,3
8.17,46,13.0,96.0,14.2,1,2,1,4
10.29,602,13.2,39.8,22.6,0,0,1,3
12.29,526,3.54,63.9,18.5,0,1,1,1
2.44,654,1.65,70.3,9.1,1,1,0,0
11.09,549,4.22,88.2,10.1,2,0,0,3
4.99,714,1.67,51.5,13.1,0,2,1,0
5.79,231,6.67,64.3,4.2,1,0,0,0
2.82,522,11.12,79.9,18.6,0,2,1,3
17.58,683,7.25,85.0,21.1,0,1,0,4
7.47,673,13.14,106.7,11.7,1,0,1,4
7.44,267,10.34,111.8,12.9,1,3,0,4
0.83,224,11.17,60.6,9.6,1,0,0,0
7.89,96,6.5,51.6,12.9,2,2,1,0
14.06,161,1.59,89.6,16.5,0,2,1,2
11.56,446,7.18,70.8,17.3,2,3,1,2
17.93,214,1.47,98.1,5.2,2,1,1,3
3.2,155,5.68,75.1,4.0,0,2,1,2
12.56,38,7.68,58.1,14.0,0,1,0,0
2.64,585,8.37,78.1,11.0,0,3,0,2
4.08,503,10.73,87.9,5.8,0,2,0,3
3.33,595,11.0,108.1,18.2,0,0,1,4
9.03,76,1.78,43.9,11.2,0,0,0,0
11.63,150,5.9,94.6,19.9,0,0,0,2
7.16,339,7.25,50.3,17.7,1,3,1,1
5.08,353,12.87,96.5,5.8,0,0,1,3
1.07,504,2.29,67.0,7.6,1,1,1,0
0.52,291,6.93,85.9,7.9,0,3,1,0
4.42,456,13.99,104.7,14.2,0,3,1,4
5.51,434,13.76,97.6,16.8,1,1,1,4
16.32,607,9.88,71.4,14.1,2,2,0,3
3.15,417,12.6,70.3,12.1,2,2,1,2
10.4,712,5.85,55.9,8.2,1,1,1,1
13.51,43,7.25,79.9,20.0,2,1,1,1
12.36,237,3.18,67.8,9.9,1,1,1,0
10.11,578,10.09,68.2,21.6,1,1,0,2
2.64,443,1.36,46.2,11.4,0,3,0,0
4.55,182,8.95,38.7,16.5,0,2,1,0
9.79,404,9.71,109.6,17.1,0,3,1,4
16.99,245,0.85,86.6,8.3,2,2,1,2
13.33,687,5.14,52.4,5.7,1,0,0,1
2.28,115,4.82,39.8,10.8,0,1,0,0
9.89,430,9.97,74.8,13.5,1,2,1,2
7.79,540,7.93,64.1,17.7,0,2,0,2
0.34,630,1.78,72.3,21.6,1,2,1,0
11.87,670,5.4,64.4,11.8,0,1,0,1
10.32,532,9.96,62.3,18.4,0,3,0,3
16.62,428,5.75,109.2,10.3,0,1,1,4
5.7,240,0.75,109.8,22.1,0,3,0,3
17.84,509,2.23,109.6,10.1,0,3,0,4
10.91,54,13.91,86.5,8.4,2,1,1,3
11.41,329,4.36,91.6,21.5,1,2,0,3
0.9,419,7.89,84.6,10.2,0,3,1,1
2.36,329,9.81,90.3,15.1,0,0,1,3
7.87,90,7.58,84.9,16.0,2,2,0,1
16.67,208,1.39,61.2,17.4,0,2,0,1
15.64,277,0.9,54.9,12.6,1,1,1,0
2.42,29,7.56,81.2,16.8,1,3,0,1
2.82,219,13.94,58.0,15.3,2,1,1,2
15.36,39,12.58,57.2,7.8,2,2,1,1
16.95,219,10.27,79.6,13.3,1,0,0,2
11.74,560,8.67,84.0,6.6,2,2,1,3
14.5,370,6.15,68.0,22.8,1,0,1,1
16.59,287,3.36,78.8,21.9,0,0,0,2
6.88,116,9.73,73.0,7.9,1,0,1,1
15.75,111,12.27,66.4,17.9,0,0,0,2
12.38,52,10.26,96.5,6.4,0,1,0,3
9.2,530,6.47,75.1,7.9,1,2,1,3
9.35,250,2.05,109.0,4.3,0,2,0,3
14.73,318,13.18,75.1,7.1,0,1,0,2
13.46,667,6.48,100.1,17.4,1,2,0,4
9.28,101,4.5,41.8,4.2,1,1,1,0
17.02,300,6.76,105.3,10.5,0,1,1,3
12.44,36,1.99,73.5,10.7,2,1,1,0
12.94,662,11.29,51.8,4.9,0,2,0,2
5.39,22,13.14,90.5,10.9,0,3,0,3
17.07,598,8.53,70.2,17.2,0,1,0,3
14.67,285,0.76,46.2,13.5,0,2,0,1
10.22,573,8.2,47.9,19.1,0,2,1,3
16.52,51,5.05,48.8,7.0,0,0,1,0
16.54,296,0.84,81.8,15.3,1,0,0,1
8.64,512,13.55,60.2,14.1,0,1,1,1
8.35,427,7.11,92.5,6.4,0,2,0,2
1.52,469,7.25,58.1,9.4,2,1,1,1
4.87,52,6.56,60.2,10.9,2,1,1,0
14.11,471,9.78,80.8,18.5,2,1,1,3
8.74,494,2.34,78.0,15.7,1,2,1,2
0.98,620,8.59,74.8,22.2,2,0,1,2
6.22,253,8.08,93.8,10.6,1,2,1,3
1.08,468,6.0,60.7,4.6,1,1,0,0
11.91,261,1.44,79.3,8.3,0,1,1,1
5.92,601,7.94,93.4,22.1,2,1,1,3
13.08,332,5.76,94.6,9.6,2,3,0,3
4.52,276,6.49,45.4,16.0,0,2,1,1
10.86,619,3.96,56.5,22.7,0,2,0,2
9.67,61,1.55,63.4,6.7,2,1,1,0
2.83,580,9.43,83.7,9.4,0,0,0,2
9.18,151,6.5,42.5,21.2,2,2,0,1
4.45,373,5.49,58.9,7.5,0,0,1,0
14.06,666,8.88,66.1,20.5,2,3,1,3
17.49,550,0.52,83.1,20.5,2,0,1,3
6.73,223,10.66,58.1,21.0,2,3,0,2
12.95,575,10.41,53.3,7.5,1,1,1,2
9.27,110,1.76,65.3,13.9,2,1,0,0
8.3,95,3.4,90.2,13.3,0,2,1,1
5.55,488,8.07,107.1,7.1,1,0,0,4
15.99,136,4.72,75.2,22.5,1,0,1,1
11.02,38,3.9,54.0,18.4,2,1,1,0
6.63,567,8.07,44.0,13.5,1,0,1,1
1.72,533,7.34,107.2,13.1,2,3,1,3
10.63,574,3.86,68.6,12.0,1,3,1,1
16.72,485,11.48,100.6,17.3,0,3,1,4
16.76,512,10.83,77.9,4.7,2,3,0,3
10.44,585,10.4,40.3,17.0,0,2,1,2
10.68,73,12.59,103.2,14.9,2,1,1,4
8.04,409,2.69,96.4,17.7,0,2,1,2
7.91,700,8.27,48.8,4.4,0,0,0,0
3.02,342,2.39,78.3,8.2,1,0,1,0
9.03,59,7.93,78.0,7.2,1,0,0,1
1.4,156,11.11,90.1,20.6,0,1,1,3
3.72,537,12.0,48.4,9.8,2,1,0,1
14.3,642,1.29,94.5,6.6,1,2,0,3
12.31,220,5.9,79.7,9.3,1,0,1,1
17.01,309,10.9,106.1,20.2,1,2,1,4
5.45,651,2.82,75.1,21.0,2,2,1,2
1.19,425,7.25,78.9,17.5,2,3,0,1
17.23,338,8.06,97.0,9.5,2,2,0,4
1.1,148,13.86,97.8,12.2,1,1,1,3
17.57,427,3.96,79.6,13.2,1,1,1,2
3.03,326,2.26,42.8,13.3,0,1,1,0
2.57,403,10.86,69.5,13.1,0,2,1,1
17.93,657,13.94,65.3,20.3,2,1,1,3
8.19,80,9.85,78.4,20.0,2,1,0,2
2.0,277,7.24,73.0,20.2,0,1,0,1
12.71,207,12.67,60.0,9.9,0,1,0,1
9.58,153,0.51,67.8,14.1,0,3,0,0
15.63,572,0.5,109.6,8.2,2,1,1,3
11.32,374,5.51,97.2,17.1,0,2,0,3
0.92,159,11.65,56.1,6.0,1,3,1,0
12.3,620,0.95,106.4,14.5,0,1,0,3
16.46,527,9.57,94.6,21.4,0,0,0,4
2.19,233,11.82,39.1,10.8,1,1,1,0
9.16,444,10.97,80.1,5.8,0,0,0,1
15.56,29,11.1,99.5,20.5,1,2,0,4
3.33,66,5.36,67.5,16.7,1,3,0,0
3.78,95,7.25,48.7,12.9,0,3,1,1
4.54,262,9.84,75.1,22.7,0,2,1,2
1.99,446,3.76,56.7,18.5,1,3,1,0
9.41,242,6.49,106.1,8.2,2,1,1,2
10.5,319,12.39,49.8,15.8,2,1,1,2
11.57,327,8.94,43.4,19.4,0,2,0,2
16.94,513,10.67,93.0,18.4,2,2,0,4
6.6,568,13.41,68.1,15.3,1,1,1,2
15.85,364,7.7,38.3,10.6,0,1,1,1
7.03,642,6.1,54.3,16.8,0,2,0,1
4.21,23,8.39,65.6,14.1,0,1,0,0
8.35,569,6.29,88.4,12.6,2,0,1,2
1.3,388,5.37,81.2,6.6,0,1,1,0
9.55,293,9.29,75.9,23.0,2,3,1,2
7.23,396,5.66,54.1,22.2,0,1,1,1
9.27,484,13.01,93.5,22.6,0,2,1,4
7.63,569,7.75,79.3,19.1,2,2,0,3
4.69,610,12.91,96.8,18.9,1,2,1,4
11.62,78,7.25,63.2,8.2,2,3,1,1
2.46,388,3.51,42.3,15.1,1,3,0,0
14.16,288,1.35,66.5,20.5,2,0,0,2
16.92,433,4.18,101.9,23.0,1,1,0,3
3.66,84,1.08,104.0,19.0,0,3,0,2
13.09,342,13.28,75.1,4.7,0,1,0,4
10.14,284,13.92,61.2,19.5,0,0,1,2
9.59,677,0.88,52.0,8.3,2,1,1,0
9.03,179,5.57,101.4,20.5,1,0,0,3
2.56,677,12.03,107.2,21.5,0,1,0,4
3.23,510,5.06,47.4,15.2,0,1,1,0
12.37,645,10.0,52.5,16.1,1,1,1,2
4.4,515,8.87,48.7,13.2,0,1,1,0
3.89,371,0.96,109.2,8.0,1,0,0,2
9.21,257,13.69,58.6,16.8,1,3,0,2
2.1,289,11.37,50.8,9.5,1,2,1,1
4.12,399,13.4,73.6,15.6,0,1,1,2
1.2,585,3.29,59.0,10.8,2,2,1,0
15.43,441,5.84,66.8,20.1,0,2,1,2
9.66,607,7.25,54.5,6.4,0,1,1,0
13.75,641,11.82,85.1,6.7,0,1,1,3
3.49,547,1.79,72.2,16.8,0,1,0,1
3.76,457,1.16,93.6,18.7,1,2,1,2
16.78,279,3.45,43.5,5.3,0,0,1,0
1.99,282,7.67,81.1,8.0,0,1,0,0
1.0,330,12.54,59.3,17.4,0,1,1,0
17.41,379,12.18,66.3,5.5,1,3,1,1
14.17,524,6.13,59.1,22.2,0,1,1,2
13.92,536,3.92,60.3,20.4,0,1,1,2
11.8,351,2.06,102.1,10.1,1,2,1,3
7.45,367,2.95,80.5,13.2,0,1,1,0
14.07,637,4.37,72.9,15.7,0,2,1,3
15.3,262,5.1,64.5,20.4,1,3,0,2
3.2,472,4.83,80.2,13.5,1,1,1,0
2.47,5,4.72,52.6,19.7,2,0,0,0
0.98,75,2.35,66.7,13.4,1,3,0,0
2.97,187,2.3,103.4,18.1,1,0,0,3
5.75,261,12.36,43.9,13.8,0,2,0,2
2.85,245,11.93,92.9,14.8,0,3,0,4
2.62,617,3.37,59.6,18.2,2,0,1,0
0.74,110,7.63,74.0,7.4,1,1,0,0
6.75,424,10.89,41.5,5.4,1,1,0,1
10.93,158,1.86,60.0,21.7,2,2,1,1
14.1,502,7.76,84.9,8.7,2,2,1,3
5.82,470,5.07,68.8,19.1,2,2,1,1
9.24,459,12.99,59.4,21.1,0,0,0,2
8.36,286,9.53,78.1,4.2,1,2,0,1
6.42,159,3.74,69.1,20.0,1,1,1,0
6.97,298,8.96,57.5,11.6,2,1,1,0
4.48,621,7.97,75.7,17.0,2,1,1,1
15.97,678,4.99,106.5,13.5,1,2,0,4
17.82,681,10.88,60.3,21.4,0,1,1,3
8.42,556,3.3,101.7,15.4,0,2,1,3
15.78,695,3.87,51.6,15.2,2,1,1,2
6.62,165,1.9,67.5,5.0,2,2,1,0
3.59,325,8.67,66.5,16.8,0,2,1,1
12.21,304,0.77,75.1,15.3,2,3,0,1
9.62,49,12.92,80.5,6.5,0,0,1,0
16.78,273,8.72,82.6,13.5,0,3,1,2
3.19,44,13.09,75.9,18.2,2,2,1,2
16.82,138,10.19,82.0,8.8,2,1,0,3
1.21,650,10.14,110.3,15.6,1,2,1,4
15.85,211,12.2,80.7,13.7,0,1,1,2
5.56,35,4.64,105.3,5.9,0,2,1,2
13.98,390,13.14,58.2,6.9,0,3,0,3
17.93,439,7.32,99.1,8.4,0,2,0,3
1.6,289,12.01,69.8,16.2,2,2,1,2
13.36,198,4.22,69.0,8.9,0,2,0,1
5.85,491,2.58,53.8,18.7,0,3,1,0
14.97,296,1.66,57.1,8.4,1,2,1,0
13.25,454,0.93,59.6,7.3,2,1,1,1
5.06,429,10.05,98.2,18.7,2,3,1,4
15.18,131,2.85,82.4,14.5,0,1,1,1
5.37,129,1.94,99.1,14.6,0,2,0,2
7.92,25,7.85,49.9,9.9,2,0,0,0
11.47,468,13.75,52.1,22.1,0,1,1,3
14.31,497,5.64,45.2,18.8,0,0,1,2
11.55,201,0.88,92.3,5.6,0,1,1,1
0.53,460,6.42,70.1,14.6,2,1,1,0
18.0,104,0.75,99.8,7.7,0,3,1,2
12.12,602,7.25,62.0,17.3,1,1,1,2
14.32,400,2.95,43.8,18.0,2,2,1,1
8.27,8,0.64,57.7,8.1,1,2,0,0
7.78,580,1.41,61.5,5.6,1,0,0,0
17.73,710,1.39,100.4,11.8,0,1,0,3
2.37,207,10.37,65.9,14.4,1,0,0,0
8.58,435,11.07,48.9,18.0,1,1,0,1
9.57,668,13.34,67.1,17.4,0,0,1,2
6.2,484,9.98,45.3,6.6,0,2,0,1
11.43,131,4.07,109.3,20.1,0,3,1,3
6.59,178,8.65,99.6,16.0,0,2,0,3
11.86,375,11.38,46.9,22.7,0,1,1,2
1.29,500,11.97,87.0,8.8,0,1,1,2
15.1,12,11.15,48.0,21.6,1,1,1,2
2.12,324,1.18,64.4,16.6,1,2,1,0
15.02,714,6.4,55.4,12.6,2,1,1,2
12.52,138,2.39,73.5,18.6,0,1,1,1
10.07,202,4.79,87.7,12.0,2,2,1,1
2.24,663,11.81,54.3,18.9,1,0,0,2
15.92,321,6.86,67.4,13.5,0,1,1,0
7.33,673,5.47,110.1,9.2,0,1,0,3
7.83,197,4.7,74.6,7.7,0,1,1,0
17.64,6,3.14,60.8,22.2,0,2,0,2
3.51,395,4.21,45.6,12.2,0,1,1,0
10.86,281,11.89,54.3,21.9,1,2,0,2
7.98,584,3.7,71.6,5.8,1,2,1,0
17.06,286,5.21,69.1,21.0,0,0,1,1
3.97,52,12.13,53.0,10.2,0,1,1,1
3.02,696,2.93,45.1,4.7,1,0,1,0
9.03,279,6.31,85.7,10.1,1,1,1,1
17.64,684,6.69,79.1,8.1,1,0,0,2
15.04,413,12.03,95.9,5.4,1,0,1,3
13.21,85,0.82,48.8,7.3,2,1,1,0
8.35,146,10.26,111.1,20.0,1,1,0,4
10.54,687,12.53,76.7,8.2,1,2,1,3
0.96,638,9.85,47.0,10.8,0,2,1,0
7.93,46,13.77,55.9,8.1,2,1,1,1
13.62,50,13.88,87.8,11.7,1,1,1,3
1.82,81,0.64,75.1,9.0,1,2,0,0
8.16,300,4.27,66.4,16.6,0,2,1,0
2.96,5,7.6,109.8,4.8,2,3,1,2
16.98,340,12.71,75.1,7.8,0,3,0,2
11.55,483,13.47,85.1,16.2,1,0,0,4
9.75,242,8.92,41.3,7.7,0,1,0,0
15.55,134,12.77,49.3,6.9,2,0,1,2
15.38,660,2.23,50.9,13.5,2,1,1,2
11.64,381,13.55,48.4,14.8,1,1,1,2
15.75,185,1.56,88.1,20.1,0,1,0,2
9.22,59,10.0,59.3,17.0,0,0,1,0
1.21,14,7.87,79.8,11.4,2,2,1,1
15.96,295,10.99,75.1,15.9,1,1,0,2
8.64,560,6.09,86.4,14.8,2,1,0,2
13.24,419,12.66,38.2,4.1,0,1,0,2
2.2,680,13.92,41.2,6.7,0,3,1,2
6.79,635,3.76,94.0,6.0,1,1,1,2
6.42,657,8.92,54.4,19.9,1,3,1,1
15.04,426,7.03,75.1,22.3,1,1,1,3
10.71,224,1.05,86.9,4.7,0,2,1,0
12.69,210,5.39,47.2,17.4,0,1,0,1
7.48,552,8.22,41.0,20.2,1,3,0,2
6.46,13,7.75,68.0,10.3,0,0,1,0
15.41,649,11.31,89.0,4.8,1,1,1,4
6.66,705,8.24,94.4,9.3,1,1,0,2
11.67,40,2.87,76.9,10.6,2,2,0,1
10.5,302,5.94,44.3,20.7,1,2,1,1
0.82,228,4.25,75.6,5.1,0,1,1,0
14.27,595,1.98,103.2,5.1,1,2,0,3
12.81,244,10.97,41.1,17.9,1,3,0,2
1.08,525,5.04,75.1,11.2,1,1,0,0
10.29,534,13.35,56.6,5.4,0,0,0,2
13.27,98,6.72,46.2,14.0,1,1,1,0
8.64,501,3.89,72.4,9.9,0,2,0,1
5.42,383,5.66,48.7,22.8,0,1,1,1
3.31,412,8.83,109.3,7.4,2,0,1,3
0.69,110,6.88,73.6,13.4,1,2,0,0
6.61,55,1.83,85.1,19.3,0,3,1,1
16.74,39,12.9,88.1,10.6,0,0,0,3
15.19,13,10.98,45.1,12.0,2,3,1,1
9.87,337,1.38,82.7,6.6,1,3,1,2
13.96,591,0.72,67.2,11.2,2,2,1,2
16.52,621,1.83,82.5,21.6,2,3,1,3
5.96,609,2.81,71.0,15.5,0,2,0,0
3.69,619,8.28,102.7,8.3,0,1,0,4
6.87,317,11.13,66.4,10.3,0,2,1,2
7.14,534,12.79,92.7,7.3,0,0,1,3
16.01,681,9.17,40.4,21.4,1,2,0,3
4.15,334,10.73,101.5,18.0,2,0,0,4
9.32,301,1.98,50.4,13.5,0,1,1,0
8.88,138,6.02,108.4,8.4,1,2,0,3
10.79,491,2.21,92.1,15.7,1,2,1,3
8.18,373,2.2,44.5,14.3,0,1,0,0
7.38,654,2.16,89.1,4.4,1,2,0,2
4.68,302,11.25,93.1,10.1,2,3,1,3
2.03,79,11.82,58.8,10.2,1,1,1,0
11.87,90,9.13,82.0,16.5,1,2,0,3
10.92,72,7.25,104.9,14.0,2,2,1,4
6.95,471,3.3,64.4,14.2,1,1,1,0
16.76,266,6.83,51.6,18.4,0,1,1,1
10.11,361,4.64,102.1,13.5,0,0,1,2
16.71,138,3.72,92.9,12.3,2,0,1,2
11.89,25,1.92,83.3,7.9,1,0,1,0
1.97,388,6.99,85.1,21.8,0,1,1,1
13.86,531,4.95,38.1,20.5,1,3,1,2
4.27,232,9.62,63.0,13.1,0,1,0,0
2.69,667,5.74,65.8,12.3,1,2,1,1
5.77,581,8.18,49.6,12.8,0,1,0,1
6.6,439,11.92,75.1,12.0,1,3,0,1
1.37,710,6.62,76.3,8.9,0,1,1,0
4.54,127,5.61,38.9,9.1,0,1,0,0
1.57,390,12.47,75.0,7.6,0,2,0,1
8.5,588,10.91,63.1,11.1,0,2,0,2
5.33,92,3.13,57.1,17.4,1,1,1,0
0.36,231,13.16,42.3,13.0,0,3,1,1
4.94,138,11.71,86.9,19.6,0,0,1,3
15.52,190,7.25,40.4,9.9,2,2,1,1
17.94,376,5.16,75.1,20.0,0,2,0,2
8.33,585,3.87,67.5,12.8,2,1,0,1
8.66,88,9.92,40.8,7.9,1,1,1,0
2.6,432,10.06,62.3,14.9,2,2,1,2
1.58,390,11.96,85.9,19.0,0,1,1,3
8.58,60,6.81,82.8,8.6,0,0,0,0
10.74,476,3.77,62.2,8.6,2,1,0,1
8.05,80,7.81,105.7,7.0,0,2,1,3
13.28,115,4.56,45.4,6.6,2,3,0,0
14.81,614,3.42,44.7,20.6,0,0,1,2
14.11,160,2.24,74.3,14.4,0,1,1,0
3.09,425,2.79,104.4,16.3,1,1,1,2
2.35,683,6.27,95.2,17.0,1,3,1,3
3.71,130,12.24,64.9,16.5,2,0,1,2
1.73,398,7.25,81.3,9.5,1,0,0,0
5.48,473,2.17,75.1,8.5,1,2,1,0
12.8,534,6.23,58.7,13.3,1,2,1,2
8.06,80,3.79,49.1,16.9,1,3,1,1
11.59,347,6.17,102.7,22.7,1,1,1,3
16.12,39,12.44,104.5,14.8,0,2,1,4
15.06,240,9.59,79.9,12.4,2,2,1,2
8.04,23,3.9,72.9,7.7,1,3,0,0
14.15,151,6.64,85.5,22.7,1,2,1,3
14.95,445,13.13,49.0,15.7,1,2,1,3
12.7,96,10.71,108.6,22.0,1,1,1,4
4.06,387,8.42,70.7,10.1,0,3,1,0
2.17,62,7.28,108.5,9.9,1,0,0,2
2.03,319,6.91,61.9,7.4,0,2,1,0
11.17,313,4.4,75.1,16.2,2,1,1,0
16.69,646,1.87,110.6,18.9,2,2,1,4
16.66,59,12.06,95.2,10.1,0,1,1,3
16.0,536,11.01,97.0,4.1,2,1,1,4
11.47,510,13.36,46.5,5.3,1,1,1,2
11.08,147,1.08,104.9,8.7,1,1,0,2
14.46,26,7.25,94.6,7.0,0,2,0,2
1.89,685,13.8,39.9,18.0,1,1,1,2
8.96,25,5.03,111.8,7.3,0,0,1,3
3.05,31,2.72,99.2,19.4,1,2,1,2
9.26,272,0.88,59.0,22.7,1,2,1,2
17.54,43,9.33,75.1,11.1,1,1,1,3
5.47,415,6.45,55.0,19.2,1,2,0,1
11.12,198,8.98,51.9,20.0,1,0,0,1
5.57,343,12.97,101.6,15.1,2,3,1,4
17.72,460,1.63,67.6,4.2,1,1,0,1
13.27,309,7.89,40.1,6.9,0,0,1,0
11.71,585,6.4,84.1,4.5,1,0,0,2
17.38,438,7.63,110.6,20.6,0,2,1,4
15.04,116,3.36,58.2,21.0,2,2,1,1
17.52,404,8.06,98.5,8.5,0,0,1,3
14.51,46,0.57,65.9,4.3,2,1,1,0
1.72,281,7.55,47.4,17.6,0,1,1,0
9.64,268,0.7,87.6,4.2,0,1,1,1
14.39,137,7.96,59.2,14.8,0,1,1,0
0.42,298,2.83,100.5,9.1,1,1,1,1
8.99,179,10.48,60.1,15.2,2,1,1,1
13.76,163,10.92,81.7,16.5,0,3,1,2
7.22,631,9.23,42.0,16.8,0,2,1,2
9.25,129,9.79,85.4,5.3,0,1,1,2
11.15,711,1.69,85.4,5.4,2,1,0,2
7.95,384,10.39,85.3,11.3,1,3,0,3
3.51,338,8.14,53.8,13.2,2,1,1,0
16.38,670,10.18,100.9,12.6,1,3,1,4
2.99,660,7.52,82.9,12.2,1,2,1,2
2.19,141,3.84,103.2,14.9,0,0,1,1
7.94,618,9.22,43.2,5.0,0,2,1,1
1.85,80,5.05,69.2,11.5,1,1,0,0
8.68,562,10.75,111.1,9.8,2,0,1,4
10.86,125,5.44,112.0,13.6,0,2,1,3
14.05,459,7.94,79.1,10.9,1,3,1,2
6.67,263,1.27,100.2,13.8,0,0,0,3
1.75,586,7.25,77.3,9.5,2,2,1,1
0.31,273,4.95,51.0,16.5,2,2,1,0
1.78,574,1.49,95.4,10.8,1,0,1,1
5.83,122,13.44,70.3,8.3,2,3,0,1
15.58,574,9.98,86.6,19.2,0,2,1,4
13.5,626,11.01,54.1,12.4,2,1,0,3
4.2,245,7.81,91.7,8.0,1,1,1,1
2.97,713,10.7,48.1,5.5,1,0,1,0
9.33,393,10.98,75.8,10.4,0,1,1,1
6.19,616,10.73,92.9,18.7,0,1,0,4
17.6,294,2.19,81.5,21.5,1,0,0,2
16.54,69,10.36,107.9,22.7,0,2,1,4
10.81,220,3.48,58.1,12.9,2,1,1,0
1.79,532,10.38,79.4,20.8,2,0,0,3
14.19,143,4.78,67.7,13.5,1,2,0,1
5.21,219,5.01,66.1,13.5,1,1,1,0
3.63,317,8.14,83.3,18.2,2,2,1,2
9.06,34,4.18,75.5,14.7,0,1,1,0
2.89,177,6.7,49.3,17.2,1,3,1,0
16.39,350,2.08,69.6,9.8,0,2,1,1
3.57,308,11.22,70.4,7.7,1,1,1,0
9.16,202,7.31,57.2,5.4,1,2,1,0
9.6,167,11.15,58.7,11.4,2,1,1,0
9.98,480,7.01,67.1,11.3,2,1,1,1
12.69,602,13.09,63.4,14.4,2,2,0,3
16.3,322,2.56,70.4,4.0,1,2,0,0
11.33,703,8.63,43.4,16.0,1,3,1,2
0.63,377,9.27,99.4,12.1,0,0,0,3
7.85,56,12.52,107.7,11.1,1,1,1,3
3.47,345,9.59,99.7,14.0,2,2,1,3
5.28,477,3.03,106.0,18.9,1,3,1,3
4.63,559,5.3,97.1,10.6,1,1,1,1
13.69,406,9.24,62.2,15.9,0,0,1,1
11.54,187,3.58,102.7,16.9,0,2,0,3
12.94,29,3.3,96.1,12.7,2,0,1,2
3.04,538,2.73,75.1,15.6,1,1,1,0
6.73,614,7.47,110.4,4.3,1,1,1,3
0.78,714,9.03,110.6,21.1,0,3,1,4
16.15,715,1.47,109.4,11.8,1,3,1,4
13.58,364,10.01,52.5,21.5,1,3,1,2
16.82,486,8.84,41.5,9.4,1,2,1,2
11.46,372,13.01,102.3,18.0,0,0,0,4
5.93,82,1.9,40.4,16.7,1,0,1,0
17.7,38,12.3,97.6,16.2,2,1,0,4
0.37,662,12.65,98.4,20.5,0,1,1,4
11.47,172,3.27,81.9,10.5,1,2,0,0
9.4,715,7.7,104.3,9.5,0,1,1,3
6.03,523,11.03,44.0,15.3,0,3,1,2
14.52,683,4.33,76.6,13.5,2,2,0,2
16.88,680,2.48,82.3,5.3,0,0,1,2
4.49,545,10.01,83.4,13.0,0,1,1,2
17.31,682,5.63,95.2,4.1,0,3,1,3
12.63,284,2.42,66.0,13.7,2,1,1,0
12.34,355,3.69,90.3,12.6,0,3,0,2
1.44,405,12.66,42.9,20.3,0,1,1,1
15.21,230,9.55,66.1,4.5,1,1,0,0
5.91,525,6.51,52.8,15.4,1,0,0,0
4.28,364,7.59,75.0,18.8,0,1,0,1
3.94,297,5.75,107.8,4.2,0,0,0,2
6.24,5,1.12,56.4,16.0,2,1,1,0
0.68,254,12.38,42.6,20.2,2,1,0,2
2.06,118,4.66,54.3,7.0,1,2,0,0
7.08,381,3.7,107.0,4.9,0,2,0,3
5.74,352,13.36,105.3,20.3,1,0,1,4
10.48,537,1.54,80.4,20.2,2,1,1,2
14.82,616,8.34,40.4,10.5,1,3,1,2
1.52,75,13.68,69.7,11.0,2,3,0,2
8.93,218,6.63,69.1,20.1,1,1,1,0
1.1,694,7.61,46.4,4.6,2,0,0,0
9.44,301,11.17,62.9,18.9,1,2,1,2
1.77,464,6.79,63.8,21.8,1,2,1,1
17.48,106,12.33,90.5,17.6,2,1,1,4
15.43,626,10.88,79.2,6.0,1,3,1,3
9.88,281,11.8,95.1,16.5,2,1,1,4
5.78,340,2.44,82.3,5.0,1,1,0,0
0.79,667,7.74,76.7,12.8,0,1,0,1
14.05,118,10.49,88.0,13.5,0,3,1,3
4.66,157,3.52,75.1,11.9,1,1,1,0
1.27,155,14.0,62.3,10.0,1,1,1,0
1.89,680,6.0,67.1,8.9,1,2,1,0
8.02,76,6.24,96.6,18.0,2,1,1,2
0.5,108,0.53,49.2,6.2,1,2,1,0
12.14,68,1.91,75.8,9.4,2,3,1,0
4.19,262,13.03,83.1,22.9,1,3,0,3
5.03,76,0.98,78.0,19.2,2,2,1,1
3.37,569,5.4,111.2,21.4,0,2,1,4
9.92,136,4.13,38.0,12.4,1,1,1,0
5.81,581,2.44,88.9,17.7,2,0,1,2
11.59,136,9.19,102.1,21.2,2,2,1,4
4.62,142,4.72,97.7,7.8,1,0,0,1
6.39,719,13.53,40.1,17.4,1,0,0,2
13.56,316,5.22,70.1,6.8,1,1,0,0
10.82,238,7.59,98.7,8.4,0,1,1,2
16.66,498,6.69,40.2,11.6,2,0,0,2
13.25,18,7.15,83.5,11.4,1,2,0,1
7.14,317,1.71,78.9,11.6,1,2,1,1
2.9,493,10.35,73.7,8.1,2,2,1,2
16.09,687,12.57,58.1,20.7,1,2,1,4
14.15,540,6.31,55.6,17.2,2,2,1,3
8.72,298,12.0,62.7,11.9,0,1,1,1
11.36,608,6.2,68.2,8.3,1,1,1,1
11.77,327,11.89,68.2,5.9,2,2,0,2
2.93,329,4.03,103.9,11.0,0,1,1,1
2.57,713,2.5,54.6,4.3,2,2,1,0
14.16,629,7.16,48.0,22.3,2,2,0,2
7.31,146,9.07,75.1,16.3,1,2,1,1
17.66,265,13.53,52.6,18.2,2,0,0,2
15.78,206,2.75,49.7,11.1,2,3,1,1
12.47,129,10.23,90.0,13.5,2,1,1,3
17.47,303,0.71,81.2,10.7,1,2,0,2
11.6,546,8.77,43.9,6.8,2,1,1,2
9.72,341,7.44,46.6,13.5,2,2,0,2
9.33,548,8.67,91.7,22.9,0,0,1,3
4.78,425,4.99,96.0,17.3,0,1,0,2
17.45,462,12.28,73.5,8.8,0,2,1,3
13.28,455,3.16,95.7,10.7,2,2,1,3
11.42,188,8.56,77.4,8.1,1,1,1,1
10.89,40,0.97,68.2,18.7,0,0,0,1
7.12,84,6.61,68.9,15.1,2,1,1,0
6.35,82,11.69,92.0,13.5,0,1,1,3
14.91,127,13.79,75.1,23.0,1,2,0,4
11.19,468,13.73,64.0,8.0,1,3,1,2
3.75,471,4.36,86.9,11.0,1,1,0,1
4.07,578,5.86,86.4,6.2,0,2,0,1
16.13,405,9.61,93.6,21.1,0,1,0,4
7.99,205,12.54,62.2,10.1,1,1,0,1
2.34,322,8.72,83.3,13.5,0,1,1,1
10.49,530,3.69,82.1,21.0,0,0,1,2
16.33,139,8.87,73.1,4.7,0,0,0,1
14.02,406,3.49,90.4,9.8,0,2,0,2
13.73,299,3.75,85.6,18.7,0,1,0,2
5.66,84,1.54,49.6,20.6,0,1,0,0
10.24,20,0.68,42.7,12.2,1,2,1,0
8.86,583,12.59,40.9,12.7,0,0,0,2
0.89,37,11.76,102.3,17.4,0,1,1,3
0.62,287,9.49,63.7,8.9,1,2,0,1
3.97,396,5.01,74.5,7.7,0,2,1,0
2.86,591,10.41,41.8,15.0,0,1,1,1
10.74,433,7.67,47.5,19.6,0,3,1,2
3.85,545,5.91,74.3,10.8,0,0,1,0
16.69,392,12.9,75.1,12.2,1,3,1,4
10.98,428,4.85,39.0,15.0,0,1,0,1
6.77,496,5.51,75.1,18.4,2,3,0,1
5.41,249,3.82,57.7,4.5,1,0,1,0
13.2,326,2.82,68.7,12.5,0,1,1,0
16.5,197,9.15,97.7,6.1,0,1,1,3
11.94,412,5.88,104.0,22.4,1,1,1,3
5.94,681,1.89,102.2,17.4,2,0,0,3
0.59,153,2.27,63.1,5.8,0,1,0,0
4.39,246,3.14,98.2,5.4,0,1,0,1
0.46,168,9.31,83.6,11.8,1,1,0,1
9.04,21,13.18,72.3,20.4,1,0,1,2
8.12,397,12.51,105.0,10.5,0,3,1,4
4.91,396,13.03,75.5,5.3,1,1,0,2
16.97,198,5.57,95.8,13.5,0,1,0,3
1.52,52,12.01,93.0,8.8,2,0,0,2
4.29,324,2.17,92.9,13.4,0,1,1,1
7.52,68,4.31,110.4,10.3,0,2,1,3
2.27,524,10.85,64.1,15.0,1,1,0,1
1.82,121,13.1,83.1,15.6,2,2,1,3
15.42,279,1.54,102.7,8.7,0,2,0,3
0.38,55,9.4,75.1,5.8,2,2,1,3
14.06,156,12.04,56.6,21.4,2,1,0,2
9.07,323,3.78,98.6,17.2,0,1,1,2
7.26,510,11.36,104.2,4.9,1,1,1,3
6.82,465,3.51,56.1,12.3,1,3,0,0
8.11,312,7.42,43.8,13.5,1,0,0,0
16.76,271,7.05,64.2,15.1,0,2,1,2
7.22,358,9.61,103.4,21.8,0,0,0,4
17.78,308,13.28,68.4,5.8,1,1,1,2
11.0,634,12.4,43.1,21.9,1,2,0,3
1.35,423,13.83,65.6,11.0,2,2,1,2
0.33,437,9.4,82.7,20.6,2,1,0,2
13.31,144,8.18,49.4,11.5,2,0,0,1
12.21,700,1.21,80.7,8.5,0,0,0,2
16.08,694,2.76,63.2,9.1,0,1,0,2
6.92,454,9.87,100.2,4.7,1,1,0,3
9.49,496,13.13,110.4,6.5,1,2,1,4
3.42,296,4.09,93.5,5.1,1,1,0,1
9.82,509,10.81,100.3,22.0,1,0,0,4
11.05,385,4.17,93.1,19.8,0,2,1,3
3.8,356,2.25,105.0,20.9,2,0,1,3
10.99,408,2.42,82.2,4.1,2,2,0,1
7.29,706,11.31,92.4,7.5,1,2,0,3
13.46,324,10.62,87.4,13.5,1,1,0,3
17.31,214,4.03,60.3,14.0,0,2,1,1
9.16,512,2.46,84.2,10.7,2,1,0,2
5.56,305,2.81,59.4,12.6,1,1,1,0
8.63,177,13.37,54.8,20.4,2,2,1,2
17.38,303,9.06,82.8,16.7,0,3,1,3
9.59,319,10.2,60.1,7.2,0,2,0,1
0.39,604,4.16,105.4,13.5,2,1,1,2
17.91,31,6.72,44.3,6.3,2,1,1,1
0.4,488,7.11,96.7,6.2,0,0,1,1
17.61,81,7.62,47.5,13.5,0,3,0,2
17.04,616,11.22,73.6,15.3,0,1,0,3
15.87,200,2.9,100.5,13.1,0,1,0,2
14.63,640,2.19,100.1,17.7,0,1,1,3
5.93,693,4.81,50.7,12.2,0,1,0,0
9.48,71,8.67,84.9,18.2,1,1,1,3
9.55,613,13.13,111.2,18.3,2,2,1,4
5.96,69,5.92,64.8,20.4,1,1,1,0
13.51,707,9.65,51.6,7.8,0,3,1,2
10.64,703,10.52,46.6,11.3,2,0,1,3
10.49,528,8.65,85.9,17.8,1,0,0,3
17.36,367,5.0,80.6,4.5,2,1,0,2
11.99,675,1.92,97.7,18.6,0,1,1,3
14.83,291,13.14,59.0,9.1,0,2,1,2
8.26,584,1.82,80.6,13.8,0,1,1,0
13.38,436,0.53,56.5,20.9,0,0,1,1
15.15,74,6.35,84.1,19.4,0,1,1,1
9.74,639,8.13,60.3,13.6,1,3,0,1
6.95,573,5.51,84.9,18.3,1,2,0,2
2.76,525,1.96,77.0,4.3,0,3,1,0
16.5,646,4.12,57.3,6.3,0,1,1,1
8.1,433,9.77,95.1,21.3,1,2,1,4
3.45,465,8.32,50.0,11.9,1,1,0,0
1.66,529,11.93,40.2,19.0,1,2,0,2
15.11,353,12.5,51.7,22.7,1,0,0,2
14.07,513,7.62,43.0,18.7,1,3,0,3
4.6,39,3.33,65.1,6.8,0,2,1,0
8.82,667,1.81,76.5,18.0,2,1,0,2
10.69,309,13.96,39.2,22.0,1,1,0,2
17.82,477,8.22,56.8,20.2,2,1,1,2
15.96,140,13.99,94.9,15.9,0,2,1,4
13.42,251,10.84,95.4,22.7,0,1,1,4
9.36,217,12.52,41.6,19.2,1,2,1,3
2.66,500,8.3,75.1,5.6,1,2,0,0
17.59,685,0.57,93.4,15.9,0,2,0,3
6.09,58,5.52,52.2,13.7,1,0,1,0
16.86,57,4.8,64.8,11.9,0,1,0,0
14.85,52,5.08,97.5,14.8,2,2,0,3
13.21,189,11.21,64.3,21.5,2,3,0,2
17.19,499,6.46,68.1,4.5,0,3,1,2
3.5,196,1.56,95.9,8.0,2,0,1,1
11.69,716,7.35,65.8,19.1,0,1,1,2
16.5,590,4.02,46.7,22.0,2,1,0,3
17.04,72,12.55,95.6,10.6,0,2,0,4
11.51,66,9.2,83.8,15.8,0,3,1,2
0.46,709,12.71,98.0,9.8,0,3,0,3
16.41,558,10.13,58.6,11.6,1,2,0,3
12.04,65,3.39,108.1,17.0,0,0,0,3
2.7,514,3.3,69.3,6.4,0,3,1,0
9.99,271,6.75,107.9,14.8,0,1,1,3
16.62,638,1.83,64.3,11.7,1,1,0,1
3.75,164,12.72,96.8,18.2,1,2,1,3
2.95,387,3.24,80.1,20.9,0,2,1,1
17.1,23,1.01,69.3,6.8,2,2,1,0
12.93,502,7.48,41.3,17.0,0,1,0,2
13.02,81,9.11,46.2,18.4,2,0,1,1
16.11,84,10.37,105.5,20.6,0,1,1,4
14.16,642,11.54,44.5,19.7,1,0,0,3
4.97,557,4.03,93.6,11.0,0,1,1,1
17.5,42,2.25,108.3,22.3,1,1,0,3
12.72,133,4.96,70.7,21.8,2,3,1,2
11.15,129,4.16,38.5,17.3,0,0,0,0
13.55,40,1.9,65.2,12.4,0,2,0,0
7.43,540,6.12,99.9,11.7,1,1,0,3
14.44,515,12.27,58.8,18.5,1,1,0,3
1.23,492,12.1,66.5,19.8,0,1,1,1
0.33,562,7.85,47.8,5.0,1,2,0,0
10.05,646,7.09,64.6,23.0,1,0,1,3
9.71,183,9.14,53.2,11.1,1,1,1,0
1.31,505,5.98,55.7,6.8,2,1,1,0
10.49,550,9.64,70.2,12.4,0,1,0,2
14.84,387,7.5,59.6,10.1,2,2,1,1
10.04,227,9.79,70.9,11.8,2,3,1,2
13.87,8,7.25,111.0,6.0,1,2,1,3
15.62,223,3.68,75.1,12.1,2,1,1,0
8.49,538,4.58,50.5,15.2,0,2,1,1
6.14,59,13.92,105.3,6.8,1,2,1,4
8.05,208,10.9,78.2,5.1,1,1,1,0
4.39,96,0.92,96.6,7.1,1,2,0,1
5.07,616,9.07,108.2,13.5,0,2,0,4
17.35,175,8.07,82.3,13.1,0,2,0,3
7.18,45,1.64,41.7,11.1,2,1,1,0
0.76,521,3.96,81.5,12.9,1,0,1,0
8.13,258,0.73,105.3,9.2,0,3,1,2
6.47,205,11.62,65.0,11.2,0,2,1,1
6.92,379,10.33,88.3,13.5,0,1,0,3
16.11,633,10.14,42.9,22.6,2,3,0,3
7.61,310,0.77,54.1,10.1,0,3,0,0
3.72,10,4.76,104.0,11.8,0,3,0,2
9.98,611,13.93,111.5,18.8,2,0,1,4
7.87,720,2.37,105.5,20.5,2,1,1,4
1.0,450,3.66,47.2,14.7,1,2,1,0
2.62,459,2.35,100.9,15.8,0,1,0,2
15.88,611,6.68,85.3,10.7,1,1,1,2
11.26,60,7.25,59.4,18.5,2,2,1,1
13.46,289,1.25,89.1,19.6,2,1,1,2
4.45,7,5.31,46.7,14.0,2,3,1,0
13.31,696,13.98,91.7,5.7,0,1,1,4
2.35,620,8.4,106.5,12.8,0,2,1,4
15.53,105,7.54,59.7,10.5,2,1,1,1
15.67,525,12.66,94.2,11.6,2,1,1,4
7.67,544,0.86,80.0,5.1,2,1,1,1
11.37,313,13.19,64.7,16.9,1,1,1,2
1.74,385,5.48,108.8,10.5,0,2,1,3
7.91,444,6.99,45.7,12.2,2,1,0,1
15.13,379,13.6,71.5,21.4,1,3,1,3
13.7,274,13.25,55.1,22.1,2,0,1,2
4.45,65,13.1,79.5,22.1,1,1,0,2
3.05,534,9.79,61.1,15.2,2,3,1,1
13.54,414,2.41,63.6,19.8,0,2,1,1
14.27,207,5.89,108.8,6.9,0,2,0,3
7.26,197,4.67,54.7,12.0,0,2,1,0
6.67,252,5.4,62.5,14.2,2,1,1,0
10.73,618,8.56,67.6,21.4,1,1,0,2
0.96,186,10.52,67.5,9.4,2,2,0,1
8.22,566,4.48,98.5,10.5,0,2,1,3
0.98,624,2.7,95.2,22.0,2,1,0,3
15.31,66,12.11,95.1,4.2,0,0,0,3
12.87,610,8.4,46.0,13.5,0,3,1,2
17.66,274,13.07,78.2,4.2,1,3,1,2
10.32,159,7.9,39.4,19.9,1,3,1,1
5.32,209,10.35,74.5,5.2,1,2,0,1
7.63,645,7.09,92.5,9.8,1,1,1,2
8.09,640,8.63,62.7,7.6,1,1,0,1
7.18,251,6.03,107.1,6.9,1,1,1,2
10.63,300,9.7,76.1,17.0,1,1,0,1
13.11,212,11.42,47.8,21.5,2,2,1,3
0.87,131,13.51,77.3,21.4,0,0,1,2
0.64,436,12.92,46.3,9.0,0,2,1,1
17.79,65,7.28,100.4,12.7,2,1,1,3
13.55,55,5.37,104.2,11.2,0,0,0,2
9.18,568,6.5,44.4,13.6,1,0,1,0
2.73,531,9.12,69.9,19.2,2,3,0,2
11.22,231,7.5,51.5,12.7,1,1,1,0
6.78,103,3.86,53.3,21.0,0,2,1,0
9.19,49,12.42,79.9,20.3,2,2,1,3
5.74,293,8.66,85.5,10.1,2,2,1,3
17.55,667,11.5,109.9,7.3,1,0,1,4
10.88,112,2.25,45.3,17.7,2,1,1,0
9.44,576,10.38,51.0,4.8,0,3,0,1
13.61,587,2.9,99.0,10.0,1,0,1,3
10.73,69,3.37,51.8,6.4,2,1,1,0
9.58,524,3.45,43.7,21.1,0,1,1,0
6.99,268,2.72,64.1,16.8,0,1,0,0
0.49,449,4.38,70.6,10.1,0,1,1,0
2.46,165,7.25,71.8,19.1,0,2,1,1
1.2,706,7.25,75.8,13.9,1,1,1,2
3.03,321,5.77,65.2,8.0,1,1,1,0
7.53,396,7.25,81.0,11.9,1,2,0,2
15.3,662,9.91,100.9,16.2,1,3,1,4
16.38,671,11.9,75.8,19.1,1,3,1,3
2.72,664,12.4,101.3,6.9,2,2,1,4
7.41,264,13.42,75.9,12.5,2,2,1,2
17.81,697,11.58,107.6,9.5,1,1,1,4
12.36,433,8.89,43.3,15.7,0,1,1,2
9.78,605,10.79,49.1,11.9,0,1,1,1
14.89,109,8.21,73.4,8.6,2,0,1,1
9.81,318,11.26,93.9,22.8,0,2,0,4
3.95,334,3.68,83.2,14.7,0,0,1,1
8.04,290,6.06,64.7,13.5,0,1,1,0
4.27,426,7.98,78.0,7.3,2,2,1,1
11.23,491,11.74,49.2,11.0,2,2,1,2
5.63,258,6.23,92.5,7.6,2,1,0,1
17.55,464,4.33,65.9,19.9,0,3,0,2
7.98,279,3.21,68.2,9.3,0,3,1,0
12.43,15,7.25,104.8,4.4,1,0,1,2
2.0,568,7.62,89.1,20.1,0,0,1,2
13.63,669,6.59,45.5,21.8,1,0,1,2
2.91,661,7.59,91.4,21.6,2,0,0,3
8.52,249,6.49,98.6,9.1,2,2,1,2
10.49,252,2.31,47.9,16.8,2,3,0,1
9.71,708,7.09,67.1,16.7,2,1,1,2
8.4,452,9.81,96.6,16.7,1,0,1,4
11.51,497,5.73,45.3,13.4,0,3,1,2
1.54,357,9.73,44.0,8.7,1,2,1,0
5.54,154,12.78,97.0,4.2,1,2,1,3
1.75,690,8.16,85.1,16.3,2,1,0,3
17.65,183,2.39,83.2,20.9,2,1,0,2
17.19,709,1.67,95.7,9.2,2,1,1,3
5.44,147,12.92,46.5,8.2,1,1,1,1
7.7,374,6.96,82.5,14.1,2,2,0,2
13.56,100,12.16,59.5,14.7,0,0,0,2
17.61,359,7.25,56.3,22.6,0,1,0,1
2.13,218,5.16,93.7,15.1,1,1,0,1
16.24,607,8.4,62.4,15.4,2,3,1,2
16.5,624,4.52,57.0,20.0,2,3,1,3
12.08,674,3.55,68.8,5.6,1,2,1,1
2.5,500,5.94,75.1,9.3,0,1,1,2
14.25,514,11.3,60.9,6.2,1,1,0,2
2.98,482,11.35,93.5,19.9,2,3,1,3
14.08,179,8.07,95.1,9.6,0,1,0,3
1.5,32,10.38,78.9,9.6,1,0,0,1
12.95,20,2.03,72.3,4.9,0,0,0,0
6.17,289,2.98,112.0,10.3,2,2,1,3
11.27,523,0.95,75.1,14.6,1,0,1,1
10.8,394,4.2,68.0,12.3,0,1,1,0
12.01,217,13.75,108.2,13.3,2,1,0,4
9.12,374,2.26,68.5,17.9,1,3,1,1
16.03,79,11.06,82.3,17.1,0,1,1,3
13.04,706,12.72,89.8,14.9,1,0,0,4
2.97,689,2.83,52.2,6.2,1,2,1,0
11.36,619,5.6,75.1,21.3,0,3,1,3
13.12,492,5.91,55.4,10.4,1,1,1,1
2.76,390,4.21,69.5,8.0,0,1,0,0
15.57,98,2.63,102.6,11.1,1,1,1,2
4.83,266,7.68,40.9,14.0,0,3,1,0
16.93,696,8.25,48.0,13.2,1,0,1,2
5.54,226,3.8,66.0,5.5,2,1,0,0
12.66,441,9.63,111.3,18.6,2,1,0,4
10.51,581,12.09,104.3,15.9,2,1,1,4
17.6,174,3.98,102.6,11.2,1,0,0,3
10.07,20,7.91,108.2,8.7,2,0,0,3
14.84,687,12.77,81.5,4.2,2,1,0,3
7.43,512,5.74,97.9,8.3,1,2,0,2
17.18,247,2.04,75.5,16.4,0,2,1,1
15.92,429,0.76,38.6,8.6,0,3,1,1
8.77,93,12.68,77.6,4.9,2,2,1,1
7.23,360,7.47,59.2,7.4,2,1,0,0
10.42,196,8.98,42.5,5.5,1,2,1,0
14.98,130,4.59,45.3,19.5,0,2,1,1
0.62,678,0.86,111.0,22.2,1,3,1,3
7.56,240,12.13,86.4,5.1,1,2,0,3
8.1,376,1.45,73.5,20.5,0,1,1,0
11.4,606,2.01,105.2,12.5,0,1,1,3
1.74,83,9.34,69.5,11.6,0,3,0,0
7.97,47,3.93,51.7,5.4,2,2,0,0
11.99,708,1.94,98.6,14.7,0,1,1,3
14.8,375,10.37,51.5,22.0,0,3,1,2
9.02,578,9.87,85.0,18.2,0,2,0,3
1.49,203,7.16,74.1,22.8,0,3,1,1
15.77,368,13.31,82.7,8.5,1,1,0,3
6.8,128,5.26,100.6,20.5,1,2,0,3
16.54,306,13.18,106.5,20.2,0,0,0,4
17.85,542,2.6,57.2,11.3,2,1,1,2
9.62,395,6.36,65.5,13.9,0,0,1,0
13.98,145,13.84,87.8,6.3,1,1,1,3
10.87,380,5.43,75.1,21.0,1,3,0,1
3.79,240,7.58,59.1,9.1,1,3,1,0
6.71,549,8.87,84.2,5.9,0,3,1,2
3.22,331,12.09,79.2,17.8,0,2,1,2
14.44,544,4.2,67.9,7.6,1,1,1,2
4.77,467,9.19,55.9,10.1,0,3,1,0
10.41,161,2.31,93.7,12.1,2,1,1,2
10.65,537,6.6,70.4,8.8,1,1,0,1
7.18,556,12.35,61.7,13.3,1,0,0,1
10.28,180,8.35,111.9,11.4,0,2,0,4
2.52,19,3.19,88.4,13.3,0,0,1,0
5.44,460,3.51,75.1,17.6,1,3,1,2
15.87,408,11.96,59.9,13.7,2,2,0,3
6.67,619,8.57,51.3,18.5,2,3,1,2
9.28,265,1.79,58.0,10.6,1,1,1,0
4.24,496,6.45,39.1,10.2,2,1,1,0
1.43,6,2.5,84.8,15.3,1,1,1,0
14.56,486,7.25,66.2,12.4,1,0,0,2
8.92,176,0.58,68.3,15.7,0,0,1,0
7.86,288,2.48,60.8,14.3,1,2,0,1
7.02,589,5.39,54.1,8.1,0,3,1,1
9.94,393,1.39,60.1,13.5,1,3,1,1
16.34,145,4.91,102.9,4.1,2,1,1,2
1.91,255,11.27,57.4,13.6,0,0,1,0
14.17,389,3.9,85.9,6.0,0,1,1,1
14.98,605,3.07,51.8,7.2,0,1,0,1
8.5,102,3.61,92.9,10.4,2,1,0,1
1.03,584,14.0,38.7,15.2,2,2,0,2
14.06,678,11.53,51.1,11.7,0,1,1,2
9.52,346,6.06,71.2,19.8,0,1,1,0
14.2,397,2.06,85.0,7.8,2,1,0,1
15.92,374,1.67,99.2,22.6,1,1,1,3
16.17,76,13.0,95.0,20.9,2,3,0,4
17.85,355,1.07,66.0,19.0,0,2,1,1
17.99,452,4.79,61.9,19.2,0,1,1,2
0.49,389,4.46,72.9,10.6,1,0,0,0
12.42,378,5.58,65.9,16.1,0,2,0,2
17.33,159,8.09,78.2,20.8,0,3,0,2
13.13,54,6.45,85.0,19.8,0,0,1,1
11.49,612,8.68,78.7,12.6,1,1,1,2
3.93,311,2.77,41.7,13.9,0,1,0,0
6.16,210,1.92,46.1,17.2,1,1,1,0
3.47,181,5.09,99.6,9.2,2,0,1,2
11.56,347,10.64,71.5,5.0,0,2,1,1
8.83,402,4.65,51.9,21.4,2,2,1,2
12.32,528,3.17,73.0,13.8,1,2,0,2
2.01,687,11.34,54.8,12.4,0,0,0,1
14.71,346,3.97,52.6,21.4,0,3,1,1
6.45,542,5.85,83.4,22.1,0,1,1,2
14.77,142,4.9,77.4,19.7,0,1,0,1
6.69,20,12.81,95.7,19.0,1,2,0,4
10.6,82,3.47,38.6,6.0,2,2,1,0
9.71,74,2.22,82.8,11.2,0,0,1,0
5.76,398,5.57,108.8,22.0,0,3,1,3
9.61,48,5.15,66.0,11.0,2,1,0,0
11.34,455,0.51,49.5,9.0,2,3,0,2
2.94,343,11.93,74.3,8.3,0,3,0,1
8.65,690,0.71,43.5,18.6,1,1,1,1
13.71,60,5.21,76.1,4.9,0,2,1,0
1.42,372,12.72,84.5,13.5,0,1,0,3
14.35,267,9.37,65.2,11.2,0,0,1,1
14.53,646,1.35,111.3,14.1,0,3,1,4
10.42,629,12.87,38.2,6.5,1,0,1,2
16.11,558,12.61,99.0,23.0,0,0,1,4
6.48,511,9.31,47.0,20.2,0,2,0,1
5.11,41,10.39,112.0,14.5,0,1,1,4
5.62,402,1.92,84.8,14.4,1,1,1,0
11.56,327,1.83,85.9,5.2,1,2,1,1
14.57,471,12.3,40.8,15.8,0,3,1,3
6.48,712,10.54,78.8,16.1,0,3,1,2
2.21,83,7.62,107.0,5.2,1,1,1,1
7.19,392,9.65,103.3,17.6,0,1,1,3
0.32,512,10.06,82.1,4.3,0,0,1,1
10.76,294,4.31,95.7,7.5,0,3,1,2
3.07,147,8.32,50.8,7.4,0,2,1,0
13.52,273,9.54,96.5,16.0,0,1,1,3
16.26,156,4.64,109.4,13.1,1,1,0,3
13.16,20,5.09,45.3,4.3,2,2,1,0
11.07,351,13.32,80.6,20.9,2,1,0,3
9.78,613,1.42,90.2,21.2,0,1,1,2
15.02,210,11.46,42.9,13.3,1,2,1,2
3.18,313,11.47,70.8,13.8,1,0,1,1
12.54,484,6.98,79.0,6.3,0,1,1,2
5.51,369,10.36,40.4,21.6,2,1,1,2
3.19,517,1.82,104.6,7.8,0,1,1,2
7.08,180,11.21,93.7,18.8,1,3,1,3
2.75,61,13.95,80.6,12.3,1,3,1,1
4.73,498,8.13,103.6,17.6,1,0,0,3
13.56,678,13.02,45.0,12.8,1,3,1,3
8.08,24,13.59,68.3,21.6,0,1,1,1
11.74,271,2.3,63.4,21.9,1,2,1,1
7.48,132,1.93,81.8,9.6,2,2,1,1
13.61,42,0.98,107.2,21.2,1,0,1,3
8.82,282,1.61,40.3,16.7,2,3,1,0
12.53,235,7.44,47.4,21.6,1,0,1,1
15.77,697,2.2,45.7,21.9,2,1,1,2
15.01,301,2.45,94.3,13.5,1,1,1,2
9.63,655,9.34,95.3,5.2,0,0,1,3
16.05,298,13.74,67.5,13.0,1,2,1,2
15.04,633,9.04,65.5,21.5,2,1,1,3
11.71,301,10.57,90.8,5.6,0,1,1,2
7.81,359,9.47,62.9,12.1,0,0,1,1
13.02,716,10.19,49.0,7.1,0,2,0,3
16.58,177,12.22,62.7,10.1,2,0,1,2
15.07,538,12.79,58.4,10.8,0,3,0,2
1.14,467,11.1,52.8,16.0,1,0,1,0
2.56,452,1.72,50.0,9.5,2,3,1,0
5.32,527,7.09,77.2,14.9,2,1,0,1
12.49,284,1.43,86.7,7.5,0,2,1,1
17.5,44,13.54,43.8,16.8,1,2,0,2
16.78,420,3.06,111.1,7.8,1,1,0,4
8.18,62,13.52,53.4,4.7,2,1,0,1
4.29,74,8.72,82.7,4.2,0,1,1,1
15.16,599,6.19,101.1,7.4,0,2,0,3
7.15,574,4.73,41.9,9.6,1,1,1,0
15.2,203,3.15,45.8,21.7,1,0,1,0
10.71,719,2.62,92.7,9.3,2,0,1,3
6.89,49,7.17,63.4,18.1,2,1,1,0
15.62,583,3.69,73.4,22.4,1,2,1,3
16.38,678,9.94,93.7,6.9,0,1,1,3
16.2,336,2.22,89.0,14.2,2,2,1,2
12.94,291,11.63,76.4,19.4,0,0,0,2
7.32,717,8.66,87.8,20.5,1,2,1,3
7.09,213,10.59,45.1,14.7,0,1,1,1
10.59,443,0.94,111.2,4.3,2,0,0,3
17.77,426,11.91,64.7,13.4,1,3,0,3
5.22,229,4.69,51.5,5.9,2,3,1,0
10.72,555,13.63,65.0,13.8,1,1,0,3
7.25,587,7.05,94.7,6.8,2,1,1,2
3.82,298,5.65,75.1,22.9,2,1,1,1
8.91,295,3.53,71.5,8.1,2,2,1,1
5.35,146,7.96,103.1,19.6,2,1,1,3
16.75,582,10.93,70.0,21.6,0,0,1,3
14.67,650,3.01,89.8,13.3,0,1,1,2
14.34,370,1.7,82.5,12.1,0,2,1,1
1.49,280,4.99,102.1,20.7,0,2,0,3
4.95,598,0.58,100.5,11.1,0,1,1,2
2.39,444,11.15,49.3,6.2,0,2,1,1
1.48,18,8.46,39.4,11.7,1,1,1,0
9.93,61,12.78,46.9,20.6,2,1,0,2
0.72,351,6.56,90.3,10.9,0,1,0,1
9.33,212,13.94,97.4,17.3,2,3,0,4
15.63,657,13.56,62.2,11.7,0,3,0,3
17.57,318,9.81,91.2,21.4,1,2,1,4
7.38,435,4.22,45.2,4.5,0,1,1,0
9.43,117,7.39,45.7,4.1,2,0,0,0
16.54,282,1.25,76.5,22.3,2,1,1,2
10.1,699,13.69,66.2,14.2,1,2,1,3
12.6,496,2.54,47.1,22.1,1,1,0,2
7.71,221,13.94,70.7,17.6,1,0,0,2
1.83,678,12.83,62.0,5.5,1,0,1,1
16.01,303,1.45,53.5,4.7,1,1,0,0
12.56,432,1.57,90.2,13.5,1,1,1,2
12.7,128,4.97,70.5,10.2,1,0,1,0
4.16,176,1.65,66.0,9.4,0,1,1,0
17.73,620,5.5,76.3,10.0,2,1,1,2
6.85,113,11.04,46.3,8.2,0,1,1,0
3.55,148,10.27,75.1,13.0,0,1,1,0
12.6,379,0.9,103.8,18.0,2,2,0,4
4.52,372,5.7,39.4,7.5,2,0,0,0
11.7,184,0.77,42.0,9.5,0,0,1,0
16.14,585,2.46,69.4,9.8,2,2,0,2
16.68,49,3.0,100.5,13.6,0,3,0,3
13.5,109,11.2,62.3,15.6,2,1,0,1
13.09,589,7.7,108.1,17.0,0,2,1,4
2.33,693,3.1,91.9,4.5,0,1,1,2
9.12,279,11.59,108.6,15.5,0,1,1,4
2.34,439,0.63,56.7,4.6,2,0,1,0
5.64,585,11.31,56.8,8.2,1,1,1,1
13.43,144,13.25,49.5,21.1,1,1,1,1
12.44,248,13.4,101.5,8.2,2,1,1,4
5.64,637,3.1,41.5,9.7,2,1,1,0
12.6,57,2.05,48.7,9.6,0,1,0,0
2.83,544,11.55,38.1,18.8,2,1,1,2
16.23,545,1.54,71.0,4.3,1,0,1,1
3.03,204,1.84,65.4,7.8,0,1,1,0
17.8,195,7.97,41.2,18.8,0,2,1,2
17.7,458,7.25,72.7,13.2,0,3,0,3
1.42,352,7.34,75.1,14.3,2,1,0,0
7.87,62,12.11,95.5,16.6,2,1,1,3
6.51,638,7.68,98.2,8.2,1,1,1,2
7.14,161,1.22,82.6,21.6,2,2,0,2
8.12,89,1.96,53.7,4.5,2,0,0,0
11.26,188,3.45,93.7,12.9,1,2,1,2
15.6,396,13.34,62.3,9.4,0,0,0,2
0.53,334,11.66,74.4,19.8,1,1,1,1
5.7,481,12.01,108.1,12.4,2,3,0,4
0.73,472,10.41,41.4,11.6,0,1,0,0
9.73,407,13.65,76.6,18.8,2,2,1,3
2.28,446,8.0,90.7,15.2,0,1,1,3
0.41,473,1.12,92.0,5.5,1,2,1,1
12.43,90,1.96,76.5,11.4,2,2,1,1
0.5,203,13.75,87.4,9.0,1,3,0,3
16.05,56,12.06,93.8,9.9,0,0,1,3
6.26,416,8.86,91.1,14.7,1,1,1,3
6.82,680,7.25,49.8,11.9,0,1,1,0
6.02,525,7.25,97.5,21.1,2,1,0,4
5.92,472,6.69,75.1,10.0,1,1,0,1
5.07,160,10.84,106.3,4.1,1,2,1,3
2.17,601,8.79,93.5,17.5,2,2,1,4
9.76,361,1.81,92.4,19.6,0,1,1,2
11.66,443,11.24,97.8,16.7,0,2,1,4
5.53,66,10.29,64.0,21.8,1,1,0,1
11.76,309,8.38,74.0,22.9,0,2,0,2
13.35,525,13.45,42.5,4.5,0,1,1,2
2.69,49,3.66,103.1,4.1,0,1,1,1
10.57,344,10.56,62.8,17.0,0,0,1,2
12.27,444,2.01,100.9,22.1,2,3,0,4
6.24,105,7.37,51.1,20.6,0,0,1,0
17.09,654,2.79,80.8,8.9,0,1,1,2
5.75,15,4.06,43.0,22.7,1,0,1,0
0.88,188,11.7,83.3,12.7,2,1,1,2
7.55,651,6.84,44.6,15.2,0,1,1,0
4.11,703,8.51,98.0,5.1,0,3,1,3
4.65,680,11.66,50.0,17.1,0,2,0,2
14.62,315,3.11,59.7,5.3,1,1,1,0
5.42,468,2.65,66.5,10.1,2,1,1,0
1.67,515,5.73,52.4,18.2,1,2,1,0
13.05,301,3.89,84.7,20.8,0,1,1,2
10.77,292,4.33,55.1,5.7,2,3,0,0
17.47,287,8.68,50.6,11.3,2,2,1,2
4.9,207,12.94,65.7,17.7,2,2,0,2
16.49,671,0.98,108.6,22.7,2,2,1,4
5.98,127,7.76,87.9,11.4,1,1,1,1
14.31,140,10.53,50.4,5.9,0,0,1,0
14.96,226,1.46,90.5,14.4,0,1,0,2
2.36,588,11.93,50.6,5.0,1,3,0,1
12.98,106,13.18,84.7,13.2,2,2,1,3
0.94,241,4.17,73.3,16.7,0,1,0,0
15.26,337,6.93,104.7,13.5,0,2,1,3
2.7,620,8.38,39.1,18.7,0,1,0,1
13.1,183,11.81,46.7,11.2,1,0,0,2
17.97,658,1.25,72.7,14.8,1,3,1,3
17.97,395,1.14,106.6,12.3,0,2,1,3
14.16,11,0.62,111.9,14.4,2,2,1,3
15.48,262,10.38,97.8,7.6,0,2,1,3
5.29,119,6.58,60.6,7.0,1,2,1,0
5.82,277,11.7,66.6,14.1,0,2,1,0
6.62,676,1.86,53.4,6.4,2,0,1,0
7.69,514,12.88,74.1,10.5,0,1,1,2
15.78,134,6.62,104.2,9.8,2,1,0,3
9.28,359,6.61,83.3,19.2,0,1,0,2
14.83,411,7.61,108.8,20.3,0,1,0,4
12.81,202,13.57,62.9,21.3,1,2,1,2
3.17,303,8.53,53.7,4.1,0,2,1,0
17.73,444,8.4,75.1,19.6,0,1,1,4
9.76,417,13.12,95.6,5.0,1,1,1,3
6.98,431,9.0,102.6,4.2,1,2,1,3
5.68,512,13.31,105.0,7.4,1,0,1,4
14.51,628,11.98,111.2,17.4,0,2,1,4
9.21,407,5.29,77.0,19.3,1,3,1,2
4.81,439,2.59,73.6,9.8,1,1,1,0
6.15,515,4.72,39.0,16.2,2,1,1,1
1.64,287,1.38,45.8,4.8,0,3,0,0
9.76,634,5.69,86.2,21.0,0,3,1,2
1.57,520,7.98,59.4,20.6,1,1,0,1
2.5,650,4.95,46.3,17.3,2,2,1,1
9.53,65,8.65,55.2,7.5,1,0,1,0
0.33,509,10.04,75.1,13.4,0,2,1,4
11.24,590,2.25,49.8,8.2,0,3,1,1
15.7,478,8.13,82.7,11.5,1,0,0,3
0.73,378,5.24,94.8,11.1,2,3,1,1
3.69,485,13.82,58.5,6.3,0,2,0,1
7.51,692,2.08,68.2,9.2,2,2,1,1
8.29,304,9.04,59.0,6.5,1,0,1,0
3.62,105,9.07,57.7,4.2,0,1,1,0
2.04,540,12.26,66.7,16.4,1,2,0,2
7.72,130,11.12,75.0,13.7,0,1,1,1
12.41,176,13.44,86.8,18.7,1,1,1,4
16.28,278,12.41,73.8,6.8,1,1,0,2
14.13,524,6.62,80.6,15.7,1,0,0,2
1.95,298,9.02,90.7,10.0,2,1,1,2
6.72,257,11.51,77.9,5.8,1,3,0,1
3.1,152,12.36,62.4,6.1,1,3,1,0
12.03,493,9.96,108.0,14.3,0,2,1,4
13.07,306,11.78,78.9,19.2,2,2,1,3
16.61,243,12.79,66.5,19.4,0,1,0,3
10.05,699,8.3,111.2,6.3,0,1,1,4
10.92,301,5.05,63.2,6.9,0,1,0,0
9.3,10,13.75,38.5,22.4,0,1,0,3
3.72,225,11.21,108.2,20.7,2,2,0,4
3.6,224,7.25,77.5,18.4,1,3,1,1
1.1,624,8.16,39.6,15.8,0,2,1,1
8.57,346,7.31,81.3,13.5,1,1,1,0
10.27,574,9.02,89.2,15.1,0,1,1,3
16.57,533,2.33,67.8,11.8,1,0,1,1
11.82,618,11.89,88.4,14.2,0,2,1,4
13.03,276,6.43,48.0,8.3,1,1,0,0
9.02,693,2.25,107.5,15.4,0,2,0,4
10.78,153,4.59,69.6,18.7,1,2,0,1
4.52,55,4.87,85.6,21.4,0,3,0,1
4.07,223,7.48,43.8,22.8,0,1,1,0
14.23,65,7.49,62.7,21.6,2,1,0,1
15.31,288,11.32,70.0,8.4,0,1,1,1
6.76,60,9.11,54.5,22.2,1,0,1,0
9.75,606,5.78,68.7,9.9,1,2,0,1
6.56,483,9.8,42.4,5.1,2,1,1,0
11.66,546,9.31,40.5,6.4,1,3,1,1
8.65,19,7.76,62.1,22.2,0,1,1,1
6.25,691,13.16,99.5,20.8,1,1,0,4
16.65,258,8.04,44.7,12.9,0,2,1,1
14.47,566,2.45,54.0,12.9,2,3,1,2
5.42,651,13.0,42.9,20.5,1,1,1,2
11.28,703,2.71,50.7,17.8,0,1,0,2
13.74,305,8.77,83.4,11.2,2,2,1,3
4.75,693,4.51,56.7,20.3,2,0,1,0
14.47,584,2.66,60.5,15.4,0,3,1,1
5.71,236,9.35,49.6,17.2,1,2,0,1
7.46,248,11.39,95.8,19.3,0,3,1,3
11.61,469,13.93,64.5,16.1,2,1,0,3
1.68,202,1.6,59.6,15.8,0,1,1,0
3.63,87,0.6,56.1,5.9,0,1,0,0
0.97,59,9.27,88.3,20.9,1,2,1,3
12.55,106,7.25,98.7,5.5,1,0,0,2
16.59,697,7.66,61.8,6.8,0,2,1,2
10.9,331,6.75,79.3,14.1,0,0,1,0
17.55,50,2.7,77.6,20.0,0,0,1,1
8.69,133,8.59,94.6,13.5,0,1,1,3
4.86,55,1.21,39.0,10.6,0,1,1,0
8.55,184,11.05,106.1,13.5,0,2,0,4
13.46,427,12.96,48.2,14.7,2,2,0,3
1.88,237,5.58,104.5,19.0,0,1,1,2
4.72,203,1.65,57.8,19.3,1,3,1,0
5.5,639,10.76,59.7,4.4,0,1,1,0
8.29,692,12.45,45.7,10.2,0,2,0,2
2.45,636,10.14,88.9,10.8,2,2,0,3
9.03,244,10.52,52.9,22.4,2,2,0,2
14.09,59,1.15,92.8,16.8,1,0,1,2
6.95,226,12.23,58.8,4.8,1,2,0,1
10.28,567,2.4,44.7,7.5,2,0,1,1
12.4,101,6.06,75.9,21.1,1,1,1,2
15.14,365,14.0,44.6,13.1,0,2,1,2
10.1,266,11.63,50.1,8.2,2,3,1,1
14.52,406,0.94,97.0,17.1,2,1,1,3
2.33,5,5.6,89.9,16.4,1,1,0,1
1.46,348,5.88,49.5,4.6,1,0,1,0
3.74,532,8.0,54.4,14.4,0,1,0,0
13.87,578,12.65,51.9,9.9,2,1,0,3
5.99,342,3.04,71.0,17.8,0,2,0,1
9.27,224,10.44,60.2,13.5,1,0,1,0
15.82,618,7.25,49.7,4.5,0,2,1,3
15.32,102,5.03,47.6,9.5,0,1,1,0
16.38,236,10.36,50.6,18.7,1,0,1,2
7.23,674,8.72,73.7,16.7,2,2,0,3
8.25,672,13.69,64.5,18.1,0,2,0,3
3.97,445,5.9,39.6,9.6,0,1,0,0
11.9,672,9.03,98.9,20.1,1,1,0,4
4.47,493,10.77,45.2,4.3,1,0,0,1
2.65,181,13.6,39.2,16.4,1,0,1,1
11.72,531,8.56,68.2,14.1,0,1,0,2
4.11,570,13.56,75.8,15.7,2,0,1,2
9.85,716,11.53,60.3,12.3,2,2,1,3
14.56,414,3.42,83.7,10.6,2,2,0,2
15.77,455,13.47,49.7,8.1,0,1,1,2
14.16,222,6.66,69.0,13.0,1,2,1,1
11.36,479,6.98,79.8,10.0,0,3,0,2
0.84,502,10.31,64.2,12.4,0,0,1,1
2.46,144,3.31,75.1,16.7,2,2,0,3
8.94,549,9.08,71.7,4.9,2,3,1,1
11.75,467,6.71,41.9,17.0,2,1,1,2
17.59,559,12.38,80.1,13.5,0,2,1,3
11.89,611,2.18,42.7,18.1,2,1,1,2
12.22,578,3.8,39.1,20.7,1,3,0,2
15.76,251,10.08,111.5,20.6,2,0,1,4
2.21,605,6.7,92.1,20.3,1,2,1,2
2.38,78,12.74,110.9,13.1,0,3,1,4
15.3,111,1.69,90.3,13.5,0,2,0,3
12.89,143,10.56,53.6,17.7,0,0,1,1
12.53,310,7.25,89.0,14.9,0,0,0,3
14.29,375,9.6,69.5,9.4,1,0,0,1
2.39,690,6.77,79.8,21.9,1,2,0,2
3.5,157,12.41,109.5,10.2,0,2,1,4
10.39,696,9.59,47.2,5.5,1,2,1,2
8.21,241,7.25,40.4,4.0,0,3,1,1
5.86,243,9.88,75.7,21.0,0,3,0,2
6.91,599,3.99,67.4,11.0,2,2,1,0
11.21,439,0.85,39.1,13.5,2,2,0,3
2.13,421,5.22,107.0,7.1,1,2,1,2
17.27,394,7.78,80.7,22.3,0,0,0,3
11.43,157,5.08,64.0,4.7,1,1,1,0
8.24,250,3.32,103.7,14.0,0,0,1,2
10.57,292,7.15,55.9,10.8,0,1,0,1
16.27,302,5.39,107.1,21.7,1,1,1,3
9.16,264,6.83,65.5,12.1,0,1,0,0
11.9,145,6.68,109.0,8.8,2,1,1,3
10.49,219,0.97,69.9,9.0,0,3,1,0
15.73,626,4.53,66.5,13.6,2,0,1,1
17.99,690,10.22,94.0,4.1,0,3,0,4
7.95,352,11.35,100.7,16.5,0,0,1,4
12.89,556,1.29,54.7,13.7,0,2,1,2
6.38,132,6.58,63.0,13.2,0,0,1,0
2.4,579,6.21,67.5,10.5,2,3,1,1
7.6,183,6.84,84.7,16.1,2,2,0,2
16.21,14,12.75,71.6,10.3,0,2,1,2
14.07,14,6.75,66.8,11.4,1,2,1,0
1.17,533,7.25,86.4,15.2,1,2,1,3
10.71,153,4.1,95.1,17.8,2,3,1,2
17.02,297,0.87,56.2,6.7,1,1,1,0
2.2,451,4.18,81.7,5.6,1,0,0,0
2.0,601,6.5,85.2,14.4,2,0,1,2
2.38,175,11.48,52.9,4.1,2,2,1,0
8.93,480,2.78,106.2,14.8,0,1,0,3
12.86,564,8.51,45.1,16.3,2,0,0,2
13.31,302,1.53,105.4,18.5,2,1,1,3
0.47,181,4.73,103.0,4.3,1,0,1,1
15.55,156,7.25,62.7,4.6,2,2,1,1
6.59,440,9.99,85.3,5.3,2,2,1,3
9.66,508,4.91,78.1,19.5,0,1,0,2
4.43,630,13.44,49.2,16.8,0,3,0,3
3.69,455,11.96,89.2,14.1,0,1,1,3
4.2,355,2.35,83.8,5.7,1,2,1,1
16.56,43,13.44,90.0,19.8,2,3,1,4
8.4,438,4.51,100.2,13.7,2,1,1,2
17.87,498,3.55,69.9,7.2,2,1,1,2
0.82,342,11.09,75.8,4.7,0,0,1,0
10.5,666,2.22,38.3,16.9,2,0,0,2
17.64,584,3.41,64.8,19.4,1,1,1,2
17.65,655,7.5,43.7,10.6,2,0,0,2
17.84,133,7.12,89.8,19.6,0,1,0,2
10.47,394,11.08,40.3,22.7,1,0,1,2
10.81,509,4.51,72.3,9.8,0,3,1,1
9.54,624,11.76,87.1,6.7,0,2,1,3
16.84,518,3.54,97.3,7.6,0,1,1,3
12.74,334,4.98,86.4,6.0,0,1,1,1
16.67,18,10.76,82.0,11.3,2,1,0,2
0.52,7,7.25,91.0,19.1,1,2,1,2
11.53,127,10.71,95.5,12.2,0,0,1,3
8.13,349,6.63,90.1,10.3,2,2,0,3
10.95,153,12.8,99.0,14.3,2,0,1,4
16.3,242,5.29,69.9,16.6,1,3,1,1
6.69,415,6.86,107.7,20.5,1,1,0,4
13.2,159,8.96,87.1,7.8,2,0,1,2
6.34,106,0.59,104.2,18.3,0,0,1,3
4.31,478,4.42,68.7,13.9,1,1,0,0
1.23,34,8.59,93.8,13.9,0,0,0,2
16.47,57,11.49,62.4,15.7,1,0,1,1
11.6,236,13.03,41.5,4.7,0,2,1,1
8.56,112,1.65,79.9,9.8,2,1,0,0
8.6,166,9.55,84.3,4.8,1,1,1,1
12.45,88,5.28,55.5,10.3,1,3,1,0
7.15,413,8.02,99.9,18.7,0,1,1,3
2.56,373,3.46,100.3,13.0,2,2,1,2
17.85,71,12.87,46.9,8.7,0,3,1,1
11.93,156,7.13,77.8,9.5,0,2,0,1
13.57,347,3.93,107.1,15.1,1,1,0,3
17.64,378,6.24,62.4,8.5,0,3,1,1
4.12,276,9.48,75.1,14.8,2,3,0,2
12.62,96,12.47,70.8,5.3,0,1,0,1
2.92,40,4.88,82.1,9.6,1,3,0,0
2.55,244,4.51,78.1,7.9,0,1,1,0
6.89,382,7.19,75.1,22.7,0,3,1,1
14.5,474,4.36,58.4,8.1,0,2,0,2
13.06,286,7.08,63.7,4.6,0,0,1,0
6.21,289,7.34,74.5,21.6,2,1,1,1
16.08,212,7.36,106.7,8.6,1,1,1,3
15.5,658,10.67,56.8,12.6,0,1,1,2
9.38,318,13.38,71.1,4.3,2,3,0,2
17.11,342,8.84,44.5,22.4,1,3,1,2
8.53,466,6.27,75.1,5.3,1,0,0,1
9.25,25,2.6,55.1,21.1,1,1,1,0
6.1,15,7.16,60.9,18.7,1,1,1,0
8.15,143,13.63,46.0,19.5,1,1,0,2
0.72,485,3.83,66.8,7.7,1,0,0,0
12.6,669,13.98,75.1,21.3,2,1,0,4
0.79,49,6.54,48.5,5.0,0,0,1,0
3.51,507,9.18,73.6,13.6,0,1,1,1
17.96,509,4.04,71.2,9.2,0,3,1,1
0.98,710,9.67,49.2,16.7,2,3,0,2
2.18,385,12.75,49.9,4.3,1,0,1,0
2.62,697,0.79,71.9,4.0,2,1,1,0
2.44,60,12.34,62.8,13.7,1,0,1,1
15.49,55,7.14,85.5,5.8,1,2,1,1
1.74,589,5.17,99.3,6.0,0,2,1,2
5.09,400,7.8,107.5,13.5,1,1,0,3
7.19,616,2.29,67.0,15.2,0,3,1,1
17.36,488,12.69,107.3,15.3,2,3,1,4
3.82,116,7.25,83.4,22.2,1,3,1,1
1.43,372,5.32,61.5,18.8,1,3,1,0
13.28,625,12.63,56.2,21.6,0,0,0,3
5.65,539,2.57,40.4,6.6,2,2,1,0
1.82,404,3.15,94.1,10.1,0,2,1,1
2.92,63,6.63,51.3,8.7,2,0,1,0
5.57,197,1.48,84.2,16.6,1,1,1,1
10.48,356,5.9,64.4,12.2,0,2,1,1
3.74,709,4.65,83.4,4.1,0,2,1,2
4.21,341,7.12,75.1,4.7,2,2,0,0
12.71,131,8.76,106.7,14.0,1,3,0,4
15.39,13,10.16,45.3,22.1,2,2,0,2
13.58,398,7.62,109.4,16.9,1,1,1,4
8.63,611,10.04,42.0,12.0,0,1,1,1
14.89,696,2.01,88.8,15.6,0,1,1,3
10.01,181,13.46,50.0,9.2,2,1,0,2
9.76,615,4.3,101.5,20.3,2,2,1,3
8.17,196,1.65,54.8,18.8,0,0,1,0
2.87,593,7.01,55.3,19.3,0,3,0,1
10.84,415,7.98,106.1,18.0,0,0,1,3
0.42,36,13.32,61.2,18.3,2,2,0,2
17.59,100,9.29,74.3,11.0,1,2,0,2
7.35,98,2.64,79.6,6.1,1,0,1,0
3.53,647,2.29,110.1,16.1,2,1,1,3
17.78,649,9.81,41.9,4.2,1,1,1,2
7.57,300,12.34,86.7,17.7,2,1,1,3
5.99,159,3.39,40.1,17.8,1,1,1,0
11.35,470,5.1,48.7,8.5,2,2,1,1
4.52,433,0.97,57.6,10.3,2,1,1,0
17.89,388,10.53,51.5,21.9,0,0,1,2
6.14,601,7.86,75.4,10.1,1,1,1,1
0.32,525,11.46,62.6,8.8,2,2,0,1
9.49,370,9.48,55.3,22.6,0,1,1,2
2.7,346,10.72,95.9,13.6,2,1,0,3
17.05,307,10.37,49.2,20.7,1,1,1,1
2.34,646,12.08,95.3,17.0,2,3,1,4
17.37,116,5.94,95.2,7.8,0,1,1,3
5.61,203,10.96,92.1,22.3,1,1,1,3
9.31,194,13.37,46.6,4.3,0,1,0,1
15.71,238,5.47,75.1,12.1,1,1,1,3
14.9,124,10.01,86.1,20.1,1,2,1,3
2.87,369,7.81,83.9,19.1,1,1,1,1
7.07,117,11.17,87.0,22.7,2,0,1,3
3.94,342,4.57,71.8,20.3,0,1,1,0
8.42,417,7.32,57.8,21.9,2,1,1,1
6.74,262,5.39,40.4,6.2,1,1,1,0
12.93,605,9.56,47.7,14.7,0,3,1,2
3.52,169,13.09,94.4,20.0,0,2,0,4
14.67,188,11.43,60.7,5.7,2,3,1,1
6.01,588,9.24,63.7,21.3,0,1,0,1
13.04,507,0.7,100.0,16.0,2,0,0,3
10.47,27,9.95,42.2,8.3,2,1,0,1
13.08,228,9.38,73.6,6.9,0,3,1,1
2.77,45,5.57,79.4,8.6,0,2,1,0
4.78,324,13.72,68.6,19.1,1,3,0,2
13.82,267,10.4,62.0,8.1,2,2,1,2
1.45,443,3.52,98.7,12.6,2,2,1,2
14.46,497,1.84,97.0,20.3,1,3,1,3
7.25,523,5.67,84.4,6.5,0,1,1,1
16.47,437,8.89,47.7,6.0,2,3,1,1
1.8,381,11.82,77.4,14.3,2,1,1,1
7.78,87,12.77,92.4,16.6,1,1,1,3
13.07,314,1.7,38.0,8.8,0,1,0,0
13.1,246,11.48,83.5,16.0,2,0,0,3
12.33,52,6.48,80.8,16.4,2,3,0,2
10.13,693,9.59,80.5,19.0,0,1,0,3
15.78,633,6.43,106.1,22.6,0,1,0,4
12.9,594,4.93,90.9,22.9,2,0,0,3
7.92,497,4.06,38.5,7.9,0,1,0,0
13.56,595,3.85,93.5,6.1,2,2,0,3
3.28,241,8.01,63.3,8.3,1,1,0,0
6.38,117,9.85,110.7,22.3,0,3,1,4
12.53,328,1.56,55.2,15.2,1,1,1,1
13.4,354,1.33,50.0,10.9,2,2,0,1
16.3,404,13.52,94.7,11.4,2,1,1,4
7.16,241,7.19,57.4,20.9,2,0,1,1
6.31,340,13.73,66.6,6.6,2,2,0,2
6.3,354,13.94,76.0,20.1,1,1,1,3
4.89,390,13.32,86.0,11.0,0,1,1,3
7.71,13,3.34,46.2,12.5,2,1,0,0
12.84,324,9.8,111.5,8.3,0,0,1,4
15.88,588,2.04,64.9,9.8,0,0,1,1
1.35,207,11.6,51.3,18.8,0,3,1,1
14.71,442,12.82,48.0,18.7,0,1,0,2
7.26,436,4.6,83.5,4.3,2,1,1,0
0.42,513,12.71,93.4,20.9,0,1,1,3
0.55,502,2.43,88.9,18.4,0,2,1,2
13.68,400,4.4,102.7,7.7,1,1,1,2
4.32,165,12.13,73.9,18.5,2,1,1,1
14.81,337,13.41,56.7,18.0,0,0,0,3
8.35,482,3.65,75.1,21.0,2,3,1,2
16.01,89,0.7,104.8,9.3,0,2,1,3
5.28,234,12.06,52.6,19.8,0,0,0,1
10.25,553,1.06,80.5,19.0,2,2,0,3
3.21,159,11.19,107.0,11.3,1,2,1,4
9.17,375,7.25,64.3,20.1,2,1,1,0
7.02,365,0.91,48.3,22.9,0,0,0,1
8.25,699,1.13,63.8,19.4,1,2,1,1
1.3,278,3.44,42.7,11.0,0,2,0,0
7.33,173,1.72,59.6,4.6,2,0,1,0
5.29,487,7.86,85.7,15.0,2,2,1,2
5.56,467,8.72,67.3,20.4,1,3,1,1
15.97,266,7.48,46.6,22.0,0,1,1,1
3.32,668,8.1,57.2,19.4,1,0,1,1
7.51,206,5.54,105.5,19.3,0,1,1,3
15.94,263,9.02,94.5,10.4,0,2,1,3
12.04,602,5.83,93.4,5.6,1,0,0,3
6.86,368,13.16,105.3,17.0,1,1,1,4
2.16,125,8.04,59.5,12.3,0,3,1,0
4.73,64,12.42,91.0,6.0,2,2,0,3
15.09,713,3.39,88.8,16.4,0,0,0,3
10.62,291,6.55,101.0,12.7,1,2,0,3
13.09,701,10.6,94.9,4.4,2,2,0,4
8.7,568,9.13,90.4,6.1,0,3,0,3
17.25,91,10.93,97.1,20.5,2,1,1,4
13.94,356,0.73,88.1,5.5,2,1,1,1
16.94,527,0.75,94.5,19.3,2,1,0,4
17.51,542,0.73,100.0,11.6,1,1,1,3
13.34,493,1.95,94.3,19.7,1,1,1,3
4.52,624,9.87,68.2,22.7,2,2,0,3
2.89,145,5.89,82.1,10.1,0,0,0,0
2.64,364,12.73,66.7,14.1,1,2,0,1
4.12,528,7.16,96.8,13.5,2,1,1,2
8.6,478,5.07,63.2,13.5,2,2,1,2
16.3,427,7.25,81.6,19.7,0,1,1,2
13.54,196,1.95,45.7,19.5,2,3,0,2
8.0,691,2.25,77.8,13.9,1,1,1,1
7.07,665,12.49,104.8,4.5,1,1,1,4
7.44,375,5.08,88.9,17.3,2,0,1,2
11.47,385,3.76,57.0,5.9,0,3,1,0
6.1,367,1.86,42.1,18.5,0,1,1,0
8.86,614,7.25,90.4,13.4,0,1,1,3
12.47,312,6.45,49.5,12.0,0,1,1,0
9.76,654,5.85,95.3,4.9,2,1,1,2
7.41,457,4.73,92.8,10.8,1,2,1,2
5.05,195,3.8,65.4,22.5,2,1,1,0
0.48,562,7.25,44.0,5.4,0,1,0,0
11.93,195,6.02,92.7,19.5,0,1,1,2
8.76,172,1.2,48.1,19.5,2,0,0,1
12.97,84,12.35,46.2,11.1,1,0,0,1
9.09,187,11.01,47.7,9.0,1,0,0,0
2.71,114,5.0,95.2,13.6,1,1,1,1
1.4,563,2.86,86.1,6.2,0,0,1,0
3.3,619,12.67,101.3,20.5,1,0,1,4
1.39,6,3.43,90.0,20.1,1,1,1,1
10.7,617,1.4,102.8,12.0,0,1,1,3
12.28,209,5.94,71.2,12.4,0,2,1,1
7.87,330,8.98,51.3,13.5,1,1,1,1
7.53,287,13.85,103.5,22.3,0,3,1,4
11.28,243,4.19,70.4,18.2,1,3,1,1
4.18,713,3.39,39.7,14.4,1,3,0,1
11.16,697,3.24,39.4,8.0,1,2,1,1
14.95,155,11.42,101.9,10.9,1,0,1,4
0.33,62,12.64,105.5,10.8,1,2,1,3
15.11,36,2.31,97.8,5.1,2,2,0,2
15.3,345,11.11,75.1,10.6,1,1,1,2
5.94,449,5.37,76.5,5.2,0,0,1,0
6.36,593,13.02,94.5,20.3,2,0,0,4
11.94,226,5.61,56.3,8.4,2,1,1,0
16.43,155,2.35,99.1,13.5,0,0,0,3
11.4,689,13.24,38.7,7.6,0,0,1,3
10.21,81,2.8,74.0,5.5,0,0,1,0
14.07,467,2.18,65.1,8.1,2,0,1,0
14.16,567,4.08,104.0,10.9,0,2,1,3
15.68,617,1.2,42.8,14.6,1,1,1,2
15.94,129,10.32,54.9,19.5,1,0,1,1
4.6,153,10.14,40.8,11.8,0,2,1,0
9.77,670,1.76,50.9,15.9,2,1,1,1
2.73,458,11.67,81.8,10.4,0,0,0,2
4.7,91,8.84,102.8,16.3,1,0,0,3
15.72,204,13.6,82.4,10.1,1,2,1,3
17.65,136,3.84,45.9,4.0,0,1,1,0
6.19,278,13.39,89.7,7.9,2,1,0,3
6.99,15,11.17,92.2,16.4,1,1,1,3
17.56,380,10.98,87.2,13.3,1,0,1,3
12.97,328,1.28,42.1,4.9,2,2,0,1
9.04,595,6.92,105.3,4.6,0,3,1,3
17.68,461,6.17,69.3,5.7,1,2,1,2
14.04,550,3.59,83.8,13.2,0,3,1,2
6.01,548,13.8,109.1,6.8,2,2,1,4
13.22,349,1.08,55.1,4.7,2,1,1,0
9.96,233,0.74,69.4,10.9,1,3,0,0
12.24,153,8.04,45.1,21.4,2,2,1,1
15.57,515,3.74,92.9,11.0,0,3,0,3
15.08,230,12.8,93.1,22.2,1,0,1,4
16.17,58,10.31,109.3,22.5,2,1,0,4
8.16,111,0.61,48.0,8.9,0,1,0,0
13.93,49,1.83,52.1,13.6,0,1,1,0
14.05,401,13.34,78.7,4.7,1,2,1,2
11.27,76,7.83,75.1,6.5,1,1,1,0
6.34,192,7.96,75.1,18.3,0,2,0,3
3.57,294,12.18,91.7,21.9,1,0,1,4
17.94,641,7.39,102.9,13.2,2,3,0,4
4.47,685,13.51,93.3,8.2,1,1,1,4
3.49,663,0.67,41.7,12.3,0,1,1,0
11.6,412,5.55,107.1,15.6,0,3,1,4
9.63,507,7.14,89.3,15.8,1,3,0,2
8.39,250,7.25,57.7,22.4,1,1,0,0
16.84,239,4.36,83.9,9.7,0,2,1,2
7.55,392,7.01,60.6,17.0,1,3,1,1
11.51,103,4.32,64.5,21.7,2,2,1,1
12.13,25,4.8,51.5,9.0,0,3,1,0
1.49,577,7.16,52.3,17.9,1,1,1,0
3.24,382,9.92,98.0,13.2,0,2,1,3
7.33,544,4.65,76.2,15.5,1,3,1,1
13.92,261,6.9,52.9,11.5,1,2,0,1
10.29,453,1.29,60.5,10.7,1,1,1,0
16.14,264,4.32,63.5,14.3,1,1,1,0
13.06,696,3.02,43.1,20.0,2,3,1,3
16.8,382,3.37,94.5,16.4,1,0,1,2
6.33,225,7.69,55.1,17.8,2,0,1,1
9.8,318,8.26,103.9,9.0,1,2,1,3
2.91,711,9.46,41.2,20.5,2,1,1,1
13.88,242,0.66,88.4,16.7,1,1,0,2
14.09,207,8.99,68.9,13.7,0,0,0,1
0.39,150,0.83,109.9,21.5,1,2,0,3
11.96,246,2.18,70.6,15.6,1,0,1,0
9.93,329,10.34,71.6,22.5,1,0,1,1
12.64,263,7.25,66.0,8.0,0,0,0,0
17.88,241,12.25,87.1,20.7,2,3,0,4
1.12,303,12.06,79.9,11.5,0,1,1,2
7.32,689,10.51,78.7,21.7,0,0,1,2
1.45,386,13.21,102.7,17.7,1,0,0,4
13.23,201,1.9,98.4,4.7,2,2,1,3
12.47,610,9.79,111.9,16.3,0,1,1,4
9.3,720,4.11,90.2,19.0,2,2,1,2
9.72,71,7.25,104.4,20.4,1,1,1,3
15.24,486,2.51,75.1,12.1,0,3,1,1
3.3,64,6.28,89.5,13.9,2,2,1,2
8.02,336,5.11,69.5,11.9,2,1,1,0
11.77,62,0.81,99.9,22.7,2,1,1,3
8.56,520,12.35,70.3,9.7,0,0,0,2
10.39,400,3.23,104.3,16.9,1,2,1,3
16.37,521,8.21,50.1,10.7,0,2,1,3
14.86,658,0.52,87.2,17.9,1,0,1,3
7.32,494,1.27,107.9,7.4,2,2,1,3
9.3,410,9.68,74.6,4.6,0,3,1,1
11.6,700,8.39,93.8,19.6,1,2,1,4
11.49,110,1.69,82.9,13.3,2,3,1,2
5.33,431,5.98,86.8,18.1,0,1,0,2
13.97,156,11.61,87.7,7.9,1,1,0,3
9.29,355,6.54,75.1,14.8,2,1,0,3
5.45,88,9.45,89.5,16.6,0,2,1,3
12.44,521,4.47,49.4,4.9,0,1,1,0
11.38,699,4.12,93.9,4.6,0,2,0,3
12.74,106,10.01,95.8,23.0,0,2,0,4
1.13,64,5.04,45.2,10.9,0,3,1,0
11.24,345,1.72,81.7,10.3,0,1,1,1
11.28,607,12.46,77.8,9.0,0,1,0,3
17.71,340,0.74,57.0,13.5,1,0,0,0
14.2,248,4.57,42.6,9.3,1,1,1,0
8.17,444,5.25,46.0,13.7,1,2,1,0
4.76,712,6.41,78.8,22.4,0,3,1,2
8.98,454,13.81,66.9,21.5,0,2,1,2
13.04,547,11.59,61.8,19.0,0,3,1,3
4.74,137,6.82,56.3,21.6,2,1,0,1
3.36,711,10.68,63.1,15.0,2,0,0,2
1.3,251,7.47,45.9,22.0,0,2,0,0
3.77,543,7.22,91.6,12.5,1,3,1,3
15.12,137,4.54,55.1,22.0,0,2,1,1
16.48,41,4.87,98.2,13.7,0,0,1,2
1.85,386,7.62,99.5,14.8,0,3,1,2
5.52,207,0.75,61.8,20.5,0,0,1,0
5.21,613,11.58,75.1,15.2,0,1,1,1
14.66,611,9.28,55.3,20.0,1,2,0,3
11.78,506,8.75,89.4,10.9,1,2,1,3
0.48,81,11.94,63.0,16.5,0,1,0,0
11.36,271,12.0,74.6,21.7,0,0,0,2
13.34,29,7.51,63.7,20.5,2,2,1,1
14.74,181,13.44,62.7,22.8,1,0,1,2
8.04,696,12.06,45.7,18.6,1,0,0,2
13.69,379,7.23,61.0,10.8,0,1,1,0
4.0,387,0.78,90.8,13.7,0,3,1,2
7.84,201,9.83,90.7,5.3,0,1,0,3
12.21,667,10.62,47.7,4.8,1,3,1,2
3.04,34,4.41,101.2,19.0,0,3,0,2
7.21,530,11.32,72.7,17.9,2,0,0,2
11.19,692,3.94,79.5,12.9,0,2,0,3
15.16,509,1.66,102.0,4.1,1,0,1,3
6.8,470,9.2,78.1,17.6,1,1,1,2
4.28,328,0.51,75.1,12.8,0,1,1,0
1.08,274,12.52,75.1,6.8,0,1,1,0
15.01,515,4.17,72.7,17.8,0,2,1,2
5.49,232,7.48,111.9,23.0,0,1,1,3
3.41,459,7.83,60.1,6.9,1,1,1,0
14.02,283,7.32,65.5,14.4,1,1,1,1
1.82,387,9.7,99.0,5.3,1,3,1,3
7.39,639,2.64,95.7,11.3,2,3,1,2
7.11,262,5.53,51.8,12.4,1,1,1,0
0.9,39,1.5,61.9,9.3,1,2,1,0
5.67,581,6.17,75.1,8.7,0,0,0,2
15.17,162,12.51,75.1,8.9,2,1,1,1
11.47,464,13.53,55.7,21.1,1,1,1,3
0.4,150,5.48,49.8,9.1,0,2,1,0
12.36,129,1.87,105.5,12.8,2,0,0,3
15.16,81,4.13,92.8,15.7,1,1,1,2
5.42,670,10.04,90.0,13.5,1,0,1,3
1.05,327,11.91,46.7,12.4,0,1,0,1
11.72,441,7.39,101.9,13.2,0,1,1,3
12.79,167,9.97,46.9,9.5,1,1,1,0
8.64,29,2.37,52.2,22.0,1,2,1,1
5.77,583,3.25,81.7,8.6,2,1,1,1
10.22,41,10.06,61.9,14.6,2,0,0,0
4.18,98,9.19,98.3,8.8,0,1,1,2
14.63,486,7.1,40.6,11.0,2,2,1,2
15.36,647,9.61,99.2,11.4,0,2,0,4
9.29,688,13.58,70.0,17.9,2,1,1,3
8.22,25,8.0,101.2,13.9,0,3,1,2
17.56,531,8.19,93.1,14.4,2,1,0,4
17.8,161,10.19,107.2,13.2,0,2,0,4
13.36,684,1.46,62.1,7.1,1,2,1,2
7.38,103,4.67,75.8,20.1,1,1,1,0
15.25,652,2.72,93.1,15.0,0,1,1,2
4.1,335,4.44,41.3,9.8,1,1,0,0
13.69,136,9.67,41.3,11.7,0,1,1,0
7.46,124,3.98,58.8,21.2,1,0,1,0
0.71,209,1.04,101.3,14.9,1,1,0,2
10.55,42,8.24,67.0,6.6,0,2,1,1
3.78,358,12.33,93.9,6.1,1,2,0,3
4.41,133,11.33,69.5,19.6,1,3,0,1
13.61,283,11.91,66.8,11.6,1,3,1,1
3.27,625,8.12,45.2,11.1,1,2,0,1
16.52,555,9.27,111.9,18.6,1,1,0,4
6.71,15,5.17,87.2,13.5,0,1,1,1
9.67,714,13.09,85.8,11.4,1,2,1,3
8.07,47,7.53,69.9,5.1,0,3,1,0
4.27,537,8.01,85.3,13.5,2,1,1,2
13.53,491,12.01,48.8,5.6,1,1,1,2
0.81,638,11.18,70.1,9.4,0,2,1,1
16.58,196,10.57,102.3,13.5,0,0,0,4
10.2,321,12.69,72.7,14.4,1,1,1,2
5.96,34,12.31,106.9,22.9,0,2,1,4
3.82,641,3.25,66.3,6.2,0,3,0,0
6.21,535,12.83,94.0,15.8,2,2,1,4
7.06,290,7.91,75.8,22.8,0,2,1,1
14.71,78,1.12,45.7,22.4,2,2,1,2
4.31,194,8.1,53.5,8.4,0,0,0,0
10.13,297,5.99,79.3,8.5,0,1,0,1
9.01,205,0.75,89.5,4.5,1,1,1,0
4.11,51,12.67,43.8,5.3,0,3,1,0
15.18,445,6.97,65.7,14.0,1,1,0,1
16.18,239,7.25,70.7,8.3,2,1,1,0
8.52,666,6.02,71.4,4.9,2,3,0,1
4.62,193,12.92,67.0,20.9,0,3,1,1
14.69,371,1.01,45.3,16.7,1,3,0,1
13.64,16,13.64,56.3,8.3,1,1,1,1
14.21,53,12.59,69.8,9.7,2,0,0,2
3.1,446,13.4,92.9,15.1,1,2,0,3
15.31,31,12.83,47.2,10.3,0,1,1,1
3.92,77,3.4,92.0,9.7,2,2,1,1
8.16,230,9.2,80.3,21.7,2,2,0,3
5.04,162,5.66,55.4,21.9,0,2,1,1
13.16,90,11.03,80.0,22.1,0,1,1,2
10.3,394,13.88,88.9,23.0,0,2,1,4
14.1,549,8.3,88.1,4.0,0,1,1,3
15.76,544,12.79,71.4,17.8,1,3,0,3
7.33,602,2.09,94.1,8.4,0,1,1,2
2.93,30,6.27,71.4,13.8,0,2,0,0
10.95,576,13.25,55.8,13.5,0,0,1,3
6.74,691,3.08,90.6,16.0,0,2,1,2
2.08,713,9.83,105.3,19.6,2,0,1,4
10.02,536,0.76,85.5,11.7,0,2,1,3
14.6,586,7.92,60.9,14.3,0,0,0,2
14.43,403,7.44,90.4,6.7,1,0,1,1
1.1,650,8.98,68.5,4.2,1,1,0,0
10.74,680,9.12,44.2,21.9,1,2,1,3
16.09,31,9.36,77.2,11.0,0,1,1,1
11.91,181,9.5,62.8,19.9,1,0,1,0
10.5,217,8.45,63.7,12.1,0,2,0,0
2.37,432,5.66,75.1,13.7,0,3,0,2
10.38,214,4.09,41.7,10.2,0,3,0,0
3.28,555,2.0,82.4,12.1,1,1,1,1
10.7,237,5.32,49.3,12.9,2,3,1,0
9.5,257,6.23,98.1,4.9,2,0,1,2
16.19,655,9.47,104.0,7.5,2,2,1,4
1.31,350,0.62,75.1,9.5,0,2,1,0
6.67,237,5.13,84.0,7.4,1,3,1,0
14.68,530,9.33,90.8,20.4,0,3,0,4
7.32,211,5.62,84.3,13.5,0,1,1,1
15.68,332,7.97,46.5,8.9,2,2,1,1
17.89,672,0.67,56.7,19.5,0,2,1,2
17.99,556,5.31,107.1,12.4,0,2,1,4
4.92,78,11.34,59.6,5.7,1,1,0,0
6.54,342,10.46,62.4,16.0,1,2,0,2
15.45,241,9.8,40.8,15.8,0,3,1,2
7.54,713,1.85,75.1,8.8,0,3,0,3
4.47,318,4.38,57.0,4.3,0,0,0,0
6.43,24,4.61,97.9,5.1,0,1,1,0
15.46,177,7.15,66.0,9.0,1,0,0,0
14.46,418,11.82,41.8,15.1,1,0,0,2
6.31,385,7.33,53.5,13.5,0,1,1,0
15.82,404,13.11,73.1,12.8,0,1,1,3
3.77,578,9.34,92.9,7.8,2,0,1,3
15.84,531,10.87,80.9,19.5,2,1,1,3
15.25,283,12.27,53.5,17.3,0,1,1,2
4.14,719,2.18,84.9,7.9,1,2,0,1
2.14,588,3.93,42.1,5.2,0,0,0,0
0.9,596,7.48,78.9,12.0,0,0,1,1
16.2,455,3.12,52.4,13.2,1,0,0,1
11.0,238,0.79,111.1,9.2,0,1,1,3
16.7,82,12.66,56.0,12.9,2,2,1,2
14.18,617,2.55,75.3,20.4,1,2,1,3
6.96,502,1.79,106.2,6.6,0,1,1,2
8.34,171,13.68,103.1,7.8,0,1,0,3
2.0,136,10.73,68.1,20.4,1,1,0,0
8.32,389,8.61,71.1,13.2,1,3,0,1
0.87,94,7.06,52.5,13.5,0,2,1,0
4.04,488,1.6,90.3,21.2,1,1,1,2
12.75,626,0.6,59.8,5.9,0,2,1,1
17.28,222,10.51,41.8,16.8,0,1,0,1
6.27,665,13.33,63.1,16.2,2,2,0,3
17.09,154,10.09,70.7,14.6,0,1,1,1
9.42,397,10.83,79.5,18.7,1,1,0,2
7.9,323,2.21,79.1,19.8,2,2,1,2
14.12,480,8.22,75.6,8.5,2,2,1,3
5.05,504,1.82,85.0,21.9,0,3,0,1
13.52,92,4.11,43.6,22.4,0,3,1,1
14.69,558,8.04,107.0,9.8,2,3,0,4
16.09,553,1.5,74.7,21.5,1,1,1,2
1.24,625,3.84,76.7,12.5,0,1,1,0
8.05,254,5.06,111.4,7.8,0,0,0,3
12.39,347,3.05,69.7,19.7,1,2,0,1
0.85,438,0.98,83.6,5.6,2,2,1,1
16.98,359,7.82,55.4,7.6,2,1,1,1
17.26,17,11.19,49.9,19.9,0,2,1,2
13.84,230,7.25,97.2,22.1,1,2,1,3
13.86,65,6.47,50.8,13.5,2,1,0,1
3.79,178,5.78,87.9,18.1,2,0,1,1
4.59,99,6.38,70.7,6.6,2,1,1,0
5.41,380,1.24,80.1,17.6,1,2,0,2
6.97,653,2.78,108.0,8.1,2,0,1,2
3.96,146,2.13,91.3,18.9,1,1,1,2
10.04,385,10.08,69.0,23.0,0,2,1,2
16.02,114,1.35,79.9,22.7,2,2,1,2
12.48,450,10.06,57.6,22.6,1,1,1,3
15.75,163,12.15,107.3,8.1,1,1,0,4
12.23,440,10.09,88.4,21.3,1,1,0,4
14.28,615,3.11,58.3,15.0,1,3,0,2
11.99,524,4.86,39.2,20.6,1,0,0,2
2.37,347,5.79,50.4,7.7,1,2,1,0
14.41,365,12.31,67.3,4.6,0,1,0,1
14.86,42,1.12,70.4,14.6,0,0,1,0
14.42,534,8.02,71.5,14.8,1,0,1,2
14.68,539,10.5,78.5,8.5,0,2,0,3
4.59,594,6.19,38.6,5.3,0,1,1,0
13.32,502,3.08,112.0,17.0,0,1,0,4
14.82,394,13.03,52.8,12.6,2,3,1,2
6.31,660,10.47,79.2,14.9,1,0,1,2
1.02,166,10.59,103.9,8.7,1,3,1,3
4.53,616,7.25,101.1,21.7,1,1,0,2
6.13,692,7.08,83.3,14.0,0,2,1,2
1.98,280,7.61,104.9,19.4,0,1,0,2
7.37,70,5.43,65.8,14.1,0,1,1,0
1.76,13,12.59,94.5,20.9,2,2,1,3
17.81,48,1.13,46.7,22.1,1,1,0,0
2.33,135,7.25,52.3,14.7,2,0,1,0
1.58,354,4.66,65.2,21.5,2,2,1,1
15.89,320,11.62,71.4,9.4,1,1,1,2
13.33,29,10.36,61.9,18.2,2,3,1,1
13.54,311,10.7,43.3,13.0,1,0,1,1
17.53,370,6.05,58.8,20.2,1,1,1,1
1.08,674,7.64,79.4,9.2,0,3,0,1
17.31,225,3.31,59.2,8.5,0,3,1,1
17.24,489,5.84,75.3,13.5,2,0,1,2
11.4,348,12.92,78.3,10.8,0,0,0,2
3.49,477,6.43,108.9,20.4,1,1,0,3
3.44,240,0.59,101.6,17.4,0,1,1,2
5.43,483,1.67,97.3,8.6,0,3,1,2
1.42,349,11.39,78.5,6.1,2,1,1,1
16.84,618,6.69,74.0,6.0,0,3,1,2
3.37,309,10.12,39.9,19.2,0,2,1,1
11.95,353,9.81,106.5,8.8,0,1,1,4
17.54,100,11.98,47.1,9.7,0,1,0,1
14.01,380,6.36,70.0,22.7,1,0,1,1
1.19,59,4.65,50.9,18.4,1,1,0,0
0.69,354,10.53,70.8,22.5,0,0,0,1
0.97,162,4.71,107.5,10.7,2,1,0,2
12.46,215,4.1,92.9,5.3,0,0,0,1
15.06,73,10.24,84.1,18.5,1,0,1,3
8.2,282,12.78,59.2,16.2,1,1,0,1
2.34,631,3.98,97.1,19.6,0,0,1,2
0.92,278,5.43,88.5,9.7,0,3,0,0
12.56,128,9.65,99.4,14.0,2,2,0,4
14.38,163,13.81,54.4,4.9,1,1,0,1
5.94,509,11.55,93.5,8.0,2,1,1,3
0.98,324,13.54,84.1,13.7,1,1,1,3
13.47,278,6.88,92.3,4.3,0,2,1,2
11.17,548,6.33,51.7,21.6,1,2,1,2
2.22,194,5.53,90.5,4.6,1,2,1,0
17.59,236,12.32,102.8,17.0,0,1,0,4
7.23,628,3.15,58.7,20.7,1,3,1,1
1.41,461,0.69,99.3,19.7,0,2,1,3
1.52,702,7.5,102.5,17.7,0,1,1,3
16.6,449,8.29,92.1,21.9,1,1,0,4
14.08,153,2.41,47.1,19.2,2,2,1,2
11.55,19,11.36,72.8,5.1,1,1,0,1
7.43,388,1.05,102.5,20.8,0,1,1,3
13.4,628,3.77,81.5,12.8,1,0,1,2
15.57,624,2.86,62.1,13.9,1,1,0,2
5.61,645,10.4,69.5,6.5,0,0,1,1
14.92,53,10.96,82.9,13.5,0,3,1,2
2.37,300,1.28,105.2,6.9,1,2,1,2
15.83,532,4.99,106.0,21.7,2,1,0,4
1.48,447,6.9,62.8,13.6,2,3,0,0
1.55,288,4.33,78.2,6.7,2,1,1,0
2.12,693,13.68,78.9,16.7,0,0,1,2
5.44,234,5.36,56.7,20.0,0,1,0,1
10.02,512,2.4,46.5,7.5,0,2,0,1
3.78,8,10.68,46.3,21.5,0,0,0,1
10.92,488,12.12,104.3,23.0,1,2,1,4
1.36,366,3.42,108.1,21.6,0,2,1,3
9.06,426,13.3,110.0,21.8,0,2,1,4
11.38,369,5.64,56.1,17.3,1,3,0,0
7.21,289,3.67,40.2,11.8,0,0,1,0
9.43,584,4.66,38.5,8.6,0,2,0,0
11.38,449,11.96,60.0,19.4,1,3,0,3
0.73,146,2.79,71.6,23.0,2,1,1,0
0.55,99,7.19,67.0,14.8,0,0,0,0
9.09,301,10.82,75.1,19.3,0,2,1,4
2.0,154,8.69,41.9,14.1,1,1,0,0
17.69,283,13.18,101.8,15.8,0,0,1,4
9.09,211,10.77,43.1,11.1,0,2,1,1
2.72,636,11.6,103.9,16.8,0,1,1,4
0.69,588,7.51,109.2,15.7,0,3,1,3
13.63,174,8.75,105.3,13.5,1,3,0,4
10.9,648,10.85,73.7,16.3,2,2,0,3
15.03,90,0.82,73.7,22.2,1,1,1,1
6.17,629,5.7,70.6,11.7,0,3,0,1
0.73,307,12.31,74.4,22.1,1,1,0,2
13.98,540,1.74,50.5,6.2,2,1,1,1
11.33,592,7.69,100.7,7.8,0,1,1,4
3.15,310,2.95,104.5,19.1,2,1,1,2
14.02,172,4.65,82.8,6.7,0,0,1,1
10.12,189,2.51,95.4,17.8,1,1,1,2
7.7,88,7.37,54.4,17.4,2,1,1,0
3.04,327,10.34,64.2,22.4,1,1,1,1
14.13,482,7.25,57.2,8.8,0,0,0,1
9.0,566,2.0,97.4,12.8,1,1,0,2
4.51,178,12.76,47.7,13.3,0,0,0,1
7.68,493,7.76,95.9,17.0,0,2,1,3
1.82,59,4.88,52.5,18.0,2,1,1,0
11.29,200,7.79,63.7,16.9,0,1,1,1
1.6,535,4.63,71.9,8.4,2,1,0,0
7.42,638,7.54,73.6,21.9,0,2,0,2
5.28,281,8.18,73.3,11.1,1,2,1,1
9.11,167,1.8,65.4,5.6,2,1,0,0
0.82,485,1.23,65.4,5.7,0,2,1,0
1.56,203,5.14,75.1,11.7,2,2,0,2
17.05,496,5.59,81.6,4.5,0,0,1,2
13.54,647,8.07,59.4,11.2,1,1,1,1
8.68,580,1.39,97.2,9.9,0,0,0,2
1.41,380,6.03,72.8,18.5,2,3,1,1
7.93,667,8.36,44.2,18.4,1,1,0,0
10.9,296,12.64,101.8,10.0,2,1,1,4
1.73,36,1.54,41.8,17.1,0,0,0,0
9.13,574,5.87,65.1,22.9,0,1,0,1
2.65,73,8.2,52.6,11.9,1,1,1,0
10.97,243,8.33,73.9,18.1,1,1,1,1
5.33,365,10.18,63.3,8.0,2,1,1,0
16.61,555,8.14,71.3,20.8,0,1,1,2
4.26,603,8.87,101.7,18.9,2,3,0,4
11.71,231,9.49,111.1,7.5,0,1,1,4
1.97,97,5.46,50.1,13.3,0,2,1,0
15.18,433,12.81,93.0,11.2,0,3,1,4
14.7,337,4.58,98.7,19.4,1,2,1,3
14.2,336,7.8,58.6,12.0,2,1,1,0
6.46,353,10.36,40.0,5.1,1,3,1,0
8.04,170,4.36,88.6,4.1,1,3,0,1
9.45,563,6.05,71.4,16.9,2,2,0,1
7.58,273,5.22,59.5,18.5,0,1,0,0
12.44,349,10.74,85.9,11.5,0,3,1,3
3.43,531,5.18,86.3,15.8,1,1,1,1
17.01,666,3.97,75.1,11.7,0,3,0,2
5.22,87,12.58,86.9,5.8,0,2,1,2
9.46,256,2.53,89.7,7.3,1,1,0,1
5.52,646,9.32,99.6,4.6,1,0,1,3
13.04,637,11.81,50.8,9.0,1,1,1,2
14.32,366,5.9,45.7,6.4,0,0,0,0
3.7,523,5.57,84.0,16.0,2,1,1,1
16.63,519,13.81,59.5,22.3,2,0,1,3
2.48,179,13.29,75.1,16.4,2,2,0,2
10.52,515,9.22,52.7,15.6,0,0,0,2
15.42,162,5.94,76.7,8.5,1,2,0,1
6.4,41,3.97,98.8,16.5,0,1,1,1
14.22,242,4.57,53.4,7.5,1,2,1,0
11.73,611,6.72,75.1,6.4,2,1,1,2
15.51,261,8.33,90.1,18.9,1,0,1,3
2.76,16,7.46,44.7,19.5,2,2,1,0
16.27,362,7.49,89.6,4.0,1,2,1,2
1.19,333,4.03,78.5,15.4,0,1,1,0
14.77,634,8.24,47.7,19.0,1,2,1,3
1.32,517,9.82,75.1,18.2,0,3,0,3
15.07,390,3.55,106.8,13.6,2,1,1,3
15.55,679,6.86,50.9,5.6,1,0,1,1
3.32,450,2.56,47.6,9.8,2,3,1,0
16.97,417,5.16,91.4,13.1,1,1,1,2
14.07,465,13.75,82.6,9.2,1,2,0,4
6.62,551,13.01,86.9,17.6,1,0,1,4
1.49,208,6.81,76.6,22.6,2,2,0,2
3.78,42,11.44,42.5,5.6,1,0,1,0
1.22,687,10.16,73.3,15.9,0,2,0,2
10.58,503,6.98,91.3,18.0,2,3,0,3
13.61,333,0.65,79.4,5.0,0,1,1,0
7.47,278,12.53,43.9,15.0,0,2,1,2
0.59,696,9.05,38.2,13.5,1,1,1,0
6.09,162,1.8,75.1,13.7,0,1,0,1
3.32,294,1.84,77.1,22.4,2,3,0,1
7.76,598,11.7,86.2,5.2,1,3,0,3
11.63,701,11.06,70.7,10.4,0,3,1,3
7.66,294,8.82,58.8,12.9,1,0,1,0
13.75,185,10.8,61.2,14.4,0,1,1,1
7.35,716,12.9,63.3,15.1,0,2,1,2
2.21,258,11.92,80.2,18.2,2,1,0,2
15.45,104,6.64,52.7,21.8,2,1,1,1
11.05,17,12.6,63.9,8.7,1,1,1,0
17.82,9,12.82,93.4,7.6,1,3,1,3
8.53,271,2.53,78.0,18.1,1,1,1,1
14.38,634,6.26,41.1,5.1,0,2,0,2
6.04,263,1.41,106.0,7.7,2,1,1,2
8.47,237,12.94,96.9,17.0,0,2,1,3
1.87,85,9.98,46.5,10.1,0,1,0,0
4.07,701,9.75,63.4,10.9,2,0,1,1
12.13,497,0.79,41.3,5.3,0,1,1,1
9.39,67,4.31,66.7,20.6,1,1,0,0
4.35,682,13.1,38.1,17.7,1,0,0,2
10.02,543,9.92,73.1,17.5,1,1,0,2
0.75,201,10.6,91.0,5.5,2,1,0,2
10.08,628,6.51,41.9,10.2,1,0,1,1
6.25,589,3.2,102.7,14.4,0,3,1,3
13.77,178,7.25,77.2,8.5,0,1,1,0
3.53,608,7.98,85.6,18.2,2,3,0,2
2.26,473,3.67,101.7,10.3,0,0,1,2
2.36,357,12.56,69.0,4.4,0,2,1,1
17.3,102,6.54,60.1,7.2,2,2,1,1
15.31,329,9.9,93.1,22.7,2,3,0,4
4.15,281,9.59,111.8,13.5,0,2,1,4
5.43,625,5.4,103.1,19.8,2,2,1,3
4.49,75,8.93,52.8,20.9,2,1,0,0
6.06,469,5.01,43.9,13.5,0,3,1,0
15.92,540,10.45,75.7,15.6,2,1,1,3
9.36,668,7.79,112.0,18.6,0,3,1,4
12.92,243,7.25,53.7,17.8,0,3,1,2
17.81,414,3.06,39.8,15.3,1,0,1,1
5.31,229,13.4,97.5,7.2,0,1,1,3
6.05,451,3.03,82.4,12.6,0,0,1,0
11.24,627,10.3,74.5,20.5,1,2,1,3
4.52,304,13.55,82.3,8.2,2,3,0,3
3.56,506,4.7,75.1,21.2,0,1,1,1
9.01,213,10.91,81.2,6.1,0,1,0,1
11.6,58,8.29,67.9,4.4,2,0,0,0
6.82,705,4.06,38.3,18.8,2,2,1,2
7.54,526,10.49,46.4,16.6,0,1,1,2
3.68,342,9.63,60.2,7.7,0,2,1,0
3.77,512,7.24,99.8,17.0,1,0,0,3
11.4,121,8.1,50.0,8.0,1,0,1,0
10.31,136,11.01,83.0,22.4,1,1,1,3
1.43,149,4.94,73.5,12.5,0,1,0,0
1.4,545,10.65,41.4,9.5,2,2,1,1
15.23,333,13.87,111.7,7.1,1,0,1,4
5.06,41,4.19,102.9,20.1,0,2,1,2
17.23,327,12.07,105.3,8.7,1,1,1,4
4.66,467,1.52,76.2,8.5,1,1,1,0
15.89,47,6.66,65.7,10.1,2,1,0,0
1.7,371,13.55,82.5,17.3,0,0,1,3
7.61,258,6.83,100.3,4.8,1,2,0,2
14.55,313,0.82,75.1,4.4,1,1,1,0
4.83,517,4.74,106.6,22.8,2,0,1,3
0.94,534,3.12,78.8,14.0,2,1,1,1
13.92,277,2.78,110.7,15.7,0,1,1,3
17.73,174,13.87,105.6,15.8,2,3,1,4
15.09,497,3.82,106.4,6.4,1,1,0,3
16.24,307,0.7,105.5,8.4,1,1,0,3
2.03,424,1.67,111.9,17.9,2,0,0,3
10.35,87,3.88,80.0,18.8,0,2,1,1
13.89,696,8.13,69.1,15.4,0,3,1,3
13.07,579,11.41,48.2,7.6,0,0,0,1
5.84,71,6.77,53.3,7.0,2,1,1,0
3.95,649,9.08,92.6,16.1,0,3,0,3
8.54,258,12.43,105.5,4.7,1,0,1,4
15.81,405,9.97,75.1,22.0,0,1,1,4
10.52,106,4.67,103.5,13.4,0,0,1,2
17.19,605,5.8,39.6,10.2,2,1,1,1
11.93,51,9.6,81.9,21.1,1,0,1,2
16.42,310,3.1,109.9,21.5,2,1,0,4
17.18,690,7.74,65.0,11.2,0,3,1,2
5.06,58,5.53,68.6,5.7,0,1,1,0
5.88,128,1.29,92.7,11.9,1,1,0,1
15.63,584,12.22,59.3,8.0,2,2,1,3
0.81,134,3.99,63.8,8.1,1,0,1,0
8.05,199,8.96,100.5,4.0,1,3,1,3
12.46,657,6.86,53.0,10.1,1,0,0,2
14.39,236,1.53,99.2,8.1,0,0,1,2
13.64,482,8.89,75.1,15.9,1,3,1,4
5.84,58,5.52,75.4,17.3,1,0,1,0
15.62,428,6.58,76.0,10.8,1,1,0,2
3.89,249,8.28,51.5,7.6,0,2,0,0
9.41,86,7.55,83.2,9.8,0,2,1,1
6.2,646,8.69,63.3,4.4,2,1,1,1
14.1,246,2.69,44.0,11.5,0,1,1,0
8.32,686,11.73,76.4,17.5,0,1,1,2
17.12,455,13.05,82.5,4.7,0,1,1,3
6.21,467,11.48,111.2,19.1,0,0,0,4
5.65,22,7.49,95.2,14.6,1,2,1,2
17.96,487,11.72,38.7,12.5,1,3,1,3
5.1,609,4.05,104.3,12.2,2,1,0,3
10.6,317,4.98,111.7,21.1,0,0,1,3
3.11,29,5.42,100.0,21.7,0,1,1,2
3.65,502,7.25,67.4,15.6,0,1,1,2
15.82,253,13.51,105.8,21.4,2,1,1,4
16.41,216,1.36,75.1,16.7,1,1,1,0
7.03,445,6.55,98.7,7.2,1,1,1,2
15.89,405,10.62,90.6,13.8,0,1,1,3
9.93,593,5.04,64.1,6.2,1,2,1,0
0.41,605,8.5,109.5,13.3,0,0,1,3
1.77,719,12.87,92.4,16.3,1,1,0,3
16.16,84,12.71,83.9,15.5,0,1,1,3
13.08,216,13.27,106.0,9.7,0,1,1,4
6.52,17,5.56,61.6,18.2,1,3,1,0
11.29,206,6.57,55.3,16.9,0,0,0,1
7.14,669,7.1,73.7,4.4,0,1,0,1
5.06,387,2.09,98.1,7.0,0,3,1,1
6.62,288,7.21,71.0,16.8,2,1,0,1
12.91,705,1.11,108.0,16.3,2,1,1,4
5.7,607,3.77,94.0,12.6,0,2,1,2
9.13,499,4.2,59.9,12.1,0,2,0,1
3.31,484,2.03,47.4,18.2,0,1,1,0
9.29,409,7.44,93.5,20.5,2,1,1,3
5.19,83,13.72,85.4,16.2,1,3,0,3
7.57,634,3.97,75.1,14.8,0,2,0,1
4.89,273,10.12,47.0,18.5,1,3,1,1
12.25,180,10.26,61.6,4.6,0,1,1,0
2.33,334,13.41,68.3,18.0,0,3,0,1
9.33,51,8.45,92.1,18.1,1,2,0,3
12.08,259,5.98,43.6,6.7,2,0,1,0
15.08,443,2.18,112.0,13.5,0,2,1,4
6.1,691,7.14,39.1,17.1,2,2,1,2
4.93,41,5.55,101.5,4.8,0,1,1,1
4.89,553,0.83,80.0,8.0,2,3,0,1
9.03,257,13.64,74.2,8.2,0,3,1,2
11.16,454,7.39,49.5,18.3,0,1,1,2
14.48,80,7.81,91.4,14.0,0,3,0,2
17.06,696,7.25,63.0,19.1,1,1,0,2
4.28,499,13.63,101.3,21.7,0,0,1,4
2.22,493,5.97,66.6,14.7,2,1,1,1
16.41,57,2.3,63.3,12.8,0,3,1,1
7.04,300,8.21,80.6,5.6,0,2,1,1
3.13,592,10.75,74.1,13.5,1,3,1,1
16.31,452,1.01,92.7,13.5,1,1,1,2
8.34,24,2.92,62.3,18.7,1,1,0,0
14.0,325,7.03,42.4,10.2,2,0,1,1
16.88,46,0.83,109.6,6.4,1,2,0,3
0.47,39,9.88,77.2,12.4,0,1,1,0
14.38,697,5.26,88.6,20.5,0,3,0,3
4.74,467,10.02,90.7,14.1,0,1,0,3
3.0,685,3.72,106.5,13.7,1,1,1,3
3.18,72,9.14,103.2,11.9,0,3,1,3
16.72,356,3.98,86.6,15.3,0,0,1,2
4.19,591,10.24,100.3,6.6,0,0,0,3
16.44,572,2.0,70.1,5.9,0,2,1,2
6.83,324,0.53,58.8,4.3,0,2,0,0
8.16,134,0.68,61.0,14.6,0,2,0,1
9.26,226,1.13,97.8,10.8,1,3,1,3
2.48,200,6.32,97.4,15.3,2,2,1,2
3.64,406,11.38,93.6,21.2,0,3,1,3
0.93,639,9.51,88.6,15.7,1,2,1,3
11.17,621,2.84,75.1,9.8,1,1,1,1
2.8,263,10.5,111.8,17.3,1,1,0,4
17.6,698,8.44,45.6,7.2,2,3,1,3
6.43,190,8.4,59.2,19.2,2,1,1,1
15.95,309,1.59,65.7,10.6,2,1,1,0
0.81,264,1.93,105.3,11.3,2,2,0,2
12.2,376,4.58,63.1,5.0,1,3,0,0
14.4,455,12.55,39.9,9.1,2,3,0,3
16.79,651,13.62,52.6,6.7,0,1,0,2
7.0,452,13.04,51.9,15.9,0,3,0,2
17.89,375,12.22,107.7,22.2,0,1,0,4
10.46,119,9.26,61.0,21.7,0,1,1,1
17.86,590,12.28,78.4,17.9,1,0,1,3
8.64,74,9.67,95.6,7.6,0,2,0,3
1.83,474,4.52,46.1,5.9,2,2,0,0
16.73,598,13.1,105.2,6.0,2,0,1,4
15.08,403,8.08,54.3,19.9,2,1,0,2
2.79,330,8.82,96.9,9.6,1,0,1,2
5.0,689,5.46,91.5,17.4,1,1,1,2
3.93,562,9.74,92.0,4.4,2,0,0,3
0.93,155,7.53,86.9,20.6,1,1,1,1
2.35,61,10.51,51.1,10.3,1,3,1,0
11.44,583,5.26,90.0,13.5,0,1,1,2
16.92,88,7.94,80.1,19.3,0,1,1,2
11.18,271,1.53,81.9,11.5,2,1,1,0
15.82,169,9.45,71.8,9.4,0,2,1,1
3.74,692,1.57,61.9,15.8,1,3,1,0
5.05,452,8.11,83.0,8.5,0,1,1,1
14.55,492,10.77,59.7,8.1,2,1,1,2
11.56,308,8.6,87.6,21.5,2,2,1,3
11.32,219,13.72,70.5,10.8,0,2,0,2
12.24,313,7.25,69.6,14.0,0,1,0,2
15.82,82,3.87,52.1,15.5,2,2,0,0
14.75,704,1.67,46.4,10.3,0,0,0,2
9.92,282,13.93,52.8,4.6,0,1,0,1
0.94,257,5.39,110.3,4.3,1,0,1,2
14.31,434,9.23,108.8,18.1,0,1,1,4
5.63,548,13.61,64.3,11.6,2,0,1,2
5.21,482,3.89,54.8,15.1,0,1,0,0
9.68,95,3.89,96.6,17.5,0,1,1,2
14.33,451,6.98,78.9,5.7,0,1,1,1
0.64,527,9.66,40.2,8.8,0,1,0,0
9.2,387,4.61,111.8,8.4,0,1,0,3
3.63,577,11.7,55.3,12.7,2,2,1,2
5.99,157,12.08,93.0,6.0,0,1,0,3
9.11,541,5.94,45.8,6.2,2,2,0,1
9.34,442,6.32,81.4,19.4,1,2,0,2
5.74,286,13.03,48.5,15.7,0,1,0,2
15.74,206,11.72,45.7,12.3,1,1,0,2
12.5,93,7.85,45.0,4.1,1,1,1,0
10.59,672,2.89,102.4,13.0,1,3,0,4
8.3,420,7.43,48.4,17.3,1,2,1,0
10.09,361,12.71,95.2,20.2,0,2,1,4
16.16,714,12.67,78.7,7.9,1,2,1,3
1.35,442,3.81,72.2,21.1,0,1,1,0
10.27,623,6.07,64.8,4.1,0,2,1,1
16.3,124,8.38,56.1,6.7,0,3,1,1
11.17,590,12.21,43.7,21.1,2,0,0,3
17.7,262,2.69,55.5,9.8,2,0,0,1
0.5,138,2.82,70.9,20.8,2,1,1,0
4.88,229,12.12,53.0,7.1,0,1,0,0
9.97,125,5.78,74.7,14.2,1,2,1,0
17.64,108,11.71,82.0,21.5,1,2,0,3
13.52,435,4.0,50.4,5.3,2,1,1,0
9.51,155,12.96,51.8,14.8,0,1,1,1
13.44,609,10.9,78.9,12.6,2,1,0,3
8.97,328,13.84,74.3,16.3,1,1,0,2
15.83,39,0.63,102.0,5.6,2,3,1,3
15.79,693,11.27,65.0,21.9,0,1,1,3
14.79,147,12.0,44.4,5.0,2,1,1,1
5.9,471,1.22,78.9,13.7,1,2,1,1
2.25,93,11.01,92.0,5.8,0,2,1,2
3.3,506,2.32,87.6,10.0,1,1,1,1
16.07,582,4.24,52.9,15.9,1,1,1,2
14.04,464,1.43,110.3,11.2,0,0,0,4
13.83,631,8.77,85.3,5.2,0,0,1,3
7.83,713,13.19,88.0,19.3,0,1,0,4
7.47,319,5.89,60.1,18.7,0,0,1,0
4.69,84,5.17,68.7,5.5,1,3,0,0
9.32,62,7.11,39.7,17.2,1,1,1,0
10.42,13,2.51,64.5,7.8,2,3,1,0
11.84,230,9.1,91.2,9.9,1,0,1,3
2.06,218,12.56,109.2,16.5,0,1,0,3
6.48,540,1.53,103.1,5.6,1,2,1,3
8.25,629,11.72,56.6,8.6,0,0,0,2
1.32,531,11.9,65.8,12.4,1,2,0,1
14.78,456,10.75,48.4,22.4,0,0,1,2
11.85,514,4.58,75.1,13.1,1,0,1,1
11.78,348,7.68,108.4,21.0,1,1,1,3
8.76,447,6.22,81.4,4.7,2,2,1,2
10.34,368,4.98,110.0,13.1,0,1,0,3
17.56,251,3.59,100.7,5.8,0,3,1,3
13.2,378,6.02,57.5,18.3,2,1,1,1
15.34,436,8.54,44.1,18.5,0,0,1,2
9.97,314,7.38,70.9,13.9,0,1,1,0
17.92,35,11.06,101.3,19.7,1,1,1,4
17.81,63,1.95,47.3,5.4,1,2,0,0
11.52,184,11.2,98.0,17.4,1,0,1,3
17.05,350,4.47,93.9,11.5,0,2,1,2
9.18,297,8.88,90.8,13.5,1,0,1,3
17.33,401,3.03,101.3,13.5,2,0,1,3
1.09,640,10.41,72.8,12.2,2,1,1,1
17.1,484,9.43,71.6,21.4,2,1,1,3
0.6,145,9.79,82.0,6.4,0,0,1,0
0.79,325,11.54,66.2,6.4,2,1,0,1
11.54,345,8.74,51.7,21.9,1,1,0,2
8.81,270,9.85,40.1,14.1,2,0,0,1
1.06,201,2.05,57.7,14.7,1,2,1,0
5.55,641,8.2,39.3,9.8,0,1,1,0
2.97,77,8.53,56.7,19.5,1,1,1,0
5.35,107,5.62,109.5,14.2,2,2,0,3
9.36,294,11.02,48.6,11.7,1,2,1,1
11.03,572,7.75,85.9,5.1,1,1,1,2
3.1,295,8.04,69.5,13.0,2,0,1,0
14.5,525,8.31,68.3,15.0,1,3,1,2
13.13,158,4.05,89.9,16.3,0,1,1,2
1.53,119,13.09,44.9,16.8,0,3,0,1
13.72,615,9.6,73.6,5.7,1,2,0,3
3.8,328,5.68,72.7,21.6,2,1,0,0
3.37,425,3.17,98.2,6.5,0,2,1,1
15.82,658,7.47,96.2,15.8,1,2,0,4
11.52,666,5.61,41.0,6.0,1,1,1,1
2.95,105,4.4,100.8,21.9,2,0,0,2
4.29,353,7.0,78.0,7.4,1,2,0,1
2.7,494,3.1,104.4,19.6,0,0,1,3
2.58,199,12.12,69.3,20.3,1,3,1,1
0.63,338,0.81,85.5,21.2,1,1,1,0
10.76,218,7.2,111.0,21.0,1,0,1,3
15.65,125,12.15,77.9,16.7,1,0,1,2
16.39,58,13.35,89.4,9.5,1,3,0,4
14.62,423,11.58,107.9,5.7,0,1,0,4
15.26,91,2.21,78.0,20.8,1,2,1,1
10.68,106,13.44,54.6,22.8,1,1,0,2
5.55,477,12.04,108.6,18.4,2,1,0,4
11.96,644,0.81,75.1,15.4,2,2,1,2
14.92,520,12.27,48.2,14.4,1,3,0,2
10.01,568,3.38,92.6,14.2,0,1,1,2
5.67,497,5.49,88.8,20.7,0,1,0,2
10.22,311,12.2,56.7,17.2,1,0,1,1
11.47,288,10.44,98.3,12.8,0,3,0,4
4.11,619,3.19,62.3,14.9,0,1,1,0
12.83,402,7.37,72.0,16.3,1,3,1,2
6.74,693,8.28,78.6,19.7,0,1,1,2
7.62,523,2.58,111.7,17.6,0,1,1,4
16.37,441,7.57,54.5,21.9,1,1,1,2
1.72,345,1.11,48.9,7.0,1,3,1,0
3.58,404,1.73,52.0,13.9,1,3,1,0
14.39,481,6.86,84.0,21.9,0,1,1,3
10.12,114,1.02,52.3,14.8,2,2,0,0
2.99,369,9.42,69.6,18.1,0,1,0,1
15.72,709,6.59,91.4,19.6,0,1,0,4
14.03,686,7.25,79.0,15.0,2,2,1,3
13.93,130,13.51,111.1,7.5,2,2,1,4
12.13,250,9.06,49.7,10.9,0,3,1,1
15.59,608,1.46,67.8,6.5,2,2,1,2
10.46,234,8.79,56.8,8.5,1,0,0,0
11.58,316,6.59,75.1,22.8,1,1,1,3
12.06,509,10.31,98.1,19.2,1,1,1,4
0.63,314,5.71,106.3,4.3,1,2,0,2
2.12,642,7.81,54.8,12.5,0,3,1,1
15.86,87,11.19,73.5,15.6,1,0,1,1
9.53,546,3.84,40.8,15.2,0,2,1,1
2.23,436,11.79,85.4,13.5,0,0,0,3
9.85,345,1.05,56.0,10.4,2,3,1,1
3.86,672,13.65,75.1,20.3,1,1,1,2
7.34,41,12.63,80.7,12.0,0,1,1,1
4.86,628,3.92,103.6,9.9,2,3,1,3
4.37,365,8.57,71.7,8.7,2,2,1,1
8.96,494,4.1,82.6,7.9,1,1,0,1
3.1,495,3.21,98.0,4.7,2,0,1,1
11.48,102,4.19,58.7,14.6,0,1,1,0
1.99,328,10.23,82.5,11.0,0,3,1,2
0.52,365,11.79,75.1,17.9,1,0,0,2
15.68,553,6.61,65.0,5.3,1,2,1,1
1.85,427,4.38,101.9,6.4,2,0,1,2
13.22,146,10.22,74.6,15.4,2,0,0,2
11.16,559,9.04,45.7,19.1,0,0,1,2
1.53,613,3.5,86.7,15.4,1,1,1,1
3.71,567,11.34,57.7,5.9,1,1,1,1
12.27,597,11.55,100.6,6.6,1,1,1,4
17.03,174,5.9,65.0,15.9,2,2,0,2
15.07,630,5.0,73.1,5.3,2,2,0,2
16.24,447,5.02,81.7,11.0,1,1,1,2
5.38,381,6.61,44.1,8.2,2,3,0,0
16.89,538,8.35,49.4,16.0,0,1,1,2
15.49,547,8.84,43.8,8.6,0,0,0,2
9.23,71,11.04,106.9,17.2,0,2,0,4
7.02,390,7.25,54.3,8.4,0,3,0,0
3.98,83,10.6,88.1,13.5,0,3,1,2
10.86,178,11.53,100.7,8.8,1,2,1,4
17.15,623,12.5,74.2,14.1,0,1,0,3
13.29,396,9.52,56.8,5.5,0,0,1,0
5.74,390,6.68,75.5,12.6,1,1,0,1
12.17,693,12.35,50.8,11.7,0,2,1,3
10.93,367,13.26,100.0,11.7,0,2,0,4
16.25,51,12.75,52.5,16.8,1,1,1,2
16.64,423,4.48,95.1,21.4,2,1,0,4
13.0,246,11.12,109.8,18.8,2,0,0,4
3.66,206,6.88,40.8,9.8,0,0,1,0
15.89,459,9.28,106.6,23.0,2,2,1,4
11.52,643,1.83,90.6,19.5,1,2,0,4
17.81,295,9.13,110.3,18.6,0,2,1,4
3.38,276,7.39,86.6,21.8,1,2,1,1
11.19,43,7.77,110.8,7.2,2,0,1,3
15.64,628,8.74,66.3,4.4,0,1,1,2
12.32,520,5.67,63.0,20.0,2,3,0,3
0.64,557,4.42,93.8,14.8,2,2,0,2
11.12,691,4.34,66.1,7.3,1,1,0,1
2.26,297,7.15,60.3,18.4,0,2,0,1
12.57,438,11.14,56.4,6.8,0,1,1,1
10.53,515,6.81,74.1,11.4,0,1,0,2
4.34,567,3.15,69.6,5.8,1,0,1,0
17.11,356,4.74,64.0,4.9,2,1,0,0
1.84,242,7.16,39.6,10.2,2,1,1,0
7.77,121,9.97,53.2,21.0,0,0,1,1
2.82,75,2.42,64.3,8.3,2,1,1,0
12.36,540,8.03,68.2,10.9,2,1,0,2
2.41,699,1.34,103.1,21.2,2,0,1,3
6.83,374,13.55,39.9,10.1,0,0,0,1
14.77,19,13.29,49.3,7.4,2,1,1,2
9.63,718,1.36,89.4,17.4,0,3,1,2
7.4,494,4.99,83.3,20.2,2,0,1,1
13.34,604,1.58,43.4,19.6,2,3,1,2
12.62,589,0.69,104.4,16.6,0,1,1,3
13.12,496,12.32,68.7,11.5,0,2,1,3
4.11,166,7.25,44.1,10.0,0,3,1,1
2.8,333,10.33,88.8,21.1,1,3,1,3
3.35,673,4.73,41.1,13.5,0,1,1,0
7.68,131,2.52,96.0,16.6,1,0,1,2
9.35,627,1.28,58.9,21.7,1,0,0,1
2.16,470,6.36,41.8,16.7,2,1,1,0
16.47,679,5.6,78.7,7.2,1,2,0,3
13.39,459,3.74,72.6,7.5,0,1,1,0
10.36,533,7.9,53.9,20.7,2,1,1,2
6.29,105,9.36,68.3,7.8,1,1,1,0
2.86,317,13.89,89.4,16.4,0,2,0,3
13.89,474,8.73,103.6,8.3,0,0,1,4
0.98,587,8.09,103.2,13.5,1,2,1,4
17.03,163,6.01,109.3,8.9,2,1,1,3
2.81,175,1.97,53.1,9.7,1,1,1,0
2.49,546,7.25,55.7,18.1,1,1,0,1
9.45,279,1.18,81.4,20.8,2,1,0,2
15.42,562,4.62,107.6,10.2,1,3,1,4
3.51,101,0.92,39.9,6.6,1,0,1,0
5.97,565,1.75,88.6,11.8,2,2,1,2
4.67,268,13.58,92.6,10.4,0,0,0,3
15.47,204,5.79,99.3,4.5,0,2,1,2
3.3,654,11.21,104.9,5.2,2,1,1,4
3.51,314,4.73,111.0,20.7,0,3,1,3
3.84,32,3.84,76.5,12.2,1,1,0,0
8.89,689,9.27,72.2,15.8,0,1,0,2
6.45,650,13.53,38.8,11.5,1,0,1,2
9.26,36,9.21,59.7,5.4,0,0,0,0
1.37,233,2.22,111.5,10.6,1,1,1,2
6.15,297,12.55,74.4,12.4,2,1,1,2
15.64,456,5.48,78.9,9.3,0,0,1,1
0.75,501,13.97,99.2,6.6,0,2,0,4
4.39,218,11.64,99.4,19.5,0,2,1,4
17.69,129,7.54,76.7,7.3,0,1,1,1
1.14,294,13.66,99.2,7.9,0,2,0,3
6.73,394,8.9,45.0,10.5,0,2,0,1
3.25,378,10.89,70.2,11.4,0,0,1,1
15.46,159,4.47,59.2,5.4,0,2,0,0
8.32,615,13.94,94.7,18.1,1,3,0,4
9.19,119,1.87,49.0,13.9,1,1,1,0
17.28,534,1.33,42.9,9.5,1,0,0,1
2.03,7,3.43,68.8,10.8,0,3,0,0
4.63,642,11.2,80.4,9.2,1,1,1,1
4.69,539,2.36,40.4,16.8,2,1,1,0
7.52,648,6.09,41.5,16.1,2,2,0,2
6.29,587,2.29,93.5,11.1,1,1,1,1
1.25,606,7.25,62.7,16.1,0,3,1,1
12.46,301,12.24,84.8,21.0,2,1,0,4
10.49,39,11.72,111.1,19.9,1,1,0,4
4.78,580,10.63,94.8,18.9,0,2,1,4
6.91,269,13.85,102.1,7.0,2,1,1,4
5.27,606,5.52,82.5,18.4,0,2,0,2
0.7,648,4.53,64.2,11.6,0,1,1,0
5.36,305,13.91,60.1,14.8,0,3,0,2
0.79,215,9.93,99.3,21.3,1,3,1,3
2.39,581,13.13,72.1,4.1,0,3,1,2
15.89,80,10.57,75.1,5.4,1,1,0,0
15.9,574,7.13,107.6,16.1,0,3,1,4
16.16,174,11.88,111.4,11.6,0,1,0,4
4.29,37,13.84,57.8,14.9,2,0,1,1
9.34,239,0.71,63.0,18.9,0,3,1,0
0.95,92,7.25,53.8,19.5,0,2,0,0
8.82,205,4.57,78.0,22.5,0,3,0,2
2.84,70,11.92,61.0,9.8,0,2,0,0
14.31,660,0.68,99.1,9.9,0,2,0,4
12.85,342,8.8,60.9,13.5,1,1,0,1
15.66,142,9.34,86.5,16.0,0,3,1,3
9.15,489,0.89,70.4,7.9,1,1,0,0
17.42,129,4.88,106.7,10.7,1,0,1,3
17.86,134,2.96,50.2,8.9,2,3,1,0
12.77,311,2.76,90.7,13.8,1,2,1,2
9.8,568,8.38,87.0,5.3,0,2,1,2
8.82,382,12.1,103.4,11.9,1,0,1,4
1.3,442,2.5,96.6,9.0,2,2,0,2
6.74,386,8.73,78.4,19.7,1,2,1,2
10.85,240,11.43,95.0,13.8,1,2,1,4
12.43,323,7.47,96.0,18.7,1,0,1,3
1.22,158,1.35,40.0,8.8,0,0,0,0
1.38,107,9.68,86.7,9.0,0,0,1,1
15.16,375,3.4,78.0,22.2,2,2,0,3
11.18,180,12.77,57.8,18.0,0,2,1,2
10.79,22,9.8,53.3,14.8,1,1,0,1
1.64,212,7.85,106.8,9.4,1,0,1,3
5.74,80,13.05,76.4,19.2,0,0,1,1
9.64,139,12.32,47.3,6.1,0,1,1,0
9.75,653,13.33,81.7,9.5,0,1,0,3
14.9,401,7.47,75.0,18.9,0,0,0,2
1.79,715,11.94,52.1,10.6,2,0,0,2
2.55,387,8.59,77.0,19.5,1,1,1,0
15.83,257,11.35,78.4,11.4,2,3,0,3
8.89,618,4.1,61.7,6.4,0,1,0,0
10.6,85,13.72,47.4,14.3,0,2,0,2
10.8,562,13.75,105.2,15.5,1,0,1,4
5.22,664,8.33,81.6,13.1,2,2,1,2
8.19,180,1.15,82.2,10.1,1,1,1,0
11.28,623,6.04,74.3,11.1,1,3,1,2
1.24,550,9.81,73.9,5.4,0,1,0,1
15.36,99,8.35,108.0,9.6,0,2,1,4
16.42,278,8.11,81.4,8.0,1,1,1,1
11.87,35,1.82,70.5,9.7,2,1,1,0
8.38,421,7.68,95.5,17.7,0,0,0,2
11.29,377,2.51,85.6,4.4,0,1,1,1
6.75,87,6.47,58.4,9.7,2,1,0,0
0.48,658,0.82,71.8,15.4,0,1,0,0
17.53,269,7.7,71.2,11.2,0,1,1,1
8.69,49,7.25,72.7,14.4,1,1,0,0
14.7,230,7.64,61.5,12.1,1,1,1,1
14.27,541,1.32,55.3,9.5,2,2,1,2
17.92,331,3.08,64.1,22.0,1,0,0,2
1.09,185,13.64,70.6,17.2,0,0,1,1
17.52,152,7.52,52.3,11.1,2,1,1,1
17.92,54,12.34,56.4,12.6,1,3,0,2
8.07,571,10.41,45.2,5.3,0,3,0,1
14.97,678,1.83,90.1,13.5,2,1,1,3
3.4,554,1.09,102.0,17.6,2,1,0,3
12.18,556,11.75,111.9,14.9,1,0,1,4
17.73,285,3.13,107.2,22.1,1,1,1,4
11.61,72,11.52,63.3,12.3,1,2,1,1
14.01,385,13.46,52.5,15.3,0,2,1,2
0.63,186,1.74,79.9,20.2,1,0,0,1
13.74,15,11.08,84.5,8.7,2,0,0,2
10.6,216,8.05,53.6,13.7,0,1,1,1
4.71,21,2.95,106.2,9.8,2,3,0,2
9.43,467,6.72,79.0,5.4,0,2,0,2
15.09,39,0.64,63.3,7.7,0,3,1,0
16.21,511,5.34,109.5,10.7,0,2,1,4
11.34,80,5.12,103.1,16.4,0,0,1,2
16.14,329,0.89,75.1,7.7,1,3,1,2
8.79,622,10.83,75.5,11.1,2,2,1,2
14.61,323,6.69,56.3,19.4,2,1,1,1
15.37,364,11.98,74.4,13.5,1,1,0,2
6.97,433,7.74,75.3,9.4,0,1,1,1
9.52,391,12.41,54.6,15.2,2,1,0,2
3.32,432,1.18,65.1,22.9,2,1,0,1
11.63,46,10.81,75.1,5.8,1,2,0,3
2.17,15,6.4,39.2,4.5,1,1,0,0
11.01,229,12.06,111.5,11.2,0,0,1,4
17.79,620,10.71,74.0,8.9,1,3,1,2
12.99,27,13.13,79.3,22.7,1,0,1,2
0.91,295,3.89,75.3,15.2,2,2,0,1
11.86,631,0.96,102.3,19.9,0,1,0,4
16.48,720,10.6,81.0,13.2,1,0,0,4
11.23,243,11.63,41.9,9.6,0,3,1,1
14.93,382,3.35,102.4,8.7,1,1,1,2
7.46,561,3.33,81.8,10.1,2,3,1,2
10.91,491,8.82,67.5,8.3,2,0,1,1
8.72,262,7.7,42.0,11.1,1,3,1,1
3.52,374,2.13,73.8,13.4,2,2,0,1
17.5,41,4.56,93.1,4.4,0,1,0,1
5.23,508,8.82,69.3,20.7,1,2,1,1
3.27,145,3.55,50.2,5.1,0,1,1,0
7.98,498,3.76,75.1,6.1,0,1,1,1
6.2,620,12.12,85.0,17.1,0,1,1,3
5.8,109,7.31,48.2,8.6,1,2,1,0
5.34,123,1.81,42.6,17.9,0,3,1,0
15.16,616,11.66,104.2,13.9,0,1,0,4
4.93,668,1.45,58.4,14.3,1,2,1,0
17.48,17,2.71,66.0,9.1,1,2,0,0
17.78,583,6.66,110.2,18.2,2,2,1,4
9.59,716,2.19,38.8,11.7,0,0,0,0
14.53,579,4.84,103.6,22.2,1,1,1,4
7.6,509,8.2,68.3,12.1,0,0,1,1
8.68,635,12.73,100.8,21.5,0,1,1,4
11.36,160,4.6,70.7,13.6,0,0,1,0
11.34,159,12.86,53.6,11.0,0,2,1,2
4.64,444,2.66,48.0,8.1,2,0,0,0
1.03,462,5.86,93.9,5.8,0,1,0,1
4.31,447,3.53,67.4,19.5,0,2,0,1
13.53,437,3.68,107.2,9.6,2,0,1,3
13.1,682,7.84,49.2,9.7,2,1,1,2
4.62,632,4.02,110.2,4.4,0,1,0,2
17.78,305,4.89,64.8,13.8,0,1,1,0
16.78,475,12.62,80.5,13.1,2,0,1,3
10.87,198,6.76,73.0,10.2,0,3,0,1
12.78,666,1.42,79.6,6.9,0,2,1,2
6.07,17,0.74,52.1,17.8,2,3,1,0
12.62,398,10.88,68.0,16.4,1,1,1,2
10.56,480,8.34,102.5,8.9,2,2,1,4
6.02,669,2.6,75.1,21.9,1,2,1,3
7.1,393,0.81,67.8,7.2,0,2,0,1
8.23,38,5.31,89.8,21.4,0,1,1,1
8.57,225,13.01,40.6,7.7,0,3,1,1
6.05,337,11.9,42.6,12.3,1,3,0,2
13.18,580,1.17,51.6,6.6,0,1,1,0
4.92,324,5.81,62.4,19.8,1,2,1,0
16.58,20,1.29,103.4,19.6,1,2,1,3
4.22,214,12.75,82.2,6.3,0,3,1,2
0.81,518,3.1,58.1,13.4,2,0,0,0
14.47,23,4.43,50.9,12.4,0,0,1,0
17.7,706,7.76,44.3,14.0,0,0,1,2
9.56,321,8.26,57.5,4.3,0,1,1,0
10.28,481,2.08,73.3,10.0,0,3,1,2
11.35,45,13.33,68.4,15.3,0,3,0,2
5.67,37,3.28,39.0,10.9,2,1,1,0
13.9,434,7.36,58.4,17.6,0,2,1,1
7.92,285,9.33,89.7,11.4,1,2,1,3
5.06,644,7.25,94.6,14.7,2,1,1,2
15.28,5,1.01,79.1,15.1,0,1,1,0
9.38,489,8.99,98.4,16.3,1,1,0,3
3.77,275,3.47,47.7,8.1,0,1,1,0
3.49,108,4.02,70.4,21.8,2,2,0,1
9.45,368,9.58,62.7,22.0,1,2,1,1
15.25,457,2.55,93.8,13.8,0,1,0,3
14.55,313,10.66,109.0,16.7,1,1,0,4
4.56,548,1.23,59.2,7.1,0,1,1,0
1.48,288,13.13,61.1,13.3,1,1,1,1
17.23,509,13.02,87.8,11.0,1,1,0,4
6.4,632,8.92,100.4,16.6,1,2,1,3
16.73,368,7.91,43.9,21.9,2,2,0,2
12.81,305,4.17,69.1,12.1,0,1,1,1
1.65,27,11.97,68.5,15.7,0,2,0,1
7.49,277,6.02,69.9,20.8,0,1,1,1
15.85,576,9.06,63.8,19.5,2,2,0,3
15.43,69,9.54,59.3,11.8,1,3,0,1
10.47,265,9.3,108.5,21.0,2,3,0,4
3.05,516,8.83,109.4,22.4,1,1,1,4
12.18,276,9.78,71.5,21.7,1,0,0,2
3.0,360,13.09,76.9,18.5,0,0,1,2
3.67,191,6.04,98.2,8.2,2,1,0,1
3.15,668,2.68,41.9,18.0,2,3,1,0
5.31,18,13.14,87.4,14.3,2,1,1,2
12.32,219,1.5,75.1,5.3,1,1,1,0
17.74,444,4.65,101.5,13.8,2,2,1,4
7.4,509,5.9,67.4,22.1,0,0,1,2
4.44,364,12.09,48.8,21.9,1,1,1,1
7.91,73,4.65,98.7,7.1,2,1,1,1
10.96,664,1.74,83.8,11.9,1,3,1,3
13.46,359,12.17,67.7,10.2,1,2,0,3
3.29,658,4.09,67.5,14.1,1,1,1,1
5.16,550,1.19,89.6,10.5,0,3,1,1
7.63,697,7.16,85.7,13.1,2,3,1,2
12.04,239,11.49,99.4,13.3,1,0,0,4
9.63,674,7.03,44.4,17.7,0,1,1,0
8.35,490,0.66,47.0,5.2,1,3,1,0
14.41,688,1.37,99.7,4.8,2,0,0,3
13.43,400,3.32,93.3,8.5,2,1,1,2
7.98,134,3.45,101.7,14.5,1,2,1,3
3.72,205,3.64,59.2,14.0,1,1,1,0
16.8,490,7.55,88.8,21.1,0,3,0,3
2.52,456,7.19,45.8,14.7,0,1,0,0
5.19,156,1.76,66.4,17.7,1,1,1,0
8.01,473,3.79,104.7,14.1,1,1,1,3
3.76,711,5.31,109.0,8.5,2,1,1,3
16.64,601,3.04,77.2,18.9,2,2,0,3
12.33,32,10.55,81.1,15.7,0,2,0,2
9.38,571,13.32,101.1,13.3,2,2,1,4
13.44,12,1.94,55.0,9.7,2,1,1,0
2.6,419,3.38,57.3,13.8,0,1,1,0
16.06,452,3.23,55.6,22.8,1,2,1,2
15.12,660,12.26,97.6,19.6,2,1,1,4
13.33,51,3.25,68.2,4.5,2,1,0,0
15.15,348,5.32,106.4,21.0,2,2,1,4
11.13,200,3.04,69.3,13.5,0,1,0,0
12.69,290,13.7,100.2,4.4,2,1,0,4
15.65,623,11.9,73.3,13.5,2,0,1,3
9.38,158,12.25,73.6,22.0,1,1,1,1
10.6,341,6.56,78.0,13.4,0,0,1,1
14.85,418,1.19,52.7,10.2,2,1,0,1
12.19,564,9.63,48.3,20.3,0,0,1,2
11.33,416,13.92,54.0,10.2,0,3,0,3
2.32,713,4.35,57.7,20.5,1,1,1,1
11.03,47,13.02,89.7,21.5,2,2,0,4
9.4,352,1.49,57.5,17.9,1,1,0,0
13.28,359,12.01,46.0,8.4,0,3,1,1
17.37,233,5.59,48.8,7.7,0,2,1,1
10.7,111,6.6,109.0,16.3,1,3,1,3
2.91,687,1.79,69.9,5.7,2,2,1,1
6.71,597,7.37,104.3,19.2,0,2,1,4
0.6,596,7.18,58.8,5.5,1,2,1,0
11.36,672,5.55,38.8,12.6,0,0,1,1
5.14,401,9.07,55.1,21.7,1,2,0,1
15.13,231,4.23,81.8,10.8,0,2,0,1
1.05,51,6.2,53.5,17.5,2,1,1,0
14.76,541,1.88,38.6,4.1,1,1,1,1
14.34,202,2.15,89.6,12.6,0,2,0,2
11.37,557,11.88,86.2,18.8,1,0,0,4
0.97,263,2.04,75.6,12.9,2,2,1,0
6.11,301,9.72,95.6,17.4,1,2,0,4
11.59,385,11.29,66.9,8.8,0,1,1,1
4.76,181,7.13,82.1,11.3,0,1,0,1
8.16,656,1.35,96.8,11.1,0,1,0,3
14.42,608,12.21,60.2,15.3,1,0,1,3
6.6,654,7.29,70.4,20.0,0,3,1,2
6.61,247,13.11,42.6,19.0,2,1,1,2
13.57,12,10.28,105.5,22.4,0,2,0,4
9.05,507,12.73,91.5,21.4,1,1,1,3
12.54,463,13.41,47.6,13.9,1,2,0,3
11.54,149,0.93,92.4,11.9,0,2,1,2
15.47,108,8.64,107.7,18.8,2,2,1,4
13.24,693,1.37,41.9,20.9,1,2,0,3
15.61,141,3.63,70.0,6.9,2,2,1,1
0.36,7,2.93,111.9,7.0,2,2,1,3
11.23,378,2.48,41.8,22.8,2,1,1,0
11.46,418,7.7,56.5,6.2,1,1,1,1
13.11,406,12.18,80.0,12.9,0,3,0,3
2.78,356,13.01,39.8,4.8,1,0,1,0
4.09,540,8.33,89.1,9.7,1,1,0,2
6.92,544,12.59,63.4,8.9,0,0,1,2
1.68,361,8.72,55.0,11.6,2,2,0,1
10.7,466,6.18,106.7,7.4,1,1,1,3
12.87,257,12.26,43.1,9.9,1,3,0,2
4.4,468,0.92,47.5,14.3,1,2,1,0
7.0,592,6.88,102.9,5.8,1,1,1,3
7.45,410,10.73,90.9,16.7,1,0,0,3
8.99,678,10.73,55.9,4.3,2,0,0,1
4.85,420,0.53,42.5,18.8,2,2,0,1
4.51,224,7.28,82.9,16.2,0,2,1,1
16.8,416,8.04,48.5,15.2,1,1,1,1
3.1,507,3.38,96.0,9.7,0,1,1,2
15.08,43,12.49,49.6,7.9,0,1,1,1
4.71,294,3.48,70.1,17.7,2,3,1,1
9.94,296,13.13,68.9,12.9,1,2,1,2
8.47,514,10.23,61.1,11.0,2,0,0,2
10.37,538,10.41,48.7,4.8,2,0,1,2
8.08,651,3.29,80.6,4.4,1,2,0,1
9.05,247,8.77,68.9,4.3,0,3,1,1
9.96,180,2.31,66.2,16.3,0,2,1,0
2.62,480,12.66,56.2,16.4,2,2,1,2
4.15,145,13.39,48.5,15.4,0,1,1,1
7.57,552,3.84,86.9,13.8,2,1,1,2
11.41,502,7.54,94.7,20.0,0,2,1,3
6.91,294,8.19,61.4,21.2,0,0,1,0
13.0,633,0.9,42.1,8.9,1,1,0,1
6.51,342,8.12,50.2,22.3,0,0,1,1
4.74,552,7.25,68.5,6.6,1,1,1,0
2.55,580,7.3,91.5,21.0,2,1,0,3
3.6,436,10.67,101.5,19.9,2,3,1,4
4.2,305,0.99,61.4,16.2,1,3,0,0
9.06,272,7.13,100.8,8.9,0,0,1,2
18.0,319,6.3,45.0,13.5,0,0,1,0
10.29,375,13.22,103.7,18.9,1,2,1,4
4.97,343,5.06,109.2,14.1,1,3,1,3
7.87,229,11.21,99.7,14.3,0,1,1,4
15.56,705,8.66,90.2,21.7,0,3,0,4
9.69,377,7.93,100.1,13.8,2,1,1,3
1.22,5,7.15,65.5,17.1,0,0,0,0
9.11,307,12.55,105.9,19.5,2,1,1,4
14.63,690,11.43,49.7,13.5,2,1,1,3
7.42,595,12.57,75.1,22.2,0,0,1,4
7.37,174,11.5,86.8,16.6,2,2,0,3
5.55,227,6.73,57.4,20.9,1,0,1,0
17.36,268,8.19,95.9,17.1,0,0,0,4
6.51,209,10.73,55.4,6.7,0,1,1,0
17.89,232,13.51,78.9,7.1,0,1,1,3
11.65,480,6.49,44.4,16.2,0,0,1,2
4.81,663,6.15,94.8,19.2,1,1,1,3
6.53,71,3.53,110.0,4.3,0,1,1,2
6.93,336,7.25,68.3,10.7,1,1,1,0
17.19,88,2.51,39.3,22.3,0,1,0,0
10.65,171,7.31,95.8,4.1,0,2,1,2
17.25,10,2.54,76.9,10.0,0,1,0,0
0.36,146,11.54,89.2,14.1,1,2,1,3
17.3,621,3.37,47.8,16.3,1,2,1,2
3.59,419,7.27,95.6,20.8,1,1,0,2
1.74,558,2.77,40.9,4.4,0,2,1,0
2.6,422,7.25,55.1,21.0,1,1,1,0
9.13,458,13.03,84.7,15.1,0,0,1,3
5.59,290,0.86,61.5,12.6,1,1,1,0
1.67,114,7.31,40.5,13.4,2,2,1,0
13.16,682,8.32,59.1,10.8,1,1,1,2
5.35,513,9.42,104.6,14.2,0,1,1,3
5.89,679,13.37,93.5,5.2,0,2,1,4
1.26,364,7.17,54.9,4.2,0,1,0,0
15.37,378,7.58,98.9,13.5,0,2,1,4
5.97,358,10.5,106.5,5.0,2,0,1,4
4.38,151,10.57,75.1,19.3,0,1,0,1
0.64,101,11.37,46.9,10.4,0,2,1,1
11.13,691,7.25,41.8,6.7,0,3,1,3
14.67,136,2.46,81.9,8.2,0,0,1,0
5.04,520,12.77,67.0,12.7,1,3,1,1
15.6,91,0.67,101.5,18.8,0,1,1,3
4.07,289,7.09,104.8,7.9,1,0,1,2
5.34,29,9.97,70.4,14.1,0,2,0,1
17.56,178,13.51,100.3,8.9,2,1,1,4
13.36,286,6.82,105.0,15.0,0,1,1,3
10.47,543,10.05,55.4,8.8,1,3,0,2
14.91,425,7.61,67.9,12.6,0,3,1,2
4.8,14,9.64,77.2,13.3,1,2,0,1
12.82,254,7.25,93.1,17.7,1,2,0,4
6.76,45,8.39,74.4,8.1,0,3,0,0
13.63,186,3.77,88.8,8.7,0,1,1,2
13.05,323,8.83,67.1,21.0,0,0,1,1
9.29,312,1.05,73.9,13.5,0,1,0,0
16.88,687,7.48,95.8,18.2,1,1,1,3
16.53,148,7.81,71.4,4.9,0,0,0,0
3.36,655,11.04,56.5,14.1,1,1,0,1
5.86,218,11.6,69.7,10.7,2,1,1,1
11.56,420,2.96,70.7,17.4,1,1,0,1
4.1,89,7.85,53.5,15.3,0,2,1,0
7.02,383,2.09,41.3,8.7,0,3,0,0
17.64,493,8.29,99.5,5.7,1,0,1,3
2.89,11,13.03,109.0,8.3,1,1,1,3
16.95,586,10.92,107.5,16.6,0,3,1,4
3.69,698,0.76,107.8,18.7,0,2,1,4
4.65,530,7.37,53.4,22.5,1,0,1,1
7.52,25,5.05,93.6,10.6,2,1,1,2
3.47,361,7.48,46.8,12.2,0,1,1,0
12.66,664,6.81,100.6,6.8,1,2,1,3
9.97,73,4.98,90.3,19.9,0,1,1,2
5.56,322,10.52,84.7,16.6,2,0,0,3
1.15,360,12.17,56.8,10.7,0,1,0,1
1.13,378,13.23,107.7,22.2,1,2,0,4
6.56,120,4.91,103.8,8.8,1,0,0,2
11.38,220,9.0,57.7,20.3,1,3,1,1
9.6,112,12.72,58.3,9.0,0,2,0,2
8.55,579,6.57,66.8,7.0,0,0,1,0
2.51,535,4.07,90.4,18.5,2,3,0,2
13.98,86,3.41,77.6,20.9,1,1,0,1
12.91,718,6.46,43.8,8.1,2,3,1,1
3.56,393,13.46,84.8,21.1,1,2,1,3
14.87,217,9.66,107.8,14.5,2,1,1,4
1.56,517,8.69,55.5,19.9,0,1,0,1
8.33,240,2.7,60.4,7.2,1,0,0,0
12.21,322,7.37,102.7,13.5,2,2,1,4
2.2,143,9.3,106.9,14.6,0,0,0,3
14.41,433,10.17,85.7,16.7,1,1,0,3
2.82,630,8.16,56.7,22.9,0,1,1,1
4.76,534,10.79,104.7,13.5,0,2,0,4
10.67,431,4.38,66.8,21.1,0,2,1,2
17.75,381,6.89,75.0,4.6,1,0,1,1
17.22,401,1.93,54.0,6.7,0,2,1,1
7.56,200,5.62,71.6,14.4,0,1,1,0
17.41,661,2.59,110.3,20.3,0,1,1,4
13.19,547,4.3,44.6,6.3,1,1,0,1
10.09,151,7.84,104.0,9.9,2,1,1,3
8.7,34,5.83,72.3,20.6,0,0,0,1
8.73,553,10.77,56.5,5.0,0,1,1,1
6.49,667,7.86,38.5,8.4,1,0,0,0
1.11,554,8.03,49.6,11.4,0,0,1,0
3.99,206,7.88,92.3,4.6,0,2,1,1
9.72,594,1.4,111.2,19.1,1,1,0,3
7.43,232,13.03,65.9,16.2,2,0,1,2
17.46,367,1.07,67.7,15.2,0,3,1,1
17.75,719,10.37,110.3,22.8,1,1,1,4
16.14,161,0.88,49.3,8.9,1,2,1,0
11.17,694,0.54,44.4,19.4,0,3,0,2
6.03,419,8.77,65.2,9.4,0,1,1,0
5.87,134,9.57,90.5,20.8,0,1,1,3
4.92,589,11.66,85.1,19.4,0,1,1,3
0.41,58,1.85,60.9,10.2,1,1,1,0
15.31,127,9.38,65.2,16.0,0,2,0,1
5.71,155,4.34,110.8,22.4,2,1,1,3
16.86,319,1.02,84.1,5.0,1,1,1,1
15.98,301,9.39,85.3,8.7,2,1,1,3
14.35,233,10.27,66.3,10.1,0,0,1,1
6.72,502,9.79,45.5,17.2,2,1,1,2
8.58,710,7.01,86.3,9.6,0,0,1,2
10.03,41,12.66,86.4,21.1,0,2,1,3
1.48,265,7.47,98.1,5.7,0,2,1,1
9.16,194,1.46,104.9,10.0,0,3,1,3
17.88,136,10.65,45.8,8.8,2,1,1,1
6.59,629,5.18,81.1,9.5,1,0,0,1
10.7,672,1.83,56.1,10.5,1,0,0,1
14.32,717,4.28,42.3,4.8,1,2,0,2
14.83,478,8.28,59.6,8.6,0,1,1,2
12.07,27,7.18,83.3,6.8,0,3,0,1
2.05,177,10.46,93.9,13.5,2,0,1,3
7.41,381,6.06,110.2,10.7,1,2,0,4
17.4,610,3.35,40.2,6.6,2,3,0,2
17.76,660,9.02,89.0,20.5,1,2,1,4
11.73,421,12.3,102.4,18.0,0,1,0,4
10.52,290,1.37,104.9,21.6,0,3,1,3
9.09,498,13.25,75.0,7.8,1,1,1,2
11.6,376,6.81,77.5,6.7,1,2,1,1
4.41,556,8.74,79.8,17.3,0,1,0,2
2.77,16,11.89,44.3,11.8,2,1,1,1
7.48,27,5.83,109.9,22.3,0,1,1,3
15.04,117,4.81,70.2,13.5,0,1,1,1
6.02,506,10.56,93.9,20.4,0,1,1,3
14.08,488,11.21,39.3,8.7,1,2,1,2
14.44,99,12.53,55.3,13.2,1,1,1,1
14.4,316,5.0,72.3,22.6,0,3,1,2
13.42,171,13.5,38.0,20.4,0,2,1,2
16.76,663,2.63,38.5,21.1,0,1,0,2
8.63,5,6.88,42.3,5.4,0,1,0,0
14.0,110,5.3,54.4,15.1,2,2,0,1
17.03,83,9.03,50.9,4.5,1,3,0,0
11.1,488,1.29,41.7,12.5,0,1,0,1
15.26,93,10.48,101.0,12.2,0,2,0,4
14.93,50,5.54,40.1,7.0,2,2,0,1
6.17,446,5.15,79.3,11.1,2,1,1,0
2.4,550,7.3,87.3,7.0,2,0,0,2
9.74,506,4.08,96.3,22.2,0,3,1,3
0.72,506,1.92,103.3,13.6,0,2,0,3
17.07,470,1.13,80.6,8.5,0,2,0,2
10.2,203,0.93,52.6,10.5,0,1,0,1
17.58,403,4.84,80.7,4.9,1,2,1,2
7.15,163,12.04,71.4,12.2,2,3,1,2
7.15,625,0.91,48.1,22.6,1,0,1,1
10.49,558,7.65,92.7,11.5,0,0,0,3
8.47,457,8.0,76.4,13.9,0,2,1,1
14.83,86,6.55,69.1,16.4,0,2,1,1
1.41,476,13.51,68.3,13.6,2,1,1,2
14.38,259,5.47,44.9,14.6,0,3,1,0
9.49,19,10.79,83.2,15.9,2,3,1,3
3.17,219,9.26,52.2,18.8,0,1,1,1
12.35,33,7.25,71.0,23.0,2,1,1,1
1.87,557,13.28,60.1,18.5,2,2,1,2
11.52,256,6.38,95.1,16.3,0,1,1,2
9.76,411,1.49,93.8,6.1,2,2,1,2
2.91,274,1.66,99.0,19.0,0,2,1,2
2.32,413,2.91,101.5,15.4,2,2,1,3
3.77,589,1.41,83.9,10.6,0,2,1,2
5.85,132,6.8,61.9,11.4,1,0,0,0
12.06,304,3.39,93.2,14.6,0,2,1,3
2.4,591,6.53,98.8,14.1,1,0,1,2
16.06,276,4.67,99.5,21.4,2,1,1,3
11.45,91,12.23,72.6,15.3,1,1,1,2
14.24,373,8.28,79.4,21.6,0,2,0,2
5.07,33,7.55,68.5,17.9,1,2,1,0
14.74,371,9.69,75.6,6.2,2,0,1,1
1.76,490,8.68,109.1,15.5,1,0,1,4
6.4,271,7.37,79.8,14.9,0,1,1,1
15.63,560,3.55,65.0,6.2,0,3,1,1
5.85,706,11.39,38.3,13.6,2,1,0,3
11.13,391,1.63,103.8,5.7,2,1,1,3
1.37,519,3.67,110.5,12.0,0,3,1,3
12.0,266,6.41,49.4,19.0,0,1,1,1
12.16,225,5.36,111.3,12.7,1,3,1,3
17.71,311,4.83,82.0,8.0,1,3,0,2
6.49,627,12.03,38.5,10.9,1,2,1,2
14.25,275,12.14,61.4,12.2,0,2,0,2
14.3,13,10.07,72.6,5.6,1,2,1,1
3.16,441,11.74,75.1,14.1,0,2,1,4
16.7,585,12.02,78.3,16.6,2,1,0,4
9.58,386,7.25,110.2,14.8,1,2,1,3
7.23,271,2.29,51.9,10.4,2,2,1,0
8.52,570,13.38,88.5,22.9,0,0,1,4
6.86,17,13.92,60.1,9.9,1,1,0,1
13.54,299,6.06,94.7,20.7,0,1,1,3
7.28,355,8.31,65.4,8.9,2,2,0,1
16.1,518,9.5,64.6,19.4,1,3,1,2
9.4,187,11.34,71.5,21.6,2,0,0,2
1.92,99,12.68,41.3,15.1,0,2,1,1
6.94,683,12.87,82.0,8.6,0,3,1,3
8.72,295,4.58,77.2,4.6,1,0,1,0
4.07,562,1.89,105.6,22.2,0,3,0,3
0.8,310,12.24,64.9,22.3,1,0,1,0
7.49,383,6.18,47.3,5.3,2,1,1,0
6.33,254,6.52,48.7,22.2,0,2,1,1
11.09,400,11.35,97.3,14.6,2,2,1,4
1.83,549,2.93,86.1,4.1,1,3,0,1
6.95,384,10.88,71.1,7.1,1,3,0,1
3.71,92,3.34,81.4,22.8,0,3,1,0
7.84,19,3.17,104.2,17.1,0,1,1,3
7.46,117,1.56,90.3,13.4,0,1,1,1
7.63,53,4.66,45.2,5.9,2,3,1,0
3.45,360,6.77,91.0,16.6,1,1,1,1
1.04,506,1.86,54.5,19.2,0,1,1,0
6.37,27,4.09,53.2,19.7,1,0,0,0
5.06,437,5.5,103.6,22.1,1,3,1,3
17.41,489,7.25,108.7,21.7,0,0,0,4
11.13,441,8.04,66.7,22.2,0,1,1,2
14.61,61,6.49,110.1,22.4,0,1,1,4
13.41,398,11.68,110.0,12.9,1,2,1,4
3.64,434,8.96,42.4,14.0,2,1,1,1
16.36,635,3.08,63.0,7.8,2,0,1,2
11.95,157,10.78,98.3,6.2,1,3,1,3
7.58,562,9.06,46.9,17.5,2,2,1,2
15.76,277,11.16,109.4,18.6,2,3,1,4
11.11,690,9.04,66.0,12.0,0,1,1,2
16.75,628,8.55,75.6,9.1,0,1,1,3
13.21,70,10.7,110.7,22.7,1,3,0,4
5.08,373,1.84,75.1,20.5,2,1,0,1
14.04,40,1.23,43.3,13.7,2,1,0,1
10.21,295,3.99,84.1,18.7,0,0,1,1
10.64,674,5.8,107.4,11.9,0,3,1,3
1.49,130,10.68,57.8,6.6,0,2,0,0
3.89,589,10.89,48.5,14.8,2,3,1,2
2.55,307,2.07,44.5,11.3,1,1,1,0
12.03,659,1.43,39.5,21.3,1,0,1,1
10.27,234,3.01,71.9,13.5,0,3,0,1
6.21,166,2.89,75.1,12.5,2,3,0,0
4.08,494,3.95,47.0,11.8,2,3,1,0
17.91,472,2.88,55.7,14.4,1,0,1,2
9.68,241,8.21,86.5,11.6,0,1,1,2
0.71,304,6.33,50.0,10.1,1,2,0,0
13.23,472,2.65,85.8,12.3,2,2,1,2
17.52,566,5.44,53.0,20.0,1,3,1,2
4.61,393,0.84,96.3,16.7,0,0,1,1
1.55,183,12.87,41.2,6.5,2,1,0,0
2.15,694,10.64,98.1,6.8,0,2,0,4
7.81,685,7.45,105.8,14.4,0,1,0,3
17.6,697,12.78,78.1,15.0,1,1,1,3
6.9,144,0.97,106.3,4.9,2,1,1,2
1.9,384,5.63,101.4,21.8,0,2,0,3
9.95,230,9.46,87.7,5.6,2,3,1,3
11.99,31,7.25,55.7,14.7,0,1,1,0
9.47,678,12.51,76.8,19.0,1,1,0,3
1.64,201,13.74,77.6,17.4,1,2,1,2
2.91,481,5.91,105.0,15.7,2,0,0,3
0.54,706,7.91,78.5,13.1,0,1,1,1
5.12,196,2.87,39.4,21.5,2,3,1,1
8.6,481,11.65,74.3,12.9,0,2,1,2
13.48,587,10.18,47.4,17.4,0,2,0,3
13.05,42,13.55,71.7,11.4,0,1,1,1
1.4,344,13.66,75.1,18.2,0,1,1,1
11.2,232,9.86,67.4,21.5,2,0,1,1
17.16,272,2.81,98.0,9.2,1,0,0,3
6.57,338,7.21,58.7,13.6,1,1,0,0
1.16,421,8.2,98.1,9.5,0,2,0,3
9.48,224,13.36,42.0,22.3,1,1,1,1
8.64,117,13.61,52.1,14.2,0,3,1,2
5.44,294,5.09,44.7,16.2,0,2,0,1
12.18,507,4.09,39.9,22.6,2,3,1,2
15.63,241,7.25,89.9,19.9,0,0,1,2
3.35,361,0.93,69.1,16.1,2,3,0,1
8.21,557,4.38,89.2,16.4,1,1,0,2
14.58,354,3.19,65.7,17.7,1,2,0,2
15.75,326,4.84,38.9,10.0,2,3,0,1
2.52,592,6.1,106.5,5.5,1,2,1,2
14.64,60,3.2,88.6,16.9,2,2,1,2
15.26,578,4.36,58.4,19.5,0,1,0,2
1.98,250,7.2,85.9,10.7,0,0,1,0
5.79,404,7.82,95.6,12.2,2,2,1,3
14.13,209,13.91,90.6,18.5,1,1,0,4
12.41,408,4.82,108.2,21.2,2,1,0,4
5.03,79,8.52,111.7,21.6,2,1,1,4
11.09,422,2.81,97.1,11.5,0,2,0,3
16.07,248,12.52,90.6,18.1,1,2,0,4
1.2,257,10.84,62.1,22.0,0,1,1,0
12.22,618,5.1,97.6,9.3,2,0,0,3
11.26,265,13.51,51.5,22.6,2,3,1,2
6.14,310,13.76,54.3,19.1,0,1,1,2
17.15,455,1.59,102.3,7.2,1,1,1,3
1.28,607,3.86,74.9,22.7,1,0,1,0
17.34,578,2.76,54.9,20.8,1,1,0,2
0.87,510,7.05,41.1,22.9,2,0,0,0
16.19,606,4.77,111.8,7.7,2,1,0,4
11.28,662,0.7,107.2,18.6,1,0,1,4
0.7,279,2.56,109.4,13.4,0,1,0,2
17.84,658,9.06,95.9,18.9,2,2,0,4
13.78,540,3.97,58.2,9.7,0,1,1,1
12.98,552,7.52,56.7,22.2,2,2,1,3
7.37,371,7.98,40.3,13.5,1,2,1,0
11.85,250,2.47,111.1,15.5,1,3,1,3
13.9,626,10.9,99.1,19.3,2,2,1,4
7.27,20,10.5,90.5,17.2,2,1,0,3
14.85,407,1.48,77.8,6.8,0,3,1,0
6.21,687,4.03,91.7,19.7,1,2,1,3
11.41,406,8.44,76.1,6.4,2,0,1,1
0.45,62,3.41,79.8,17.8,0,2,1,0
8.24,191,9.25,71.6,10.5,2,1,1,1
8.28,638,4.64,41.2,6.2,0,2,1,0
5.94,45,5.82,79.5,4.1,0,1,1,0
2.75,377,0.66,81.3,7.6,1,2,1,0
2.75,146,13.53,95.1,17.9,1,2,1,4
14.39,462,2.98,84.9,6.4,2,2,1,2
13.47,614,12.15,72.4,12.4,1,1,0,3
12.42,689,13.19,68.6,16.1,0,1,1,3
5.62,90,3.13,62.7,13.5,1,2,1,0
8.32,113,3.72,53.6,14.1,2,0,0,0
7.85,690,2.7,86.9,15.3,1,0,1,2
8.19,554,2.94,95.7,17.4,0,1,0,2
17.81,192,3.49,95.5,22.1,2,3,1,3
16.24,20,9.89,94.4,14.1,0,1,0,3
7.1,328,11.27,84.8,7.8,1,0,1,2
3.95,182,5.97,51.9,9.1,0,1,1,0
2.86,395,13.57,59.0,21.1,0,3,1,2
7.34,592,10.15,74.2,18.3,0,2,1,2
16.54,126,3.83,75.9,18.1,0,2,1,2
7.95,594,1.39,62.9,8.7,0,2,1,0
9.48,434,3.41,77.2,22.7,1,3,1,1
3.3,279,2.69,39.2,13.5,1,0,1,0
13.8,95,4.79,66.3,18.1,1,2,0,1
0.57,448,1.9,44.8,22.8,2,0,1,0
6.9,134,2.79,64.1,14.7,1,1,0,0
8.39,265,10.44,92.8,13.2,0,1,1,3
5.98,489,11.78,102.9,5.4,0,0,1,3
2.16,206,6.81,102.6,19.2,1,1,0,3
6.24,447,1.64,68.5,12.7,1,2,1,0
0.37,153,10.12,108.3,21.3,2,3,1,3
5.92,431,2.64,52.0,13.5,1,1,1,0
4.59,621,9.06,52.9,8.2,2,2,1,1
16.16,335,13.23,87.0,11.2,0,1,0,3
16.72,181,1.43,83.5,19.1,2,1,1,1
1.05,222,6.37,100.5,9.5,1,2,1,2
14.34,250,10.15,65.0,11.9,1,1,1,1
1.46,461,1.87,89.4,20.9,0,2,1,2
10.35,415,10.39,75.1,21.8,2,3,1,2
16.6,666,1.65,52.2,6.2,2,1,0,1
4.37,140,4.57,61.7,4.3,0,3,1,0
2.86,238,9.43,111.3,11.1,1,3,0,3
2.94,290,9.1,79.8,18.7,1,2,1,2
2.29,155,6.3,96.7,7.7,1,1,0,2
13.06,563,1.98,86.2,10.8,1,2,0,3
8.16,378,4.6,110.7,13.0,0,1,1,2
4.56,584,7.16,38.5,10.7,0,2,0,1
1.06,109,6.34,74.3,18.5,0,1,0,0
8.73,596,7.9,62.3,20.3,1,3,1,2
2.4,51,5.05,55.7,16.5,2,0,1,0
17.03,298,9.89,69.2,7.5,2,2,1,2
17.4,15,1.72,57.2,17.7,1,1,1,0
15.65,250,8.42,65.8,21.2,0,0,1,1
0.3,81,5.03,74.8,14.8,1,1,0,0
16.76,215,5.99,43.4,20.7,1,1,0,1
12.59,38,10.41,103.3,21.4,0,3,0,4
15.64,127,1.63,81.1,22.8,2,3,1,2
13.05,481,11.28,100.9,4.9,2,2,1,4
11.73,103,8.63,50.1,6.2,0,2,1,0
5.72,176,9.2,87.8,17.7,0,0,0,3
12.7,578,3.02,108.6,13.5,2,0,1,4
4.43,150,12.13,45.8,23.0,2,0,1,2
9.06,263,13.6,96.4,13.6,1,0,0,3
17.63,227,9.25,41.0,14.7,0,1,0,1
2.72,538,2.41,45.3,16.6,2,2,0,1
8.61,668,13.34,38.7,19.8,1,1,1,2
15.73,546,2.67,64.5,9.8,2,1,1,1
10.75,381,2.99,92.0,13.5,1,2,1,2
13.62,670,9.12,57.6,7.1,0,2,1,2
6.62,558,12.97,54.2,7.8,2,2,1,2
10.14,343,8.7,109.1,15.2,0,1,0,4
15.15,179,7.89,52.6,9.9,0,1,1,0
6.86,169,9.05,42.2,6.8,0,2,1,0
8.77,500,6.99,75.1,9.2,0,0,1,0
11.73,395,5.2,57.7,11.1,1,1,1,0
2.03,713,10.2,44.7,17.2,2,1,1,1
7.25,374,12.14,109.3,8.0,2,1,0,4
16.19,251,12.8,72.7,16.7,2,0,1,2
13.8,221,8.66,54.6,14.6,0,2,1,0
15.82,562,2.57,75.1,5.9,1,2,1,2
14.12,100,1.34,49.3,7.3,0,2,0,1
16.45,26,5.92,59.3,4.1,2,1,1,0
12.92,377,4.77,83.8,17.4,2,0,0,2
10.08,27,2.03,42.0,14.6,1,1,1,0
1.65,89,10.6,45.3,13.5,0,2,1,0
5.49,247,9.59,79.6,9.0,2,0,1,1
14.6,271,13.62,104.3,7.4,1,3,1,4
14.82,239,7.81,75.9,17.2,0,3,1,2
8.5,164,3.7,90.9,13.7,0,1,1,1
11.25,585,12.21,99.9,19.3,2,1,1,4
1.93,268,10.81,50.7,18.2,2,0,1,1
17.96,648,11.76,85.5,13.5,1,1,1,4
1.13,424,5.45,42.2,16.3,2,0,1,1
9.12,666,0.63,85.8,6.4,1,1,0,2
15.91,40,11.26,75.1,11.7,0,0,1,4
4.19,321,6.76,43.2,14.5,1,2,1,0
13.35,305,7.24,84.9,20.1,1,1,0,1
3.45,305,9.76,75.9,15.2,2,1,1,2
9.3,270,8.18,97.3,16.2,1,1,1,3
8.11,549,1.6,49.9,9.0,0,2,0,1
1.37,50,6.13,40.2,7.5,0,3,0,0
12.61,252,8.9,54.7,5.0,1,1,1,0
13.51,150,11.76,103.1,10.1,2,1,1,4
4.35,605,0.8,68.4,21.5,1,1,0,1
3.38,236,12.78,79.8,22.2,1,2,0,2
3.45,674,12.71,74.9,8.3,1,1,1,1
5.61,179,6.08,87.5,5.6,1,0,0,1
8.05,375,11.93,47.1,21.4,0,1,0,2
7.92,32,1.88,97.8,13.8,1,0,1,1
8.37,536,9.58,54.7,7.4,1,3,0,1
12.01,185,9.45,67.2,13.6,1,0,1,1
10.33,288,8.77,107.5,18.9,0,1,1,4
3.96,550,11.34,59.6,15.8,1,0,0,1
13.81,90,10.41,107.7,6.1,0,2,0,4
6.88,135,3.49,105.2,20.6,1,2,0,3
10.73,664,4.0,48.5,14.6,2,1,1,2
8.53,310,3.3,53.7,17.2,2,0,0,0
0.62,266,11.72,99.9,21.0,1,1,0,3
3.35,454,4.32,87.5,22.7,0,0,0,2
14.78,426,7.7,111.3,16.0,2,3,0,4
12.01,667,12.39,105.2,12.1,0,1,1,4
6.5,151,13.88,71.2,8.3,1,1,0,1
11.54,257,10.88,107.5,19.0,0,2,1,4
7.93,305,6.68,79.7,20.8,0,3,0,2
0.79,26,5.49,100.3,7.8,0,1,1,1
12.95,13,3.44,90.1,7.6,0,1,1,0
1.03,286,13.6,87.2,18.6,0,2,1,3
5.27,142,2.56,87.9,20.0,2,1,0,1
13.92,554,10.88,39.4,13.5,1,0,1,3
12.05,672,10.28,108.3,5.9,1,1,0,4
3.93,149,5.61,41.5,15.9,1,3,1,0
10.17,19,9.95,52.1,9.8,2,0,1,0
3.29,383,6.29,100.6,16.5,0,2,0,3
17.03,223,2.38,106.5,5.1,1,3,0,2
4.4,615,6.72,90.2,15.7,0,2,1,2
4.88,131,5.05,92.4,6.3,2,1,1,0
10.07,121,6.38,75.1,14.0,0,1,1,0
5.59,163,12.62,94.8,15.6,0,1,1,3
15.74,571,5.48,57.6,16.2,1,2,1,2
1.68,315,6.17,102.0,9.8,0,3,1,2
0.33,556,10.73,62.7,18.9,1,2,1,1
12.75,460,13.37,57.5,8.7,1,0,1,2
6.36,7,5.63,82.2,14.0,2,0,1,0
11.98,13,6.72,42.4,8.5,1,2,0,0
0.64,490,11.49,106.5,17.4,1,1,0,4
14.41,551,11.89,42.5,8.9,1,1,1,2
16.59,366,6.84,93.7,11.6,2,1,1,3
6.62,526,11.71,46.7,7.1,2,3,1,2
13.13,48,4.52,80.8,8.2,0,0,1,1
17.95,399,1.07,47.3,22.6,0,3,0,2
13.34,532,11.21,63.4,12.4,0,0,0,2
17.16,656,13.93,49.6,22.5,0,2,1,4
17.51,638,5.92,42.8,4.8,0,1,1,1
11.35,172,4.99,67.3,17.6,0,0,0,0
6.13,81,1.64,94.7,4.9,1,3,0,0
1.29,503,6.8,38.6,13.5,0,2,1,1
0.74,243,5.87,49.0,20.7,0,1,0,0
1.81,591,3.6,54.6,14.7,1,3,0,0
8.04,345,11.74,75.1,14.8,2,1,1,2
5.77,445,5.51,59.6,20.1,2,2,0,1
3.44,42,6.15,86.5,10.5,0,2,1,1
14.66,685,5.11,62.4,21.5,2,0,0,3
13.36,717,7.33,98.2,22.2,1,2,1,4
3.47,16,10.41,70.0,20.7,0,2,1,1
15.68,174,7.87,60.8,22.3,2,3,1,2
6.36,356,3.23,76.8,16.5,0,3,1,0
11.41,614,9.73,63.3,20.4,2,1,0,3
12.84,379,11.31,102.6,11.4,0,1,1,4
10.88,595,7.25,98.1,5.6,0,2,0,3
2.41,14,13.51,86.9,9.3,1,2,1,2
7.15,191,7.12,40.9,19.0,0,1,1,1
8.8,327,6.95,44.3,17.7,0,1,1,1
1.01,385,6.26,84.1,22.6,1,0,1,1
9.83,442,7.04,64.0,13.8,1,1,1,1
13.97,255,13.71,50.6,18.8,0,1,1,2
13.7,367,7.74,79.2,11.5,2,0,1,2
0.59,493,11.09,75.7,20.7,1,1,0,2
7.63,407,12.06,50.5,21.9,2,1,1,2
17.88,581,8.09,52.6,20.9,0,1,1,2
13.66,75,11.24,79.7,17.1,1,3,0,3
3.22,614,8.64,84.7,6.4,2,1,1,2
8.81,64,6.88,79.7,6.2,1,1,1,0
12.27,123,1.01,90.2,7.0,0,2,1,1
5.66,401,7.79,110.3,19.6,0,0,1,3
4.49,48,12.7,94.6,6.8,0,3,1,3
7.88,276,3.41,72.1,10.4,1,1,1,0
15.27,287,4.32,109.2,9.4,1,2,0,3
2.17,143,2.34,109.5,12.0,1,3,1,2
0.94,58,3.14,98.4,16.5,0,0,1,1
17.06,506,3.95,74.4,10.5,1,1,1,2
4.28,589,0.99,98.2,18.4,0,3,1,2
2.77,316,0.79,109.6,14.7,1,1,1,3
9.0,62,7.85,82.7,14.3,1,2,1,1
16.58,283,10.18,98.2,22.5,0,2,0,4
14.67,269,5.4,75.8,18.9,2,0,0,2
16.19,353,11.05,49.1,9.9,2,1,1,2
17.52,264,9.18,70.6,15.7,0,1,1,2
3.18,46,8.12,91.7,22.7,2,1,0,2
2.39,631,11.43,97.6,9.6,0,1,1,4
13.17,449,5.96,50.3,7.2,2,0,1,2
1.32,673,8.1,102.8,14.9,0,1,1,3
0.71,345,4.89,70.9,9.6,1,1,1,0
3.23,466,9.36,110.1,8.4,1,0,1,3
11.23,334,8.81,66.1,14.6,1,1,1,1
5.67,579,11.35,52.0,8.3,1,1,0,1
2.67,368,6.55,54.9,21.2,0,0,1,0
1.43,296,11.35,98.1,14.0,1,1,1,3
10.09,85,7.83,85.9,18.9,2,2,0,3
3.18,432,13.55,75.1,11.7,1,1,1,3
15.32,468,12.32,44.1,7.8,1,3,1,2
16.88,387,13.42,61.7,16.6,2,3,1,3
14.55,21,12.66,65.7,14.8,0,2,0,2
8.11,406,7.19,94.6,9.2,1,1,1,2
4.69,20,4.97,93.4,10.9,0,2,1,1
14.03,561,12.91,54.0,11.5,2,2,1,3
9.18,16,1.87,96.1,16.0,0,1,0,2
9.32,571,12.66,75.1,6.0,0,0,0,4
17.1,591,13.12,45.9,8.2,0,1,0,3
4.6,82,12.26,47.6,20.9,0,3,1,1
3.22,679,9.91,69.2,20.7,2,1,1,2
4.1,293,2.72,47.5,17.5,2,2,0,1
2.76,647,2.57,82.8,8.3,0,0,0,1
0.56,75,5.97,98.0,14.4,2,1,1,1
17.2,489,12.31,103.6,17.2,0,0,1,4
2.71,682,8.92,73.0,13.7,0,1,0,1
1.47,409,13.93,94.6,20.3,0,2,1,4
0.84,422,10.34,68.2,11.0,1,1,0,1
17.21,641,5.58,97.8,17.3,0,1,1,4
4.64,165,5.51,70.4,10.6,1,0,0,0
17.27,550,10.06,106.0,14.4,2,1,1,4
13.17,458,2.12,103.5,7.1,2,2,1,3
7.31,544,0.64,74.3,18.2,1,1,0,1
2.27,526,6.89,103.9,15.8,2,3,0,3
2.18,191,8.17,76.8,13.5,2,3,1,1
16.1,663,8.78,63.1,17.8,2,3,1,3
1.39,220,10.46,62.1,20.5,0,3,1,1
2.93,146,4.66,110.8,12.7,0,2,1,2
9.02,489,10.46,59.1,4.5,2,3,1,1
10.1,454,8.9,65.6,8.0,0,3,0,2
11.45,697,5.54,96.5,14.0,0,2,1,4
9.78,372,12.06,104.2,14.8,2,1,1,4
9.36,99,8.76,59.9,16.6,0,2,0,1
13.53,68,7.1,101.0,9.1,1,2,0,2
2.39,363,0.65,82.0,4.4,2,0,1,1
7.52,506,2.87,84.5,22.9,1,0,0,2
14.75,441,12.15,39.0,16.9,0,3,1,3
6.11,142,10.59,107.0,19.7,2,2,1,4
7.56,439,9.21,86.1,16.5,0,1,0,3
8.99,622,1.19,93.7,19.8,2,1,0,2
7.17,375,1.11,59.9,7.5,1,0,1,0
2.75,23,8.17,75.1,19.6,0,3,0,4
11.13,112,11.14,103.2,13.8,1,2,1,4
9.52,350,5.27,99.6,12.1,0,3,1,2
2.31,538,7.25,58.0,13.7,1,2,1,1
1.16,418,9.71,76.0,12.1,0,0,1,1
5.51,447,4.5,63.8,13.8,2,2,1,1
16.45,601,12.27,41.4,6.1,0,1,1,2
5.84,214,7.81,84.3,4.6,1,2,1,1
9.9,148,13.69,46.9,6.9,0,1,1,1
6.51,323,4.81,44.5,19.8,2,1,1,0
15.4,163,10.45,90.1,22.2,2,2,1,4
9.58,618,8.92,107.0,13.5,0,0,0,4
16.08,390,13.32,57.0,10.0,0,0,1,2
15.05,418,7.25,103.1,13.5,0,2,1,3
11.54,47,9.44,87.4,6.2,1,3,1,2
7.25,72,1.28,43.8,18.3,0,2,1,0
6.45,108,2.5,99.5,18.4,2,2,1,3
11.07,348,2.3,70.7,4.6,0,0,1,0
2.23,163,0.78,47.1,7.8,0,1,1,0
1.49,273,10.65,82.9,22.8,0,3,1,3
7.04,594,8.89,79.9,21.4,1,3,1,1
1.27,329,7.46,111.2,8.4,0,1,1,2
7.69,714,8.38,41.2,19.8,0,2,0,2
16.63,483,10.44,103.8,12.7,0,1,1,4
9.5,53,8.71,75.1,18.2,0,3,1,1
16.53,402,11.83,83.2,16.2,1,2,1,3
5.57,663,3.34,64.8,14.6,2,2,0,1
4.04,31,3.81,99.8,20.1,1,1,1,2
16.89,234,4.62,40.3,16.3,2,1,1,2
11.42,705,7.11,104.3,21.7,0,2,0,4
1.38,235,7.38,74.9,7.2,1,1,1,0
8.57,98,9.88,102.1,10.3,2,2,1,3
3.88,33,7.58,63.4,21.2,0,2,1,1
11.71,293,11.98,81.9,12.1,1,1,0,1
9.68,99,9.02,94.2,11.8,0,0,1,3
1.95,475,1.37,70.1,13.8,0,1,0,0
8.18,493,9.43,71.6,18.1,1,1,1,1
0.46,373,1.99,64.2,4.6,2,3,1,0
12.07,176,10.19,102.9,7.2,2,1,1,4
13.66,217,4.8,108.4,4.9,1,2,0,3
3.11,403,11.5,110.0,15.8,0,1,0,4
8.4,347,10.37,48.1,17.5,1,3,0,1
0.79,381,6.56,64.8,16.7,0,3,0,0
4.93,311,5.43,79.3,9.6,0,0,0,0
10.81,184,3.04,42.5,18.5,1,1,0,0
16.01,194,9.58,67.1,10.7,1,1,1,0
2.43,279,5.77,59.2,8.7,2,0,1,0
15.92,280,10.77,39.9,6.9,0,0,1,1
9.03,344,11.86,87.3,18.2,0,0,1,3
15.83,13,5.74,67.8,17.0,2,1,0,1
2.08,187,7.25,88.3,15.7,2,1,0,3
7.92,608,10.79,62.2,11.2,0,1,0,2
8.24,201,11.63,88.3,5.5,0,0,1,2
12.58,436,6.92,75.1,19.1,2,3,1,3
1.01,708,4.81,104.3,15.9,0,2,1,3
13.2,702,5.15,87.1,13.5,1,1,1,3
11.08,30,10.36,82.2,4.3,0,1,0,1
5.67,597,0.71,94.6,19.7,0,1,1,2
12.28,409,10.98,46.5,5.0,1,0,1,1
5.17,516,0.53,90.6,16.0,1,1,0,1
16.72,29,7.25,63.7,19.8,0,2,1,2
2.94,415,4.71,108.4,5.4,2,1,1,3
9.51,553,7.84,100.5,15.8,1,3,1,3
3.37,413,11.55,73.6,21.5,1,0,0,2
12.08,300,11.66,85.6,19.2,0,3,1,3
1.65,314,7.25,106.7,13.4,0,2,1,4
13.73,586,7.04,81.6,12.2,2,0,0,3
16.64,640,1.13,66.1,13.2,1,1,1,2
8.33,589,8.67,55.0,10.0,2,1,0,1
9.98,255,6.43,77.6,16.1,1,1,1,1
7.0,701,7.62,54.7,17.7,0,1,1,1
12.99,195,12.63,44.9,15.7,1,1,1,2
6.51,648,11.06,71.1,17.8,0,3,1,2
1.37,22,7.25,54.9,5.1,0,1,1,0
9.59,15,13.06,90.7,13.3,1,3,1,3
3.97,195,8.1,43.8,14.2,1,0,1,0
8.76,184,10.01,41.5,13.2,1,2,1,0
5.24,424,5.56,84.5,6.1,0,1,0,1
2.93,569,6.5,91.6,6.5,2,1,1,1
4.55,719,11.73,39.8,20.8,0,2,0,3
2.48,135,10.18,40.3,19.1,2,0,0,0
12.28,399,6.37,87.1,18.7,1,1,1,2
7.0,5,12.6,109.1,6.1,1,0,0,4
6.21,372,5.26,88.7,6.4,0,3,1,1
4.99,476,10.72,43.4,10.5,0,3,1,2
11.44,683,2.6,96.2,18.1,1,2,1,4
12.34,186,3.4,104.2,13.1,2,0,1,3
3.99,593,6.1,61.9,11.3,0,3,1,0
6.91,209,2.84,45.1,14.8,1,0,1,0
11.38,147,5.32,83.8,14.0,1,1,0,1
3.75,636,0.96,61.7,4.7,2,3,1,0
15.15,476,6.92,64.6,19.6,0,1,0,1
0.73,31,7.54,69.3,11.2,0,1,0,0
15.09,340,6.35,42.9,11.2,1,3,0,1
6.46,348,3.3,72.5,20.9,0,1,0,1
6.09,337,9.7,108.7,17.0,1,1,1,4
5.01,420,1.52,105.8,12.3,2,2,0,3
13.06,593,2.56,103.2,16.5,2,0,0,4
0.5,78,2.27,98.7,22.0,1,2,1,2
7.73,217,6.37,94.5,10.8,0,2,1,2
15.75,560,9.86,43.9,8.5,1,2,1,2
13.71,684,12.23,76.9,20.3,0,2,1,4
0.63,269,9.98,43.0,13.3,0,3,0,0
6.71,703,11.61,58.9,5.7,2,1,1,1
8.86,329,4.17,98.7,12.0,1,2,0,2
2.13,578,1.75,42.7,21.5,0,0,1,0
12.9,360,4.71,100.4,6.9,2,2,0,3
11.21,647,9.55,70.5,7.3,2,3,0,3
14.71,272,7.15,91.5,7.2,0,0,1,2
2.71,606,6.43,55.5,11.1,1,1,0,0
1.05,226,4.01,106.7,22.7,1,0,1,2
9.64,440,8.49,99.1,17.2,0,0,1,3
12.53,503,4.55,60.3,13.3,0,1,1,1
14.24,148,5.34,58.4,13.5,0,1,1,1
13.6,555,0.81,64.2,13.5,0,0,1,1
17.48,603,11.8,53.9,14.3,1,1,0,3
14.61,388,7.25,54.6,17.5,0,3,1,2
2.51,173,3.01,53.9,16.8,1,1,0,0
8.93,192,5.55,39.0,11.9,0,3,1,1
1.24,153,4.15,71.6,7.9,0,3,1,0
10.72,666,4.07,51.0,9.1,2,2,1,2
11.92,94,4.05,91.3,12.4,1,1,0,1
16.62,572,2.6,66.6,17.3,1,0,1,2
13.59,465,7.51,76.5,5.7,2,2,0,2
3.93,150,5.25,60.0,13.5,0,2,1,0
13.28,206,0.64,79.9,13.0,1,2,1,1
10.48,170,6.08,66.8,6.8,1,1,1,0
14.8,302,13.69,50.2,18.5,1,1,1,2
7.85,109,12.17,72.8,5.4,0,0,1,1
9.06,104,3.58,62.2,17.3,2,0,1,0
15.8,202,6.68,102.4,18.7,0,1,0,3
15.48,581,9.31,103.4,14.7,1,2,1,4
3.36,92,3.74,95.7,20.7,0,1,1,1
9.31,510,2.53,77.2,21.8,1,1,0,1
12.89,203,13.47,39.0,10.5,1,2,1,2
14.17,337,4.97,111.6,7.3,1,1,0,3
8.0,138,6.42,53.7,16.4,1,2,0,0
6.99,305,12.35,57.7,19.1,1,1,0,2
6.42,190,9.85,78.9,4.4,2,1,0,1
9.42,581,12.55,42.7,8.9,1,1,1,1
6.09,63,4.82,102.7,20.8,0,1,1,2
3.12,138,2.02,85.6,11.2,2,0,0,0
15.09,529,8.23,72.1,15.2,1,3,1,3
17.56,264,10.62,49.6,4.8,2,3,1,2
16.83,649,5.55,73.5,7.0,1,1,1,1
13.4,665,8.86,107.0,5.7,0,1,1,4
2.08,653,6.63,83.2,19.3,0,1,1,1
10.62,5,10.4,95.5,4.6,1,2,0,3
2.05,680,4.28,74.0,12.9,2,2,1,2
6.24,383,6.75,77.1,7.6,0,2,1,0
10.26,315,7.1,84.9,13.5,2,1,1,2
3.52,638,11.8,91.2,9.9,1,3,1,3
8.64,582,9.01,89.8,7.6,1,2,0,3
17.48,101,10.73,46.1,7.4,2,2,1,1
1.53,510,4.71,43.5,12.2,0,3,1,0
4.2,689,4.08,47.3,5.6,2,1,0,1
2.66,711,11.83,99.5,6.6,1,2,0,4
1.7,457,3.7,80.8,5.0,0,0,0,0
0.72,565,7.25,103.2,18.5,0,1,1,3
17.76,550,13.26,105.6,4.7,2,2,0,4
13.26,237,8.38,82.8,6.1,1,3,0,2
9.97,402,9.12,94.8,10.2,1,3,0,3
11.52,244,13.61,76.9,10.9,0,2,1,3
1.61,387,11.54,75.1,13.5,2,1,1,4
12.2,300,4.09,85.8,19.3,0,2,1,2
15.29,364,5.48,54.3,10.0,1,0,0,0
9.91,444,12.46,72.9,17.1,1,1,1,2
7.28,251,7.48,80.9,13.5,1,2,1,1
2.47,551,1.53,82.8,16.8,1,3,0,1
13.46,258,8.08,66.7,5.9,0,0,1,0
10.76,149,9.63,100.4,13.3,0,0,1,3
9.64,639,7.54,72.4,8.2,2,2,1,2
1.57,570,0.66,74.8,5.7,2,1,1,0
9.52,286,11.13,44.8,17.7,1,1,1,1
10.35,480,12.22,62.7,6.7,0,0,1,2
13.18,547,3.22,54.9,19.3,0,2,1,2
17.89,156,0.95,83.6,5.1,0,1,1,0
17.91,681,13.97,98.7,19.9,0,0,1,4
16.2,482,8.72,57.7,7.0,1,3,1,2
11.08,689,1.23,103.6,18.9,0,0,0,4
9.94,189,2.99,106.5,5.4,2,1,1,2
10.2,435,7.39,63.2,12.4,1,1,0,1
17.09,553,10.85,75.8,20.5,1,0,1,3
11.43,235,3.55,40.4,10.3,0,0,0,0
10.41,672,6.16,74.0,18.3,1,2,1,2
17.39,289,11.72,61.8,9.4,1,1,1,2
10.71,287,2.7,58.2,9.4,2,0,1,1
4.31,148,8.74,38.7,9.5,1,2,1,0
2.13,303,13.08,97.0,17.1,0,3,0,4
12.57,398,11.17,104.1,9.7,1,2,0,4
12.58,606,4.78,105.7,9.1,0,0,0,3
8.54,286,5.38,77.8,19.5,1,1,1,1
9.52,638,8.54,68.9,4.4,1,3,1,1
16.84,124,9.9,48.3,11.2,1,0,0,0
15.37,178,6.24,71.0,7.5,0,2,0,1
9.45,627,11.14,58.7,20.7,2,0,1,3
1.98,285,5.3,51.5,4.3,0,2,0,0
6.94,174,3.28,73.3,22.5,1,1,0,0
7.54,713,5.8,72.6,22.3,0,2,1,2
11.23,350,1.91,40.9,19.9,1,3,1,1
17.29,515,8.37,45.7,14.3,0,2,0,2
8.96,154,8.84,44.7,11.6,2,2,1,1
1.97,300,3.0,107.9,15.7,2,1,1,3
14.41,109,13.88,49.2,13.1,2,2,1,2
10.74,204,1.5,100.2,20.9,1,2,1,3
17.35,298,4.11,101.0,6.5,0,0,1,2
1.31,14,13.32,58.3,14.2,2,1,0,1
2.24,160,11.49,67.1,4.4,0,3,1,0
2.93,674,4.24,93.4,19.2,1,1,0,2
13.94,485,9.04,104.5,15.8,1,1,0,4
17.88,120,3.96,92.0,13.5,2,0,1,2
6.53,660,9.74,83.5,19.6,0,1,0,3
1.64,293,8.85,71.8,15.1,0,1,0,1
3.54,705,10.99,110.9,7.4,0,2,1,4
9.24,357,8.64,47.8,15.9,1,1,0,0
13.9,396,9.83,74.1,7.7,1,0,1,1
10.03,82,9.3,49.2,12.3,1,0,0,1
14.84,184,0.9,53.7,7.6,1,2,1,1
5.01,273,10.14,52.2,13.9,2,1,0,2
2.24,571,5.59,87.1,22.6,0,1,0,2
16.6,546,6.13,60.4,22.2,0,2,1,3
7.99,62,4.93,43.3,10.5,2,1,1,0
1.34,264,4.31,108.6,21.7,0,2,0,3
14.55,505,5.83,57.5,9.4,0,1,0,2
12.17,609,3.44,58.0,16.3,1,0,0,2
15.73,215,2.72,45.1,18.3,0,1,0,1
16.18,326,8.04,104.5,6.3,1,2,1,3
13.63,211,0.87,59.2,14.4,0,0,1,0
14.46,150,5.27,75.1,16.4,0,1,0,3
9.49,252,0.52,106.3,18.0,0,3,1,3
10.12,170,8.02,56.7,14.3,2,2,1,2
1.81,217,11.68,42.7,4.4,0,3,1,0
10.63,319,7.55,47.8,9.8,1,1,1,0
9.97,144,5.6,89.8,7.1,2,2,0,2
4.62,406,4.63,104.4,10.6,1,1,1,2
16.92,632,2.16,95.3,8.7,2,1,0,3
6.81,262,12.53,86.0,22.9,1,2,0,4
3.12,412,11.02,39.7,22.1,2,3,0,2
8.24,598,11.75,39.0,8.5,1,1,0,1
16.96,266,3.33,46.9,14.8,2,2,1,1
15.25,388,4.39,92.4,7.0,1,1,1,2
2.8,406,11.4,45.0,15.2,0,3,1,1
1.19,538,4.36,104.9,13.5,0,1,0,3
3.92,543,13.75,93.0,17.1,1,3,1,4
10.76,100,8.84,46.7,10.4,2,1,0,1
13.36,54,3.12,82.7,7.6,1,3,1,0
9.72,703,6.38,57.0,12.4,1,3,1,1
1.56,19,9.21,70.8,9.1,2,0,1,0
7.49,472,0.58,101.5,11.7,0,1,1,2
8.5,219,7.17,57.1,20.8,0,2,0,2
14.56,427,6.84,47.4,13.5,0,2,0,2
6.69,302,1.34,102.7,15.4,1,2,1,3
15.57,173,6.37,52.6,11.6,1,1,1,0
12.04,718,11.14,107.2,22.7,1,0,0,4
11.72,494,3.38,41.5,13.5,0,2,1,2
5.06,255,5.62,92.9,16.9,0,1,1,2
10.25,680,1.35,84.4,4.7,1,1,1,1
4.03,74,5.9,38.8,10.5,2,2,0,0
14.23,618,12.99,100.6,21.3,2,3,0,4
2.7,309,9.78,45.6,21.8,1,2,1,2
13.19,238,9.88,67.9,9.8,0,1,1,1
9.0,265,11.28,90.9,6.7,0,0,0,3
4.56,707,5.97,88.3,9.9,1,1,1,2
4.56,536,4.14,110.8,22.1,2,3,1,4
5.14,69,12.96,106.5,18.1,1,0,1,3
2.87,512,10.09,90.3,19.6,2,1,1,3
2.57,525,4.67,97.3,12.9,2,2,0,3
8.11,495,10.07,39.0,14.8,1,1,0,1
9.27,615,3.24,77.9,18.6,1,2,1,2
14.42,279,12.44,90.7,13.2,0,3,1,4
2.57,185,13.38,94.7,6.7,1,2,1,3
3.42,554,12.23,107.8,20.1,1,1,0,4
16.67,717,9.33,85.6,21.2,2,1,1,4
4.06,166,9.96,48.3,18.8,2,3,0,1
1.67,677,3.67,63.3,5.4,0,1,1,0
10.8,630,8.35,63.2,22.0,1,2,1,2
4.12,405,8.96,56.3,22.9,0,1,1,1
8.39,592,10.9,59.8,12.7,0,1,0,1
2.18,576,1.5,109.4,10.8,1,0,1,2
12.62,495,0.85,86.9,17.8,1,1,0,3
4.18,168,7.5,51.8,5.3,2,1,1,0
16.14,325,12.28,57.0,7.3,0,3,1,2
7.61,413,8.14,110.5,13.5,1,1,0,4
3.4,224,12.54,63.3,17.9,1,1,1,1
8.99,165,10.34,104.0,19.7,1,3,1,4
16.05,444,7.25,78.6,19.1,0,2,1,3
16.25,445,3.82,90.5,22.1,2,0,0,4
17.56,567,7.39,63.2,22.1,2,0,1,3
2.88,29,9.37,101.3,15.4,1,1,1,3
2.08,480,0.8,89.9,9.8,2,1,1,1
4.54,152,2.38,71.0,15.5,2,3,1,1
8.74,72,7.94,107.7,4.6,1,1,1,2
5.49,347,10.18,58.4,12.8,2,2,1,1
6.83,704,13.58,72.4,15.4,1,1,1,3
14.84,291,7.63,108.6,12.5,0,3,1,3
0.67,553,10.71,72.0,20.6,0,1,1,1
4.23,344,1.18,42.1,7.9,2,2,1,0
2.36,504,11.4,72.9,14.0,0,2,1,2
11.99,114,5.63,86.4,4.0,2,3,1,1
3.22,195,12.11,97.5,20.9,1,1,1,3
2.87,105,10.03,105.5,15.5,0,1,0,4
10.04,665,8.77,46.8,10.6,1,1,0,2
13.45,213,3.66,69.1,14.2,0,1,1,0
1.34,404,12.5,104.9,21.3,0,2,0,4
12.15,631,9.84,76.9,4.0,0,0,1,2
11.0,563,3.0,78.6,14.4,2,1,1,2
2.68,386,11.05,74.3,19.3,0,3,0,1
7.15,415,1.11,56.1,8.2,2,0,1,0
7.89,370,13.05,97.1,13.8,2,3,1,4
11.03,58,3.23,52.0,20.7,1,3,0,0
2.11,544,6.4,64.7,18.0,0,3,1,1
15.11,583,9.26,81.0,9.8,2,1,0,3
1.75,286,9.46,95.6,16.9,2,2,1,3
3.15,388,5.85,45.3,16.3,2,0,1,0
12.29,566,4.98,86.5,20.8,2,2,0,3
5.77,444,2.13,74.8,19.0,0,3,1,1
4.63,335,5.49,75.1,22.4,2,2,1,1
7.35,544,11.26,57.6,20.1,2,1,1,2
12.54,196,3.6,109.1,8.6,0,1,1,3
3.9,272,8.44,75.0,21.0,2,2,1,2
10.86,537,9.58,102.8,5.5,1,2,1,4
1.05,580,13.52,47.0,12.0,1,0,1,1
7.87,284,8.72,58.9,9.9,0,0,1,0
15.9,648,4.67,75.9,9.4,0,2,0,2
11.43,82,0.53,107.2,16.6,1,0,1,2
14.36,195,8.23,74.4,7.7,1,0,1,1
4.69,510,11.86,53.2,19.3,2,2,1,2
5.75,536,11.93,111.2,9.5,1,2,1,4
4.86,56,0.76,77.7,14.4,2,1,1,1
14.62,300,9.82,60.7,12.4,1,1,0,0
3.91,108,13.76,106.8,5.3,0,0,1,3
0.82,393,6.53,98.2,5.1,1,2,1,1
8.39,605,0.79,75.1,19.8,2,2,1,2
13.21,534,1.16,60.3,16.0,0,1,1,1
3.84,463,3.56,72.3,20.6,0,0,1,0
17.86,622,2.8,111.0,6.7,2,3,0,4
7.86,71,7.25,97.5,9.7,0,1,0,2
10.79,144,3.3,57.1,20.9,0,2,0,0
17.43,672,2.97,63.0,8.2,0,2,1,2
1.7,448,10.71,83.3,21.5,0,1,0,2
2.5,406,1.23,88.9,17.8,0,3,0,2
10.34,615,10.91,64.5,11.8,2,2,0,3
9.31,203,3.86,104.2,8.9,2,0,1,2
8.02,466,13.02,76.8,16.9,2,2,1,3
17.64,421,4.88,86.7,17.3,0,2,1,3
14.84,292,11.29,52.8,17.0,1,2,1,2
17.26,347,10.64,40.6,5.5,2,0,0,2
6.99,6,4.63,65.7,7.0,2,1,1,0
4.45,130,6.29,47.3,18.0,0,1,1,0
0.67,192,7.25,104.5,15.0,0,0,0,2
6.97,133,8.43,52.1,18.9,1,2,1,0
15.79,395,2.04,88.9,6.2,1,2,1,2
11.83,212,10.31,43.1,7.6,1,1,1,1
1.14,121,5.5,39.8,6.6,2,1,0,0
6.27,299,12.63,70.0,17.9,0,1,1,1
4.42,102,4.16,45.6,8.6,0,2,1,0
9.9,76,7.25,59.7,19.4,0,1,1,0
17.52,538,7.54,105.4,19.3,1,2,1,4
7.87,522,12.88,48.9,11.5,1,0,1,1
14.87,130,11.56,103.3,6.9,0,2,1,4
15.0,512,11.81,62.5,18.4,0,2,0,3
0.67,270,11.49,61.0,16.5,0,1,1,1
11.42,446,5.82,65.0,16.5,1,2,1,1
17.91,507,5.79,62.3,18.5,1,0,1,2
4.73,291,9.07,85.6,22.3,1,0,1,2
2.47,428,13.81,74.9,18.1,1,3,1,2
15.75,56,13.11,58.0,20.8,2,3,1,2
17.6,468,4.24,103.0,4.9,2,1,0,4
6.87,666,13.43,104.1,7.1,1,2,1,4
4.6,290,7.01,108.2,16.9,1,1,0,3
4.18,5,13.53,77.3,8.2,1,0,0,1
15.75,346,10.42,87.3,11.7,0,2,1,3
14.4,442,5.54,42.7,14.5,1,1,1,1
4.05,448,1.49,41.2,7.1,0,2,0,0
9.26,274,9.35,43.6,19.2,2,1,1,1
9.9,110,12.52,102.3,10.7,2,1,0,3
15.41,676,1.27,110.6,13.5,2,1,1,4
7.34,256,10.96,56.5,10.1,0,2,1,1
0.4,514,7.06,67.7,11.2,0,2,0,1
10.01,42,12.12,66.8,20.1,0,3,0,2
10.33,295,10.19,93.3,8.4,2,1,1,3
16.36,89,1.9,66.4,11.8,2,1,1,0
16.44,689,7.34,45.4,7.9,0,1,1,2
3.06,606,5.19,49.5,15.7,0,3,1,0
3.23,471,13.32,44.8,13.3,0,1,0,2
16.48,666,9.65,82.7,11.5,1,1,1,3
2.79,504,1.42,64.6,22.0,1,0,0,1
11.21,442,3.54,51.7,22.9,0,2,0,2
9.52,483,8.32,88.9,12.0,0,0,1,3
8.09,589,0.99,62.0,11.8,1,3,0,1
10.38,456,9.12,111.0,17.7,0,1,1,4
1.59,432,9.56,81.1,16.2,2,2,0,2
2.99,272,3.81,70.6,13.5,0,0,1,0
10.51,677,8.19,51.2,11.4,2,1,1,2
1.81,253,3.54,42.3,10.2,2,1,1,0
10.76,506,1.57,84.6,5.9,1,3,0,2
4.04,198,12.94,59.3,17.0,1,3,1,2
13.67,657,13.53,98.6,21.2,0,0,0,4
1.69,64,3.17,57.4,15.3,0,1,0,0
12.02,185,8.75,109.7,6.4,2,0,1,4
7.65,26,1.35,39.2,8.3,1,2,1,0
14.69,414,9.91,53.5,19.8,2,1,1,2
1.75,433,5.1,49.0,18.3,0,3,1,0
0.6,413,10.63,110.9,8.4,0,2,1,4
3.17,355,8.55,61.0,7.5,1,2,1,0
17.05,18,12.36,61.5,12.3,1,1,1,2
7.45,103,11.38,96.3,20.1,2,3,0,4
7.41,444,11.2,95.3,17.3,1,1,1,3
1.63,630,3.2,52.4,22.6,0,2,0,1
15.95,48,8.21,94.0,17.7,1,1,1,3
2.29,425,4.63,64.9,18.2,1,1,1,0
11.61,450,7.07,68.4,13.0,1,1,1,1
17.83,181,7.61,70.9,16.9,1,1,1,1
4.03,551,7.19,81.7,11.7,1,0,0,1
12.06,517,13.57,48.0,10.7,2,1,1,3
14.3,493,10.82,56.6,8.4,2,3,0,3
4.14,645,13.85,97.5,4.3,2,1,1,4
0.85,441,13.96,104.4,5.2,0,3,1,3
4.49,267,2.44,89.1,9.2,0,1,0,1
2.74,651,4.76,52.4,19.8,1,1,1,0
15.44,480,3.44,57.7,5.9,1,1,1,0
3.28,17,8.98,86.5,13.5,1,3,0,2
11.92,713,13.49,83.8,9.5,0,1,1,3
13.07,82,4.79,44.5,21.1,1,3,1,0
9.83,261,3.07,98.2,21.7,0,3,0,3
1.16,475,13.23,63.8,19.0,2,2,0,2
14.97,700,1.85,106.8,6.7,0,3,1,3
11.04,215,7.0,90.7,21.0,0,1,1,2
7.74,694,7.25,91.2,16.8,1,3,1,2
12.61,161,3.86,46.3,7.7,0,2,1,0
9.69,549,7.73,40.3,10.0,2,0,1,1
16.32,112,10.76,44.9,17.3,2,1,0,2
13.65,80,6.52,94.8,17.9,0,0,1,2
4.84,374,7.25,93.2,4.8,1,1,1,2
15.72,102,4.46,105.1,22.0,0,0,1,3
11.21,484,5.98,76.8,7.9,0,2,1,1
1.22,591,12.17,92.0,17.5,1,2,1,4
7.14,561,10.37,108.0,16.0,2,1,0,4
17.32,57,7.86,46.6,19.8,0,1,1,1
11.28,353,4.88,42.6,4.7,1,3,1,0
11.34,32,13.32,94.4,20.4,1,3,1,4
11.64,206,9.05,70.4,10.0,2,1,0,0
10.56,237,10.1,109.6,20.5,1,1,1,4
5.14,365,1.37,65.4,13.5,1,2,1,0
17.61,437,6.66,101.9,15.2,2,1,0,4
4.02,30,4.84,44.9,12.7,0,1,1,0
8.09,512,8.49,103.9,11.3,0,2,0,4
17.61,57,2.77,98.9,18.0,0,1,1,2
10.0,91,7.06,80.7,13.5,0,2,0,1
4.37,339,12.81,99.8,21.4,0,2,0,4
16.09,553,5.67,41.6,12.4,1,0,1,1
15.91,432,8.11,47.3,9.8,0,0,1,1
7.83,659,13.6,97.8,17.5,0,1,1,4
3.87,277,6.73,63.5,8.0,2,0,1,0
16.95,221,9.24,60.7,11.9,1,1,1,1
13.46,527,6.23,107.0,8.8,0,3,1,3
14.94,530,7.41,100.2,13.3,0,2,0,4
15.07,77,11.26,92.0,16.0,1,3,0,4
2.18,311,1.26,84.2,5.6,0,1,1,0
15.31,549,13.69,108.4,7.0,2,1,0,4
0.84,99,6.94,41.3,9.0,2,3,1,0
2.45,349,8.83,70.7,5.6,2,1,0,0
15.88,449,7.48,88.4,19.6,0,0,1,3
17.5,243,1.61,74.2,20.1,0,0,0,1
4.32,116,3.24,105.5,8.7,0,2,1,2
10.29,375,7.95,61.4,13.8,1,3,1,1
9.85,631,6.11,84.4,11.7,0,3,1,1
10.09,445,12.76,111.1,7.5,1,1,0,4
3.86,700,13.84,56.9,21.9,0,2,0,2
13.35,555,0.71,110.0,14.7,1,3,1,3
16.58,89,11.68,58.5,5.0,0,2,1,1
1.25,705,6.05,42.8,10.2,1,0,0,0
7.02,417,13.84,47.2,18.5,2,2,0,3
15.45,410,10.29,97.7,16.4,0,0,1,4
12.87,40,1.29,100.2,6.3,2,3,1,2
4.16,155,1.45,97.6,8.9,2,2,1,2
2.46,288,12.78,56.3,12.0,2,1,0,1
5.42,285,7.91,50.8,9.0,0,3,0,0
4.74,459,10.22,45.0,16.7,1,2,1,1
2.63,457,9.68,59.3,7.5,0,3,1,1
8.93,340,11.04,55.6,19.0,0,2,0,2
8.67,314,9.33,91.6,4.1,2,1,1,3
17.93,537,8.13,106.9,17.3,0,1,1,4
1.39,598,8.13,43.4,4.8,2,2,0,1
11.21,498,6.07,51.2,10.4,1,0,1,1
10.4,429,9.43,64.0,13.5,1,0,1,2
17.4,129,10.82,103.7,4.4,1,0,1,4
8.49,504,3.09,65.4,19.7,0,1,0,1
9.27,141,1.33,51.5,21.7,1,2,1,1
10.66,83,0.58,96.9,11.5,2,2,0,2
14.33,504,7.77,67.1,19.3,0,1,1,2
13.17,695,11.48,111.5,9.6,1,1,1,4
17.0,49,10.79,95.1,20.5,2,2,0,4
8.44,581,13.51,71.3,14.8,1,2,1,2
0.65,715,11.52,49.1,7.3,0,3,0,1
14.18,453,13.66,98.7,6.3,0,3,1,4
4.71,198,10.45,76.1,19.6,2,1,1,2
5.68,206,1.25,84.9,22.0,0,1,1,1
16.35,383,4.81,93.5,15.3,0,3,0,2
1.91,287,2.03,107.7,14.8,1,2,0,2
17.59,552,12.16,103.4,17.5,0,3,0,4
9.6,192,6.24,88.2,12.3,1,3,0,1
3.17,702,11.08,99.0,20.8,1,2,1,4
2.73,178,4.93,57.4,8.8,2,3,1,0
6.22,269,5.32,100.2,19.8,0,1,1,3
14.19,593,12.7,75.1,6.8,2,2,1,4
1.14,689,6.28,104.7,17.1,1,1,0,3
1.88,218,11.54,63.4,16.3,1,0,1,1
15.73,588,12.7,40.6,13.1,2,3,1,3
6.97,268,2.65,59.2,11.8,0,1,0,0
5.23,287,10.14,111.2,21.2,1,2,0,4
14.75,72,8.77,78.9,22.7,1,1,0,2
17.99,181,3.05,83.8,9.1,1,1,1,2
1.81,75,12.72,41.0,15.0,1,2,0,1
0.82,247,6.31,90.2,5.9,1,1,1,0
15.61,307,10.94,98.4,12.9,2,1,1,4
9.05,243,1.27,89.2,23.0,0,2,0,2
13.41,256,11.01,91.6,4.8,0,2,1,3
15.09,457,7.69,61.9,16.8,2,1,1,2
15.48,93,5.35,40.4,17.6,0,3,1,1
6.38,302,9.41,86.6,5.0,0,2,1,2
2.63,98,13.09,84.5,17.2,0,1,0,3
17.06,436,12.57,105.4,20.1,1,1,1,4
6.7,145,10.09,79.7,18.7,0,0,1,2
3.99,330,8.49,99.7,10.3,2,1,0,3
11.14,635,13.0,78.4,5.7,0,2,0,3
16.38,285,6.97,71.5,21.9,0,1,1,1
17.57,458,3.66,92.5,22.4,1,1,0,3
7.67,366,6.11,61.4,12.9,2,1,0,1
4.1,278,4.67,70.6,6.1,1,1,1,0
17.18,595,13.23,59.0,5.0,0,0,0,3
6.88,503,5.21,72.9,13.9,2,1,0,1
14.2,439,4.21,70.8,8.5,1,1,0,2
14.82,63,4.28,95.6,11.8,1,0,1,1
9.45,136,3.84,92.0,16.9,0,1,1,2
7.28,188,13.25,58.7,16.6,2,1,1,2
7.81,516,4.74,70.6,20.0,0,2,0,1
16.68,379,11.28,79.4,10.0,0,3,0,2
1.79,432,13.42,71.4,9.6,2,2,1,2
16.36,490,1.92,103.2,13.3,0,1,0,3
12.28,632,3.69,101.2,13.5,0,3,0,4
11.79,173,7.48,53.4,9.1,1,1,1,0
3.54,565,1.42,71.0,21.3,1,3,1,1
1.97,103,4.75,65.4,11.1,1,2,1,0
15.52,371,9.26,81.1,4.3,0,1,1,1
3.95,648,7.73,86.8,16.9,0,2,0,3
6.98,598,2.36,75.9,4.5,1,2,0,1
8.24,50,9.23,78.9,6.0,1,1,1,0
17.78,74,2.12,53.0,20.5,0,2,1,1
16.54,453,10.51,42.6,7.5,1,1,1,2
8.48,167,6.71,107.9,12.4,0,1,1,3
13.63,31,9.39,75.1,9.6,1,1,0,4
3.67,38,3.84,80.4,14.4,0,0,1,0
13.88,413,9.35,43.2,17.8,2,2,1,2
8.03,283,7.23,105.0,21.4,0,1,1,3
13.38,128,0.93,73.5,4.5,0,1,1,0
12.61,449,10.53,43.2,20.3,1,2,0,3
4.51,24,7.86,101.9,15.4,2,0,0,2
5.59,414,6.99,54.6,13.4,1,3,1,0
10.48,185,6.49,46.3,6.5,0,0,1,0
3.99,19,5.63,75.1,21.7,0,0,1,0
12.81,182,8.0,74.9,16.6,0,1,1,1
16.38,520,2.21,53.9,11.5,0,3,0,2
13.24,597,1.1,55.5,5.4,2,2,0,2
14.48,100,9.71,87.2,10.4,1,0,1,3
4.53,593,7.36,96.2,11.2,2,1,1,2
4.67,504,4.79,38.2,18.9,0,1,0,1
5.93,219,3.22,110.7,17.1,0,1,0,3
6.82,702,12.5,55.4,17.0,2,1,0,3
4.44,490,8.22,66.1,19.5,2,0,1,1
14.3,77,12.62,41.6,11.2,2,3,1,1
11.98,280,8.07,67.1,22.1,1,3,1,2
7.46,347,10.33,78.9,10.4,1,1,1,2
11.12,65,9.85,84.6,6.2,0,0,1,2
1.96,440,1.53,58.1,22.3,0,0,1,0
6.1,346,2.85,64.3,17.5,1,1,0,0
16.1,559,9.56,98.3,15.6,1,2,0,4
14.37,572,9.35,51.8,20.3,0,1,1,2
15.29,205,4.82,75.1,9.5,1,1,0,1
7.78,122,1.92,80.5,8.9,0,0,1,0
6.77,584,2.23,91.9,9.3,0,1,1,1
17.77,297,2.3,111.2,11.3,0,2,1,4
6.05,515,0.77,50.1,11.1,1,2,1,0
6.53,710,3.6,58.9,7.4,1,2,0,1
3.57,357,7.06,99.5,8.5,2,2,0,3
15.54,646,1.41,84.0,19.9,1,0,0,3
12.34,623,4.95,70.2,7.5,2,1,0,2
16.14,177,4.84,45.4,14.4,2,0,1,1
1.61,668,7.25,91.9,8.2,2,0,1,3
16.99,258,6.9,40.0,16.4,0,3,1,1
9.68,659,4.05,75.1,14.7,1,1,1,0
16.57,27,13.97,92.8,5.4,0,1,1,4
16.64,275,13.79,72.0,4.4,0,2,1,2
5.42,689,6.33,88.9,15.6,0,1,1,2
2.82,192,5.26,70.5,18.3,2,1,0,0
2.74,239,1.42,82.4,21.6,0,1,1,1
6.01,720,0.87,48.3,20.0,1,1,0,1
13.85,253,4.91,70.4,13.4,0,2,1,1
8.8,466,11.35,85.1,16.2,1,1,1,3
7.48,60,3.11,93.3,9.2,0,1,1,1
16.37,179,8.94,65.6,16.9,1,2,0,2
6.44,22,7.26,49.8,5.3,0,2,1,0
14.07,310,4.79,90.5,14.5,1,1,0,2
14.12,515,3.64,59.0,7.8,2,3,1,2
4.55,511,5.26,89.9,7.4,1,2,1,1
16.52,272,1.84,54.9,7.2,0,1,0,0
7.39,135,3.15,97.8,22.2,0,0,0,2
3.09,690,2.32,94.1,19.7,2,2,1,3
1.98,555,9.43,50.1,21.7,1,0,0,1
7.32,5,1.96,101.8,18.4,0,0,1,1
16.32,676,2.49,95.2,15.6,0,2,1,4
16.71,332,12.76,84.4,8.9,0,1,0,3
12.58,335,1.12,109.2,15.0,1,2,1,3
13.81,106,2.08,88.7,8.8,1,1,0,1
12.38,312,8.76,50.5,5.9,0,0,1,0
13.32,452,3.41,49.9,9.1,0,3,1,0
5.47,586,13.78,50.3,13.7,2,0,1,2
3.07,62,9.04,101.8,21.6,1,1,0,3
2.55,523,6.55,96.3,4.9,1,0,0,1
16.4,157,1.3,87.6,5.2,0,0,1,1
7.02,232,3.16,67.5,11.5,0,0,0,0
10.71,670,10.11,88.2,11.2,1,0,0,3
16.97,23,11.11,79.6,19.4,2,3,1,2
12.62,716,6.85,71.0,12.9,1,3,0,2
2.52,515,9.29,108.2,16.2,1,2,1,4
16.42,141,1.14,53.9,19.7,2,1,1,0
16.79,355,6.79,99.3,16.5,1,0,1,3
1.89,169,1.1,84.8,12.7,0,1,0,0
4.58,49,7.25,76.9,6.2,0,2,1,0
10.67,159,13.82,61.8,19.4,0,0,0,2
5.81,216,9.64,57.2,11.9,0,1,0,0
13.38,346,8.59,98.2,10.3,0,1,0,3
3.14,435,5.85,43.1,7.3,0,2,0,0
9.09,642,3.87,97.2,16.0,0,0,1,2
7.28,468,3.5,75.1,21.7,1,2,1,2
1.9,338,8.83,45.8,15.8,0,3,0,1
13.17,713,9.62,86.3,21.2,1,2,0,4
3.26,693,7.35,50.9,9.8,1,0,0,0
13.52,196,1.7,95.9,18.4,0,3,1,2
14.16,632,10.12,70.6,19.7,1,3,1,3
2.79,438,9.49,75.1,14.0,0,2,1,1
3.23,648,6.41,74.6,5.0,0,1,0,1
12.58,603,7.25,51.5,18.3,2,2,1,2
10.01,509,13.36,66.8,6.0,2,1,0,2
3.77,17,2.89,75.1,18.0,2,1,1,0
17.2,17,7.82,92.4,21.7,0,1,1,3
7.47,33,13.01,66.7,9.9,0,0,1,1
5.08,329,9.26,53.4,5.9,0,2,1,0
13.77,660,7.91,61.2,11.3,2,2,0,3
10.91,633,9.14,45.0,15.9,1,1,0,2
10.78,480,0.79,50.1,14.2,0,0,1,2
12.43,412,10.03,95.3,12.3,2,1,1,3
16.39,217,7.59,49.6,16.7,0,0,0,1
11.3,688,3.18,53.9,8.3,2,1,0,1
5.54,56,0.57,76.9,9.0,1,3,1,0
15.62,405,12.75,52.9,10.7,0,3,0,2
5.66,715,1.43,56.2,12.7,1,2,1,1
4.48,77,11.51,82.2,4.3,0,2,0,2
0.67,334,8.75,69.1,13.5,1,0,1,1
15.45,79,11.83,92.8,11.7,2,2,1,3
15.26,716,4.54,83.0,13.5,1,3,0,3
2.32,72,10.39,60.5,21.4,0,1,0,1
7.21,420,1.94,96.3,16.2,1,2,0,3
17.72,60,1.07,83.9,5.8,0,1,0,1
3.81,639,11.02,77.0,12.3,1,3,1,2
16.01,655,8.81,43.2,4.2,0,0,1,1
16.36,427,9.68,111.9,8.1,1,1,1,4
8.68,432,9.9,90.8,13.5,0,2,1,4
3.69,679,5.41,59.9,6.0,0,2,1,0
5.89,183,6.15,76.1,12.9,0,1,1,0
13.11,579,3.98,40.6,16.9,2,2,1,2
17.97,36,8.69,68.9,22.3,2,1,1,2
1.57,54,12.79,67.8,13.8,0,3,1,0
10.21,720,11.57,75.5,13.5,0,1,1,2
10.86,696,6.72,107.5,9.1,2,1,0,4
5.38,280,4.6,96.7,9.0,0,1,0,1
3.17,71,12.18,58.9,22.5,0,3,1,2
12.66,301,8.14,90.0,21.8,1,1,0,3
10.99,76,6.06,102.4,12.5,0,2,1,3
5.41,200,1.2,90.9,7.8,1,0,1,1
7.0,367,2.12,59.9,18.1,0,1,1,0
11.9,613,2.81,40.6,12.0,0,1,1,1
10.19,5,5.11,72.3,11.8,0,3,0,1
10.88,167,5.62,59.1,13.8,2,1,1,0
6.71,448,2.82,71.5,12.9,2,3,1,1
8.58,660,1.37,54.8,15.1,2,0,0,1
10.86,687,1.8,98.7,17.7,1,0,0,3
15.01,568,4.79,101.0,16.8,0,3,0,4
8.65,130,11.54,75.9,8.7,1,0,1,0
14.25,630,2.43,103.6,12.8,0,0,1,3
6.9,342,1.55,87.1,12.6,0,0,0,1
12.26,77,9.42,57.2,11.7,0,0,0,1
17.19,18,2.33,71.6,5.7,1,2,1,0
1.92,441,7.25,50.6,11.2,0,1,0,0
6.36,629,2.13,63.5,11.9,1,1,1,0
11.1,334,12.4,84.1,19.4,1,3,1,3
6.15,210,4.93,43.6,12.3,2,2,1,0
9.75,680,11.56,57.9,16.2,1,0,1,2
2.15,529,13.99,92.5,9.0,1,2,1,4
4.1,662,6.63,66.3,20.1,1,1,1,1
7.99,619,1.94,107.7,6.3,2,2,1,3
8.16,487,5.08,45.4,16.9,1,2,0,1
17.69,29,7.31,76.9,6.7,2,0,1,1
8.58,61,6.33,53.5,20.2,0,2,1,1
15.2,104,12.79,90.3,19.6,0,3,1,4
3.56,512,6.76,60.0,8.5,0,1,1,0
4.66,443,2.63,41.2,5.7,2,3,0,0
0.86,691,12.58,66.8,4.1,2,1,0,1
11.02,442,9.76,67.3,17.7,2,3,1,2
12.67,347,5.54,75.4,21.3,1,0,1,1
10.39,170,6.94,100.6,6.8,0,0,1,2
9.68,461,12.3,87.4,5.6,0,0,0,3
15.51,711,11.87,60.3,11.9,0,3,0,3
2.3,714,3.59,84.3,5.0,0,2,1,1
2.07,93,9.21,75.1,16.4,1,3,0,2
12.71,310,4.52,79.8,18.4,0,3,0,2
0.33,561,8.34,76.5,8.4,1,2,0,1
6.84,706,7.02,101.8,18.0,0,3,0,3
7.53,235,12.94,69.4,7.8,0,1,1,1
5.5,240,8.24,39.2,18.6,1,1,1,0
17.72,232,10.81,111.1,16.3,1,2,0,4
2.54,511,3.82,80.6,15.1,1,0,0,1
16.46,717,3.1,70.4,22.7,1,0,1,3
8.21,382,0.56,75.1,22.8,0,1,1,2
15.92,40,7.25,72.0,8.3,0,0,1,0
1.44,559,2.84,78.7,17.4,0,2,0,1
11.2,53,6.15,51.0,12.0,0,2,1,0
0.48,360,10.95,74.0,17.4,0,0,1,2
6.46,561,13.45,52.7,10.6,0,3,1,2
2.0,299,12.49,100.4,20.4,1,0,0,4
9.93,505,2.24,47.9,22.3,0,2,1,1
7.18,352,12.65,64.8,5.2,0,0,0,1
4.05,108,10.69,58.1,22.2,1,1,1,1
6.93,336,6.41,53.5,6.9,0,2,0,0
16.37,176,8.65,86.2,11.2,1,0,1,3
14.38,254,8.49,53.1,8.1,0,2,0,1
13.31,247,6.18,109.5,15.7,2,3,1,4
2.11,422,4.74,84.0,16.9,0,0,0,1
12.73,257,6.91,66.8,11.3,0,2,1,1
15.39,524,5.17,38.7,13.5,2,1,1,1
1.94,694,12.18,66.6,20.7,0,1,1,2
16.85,80,6.51,55.0,15.2,0,3,0,2
6.81,401,8.82,103.2,13.1,2,2,1,4
14.58,189,8.77,65.9,15.9,1,2,1,1
7.12,609,12.2,42.1,8.5,0,1,1,1
4.58,385,13.05,56.8,8.4,2,1,1,1
11.11,364,4.13,73.4,11.0,0,0,1,0
5.64,203,11.56,86.6,21.6,0,0,1,3
4.47,465,1.97,93.9,19.9,0,0,0,2
6.64,441,5.57,78.5,7.1,1,2,0,1
12.17,350,6.92,92.3,10.1,0,0,0,2
7.18,361,12.58,75.1,15.4,0,2,0,3
6.83,671,13.28,46.5,12.7,0,0,0,2
10.74,534,9.37,86.2,20.0,2,2,1,4
8.09,263,6.96,100.8,14.2,2,1,1,3
14.8,534,2.96,93.7,17.2,1,1,0,3
11.15,676,4.64,102.5,21.8,1,1,1,4
11.06,342,12.98,79.6,20.0,0,3,0,3
10.13,382,13.04,52.2,6.7,1,1,1,2
9.96,148,11.88,91.1,19.8,2,2,0,4
16.2,446,13.31,99.1,7.3,0,1,1,4
16.29,717,12.35,76.1,22.2,1,1,1,3
16.66,518,11.05,73.6,11.6,2,2,1,3
14.18,130,2.08,69.2,4.6,2,3,1,1
3.16,703,7.06,94.6,13.1,1,1,0,3
5.68,608,8.37,53.1,22.9,1,1,1,1
0.54,632,10.97,79.7,18.9,1,0,1,1
1.64,609,8.27,95.5,6.2,2,1,1,3
16.12,656,12.34,51.1,11.2,1,1,0,3
4.79,326,8.44,59.6,8.3,0,1,0,0
6.76,614,6.35,96.9,10.9,2,2,1,3
10.47,342,5.09,40.0,8.5,2,1,1,0
5.11,74,8.25,44.4,5.4,1,3,1,0
1.61,103,3.3,39.3,21.9,0,0,0,0
13.7,38,11.51,53.9,18.1,1,1,1,2
9.15,461,8.87,41.8,12.4,2,1,1,1
0.92,347,12.27,56.2,22.4,1,0,1,1
12.39,324,13.19,57.7,4.3,2,1,1,1
14.58,427,4.82,78.0,17.3,1,1,1,2
12.08,507,11.76,46.5,21.2,2,1,1,3
14.57,298,1.34,108.7,12.8,0,1,1,3
15.22,451,13.84,94.8,4.2,2,1,0,4
2.88,158,4.76,93.2,10.5,2,0,1,1
4.49,649,5.44,109.1,8.4,2,1,1,3
13.86,360,3.21,98.7,13.2,1,2,0,3
1.59,612,10.46,85.8,19.9,0,1,1,3
12.01,467,12.11,107.2,11.6,0,0,1,4
17.54,227,8.5,75.1,6.6,1,1,0,4
13.08,289,7.81,101.7,13.1,1,3,1,3
7.06,533,3.68,104.6,14.4,0,1,1,2
12.34,204,9.78,42.2,13.8,2,3,1,1
16.33,419,9.81,66.4,22.1,1,0,1,2
4.42,173,12.54,71.3,8.3,0,3,0,0
7.45,178,5.21,111.8,13.5,0,2,1,3
15.37,412,13.45,67.2,7.6,1,1,1,2
1.31,265,3.68,107.5,13.6,1,3,0,2
7.15,200,10.81,80.1,22.0,0,0,0,2
15.8,303,12.11,53.7,21.4,0,3,1,2
5.66,604,1.35,42.7,6.9,0,2,1,0
3.97,274,7.85,70.7,4.1,1,2,1,0
9.05,358,3.1,38.7,17.0,0,3,0,0
4.62,302,1.28,55.7,7.0,0,1,1,0
10.13,104,4.03,84.5,10.9,1,2,1,1
17.28,636,3.03,106.6,18.4,1,1,0,4
8.31,51,2.73,102.4,9.7,2,2,1,2
4.55,637,13.93,69.8,6.1,1,0,0,2
1.65,92,9.19,105.7,15.3,2,2,1,4
3.51,707,3.0,97.3,15.1,0,1,1,2
2.48,641,3.52,78.2,11.0,2,1,1,0
6.9,417,2.82,85.4,4.2,0,3,1,2
2.93,31,3.23,69.8,19.3,0,1,1,0
4.31,165,3.63,101.4,22.3,2,0,1,3
5.56,465,2.91,71.0,10.6,1,1,1,0
17.22,422,0.89,85.0,11.3,0,3,1,2
8.58,186,10.97,100.2,8.3,2,2,1,4
15.19,157,0.95,75.1,16.9,0,2,0,1
0.83,36,7.54,48.3,5.6,1,1,0,0
14.33,474,10.77,71.6,5.9,0,1,1,1
1.49,576,9.72,75.1,4.6,2,3,1,2
11.64,377,13.68,76.2,16.3,1,1,0,2
10.44,206,2.67,107.4,19.1,0,1,1,3
16.39,270,1.49,55.6,22.6,2,2,0,2
14.15,14,12.19,74.8,22.6,2,2,1,3
8.68,213,13.82,78.7,7.4,2,1,1,2
13.15,512,1.55,107.0,9.0,2,2,0,4
5.24,668,2.97,52.3,19.8,1,1,0,0
15.26,511,8.02,110.9,7.1,0,1,1,4
12.6,454,8.19,50.0,13.5,1,1,0,1
15.74,574,3.06,87.4,13.5,0,0,1,3
12.6,105,5.99,65.8,5.2,0,0,1,0
5.16,379,1.16,41.0,13.5,0,0,1,0
10.79,68,10.29,106.1,21.2,0,1,0,4
9.91,711,6.36,70.6,18.9,0,1,1,1
5.14,650,10.88,55.1,11.7,0,0,0,2
10.64,252,8.01,87.8,13.4,2,0,1,3
11.19,518,1.24,75.1,7.9,1,1,1,1
5.7,101,9.69,91.0,10.9,1,0,0,2
0.41,416,11.13,84.9,9.2,1,1,1,2
12.54,576,2.38,48.1,11.5,1,2,1,2
7.72,135,6.35,90.1,15.6,0,2,1,2
7.41,587,10.38,44.8,9.7,2,2,1,2
15.9,532,1.38,81.5,22.9,1,3,0,3
10.43,511,12.67,46.6,15.0,2,1,0,3
11.22,131,6.89,65.4,12.5,0,0,0,0
6.24,338,11.74,94.1,5.2,2,1,1,3
17.7,235,3.61,79.4,13.4,2,1,0,1
15.23,442,0.86,76.3,18.3,0,1,1,2
5.57,117,7.58,62.3,18.7,1,2,1,0
16.16,603,2.64,107.4,19.0,2,1,0,4
12.04,382,13.14,42.2,8.2,1,1,1,2
9.24,502,8.67,41.3,20.9,1,2,1,2
6.88,224,7.77,82.1,11.7,0,1,0,0
4.43,164,3.19,72.1,22.4,1,2,1,2
8.63,414,5.7,40.7,21.5,2,0,0,1
14.41,342,7.1,68.1,4.1,1,3,1,1
13.71,222,9.8,59.9,19.9,1,2,0,2
13.96,565,12.07,106.8,9.8,1,0,0,4
14.46,709,13.33,101.9,7.9,1,0,1,4
3.49,592,7.6,86.0,21.4,0,3,1,3
10.38,284,7.25,108.1,7.9,1,1,1,3
10.53,329,13.88,101.7,14.5,1,3,1,4
15.9,298,6.69,81.6,13.5,0,1,1,1
12.65,9,8.43,87.5,6.5,2,3,0,3
8.8,364,12.08,108.4,10.4,0,3,0,4
2.93,98,8.3,101.6,19.2,0,1,0,3
6.3,536,0.78,58.8,7.1,1,3,0,0
14.41,368,12.09,89.2,4.8,1,0,1,3
4.41,632,3.92,91.8,18.3,1,2,1,2
0.79,497,9.18,81.7,18.1,0,3,1,2
13.92,326,6.15,58.7,20.9,0,1,1,1
13.12,621,1.47,78.7,4.7,0,1,1,2
10.61,526,4.93,106.8,10.4,1,1,1,3
16.14,682,10.31,76.8,10.1,2,1,1,3
16.36,458,13.77,111.9,15.1,1,2,0,4
7.78,62,5.49,52.5,14.2,1,1,1,0
10.98,307,2.48,79.3,21.0,2,2,0,2
1.73,548,13.74,51.2,9.7,0,3,1,1
16.32,58,1.13,87.6,4.4,2,1,1,1
11.77,470,4.41,101.2,15.1,1,0,1,3
11.62,243,1.03,72.7,8.1,1,0,0,1
7.38,123,2.89,66.9,10.4,0,1,0,0
14.13,574,9.63,50.5,9.8,2,3,0,2
11.35,605,4.5,102.3,22.9,0,2,0,4
17.6,7,2.06,72.1,5.9,0,2,1,1
3.2,466,1.06,105.1,8.8,0,2,1,2
16.68,7,4.0,65.8,5.5,2,3,1,0
11.03,621,13.98,80.1,7.2,0,0,1,3
10.22,280,8.41,71.8,22.7,0,1,1,2
4.43,72,6.89,89.2,5.7,0,2,1,0
2.45,151,3.89,106.7,12.7,2,1,0,2
0.96,383,7.25,70.3,9.4,1,0,1,1
1.07,338,6.61,56.8,5.7,0,2,0,0
0.9,424,2.57,47.6,6.7,0,1,1,0
9.78,716,4.56,97.2,7.5,0,3,1,2
7.35,256,2.45,95.7,22.6,2,1,0,2
7.16,652,1.94,42.6,8.1,1,2,1,0
5.19,640,1.48,110.3,22.4,1,2,1,4
17.77,248,10.83,98.8,13.5,1,1,1,3
13.45,175,4.52,102.2,15.5,2,1,1,3
6.02,405,8.55,75.1,18.4,0,2,0,4
1.03,219,5.02,66.6,8.7,1,0,0,0
11.38,299,9.85,56.8,7.4,0,3,0,1
10.4,484,7.13,91.5,8.3,2,2,1,3
8.97,586,3.44,102.6,13.5,1,2,1,3
3.92,50,0.86,71.8,19.7,1,2,1,0
9.14,23,9.39,80.7,20.0,1,0,1,2
15.86,200,11.19,41.3,8.8,2,1,1,2
10.54,180,2.76,103.3,21.8,0,1,1,2
17.57,120,7.54,78.5,6.7,0,0,0,1
6.52,27,12.53,63.3,14.8,0,0,0,1
12.01,22,3.58,54.4,21.2,1,2,1,1
7.88,128,11.52,86.5,22.2,0,1,0,3
6.6,533,3.33,50.6,5.8,0,2,1,0
1.18,410,9.32,102.2,20.8,0,3,1,3
9.36,311,11.92,49.4,17.4,1,2,1,1
7.88,64,11.06,43.5,17.0,0,2,1,1
15.61,101,4.5,101.6,5.4,0,3,1,2
11.95,233,7.93,85.6,12.6,0,3,1,2
2.05,638,12.92,88.1,8.7,0,1,1,3
17.07,344,6.46,55.7,10.6,1,0,1,1
7.59,223,6.75,53.0,4.3,2,3,0,0
4.29,371,1.74,85.5,12.3,0,2,1,1
4.9,122,13.59,43.1,4.9,1,1,1,0
3.17,463,3.65,104.1,13.0,0,1,1,2
10.81,325,1.22,107.2,17.9,0,1,0,3
15.13,155,10.0,62.4,19.2,0,3,1,1
11.62,705,13.42,107.1,9.6,2,1,1,4
4.3,506,9.11,58.0,21.7,0,1,1,2
14.76,258,5.57,45.1,5.3,1,2,1,0
16.91,465,2.89,89.9,11.2,1,2,0,3
4.77,719,2.49,73.9,8.9,2,0,1,0
3.65,148,4.6,48.6,7.2,0,1,0,0
10.61,406,3.25,107.7,7.5,0,1,1,3
2.85,608,1.91,111.4,22.1,0,2,0,4
16.73,55,3.59,66.4,7.1,0,1,1,0
17.6,697,12.78,55.7,5.5,1,3,0,3
10.9,284,3.05,95.9,16.8,0,2,1,3
14.72,29,12.99,57.4,11.1,0,1,1,1
2.17,276,7.36,45.0,13.5,0,1,1,0
1.79,295,3.61,50.7,11.4,2,1,0,0
6.85,37,4.88,81.1,16.6,1,2,0,1
9.16,542,6.92,38.5,11.1,0,3,1,1
12.59,367,4.44,90.1,8.0,1,2,1,2
4.61,153,3.55,104.9,10.9,1,3,0,2
5.46,169,7.25,57.3,20.5,1,3,1,0
4.19,230,0.59,96.7,6.7,0,2,1,1
4.19,201,4.26,87.4,21.3,2,2,0,2
17.1,52,11.54,84.8,4.2,1,0,1,3
16.98,7,9.51,46.9,4.4,1,1,1,0
5.35,170,2.25,105.7,19.6,2,1,1,3
6.63,171,9.38,54.7,13.5,1,1,1,0
10.92,400,1.11,59.3,20.2,1,2,1,2
5.3,37,12.47,63.6,7.7,0,2,1,0
9.58,234,1.38,84.5,13.5,0,1,1,1
14.94,519,10.03,98.5,20.0,1,2,1,4
11.85,556,11.19,84.3,21.5,0,1,1,4
17.83,343,3.88,51.5,4.0,1,2,1,1
8.04,696,10.41,104.1,16.6,0,1,1,4
12.38,294,7.25,87.7,12.0,0,2,1,3
8.99,97,11.36,57.2,15.4,2,1,1,1
12.95,132,12.13,58.5,4.9,1,1,1,1
9.94,375,6.12,52.4,9.4,0,3,0,0
12.17,560,2.76,86.3,12.7,1,2,0,3
12.02,507,8.72,85.5,8.0,0,3,0,3
3.04,20,1.72,75.2,21.0,1,3,1,0
15.14,244,7.25,59.9,17.0,0,1,1,1
15.41,547,10.3,70.7,10.2,0,1,1,2
1.05,394,6.01,102.2,11.2,2,1,1,1
9.75,60,6.41,100.1,21.9,0,1,0,3
7.54,64,0.7,97.9,16.5,0,2,0,2
17.99,447,8.22,76.9,5.4,0,1,1,1
13.42,357,10.61,70.7,7.7,1,1,1,1
8.31,468,5.11,42.7,12.2,0,2,1,0
14.63,90,11.85,81.5,4.9,2,0,0,1
16.63,201,12.55,63.5,9.6,0,1,1,2
9.75,45,3.07,81.7,6.6,1,0,1,0
2.13,684,3.3,82.2,4.9,0,3,1,1
12.86,57,12.71,42.8,19.8,0,2,1,1
5.95,341,5.15,103.1,13.5,1,0,1,2
5.11,670,6.8,71.5,18.0,2,3,1,1
10.47,267,9.59,88.3,13.4,1,2,1,3
7.82,577,12.39,73.3,20.5,2,3,1,3
5.4,414,8.96,53.2,15.7,2,3,1,1
10.86,73,7.25,57.9,18.5,2,0,0,2
16.76,377,7.45,77.3,7.1,0,1,0,2
16.73,694,10.69,74.0,22.5,0,2,1,3
13.19,143,2.92,83.4,17.3,1,2,1,2
3.15,655,3.86,75.1,13.5,1,0,1,0
4.36,394,1.37,69.2,12.5,0,0,1,0
4.97,577,1.31,79.2,18.8,0,0,0,1
2.85,288,11.35,53.8,5.1,1,0,1,0
10.71,366,3.23,50.4,13.2,0,2,0,1
11.98,547,8.42,93.3,7.1,1,1,1,3
14.64,10,4.47,55.2,15.8,1,3,0,0
1.39,530,1.11,100.9,17.3,0,3,0,3
2.98,92,12.48,104.0,17.0,1,1,1,3
2.68,324,13.25,58.2,4.8,1,0,0,1
0.38,680,3.77,74.9,22.7,1,1,1,1
16.83,205,11.47,83.2,18.0,0,0,1,3
0.38,433,10.66,96.6,6.2,0,3,1,3
8.15,186,13.39,48.7,19.8,2,2,1,2
3.19,66,11.6,89.9,7.7,0,3,1,2
3.32,372,10.14,82.9,7.2,1,1,1,1
7.89,91,7.51,65.2,21.1,0,1,1,0
0.78,44,3.1,49.1,20.4,2,2,0,0
3.67,210,10.34,83.2,16.4,0,3,1,2
12.62,473,6.24,40.4,21.6,0,0,1,1
7.37,326,4.92,109.8,18.9,0,0,0,3
13.69,559,4.08,95.1,9.9,1,1,1,3
6.27,79,7.27,72.5,8.3,1,0,1,0
12.59,28,3.45,97.5,22.6,0,3,1,3
6.95,355,9.29,74.7,13.5,0,0,0,0
7.28,162,12.33,80.7,13.5,0,3,1,1
17.84,332,6.2,68.4,18.9,2,2,1,2
6.82,172,7.69,108.6,13.4,0,2,0,3
15.18,257,7.54,83.1,16.2,1,1,0,2
11.9,316,7.02,77.9,17.5,2,1,0,2
3.2,694,9.58,91.2,14.7,0,1,0,3
6.87,643,3.76,62.2,18.4,2,1,1,0
11.0,112,11.75,104.1,6.6,0,3,1,4
6.7,483,4.02,42.2,8.8,0,1,0,0
6.99,290,8.51,108.0,17.3,1,1,0,4
8.98,225,9.29,90.3,11.8,0,2,0,3
8.95,605,5.72,58.8,11.4,1,1,1,1
12.24,555,12.79,99.6,5.0,1,1,0,4
4.14,341,9.46,76.0,5.6,0,1,1,0
11.42,528,2.02,51.6,22.8,0,2,0,2
2.62,539,6.48,71.6,21.3,2,2,1,2
8.42,265,3.88,58.4,22.2,2,2,1,1
3.22,282,5.12,38.5,6.1,2,0,0,0
14.72,62,11.52,54.6,8.9,1,2,1,1
5.32,473,11.05,43.2,4.6,1,3,1,0
4.13,642,2.62,82.2,7.9,0,1,1,1
8.4,477,10.34,99.7,18.5,2,2,0,4
6.81,679,1.96,73.2,17.0,1,0,1,0
12.64,558,7.85,47.0,8.2,0,2,0,2
13.48,290,9.04,108.5,18.7,2,3,1,4
11.24,547,10.72,106.7,19.3,2,3,1,4
16.37,444,7.24,91.4,15.8,1,3,1,3
13.83,583,6.77,62.7,14.4,2,1,1,2
7.46,267,0.98,93.5,5.7,2,1,0,2
12.82,41,13.29,47.0,21.3,0,2,1,3
4.54,151,5.95,87.8,14.4,2,1,1,1
8.03,454,12.88,87.3,8.7,2,3,0,3
16.73,624,7.81,85.0,7.6,1,0,0,3
2.78,648,8.64,77.2,4.8,0,3,0,1
5.45,526,8.88,85.7,14.3,0,0,1,2
16.79,530,8.95,96.3,5.2,0,3,0,4
3.61,248,9.87,55.1,16.2,1,3,1,1
11.7,264,1.96,64.9,20.4,0,1,1,1
7.39,200,2.02,62.3,14.0,1,1,0,0
5.4,566,7.75,94.9,12.1,0,3,0,2
6.62,50,3.41,42.9,17.4,2,0,1,0
2.3,171,5.49,40.4,6.9,2,0,1,0
3.24,500,10.57,50.7,4.4,0,0,1,0
1.32,32,7.04,94.9,19.8,1,1,1,1
1.61,437,4.79,75.1,8.6,1,3,1,2
7.38,20,7.25,67.9,5.7,2,3,0,0
4.96,259,7.59,43.2,16.9,2,1,1,1
14.65,409,4.58,69.8,9.0,0,1,1,0
1.94,316,4.03,74.2,11.2,2,3,1,0
10.17,537,4.17,84.9,4.9,0,1,1,2
13.52,49,11.74,91.2,9.5,1,3,1,3
13.58,591,11.21,90.2,8.3,1,3,1,4
1.25,302,3.26,103.8,19.0,2,2,0,3
14.24,455,2.4,109.0,9.9,2,2,1,4
5.71,163,13.1,66.2,22.8,0,1,1,2
1.16,712,4.01,85.9,10.0,0,1,0,1
12.57,463,4.48,42.1,13.5,0,3,0,2
9.22,37,5.46,64.0,6.8,1,3,1,0
17.56,650,4.31,79.0,6.9,2,2,1,2
16.27,9,6.59,62.0,17.3,0,2,1,1
16.94,591,9.98,74.7,13.5,1,2,1,3
4.14,242,13.01,100.3,14.2,1,3,1,4
14.25,289,10.22,84.4,17.4,2,1,1,3
6.93,212,10.81,84.1,4.7,1,0,0,2
12.5,382,2.53,99.5,12.2,1,3,1,2
14.33,223,11.45,92.5,18.6,1,0,0,3
10.38,213,1.43,56.4,7.9,0,0,1,0
3.05,455,4.81,72.6,18.4,1,1,0,0
5.35,131,7.38,86.5,5.5,1,2,1,1
17.2,696,1.5,76.2,6.9,0,1,0,2
14.68,37,6.69,73.2,10.2,2,1,1,1
8.14,5,11.9,103.2,14.4,0,1,1,4
6.93,574,10.74,38.5,21.9,1,2,0,2
4.88,323,0.69,100.9,5.2,1,2,1,2
5.11,26,5.4,75.5,11.1,1,0,0,0
3.42,69,2.56,99.6,18.4,2,2,1,2
1.51,310,11.84,98.2,15.6,0,1,1,3
0.82,399,4.86,87.8,8.0,2,2,1,1
8.76,359,0.86,49.8,21.3,1,1,1,1
9.48,292,3.82,78.8,22.6,0,0,1,1
17.05,336,6.97,51.8,18.7,0,0,1,1
8.86,144,2.67,54.4,13.5,1,2,1,0
11.05,169,7.78,55.3,5.7,2,0,1,0
8.15,369,9.09,55.9,22.8,2,2,1,2
12.91,361,9.8,76.1,8.7,2,1,1,2
4.29,368,0.56,86.3,12.8,2,0,1,1
2.28,178,3.38,41.4,8.1,0,0,1,0
7.8,263,5.21,88.7,21.4,0,1,1,2
13.41,235,13.05,46.5,10.9,0,2,1,2
5.81,451,3.02,40.8,12.8,0,3,1,0
7.42,90,1.89,95.6,13.5,1,1,1,2
2.29,355,5.63,77.2,13.5,0,1,0,0
13.23,110,10.85,43.2,8.6,0,1,0,1
9.58,563,7.17,75.3,9.2,0,0,0,1
12.72,638,12.55,83.4,20.7,1,1,1,4
17.62,670,5.82,53.3,8.3,2,1,1,2
2.53,75,7.13,103.0,15.4,0,2,1,2
11.86,538,11.18,86.7,8.4,2,0,1,4
0.99,422,2.3,96.4,6.8,0,2,0,2
0.63,604,13.87,66.9,14.0,1,2,1,2
3.15,345,7.5,93.3,4.3,0,3,0,1
10.55,644,2.99,103.7,6.3,0,3,1,3
10.71,195,7.2,69.7,21.8,1,2,0,1
8.73,69,2.58,52.4,12.9,0,3,1,0
13.95,657,1.83,82.6,4.7,1,2,1,2
4.23,360,2.98,92.2,9.8,1,2,0,2
10.11,211,1.63,83.6,8.9,1,1,1,1
13.75,265,1.65,101.7,7.7,0,3,1,2
14.29,424,10.44,102.5,4.6,2,1,0,4
9.79,643,0.92,84.8,7.2,1,0,1,1
10.72,60,3.51,43.7,21.0,2,1,1,1
11.25,204,8.23,75.1,7.8,0,1,1,0
15.0,691,3.81,64.4,11.8,1,1,1,2
17.42,174,3.59,60.0,8.1,1,0,1,0
16.92,27,1.47,96.9,14.6,0,2,1,2
7.95,145,4.45,93.8,6.3,0,2,0,0
14.09,278,12.81,95.7,9.0,0,0,0,3
17.03,610,5.88,73.5,4.1,1,1,1,2
8.79,307,4.1,44.1,15.7,0,1,0,0
10.15,123,4.44,72.7,5.9,1,0,0,0
12.18,663,7.25,79.2,19.3,0,1,0,3
4.21,271,7.25,64.0,11.0,0,0,0,0
2.89,323,2.53,107.0,20.0,0,1,0,3
0.7,326,6.17,104.5,18.3,2,1,1,3
10.28,142,0.69,39.4,9.3,0,1,1,0
15.91,561,5.49,64.1,22.1,0,0,1,2
2.21,6,1.17,71.4,19.4,0,1,0,0
1.59,375,5.49,41.1,6.0,2,0,1,0
1.53,189,10.44,40.1,18.9,1,2,1,0
15.24,74,10.33,94.7,12.2,2,1,0,4
17.09,310,9.77,105.4,5.0,2,2,1,4
0.88,569,9.45,110.6,9.7,2,1,1,4
1.54,24,5.54,102.9,6.2,2,0,0,2
5.04,700,3.74,55.6,13.5,0,1,1,1
2.43,67,13.53,79.1,9.2,1,2,0,1
10.6,644,0.68,86.0,8.1,0,2,1,2
13.52,384,3.93,42.0,6.3,2,3,1,1
8.35,503,5.12,49.5,6.4,2,1,0,0
15.01,98,10.97,78.2,7.4,1,0,0,2
17.9,533,4.92,52.5,11.9,0,2,0,2
5.47,268,10.91,111.2,9.6,2,2,1,4
5.21,132,2.77,76.6,10.5,2,1,0,1
9.48,457,8.93,64.2,10.1,2,1,0,1
16.47,608,0.66,55.6,16.3,2,3,1,2
17.78,41,2.43,106.8,16.5,0,1,1,3
1.63,713,13.24,100.4,11.3,2,1,0,4
3.55,635,9.1,54.5,8.0,1,1,1,0
7.47,402,6.38,70.3,8.1,2,0,1,0
4.4,60,5.62,75.1,16.4,2,0,1,2
9.81,211,10.5,74.2,19.5,2,2,0,2
14.71,126,11.34,64.7,18.2,0,2,1,2
12.25,141,4.05,69.9,5.7,1,1,1,0
12.45,307,2.08,54.2,22.6,0,1,1,1
0.69,561,11.82,82.1,21.1,0,1,1,2
9.75,677,12.15,54.6,11.2,1,1,1,2
14.18,535,0.99,49.9,20.2,2,1,1,2
14.96,56,6.85,50.4,5.1,1,3,1,0
11.58,267,10.61,49.7,10.0,1,2,1,1
12.1,243,5.12,79.5,15.9,0,0,0,1
14.82,427,13.13,63.9,10.7,2,1,0,3
15.53,184,11.68,75.1,8.1,1,3,1,3
10.45,216,13.53,108.8,19.6,1,2,1,4
7.47,456,6.66,39.9,18.9,0,3,1,2
10.97,200,3.58,71.0,12.4,2,2,1,1
8.05,278,5.4,74.7,12.3,0,0,1,0
15.0,631,7.9,75.1,6.7,0,0,1,1
1.46,85,1.27,59.1,9.0,0,1,1,0
1.27,282,6.7,82.7,5.9,0,1,1,0
6.53,156,10.17,75.5,17.2,1,1,1,2
8.77,266,10.19,47.9,16.6,0,3,0,2
15.11,77,11.77,67.6,4.1,1,3,0,0
8.46,400,8.85,75.1,21.4,0,1,1,3
13.17,381,10.96,81.3,20.6,1,2,0,3
4.23,272,8.12,47.9,5.4,1,1,0,0
10.87,274,6.08,48.0,11.1,0,0,1,0
13.08,439,10.38,101.8,15.3,0,3,0,4
12.58,57,3.29,72.7,19.1,0,2,1,0
10.88,354,5.31,66.0,7.5,2,2,0,1
0.32,623,2.59,67.1,15.8,0,1,0,0
11.98,185,10.76,102.0,12.4,2,0,1,4
10.68,307,5.49,103.3,17.9,1,2,1,3
3.44,129,11.08,62.3,22.9,1,3,1,1
13.76,657,9.35,81.0,19.4,0,2,0,3
11.27,77,5.86,109.7,10.7,0,3,0,3
15.52,75,11.73,97.5,15.2,0,2,1,4
9.35,139,6.69,45.2,9.6,0,1,1,0
12.4,453,1.77,75.1,18.3,2,1,0,2
0.52,665,3.05,84.2,8.4,0,3,0,2
0.38,583,5.93,65.6,9.7,2,0,1,0
12.73,444,6.7,48.0,4.6,0,3,1,2
1.9,625,5.99,84.7,15.7,0,2,0,2
12.03,583,7.88,75.1,16.3,0,2,0,4
0.63,551,3.5,40.2,22.1,1,1,0,1
11.38,573,4.3,59.0,20.5,1,3,0,1
9.04,610,7.7,81.8,9.5,1,2,1,2
3.27,285,11.83,44.7,18.0,0,3,1,1
6.06,679,4.17,109.1,16.8,2,1,1,3
15.7,294,11.45,90.6,16.4,1,1,0,4
7.46,10,13.67,89.9,10.8,1,2,0,3
12.06,705,3.98,96.2,9.4,2,1,0,4
7.56,605,2.06,39.4,18.4,0,0,0,0
8.82,208,10.32,109.0,6.7,1,1,0,3
9.31,200,2.84,100.8,7.5,0,1,1,1
8.29,115,8.72,95.5,20.3,0,1,1,3
11.54,276,4.7,101.4,10.9,2,1,1,3
17.85,583,2.25,85.9,8.8,0,0,0,2
2.49,564,4.63,57.6,18.2,2,2,1,1
3.06,118,13.68,55.8,4.6,0,0,0,1
4.96,185,9.4,104.9,12.2,0,1,1,3
2.04,440,13.1,62.3,17.9,0,3,1,1
7.12,528,8.24,111.2,10.2,2,3,0,4
14.3,679,11.84,73.9,18.6,0,2,0,3
15.24,6,7.59,80.9,10.5,1,1,1,1
15.29,471,10.66,41.6,17.5,2,3,1,3
12.4,560,6.34,90.5,7.5,0,2,1,3
1.5,94,12.33,52.4,6.3,2,0,1,0
9.91,306,0.99,56.5,11.5,2,0,1,0
16.5,153,8.76,96.1,6.9,0,2,1,3
4.01,537,11.87,99.2,8.3,0,2,1,4
4.8,68,9.23,45.4,13.5,2,1,1,0
13.02,277,1.75,50.6,6.3,2,0,1,0
16.28,619,9.18,105.4,17.0,0,2,0,4
3.0,95,3.29,45.9,17.3,1,2,1,0
17.87,598,8.91,77.2,8.8,2,1,1,3
10.91,92,6.69,91.6,18.0,1,2,0,2
7.59,247,12.41,49.0,16.7,2,1,1,1
1.36,328,8.55,99.3,4.7,2,2,1,3
16.2,13,0.56,93.1,14.2,0,1,1,2
13.75,717,3.65,89.4,8.3,2,2,1,3
2.36,544,2.98,89.8,13.1,0,3,0,2
16.58,366,9.48,46.7,19.9,2,0,1,2
13.25,374,2.02,69.5,9.6,1,3,1,0
7.46,190,13.36,43.7,6.4,2,1,0,1
1.54,681,12.44,62.1,14.1,2,3,0,2
1.38,251,10.35,40.5,8.0,2,3,0,0
15.57,544,7.25,39.1,19.2,0,3,1,2
14.05,299,12.09,93.4,4.1,1,1,1,3
14.51,432,7.05,62.0,18.2,1,2,0,3
10.28,155,1.22,39.1,8.9,0,3,0,0
10.74,523,13.99,102.7,14.3,2,1,0,4
5.6,659,1.47,55.1,10.0,0,2,1,0
13.07,541,2.92,111.4,5.4,1,2,1,4
3.46,662,9.14,55.2,18.0,2,2,1,1
0.54,709,10.68,70.2,20.2,0,1,1,1
11.37,288,2.89,62.5,18.4,2,1,0,1
9.46,339,1.45,59.5,7.9,0,3,0,0
17.75,435,7.23,108.5,13.5,1,1,1,4
11.14,78,0.53,57.0,5.5,2,0,1,0
4.99,629,4.95,44.0,12.6,0,2,1,1
1.5,595,0.87,69.5,21.3,1,2,1,1
8.66,36,4.09,103.2,22.6,2,1,1,3
3.19,241,7.77,78.5,9.4,0,2,1,1
6.28,492,13.67,78.0,20.6,0,1,0,3
1.46,574,0.92,91.2,21.3,0,2,1,2
11.29,34,0.81,75.1,20.3,0,1,1,2
2.96,229,3.3,102.9,18.5,0,2,0,3
11.78,13,7.25,93.8,21.9,0,1,1,2
17.39,689,8.42,80.8,21.5,2,1,1,3
16.15,496,0.71,65.0,12.8,1,1,1,1
7.91,195,12.02,75.5,18.2,1,2,1,3
2.17,274,0.92,75.1,13.5,1,1,1,0
17.05,468,10.7,106.4,7.6,0,1,1,4
3.8,418,13.49,46.2,19.8,1,1,1,2
10.14,642,9.75,38.7,7.5,0,3,0,2
10.01,638,6.48,110.4,19.4,0,0,0,4
6.62,429,9.79,92.5,16.9,0,3,0,4
15.4,21,1.78,88.3,16.0,1,1,1,2
1.34,150,10.55,108.8,12.1,1,1,0,3
17.64,597,8.07,98.3,4.2,1,1,0,4
12.41,73,2.83,109.0,13.6,2,1,1,3
11.58,464,12.99,54.0,17.3,0,1,1,3
1.93,229,7.13,109.0,6.3,1,0,0,2
16.52,642,6.2,64.2,20.9,1,1,1,2
12.03,55,0.68,57.8,21.5,2,1,1,0
9.78,504,8.21,88.5,14.5,0,2,0,3
7.55,221,2.09,51.3,22.8,2,0,1,0
6.3,139,8.94,50.6,9.5,0,3,1,0
12.1,15,7.64,46.5,12.5,1,1,1,0
16.7,353,4.08,92.8,7.2,0,2,1,2
7.68,95,6.03,87.5,12.4,2,1,0,1
12.32,371,9.95,44.0,22.1,2,2,0,1
1.15,463,3.45,87.6,22.5,0,3,1,1
7.27,406,2.0,55.2,15.6,0,2,1,0
7.49,451,1.65,60.7,11.4,1,2,0,1
15.84,532,11.67,107.9,16.9,0,3,0,4
4.76,420,7.25,99.5,7.5,0,0,1,3
4.77,717,5.4,43.8,18.7,0,2,1,2
9.66,149,8.92,78.6,14.4,2,1,0,2
0.78,351,7.79,103.2,11.7,0,3,1,2
7.19,497,8.83,46.8,16.8,2,1,1,1
11.11,421,1.64,57.2,8.3,2,2,1,1
3.94,264,7.7,101.0,6.3,0,1,1,2
2.33,248,11.92,86.6,15.8,1,2,1,3
15.38,160,8.77,63.3,8.8,1,0,1,0
9.65,708,11.1,95.4,20.1,1,2,1,4
8.99,634,3.33,95.0,16.3,2,2,1,3
9.83,127,1.54,61.7,19.9,0,3,1,0
4.44,468,1.23,101.8,14.0,0,0,1,2
8.09,145,12.62,104.7,13.4,0,2,1,4
13.29,714,12.35,105.2,10.2,0,2,1,4
2.74,80,4.08,96.5,5.5,1,2,1,1
4.11,169,0.94,40.3,13.5,1,2,0,1
5.46,521,12.77,68.7,19.4,1,2,1,2
6.05,262,5.45,85.0,15.5,1,3,0,2
12.41,706,3.13,56.1,17.9,1,3,1,2
2.13,369,1.6,111.7,5.5,2,3,0,3
3.54,308,2.6,73.7,11.4,2,3,1,0
12.7,411,13.39,42.4,7.8,0,0,0,2
2.26,56,11.99,75.1,12.1,2,0,0,1
5.6,602,1.37,89.4,17.4,1,1,1,2
17.71,556,3.52,45.1,6.4,0,2,1,1
14.88,573,12.52,112.0,8.2,1,1,1,4
2.12,507,3.27,95.3,20.7,0,3,1,3
17.22,411,2.38,65.1,6.2,0,1,1,0
10.32,79,3.09,50.6,20.6,1,2,1,1
2.34,279,1.08,83.0,15.5,1,1,0,1
16.21,372,3.36,81.6,4.3,0,1,1,1
4.29,34,1.89,64.2,6.9,2,1,1,0
1.36,681,3.85,106.2,12.9,1,1,1,2
7.62,680,4.88,55.6,6.2,1,1,0,0
5.09,262,13.43,96.0,9.0,1,2,1,4
11.25,11,3.25,80.6,19.6,1,2,1,2
15.31,127,3.22,45.9,13.5,0,1,1,1
2.81,270,9.45,98.9,19.6,0,1,1,3
9.74,209,6.73,103.3,5.4,1,2,0,2
13.66,303,2.86,51.5,16.1,0,0,1,2
11.57,571,2.92,69.7,15.3,1,2,0,2
7.03,622,4.16,54.6,18.5,1,0,0,1
13.58,483,7.22,106.2,9.8,2,1,1,4
3.43,261,5.02,44.7,9.2,2,1,1,0
12.98,470,8.73,102.6,13.1,2,0,1,4
9.13,159,1.62,82.7,22.1,1,2,1,1
8.25,278,6.04,93.2,18.0,0,1,1,2
7.23,489,11.16,68.3,16.2,1,1,0,2
12.02,697,8.01,109.3,10.6,1,2,0,4
8.95,211,7.26,87.0,20.6,0,1,0,2
10.21,643,7.13,104.1,19.3,0,3,0,4
11.28,278,13.77,105.7,10.8,2,2,1,4
4.92,252,7.33,40.0,20.9,2,0,1,0
0.72,66,4.24,64.0,12.8,1,2,0,0
4.0,403,12.71,74.7,11.3,1,0,0,1
8.83,193,11.7,60.4,10.8,1,1,0,1
10.48,408,12.62,55.9,16.5,1,1,0,2
6.93,309,3.81,93.6,8.2,1,0,0,2
15.7,251,13.96,59.9,13.6,0,1,1,2
2.02,460,7.8,55.5,7.3,0,1,1,0
17.68,516,9.74,42.4,11.4,0,1,1,1
7.57,533,9.86,96.1,5.6,1,3,1,3
2.7,153,3.56,53.5,22.5,0,1,1,1
1.66,300,3.0,110.9,19.1,2,2,1,3
6.68,455,5.26,71.0,8.1,0,2,1,0
11.28,609,3.94,38.8,22.9,0,2,1,2
4.12,645,3.77,98.1,15.2,1,0,1,2
7.8,81,13.0,58.7,4.5,1,1,1,0
5.42,542,11.82,92.2,6.6,2,3,1,3
14.57,55,4.34,89.2,22.3,0,2,1,3
17.5,425,1.23,57.3,17.4,2,0,1,2
7.12,668,0.67,74.2,22.4,1,1,1,1
4.81,335,7.91,99.6,4.6,1,1,0,2
6.68,19,6.55,39.2,4.0,2,1,1,0
9.9,509,10.81,38.8,5.3,0,0,1,0
14.97,491,3.73,75.1,18.9,1,2,0,2
2.67,466,8.16,69.5,16.6,0,2,0,2
15.07,183,4.27,106.0,11.4,1,1,1,3
2.35,101,7.25,75.1,15.6,2,3,1,1
10.02,35,0.63,53.2,20.9,0,2,0,0
8.52,652,13.21,77.8,12.5,2,0,1,3
6.64,22,6.33,75.1,12.5,1,0,1,0
3.07,46,6.03,60.9,4.7,0,2,0,0
16.07,458,9.47,41.7,13.6,1,3,0,2
6.99,670,4.87,55.4,11.3,1,0,1,0
14.93,372,13.66,92.6,11.4,1,1,1,4
17.86,471,7.11,79.3,15.7,0,3,1,3
15.91,269,0.82,44.7,13.6,1,0,1,1
13.66,298,4.7,102.2,15.3,1,1,1,2
14.48,271,8.04,54.4,21.3,0,3,0,2
4.88,454,11.59,43.0,10.0,2,1,1,1
12.17,445,3.56,44.1,19.7,0,0,0,2
13.32,105,10.46,62.3,22.8,1,2,0,2
0.91,317,9.01,38.3,5.5,0,1,0,0
15.18,601,9.82,75.1,8.1,0,1,1,4
3.94,469,12.84,73.2,10.0,1,1,0,1
6.08,378,11.05,43.1,19.3,1,0,1,2
10.11,321,11.42,101.6,18.3,0,2,0,4
1.17,383,2.62,52.2,4.2,0,3,0,0
14.14,456,2.75,109.7,16.2,1,1,1,4
10.83,661,9.57,72.8,21.6,2,2,1,3
4.67,121,5.87,107.8,5.8,2,1,0,3
8.63,254,12.71,69.9,4.4,1,0,1,1
14.2,661,3.04,67.1,18.4,1,1,1,2
0.75,59,7.0,42.7,17.3,0,1,1,0
3.85,330,8.57,110.7,7.8,2,2,1,4
1.6,82,11.07,76.2,4.3,2,2,1,2
16.07,323,13.16,51.3,15.4,1,1,0,3
13.06,651,4.53,82.2,12.6,0,3,0,2
6.01,447,10.51,78.1,6.3,0,1,1,1
12.31,25,6.5,55.3,9.4,2,1,1,0
6.13,463,0.67,86.0,14.0,2,1,0,1
8.29,667,7.47,78.1,15.4,1,2,0,2
15.14,269,1.91,88.6,19.2,1,1,1,2
4.47,125,12.29,80.7,8.9,0,0,0,2
4.13,624,7.8,88.1,16.7,0,2,0,2
3.51,164,3.19,40.4,16.4,1,3,1,0
5.36,258,8.74,52.0,16.4,0,3,1,1
15.16,680,11.25,105.8,16.5,0,2,0,4
15.0,326,6.19,104.4,18.2,2,2,0,4
12.34,460,4.81,100.6,17.7,1,3,1,3
8.11,157,3.14,47.5,19.2,1,3,0,0
3.9,716,2.89,46.4,19.7,0,0,1,0
16.61,66,8.67,81.9,13.4,0,2,1,2
2.58,377,8.12,66.9,16.9,1,0,1,1
11.54,142,10.29,59.6,14.9,1,3,0,1
16.96,508,10.12,81.4,13.5,1,1,1,2
4.7,702,2.65,51.0,12.2,1,1,1,0
14.37,336,13.08,83.7,4.7,0,1,1,3
14.23,131,1.62,69.8,15.5,0,2,1,1
2.87,187,4.62,57.6,4.6,0,0,1,0
6.07,74,5.36,58.9,12.9,0,1,0,0
9.69,652,7.25,65.0,20.0,0,1,1,1
2.19,266,9.27,77.2,20.1,0,0,1,1
13.43,445,3.0,75.9,5.5,2,2,0,2
6.75,509,6.65,96.2,4.8,1,3,1,3
15.19,22,13.38,111.4,19.1,1,0,1,4
0.9,566,8.37,91.0,16.4,1,3,1,3
2.75,559,11.8,67.2,5.2,1,1,1,0
15.02,320,12.78,97.3,15.4,0,2,1,4
8.69,574,5.12,38.6,5.4,2,2,1,1
5.99,288,6.69,86.0,13.5,0,1,1,2
8.13,666,8.09,40.7,17.4,1,1,0,2
9.16,710,1.21,77.3,10.9,1,1,1,1
16.05,492,13.05,74.3,22.4,0,3,1,3
0.98,492,11.88,83.1,10.3,0,0,0,2
1.16,616,4.11,102.9,4.5,0,1,1,2
6.74,307,11.75,81.5,18.7,2,1,1,2
13.49,634,5.66,83.2,9.6,0,2,1,3
15.75,512,2.12,50.8,18.8,0,3,1,2
12.98,644,10.85,51.5,22.2,2,1,1,3
16.77,711,8.8,80.8,15.4,0,1,0,3
0.65,26,10.86,96.3,8.5,1,3,0,2
7.65,597,5.72,76.3,20.9,0,2,0,2
7.65,255,3.24,49.7,7.1,0,1,1,0
17.58,589,0.64,82.7,16.3,0,3,0,3
16.37,558,5.73,84.6,10.3,2,3,1,3
4.07,193,12.05,80.7,22.7,0,1,1,1
14.18,137,10.23,107.5,13.7,1,1,1,4
9.16,484,3.64,100.1,10.0,0,2,0,2
5.13,46,4.07,78.5,12.3,2,1,1,0
1.09,490,7.25,104.3,8.4,0,1,1,3
5.32,636,9.33,89.7,6.7,1,1,1,3
3.16,560,3.98,79.1,15.4,0,2,0,1
14.33,680,9.64,45.6,4.7,0,0,1,1
10.49,697,2.08,52.4,15.9,1,0,1,1
9.42,547,5.73,94.0,12.7,2,1,0,2
13.6,485,12.54,102.4,18.5,0,2,1,4
17.11,586,12.27,110.0,13.3,0,0,1,4
9.08,40,13.13,40.5,4.2,1,1,1,0
12.22,553,2.78,72.0,6.5,2,1,0,1
12.91,375,0.78,80.1,17.4,1,1,0,1
12.58,512,4.85,98.1,6.2,0,0,1,3
15.46,470,11.55,90.9,7.6,1,2,0,4
15.48,477,7.25,86.4,16.6,2,2,0,3
3.81,302,7.75,104.9,20.9,2,0,0,3
10.08,409,9.7,56.4,19.7,1,3,1,1
4.34,418,2.96,100.9,12.7,2,3,0,3
7.41,546,4.09,50.8,11.3,0,3,1,1
0.5,134,8.72,54.9,7.7,2,1,1,0
8.87,432,10.2,40.4,13.3,1,2,0,1
1.63,332,11.89,44.5,12.9,0,3,1,1
3.41,456,10.49,65.5,8.5,0,2,1,1
4.42,429,9.48,68.6,15.0,0,0,1,1
6.83,19,10.06,110.4,10.4,1,1,1,3
14.22,311,3.43,109.5,19.7,2,3,0,4
4.17,68,7.99,93.2,6.6,1,1,1,1
15.07,256,13.49,81.7,18.2,1,2,1,3
6.77,636,6.56,98.9,19.1,0,0,1,3
6.18,657,7.51,39.1,18.8,2,2,1,2
14.37,246,6.83,94.6,21.2,1,0,0,3
3.67,697,1.3,68.3,16.7,0,3,0,1
10.57,393,9.19,60.8,10.1,0,1,0,1
0.46,116,6.56,83.7,20.0,1,0,0,1
10.35,499,7.94,41.3,8.1,0,3,1,2
14.02,287,7.37,60.4,14.3,1,1,1,1
7.27,145,13.84,92.6,4.2,0,2,1,3
2.75,270,9.3,104.9,16.3,0,1,1,3
5.42,38,0.55,80.4,8.6,1,1,1,0
3.4,699,6.48,101.0,12.5,1,0,0,2
7.46,483,4.73,58.1,4.8,0,1,0,0
1.29,164,0.89,54.5,19.9,2,3,1,0
10.18,412,8.89,105.5,6.9,2,2,1,4
10.23,118,7.25,61.9,14.4,1,1,1,0
1.73,68,1.34,111.3,10.1,0,1,1,2
16.03,682,5.67,93.6,12.8,1,3,1,3
8.72,174,7.23,63.2,7.2,2,2,1,0
3.93,610,13.05,59.2,16.4,0,3,0,3
2.72,546,13.29,74.1,4.4,1,2,0,2
10.55,91,5.52,91.4,17.1,1,0,1,2
4.46,275,7.19,81.0,21.2,1,1,1,1
0.85,522,10.26,71.6,5.8,0,3,0,1
3.48,426,0.57,46.1,21.9,0,3,1,0
2.11,306,11.36,47.3,13.5,0,3,1,0
17.69,647,9.07,104.3,12.2,2,2,1,4
16.27,204,8.46,92.2,5.4,0,1,1,2
16.93,648,11.79,103.6,4.6,2,1,0,4
11.52,694,6.76,42.5,18.6,2,0,0,2
3.46,176,6.98,78.3,10.4,0,1,0,0
6.89,228,4.43,83.2,7.6,2,1,0,0
7.26,367,12.95,110.7,21.2,1,0,1,4
8.8,81,2.9,38.8,13.0,1,2,1,0
1.27,341,7.26,93.0,6.7,1,1,0,1
0.51,578,13.61,84.1,6.2,1,1,0,3
1.75,612,6.72,48.7,7.4,1,2,1,0
5.28,201,7.68,82.9,17.5,0,0,0,2
7.18,559,8.27,41.6,15.4,0,3,1,1
4.32,234,9.98,42.8,17.9,2,2,1,1
8.03,612,4.75,54.6,6.9,2,0,1,0
1.17,290,9.92,88.6,4.3,2,1,1,2
6.61,103,9.1,89.3,21.4,1,2,0,3
8.73,145,11.25,61.1,21.0,1,2,1,2
4.35,46,2.17,87.9,16.6,1,1,0,1
4.51,435,0.79,38.3,19.8,0,1,1,0
10.15,684,2.29,63.5,18.2,2,2,0,2
17.44,341,12.84,51.1,18.8,0,0,1,2
15.26,645,9.43,81.0,14.8,1,0,0,3
2.15,250,7.73,72.0,13.5,0,1,1,1
2.14,428,3.01,78.2,9.4,0,3,0,1
0.8,456,4.37,49.4,11.3,2,0,0,0
10.69,567,8.33,68.3,11.6,1,0,1,1
5.9,189,9.53,64.6,12.8,0,0,1,0
11.03,82,4.17,84.5,13.3,0,2,1,1
3.77,332,6.11,79.4,6.8,0,2,1,0
10.94,186,11.15,86.0,7.1,2,1,0,3
4.15,85,12.53,86.2,10.6,1,1,1,3
13.02,245,3.36,80.3,17.6,2,1,0,2
6.03,506,13.08,46.8,15.6,0,1,0,1
11.17,130,3.4,111.9,4.6,0,1,1,2
10.32,91,12.67,106.2,16.4,1,2,1,4
0.73,143,5.05,97.3,18.0,2,1,1,1
12.81,308,13.85,74.9,9.1,1,1,1,1
10.03,600,13.27,59.1,7.8,0,1,1,2
11.15,343,8.84,55.1,13.5,1,1,0,1
7.96,136,11.34,98.3,12.8,0,0,1,3
7.37,700,9.06,93.8,7.9,1,1,1,3
3.06,417,6.11,75.3,8.4,2,0,1,1
10.75,14,12.59,44.3,13.5,1,1,1,1
3.28,52,12.6,100.3,16.9,2,0,0,4
3.69,234,7.93,56.5,10.8,0,1,1,0
16.59,228,4.99,69.5,14.2,1,2,1,1
16.35,599,7.62,51.1,9.3,0,2,1,2
8.3,679,1.03,78.3,22.1,0,0,0,1
2.11,544,8.63,104.8,13.1,0,0,1,4
2.86,381,2.57,75.0,20.6,2,3,0,1
9.39,190,10.31,84.5,21.4,0,2,1,3
12.46,595,7.25,57.8,11.2,0,2,0,2
8.66,177,1.35,99.6,14.8,2,1,0,3
6.74,425,9.97,106.6,17.6,1,0,1,4
4.07,312,9.32,110.7,4.5,1,1,1,3
6.04,671,6.24,58.5,20.6,0,0,1,1
14.05,544,9.63,91.5,17.7,0,1,0,4
16.78,544,12.9,102.7,13.5,0,1,1,4
4.66,493,5.69,96.0,7.4,1,1,1,2
7.25,708,3.57,97.6,14.1,1,3,1,3
11.19,581,9.78,46.8,4.4,1,1,1,1
7.31,253,10.43,84.1,19.9,2,0,1,3
7.81,705,11.96,100.5,21.4,0,1,0,4
5.25,671,7.25,69.0,21.0,2,1,0,1
2.02,30,7.85,109.6,22.3,0,2,0,3
0.41,58,5.77,53.9,17.2,2,2,1,0
16.02,263,6.89,46.1,14.3,2,1,1,1
13.46,412,3.89,104.1,11.3,1,1,1,3
10.23,261,10.3,40.6,8.7,0,1,0,1
11.99,319,8.01,92.9,5.7,2,3,1,3
11.48,24,1.91,47.2,7.6,0,1,0,0
1.57,320,9.92,69.5,21.7,0,1,1,1
17.93,614,13.54,96.0,7.8,0,3,1,4
11.89,166,0.77,60.6,11.2,0,0,0,0
16.67,439,2.72,105.5,13.1,0,2,0,4
1.72,424,1.37,48.3,20.8,2,1,1,1
8.74,681,4.27,38.5,15.0,1,1,0,0
9.02,595,11.38,63.6,6.2,1,2,0,2
5.01,13,2.06,50.7,18.2,2,2,1,0
5.1,668,3.14,70.7,8.2,2,0,1,0
9.18,152,1.91,107.0,15.0,0,3,1,3
2.59,422,3.23,106.0,22.3,0,3,1,3
9.54,25,6.79,81.7,18.3,1,1,1,1
8.68,695,6.14,51.1,12.2,2,1,1,0
14.19,153,6.49,70.0,13.5,1,2,1,1
8.43,342,8.27,63.6,19.7,1,0,1,1
1.28,267,4.26,72.9,8.7,0,2,0,0
11.03,473,2.92,87.7,20.8,0,1,1,3
1.68,717,9.41,64.5,13.3,1,0,1,0
14.9,144,5.51,47.9,6.9,0,1,1,0
9.04,445,4.18,88.9,8.3,0,3,1,1
10.79,242,0.89,109.1,22.0,0,1,1,3
5.4,104,7.17,57.1,8.7,1,2,1,0
4.36,538,13.88,82.6,5.2,0,3,1,3
3.53,451,1.74,40.5,19.0,2,0,0,1
2.99,251,5.27,75.1,17.7,0,2,1,0
14.54,524,5.57,82.6,16.9,1,2,0,3
15.51,387,2.03,65.4,7.8,0,1,1,0
2.45,267,8.23,77.6,13.5,0,1,0,1
11.1,95,11.38,107.4,10.2,1,3,1,4
10.31,658,4.09,69.2,22.4,0,2,1,2
3.23,383,1.76,83.6,21.6,0,3,1,1
1.27,526,4.07,70.9,11.3,2,3,0,1
6.74,400,11.14,82.5,6.9,0,1,1,2
17.53,676,6.52,105.4,15.9,0,1,1,4
1.15,373,11.02,105.9,22.5,0,2,1,4
11.54,232,13.3,51.7,7.5,0,1,0,1
13.33,307,10.74,63.1,8.4,2,3,0,1
7.16,198,3.92,88.3,21.0,1,2,1,1
11.56,106,3.77,98.1,5.1,0,0,1,2
15.74,656,1.03,70.4,14.3,0,3,1,2
16.72,371,7.96,47.9,19.0,1,0,0,2
11.12,564,13.7,50.6,17.5,0,3,0,3
10.38,483,4.39,110.6,5.7,1,1,0,3
11.8,506,0.95,57.2,19.8,2,2,1,2
17.7,627,9.2,58.4,7.5,1,0,0,2
1.19,102,6.99,54.4,5.8,1,0,1,0
1.77,77,8.08,65.9,20.0,0,1,1,0
4.03,154,2.82,81.0,5.1,1,2,1,0
8.24,624,6.51,87.5,12.5,1,0,1,2
3.51,560,12.71,67.4,21.4,1,3,1,3
7.99,613,9.74,43.4,11.0,1,1,1,1
0.67,714,5.24,61.5,22.8,2,0,1,1
14.82,408,1.46,75.1,17.2,1,1,1,1
1.3,295,2.25,40.6,17.8,1,1,1,0
1.17,7,13.06,69.8,16.3,0,1,1,1
16.52,60,5.39,97.7,5.1,1,2,1,2
14.69,56,10.26,64.4,14.4,0,2,0,2
16.97,567,11.39,51.0,7.9,2,1,1,3
10.99,442,8.38,102.3,9.5,1,3,1,3
10.06,108,7.25,51.7,7.0,0,1,1,0
1.25,592,7.83,59.5,11.3,0,3,0,0
5.08,5,11.34,39.5,7.8,1,0,0,0
16.61,280,4.37,47.2,10.7,0,3,1,1
0.68,409,4.84,99.8,21.7,1,1,1,2
8.39,23,2.19,91.3,6.5,1,0,1,0
1.11,10,13.34,45.2,19.7,0,2,1,1
5.79,713,9.89,47.2,13.8,0,1,0,1
12.04,612,4.66,86.0,10.1,1,0,1,2
7.93,565,9.03,105.3,10.8,1,0,1,4
4.45,563,1.34,52.0,7.1,2,2,1,1
1.91,269,4.83,75.1,19.6,2,0,0,0
13.01,566,8.94,48.0,4.3,2,2,1,2
10.53,322,2.0,75.1,11.5,2,3,0,1
0.87,618,4.29,104.9,18.0,0,1,1,3
9.8,418,2.64,46.8,13.1,2,1,1,0
12.81,182,0.74,70.8,8.2,0,0,1,0
2.12,653,4.26,56.5,18.9,0,2,0,1
14.19,601,7.18,101.4,20.2,1,1,1,4
11.6,582,12.59,74.0,21.8,2,1,1,3
13.5,464,5.3,55.9,11.4,0,1,1,0
15.18,112,8.56,71.4,9.5,0,1,1,1
5.99,608,1.33,67.1,6.4,0,2,1,1
15.75,120,13.77,88.8,16.9,1,2,0,4
4.86,157,7.72,98.9,15.1,1,3,0,3
16.72,638,12.71,41.6,18.5,2,0,1,3
6.54,502,10.52,48.5,7.4,2,1,1,1
1.42,112,13.88,99.9,13.5,0,0,1,3
4.37,597,8.54,101.8,12.8,0,0,1,3
15.3,318,9.18,51.0,16.0,2,1,1,1
4.11,221,9.68,60.1,22.0,1,2,0,1
9.26,489,8.87,42.2,8.7,2,3,1,0
12.61,389,5.86,80.4,22.0,0,3,1,3
8.31,128,4.16,79.4,6.9,2,1,1,0
16.2,33,11.05,93.8,16.6,0,0,1,3
11.51,586,4.59,59.9,10.6,1,2,1,1
1.48,479,7.65,39.1,8.9,0,1,1,1
12.92,478,0.51,81.5,18.6,0,1,1,2
4.87,238,6.18,47.6,22.3,2,3,1,0
14.2,320,13.34,38.6,22.8,0,1,1,2
13.91,463,8.77,55.2,17.7,0,2,1,2
6.47,20,5.8,86.5,16.4,1,0,1,1
12.03,402,9.4,40.2,18.7,0,1,0,1
12.01,62,10.36,49.5,14.4,0,0,1,2
9.45,179,9.33,95.2,15.5,1,1,1,3
12.48,466,11.64,56.0,10.7,1,2,0,3
9.06,114,4.9,89.4,20.3,0,1,1,2
15.29,123,0.85,42.9,21.8,0,2,0,2
17.71,505,2.53,79.2,18.2,0,3,1,3
1.13,555,7.25,75.0,16.6,1,3,1,1
6.0,91,11.79,54.1,17.7,0,3,1,1
8.56,689,11.23,57.0,8.2,0,2,0,2
16.96,344,10.45,76.2,20.4,1,2,0,3
3.62,375,5.09,38.5,4.5,0,0,1,0
14.1,546,10.31,92.2,20.6,1,2,0,4
12.51,176,0.51,62.2,11.8,0,2,0,0
2.25,113,1.68,45.2,12.7,2,1,1,0
1.1,425,13.33,93.6,5.6,1,3,0,3
10.72,590,2.83,76.5,18.6,1,3,1,2
0.88,595,6.98,78.2,19.2,1,1,1,1
4.24,339,10.73,83.2,20.1,2,0,0,3
8.8,537,6.34,73.6,18.0,0,1,1,2
7.15,527,13.5,89.9,20.6,0,0,1,3
11.24,661,11.81,94.4,18.1,2,1,1,4
5.34,225,7.43,55.1,22.2,2,0,0,1
6.8,248,9.11,60.2,14.7,2,1,1,0
12.03,189,6.56,53.9,20.4,0,1,0,1
15.36,67,4.54,47.5,19.4,1,3,1,1
10.94,600,2.13,110.3,17.2,1,2,1,4
0.48,207,12.3,68.2,20.5,0,1,1,1
3.0,584,7.24,47.2,18.5,1,3,0,1
3.51,263,1.32,39.3,8.8,0,0,1,0
12.69,674,4.17,46.8,18.3,0,2,0,2
0.43,96,12.16,69.9,5.3,1,2,1,0
1.63,277,0.77,82.0,4.2,0,3,0,0
8.59,338,1.33,73.0,17.6,1,2,1,1
9.1,663,1.15,64.0,5.6,1,1,0,0
12.76,275,1.35,106.8,17.9,2,0,0,3
5.79,170,13.17,66.6,19.3,0,1,1,2
8.17,705,2.71,96.0,10.3,0,3,1,3
0.55,590,6.68,45.2,7.2,0,3,0,0
2.51,411,9.08,73.0,17.3,1,3,1,1
14.93,186,6.68,75.0,8.1,2,2,1,1
10.25,19,2.02,79.1,22.8,2,2,1,2
9.75,218,13.16,54.3,14.9,1,2,1,2
6.98,332,8.41,49.5,16.1,1,2,1,1
3.38,243,10.7,81.9,6.1,1,1,0,0
9.76,543,5.93,85.0,20.2,2,0,1,2
4.21,427,13.33,60.0,18.8,0,2,1,2
3.53,530,10.85,46.8,12.0,0,3,0,1
12.67,648,13.21,91.9,20.8,2,3,1,4
0.84,363,4.3,70.3,4.0,2,2,0,0
10.74,633,8.04,108.9,9.1,0,3,1,4
10.49,675,6.6,80.4,12.6,2,2,1,3
7.63,389,8.83,40.2,17.9,0,1,1,1
4.28,584,3.31,98.4,6.2,2,2,1,2
12.75,165,6.4,77.9,4.6,1,3,1,0
6.29,216,5.77,86.8,20.5,1,0,1,1
1.67,612,10.4,57.4,8.6,0,0,1,0
11.1,664,2.4,98.0,4.6,2,1,1,3
7.5,188,7.25,42.6,13.1,1,3,1,1
11.3,588,2.21,62.9,13.3,2,2,1,2
3.04,585,2.82,74.7,12.8,1,1,0,0
11.51,718,9.97,105.5,11.3,0,3,0,4
9.63,545,1.55,110.1,9.6,0,1,0,3
17.1,672,2.69,65.0,17.5,1,3,1,2
9.08,242,13.02,83.0,16.2,0,1,1,3
0.52,205,7.25,60.4,17.9,0,0,0,0
5.51,140,1.73,89.2,5.7,2,2,1,2
7.88,615,10.71,43.8,20.6,0,2,0,2
15.52,486,2.16,40.9,17.1,2,1,1,2
5.42,136,0.77,86.9,21.7,1,0,1,2
12.81,560,9.99,55.1,22.6,1,2,1,3
6.41,48,1.15,43.9,18.5,0,2,1,0
10.53,200,7.25,73.3,12.1,0,0,1,1
7.52,282,9.43,103.6,22.4,0,1,1,4
9.22,274,12.42,81.8,12.8,0,2,1,2
1.66,702,5.82,76.0,11.4,1,2,1,1
9.07,318,12.43,75.1,8.9,1,1,1,1
3.18,302,12.25,59.7,18.7,0,0,0,1
17.61,138,9.48,91.7,10.5,1,1,1,3
17.78,340,8.73,60.0,22.1,0,3,1,2
12.44,376,13.96,88.1,16.2,0,1,1,4
14.75,309,11.76,40.4,13.1,0,0,1,1
10.21,83,8.73,83.8,16.5,1,2,1,2
14.66,348,13.3,83.1,20.1,1,1,0,4
2.31,61,7.98,99.4,12.5,0,1,1,2
8.31,556,3.27,46.8,20.9,0,1,1,0
1.01,436,5.69,53.1,13.5,0,2,1,0
3.51,206,13.78,86.9,22.6,0,1,1,3
5.35,439,13.85,45.4,13.6,2,3,0,2
12.88,710,4.77,73.2,5.3,0,3,1,2
6.12,621,13.02,59.9,9.9,2,1,1,1
12.85,539,10.09,49.5,18.7,2,2,1,3
11.37,129,2.19,79.7,12.3,0,0,0,1
16.12,605,12.51,40.6,20.8,0,0,0,3
5.48,625,0.75,109.7,22.5,1,2,1,4
11.86,106,7.28,105.3,11.1,2,3,1,3
1.73,653,12.21,47.6,19.0,0,0,1,1
16.71,347,13.34,40.2,7.1,1,1,1,1
8.13,496,4.32,54.4,9.1,0,1,1,0
7.85,585,3.12,79.8,20.2,2,3,1,1
3.42,440,2.7,95.6,4.1,1,3,1,2
2.51,75,5.12,78.7,15.4,0,1,1,0
5.45,147,2.19,80.4,6.8,0,3,1,0
9.53,203,5.96,65.5,22.9,2,2,1,1
5.55,549,5.31,65.7,4.2,2,3,1,0
3.58,640,4.89,58.7,18.7,0,3,1,1
17.21,550,4.23,109.6,15.5,2,2,1,4
4.94,622,5.07,45.1,10.7,1,2,1,1
15.86,328,11.11,109.7,9.5,2,1,1,4
2.39,560,7.25,70.7,15.9,2,0,0,2
14.64,402,5.07,94.6,7.3,0,1,1,2
4.26,633,10.8,103.0,12.8,2,1,0,4
14.22,403,1.48,40.2,14.7,0,3,1,0
2.82,386,0.85,90.4,16.4,1,0,1,1
10.69,690,3.94,91.5,4.0,0,1,0,2
5.65,144,13.21,109.1,17.4,0,1,1,4
9.66,708,4.15,74.0,15.2,1,2,0,2
3.91,278,9.82,95.8,21.2,0,0,0,3
13.35,103,8.41,83.8,6.0,1,2,1,3
0.89,657,1.07,101.0,9.6,1,0,1,2
17.88,615,4.5,83.0,22.2,1,2,1,3
2.33,312,10.19,42.8,17.0,1,2,1,1
0.5,316,11.69,50.7,18.1,2,3,1,2
10.99,205,10.73,70.4,8.3,2,1,1,1
11.92,217,3.42,81.0,22.4,0,3,0,2
5.24,80,2.29,77.1,5.1,1,2,0,0
1.61,155,13.7,93.4,20.2,1,1,0,3
2.4,313,1.22,80.1,22.3,2,3,1,1
12.82,212,7.36,99.5,13.6,0,1,0,2
5.97,219,1.69,73.1,10.7,0,3,1,0
11.13,61,10.07,105.4,21.3,2,1,1,4
8.64,651,7.07,40.4,7.5,2,0,1,1
1.81,499,11.09,101.1,5.5,1,2,0,4
16.73,413,6.02,91.7,7.5,0,1,1,2
2.41,205,4.77,86.3,11.8,1,1,0,1
7.26,491,7.76,85.6,4.4,1,1,0,1
8.79,248,11.03,44.0,9.5,2,3,0,2
10.92,501,7.35,57.5,20.2,0,3,0,2
9.56,613,5.69,49.0,18.7,1,3,1,1
17.97,622,2.31,65.9,21.8,0,1,0,2
10.37,20,8.07,48.7,18.2,2,1,0,0
8.72,75,7.56,94.9,7.2,2,1,1,2
1.4,43,8.98,50.9,8.0,1,2,1,0
14.54,26,12.37,84.5,15.6,0,1,1,3
17.95,438,1.42,107.4,10.7,0,0,0,4
12.4,329,11.83,72.4,17.1,0,2,1,3
14.07,617,8.41,63.4,6.4,0,1,1,1
13.68,117,9.27,44.5,12.8,1,3,0,1
14.79,487,12.99,88.2,14.6,1,1,1,4
5.97,304,7.79,45.0,21.9,0,0,1,0
7.01,660,12.97,79.1,8.1,0,3,0,3
2.54,159,3.41,111.6,11.1,1,2,1,2
1.1,534,8.41,78.8,12.5,1,1,0,1
3.4,659,12.88,77.8,12.1,1,1,1,2
12.12,694,1.29,86.0,11.0,1,0,0,2
2.43,577,3.73,100.9,16.7,2,3,0,3
12.67,22,5.4,69.1,18.4,2,2,1,2
15.34,102,1.67,62.1,13.5,0,3,0,1
9.7,169,10.37,56.9,7.3,0,2,1,0
15.08,352,12.09,111.6,15.3,0,3,1,4
15.49,16,0.72,89.7,7.1,0,1,0,1
13.98,259,8.41,51.5,5.1,1,0,1,0
4.75,716,7.74,109.1,8.7,2,3,1,4
15.88,379,7.83,74.7,14.4,0,2,0,2
12.39,296,4.75,46.8,17.6,1,1,1,0
4.98,296,3.0,51.1,20.2,1,3,1,1
10.31,87,3.52,85.2,22.4,1,2,1,2
17.78,476,4.21,47.1,18.4,2,2,0,2
17.48,162,11.73,55.5,4.7,1,2,1,2
7.2,696,12.8,55.6,7.8,1,1,1,2
11.08,501,3.04,40.6,5.3,0,3,1,1
3.72,199,12.76,58.5,8.1,0,2,1,1
2.46,211,10.34,42.4,17.7,2,1,1,1
5.63,533,12.01,84.2,15.1,0,0,0,3
13.82,718,9.01,80.3,9.9,0,1,1,3
4.83,269,6.52,90.2,12.5,2,0,1,2
10.56,490,11.94,53.5,20.4,2,1,0,3
10.81,677,5.14,52.5,4.3,2,1,1,0
15.77,538,9.74,90.7,15.0,0,1,0,4
8.8,435,6.36,49.7,8.6,1,1,1,0
0.61,665,13.67,67.1,9.6,0,1,0,2
6.06,492,8.91,52.1,4.0,0,3,0,1
3.73,5,9.37,44.2,7.2,1,3,0,0
12.88,150,4.36,90.3,4.3,0,3,1,1
15.22,337,8.58,73.8,11.9,2,2,1,2
4.17,707,12.4,81.4,7.4,1,2,0,2
3.77,287,10.05,75.1,6.7,1,0,0,2
11.63,406,7.9,39.2,14.8,2,1,1,1
5.36,651,9.45,39.2,13.5,1,2,1,2
7.46,704,6.67,44.4,4.4,2,3,0,1
17.15,610,6.49,86.3,9.5,2,3,1,3
1.06,571,10.49,56.3,15.8,0,1,1,1
17.84,169,8.01,76.3,21.4,2,1,0,2
17.1,522,1.45,105.7,22.7,2,1,1,4
13.21,175,10.97,83.0,14.8,2,1,1,3
0.73,268,4.51,46.4,20.2,1,3,1,0
14.59,285,8.1,38.3,17.9,0,1,1,1
14.83,152,5.83,85.2,8.6,1,3,0,1
10.61,72,5.96,85.8,19.5,2,1,1,2
12.94,516,7.98,58.7,6.2,2,0,1,2
8.03,397,11.32,89.3,5.2,1,3,1,3
10.08,676,11.6,108.9,5.3,2,2,0,4
4.89,527,8.74,70.9,10.1,0,1,1,1
15.98,379,13.58,91.6,13.5,0,0,1,4
9.86,593,11.3,76.7,12.3,0,2,1,2
15.16,517,0.97,43.9,11.0,2,1,0,2
12.6,18,10.68,69.2,18.7,0,1,1,1
13.26,433,10.72,42.7,17.6,1,2,0,3
3.95,383,13.25,39.0,10.6,1,0,0,1
8.59,81,7.15,60.6,9.7,1,0,0,0
6.12,34,9.67,71.1,9.6,1,2,0,1
4.14,34,7.25,86.3,22.8,0,0,1,3
9.77,156,8.4,91.0,8.6,0,3,0,3
4.69,30,9.24,97.1,19.9,2,2,1,3
9.21,274,9.86,68.8,21.3,0,1,0,1
3.4,567,5.45,57.9,13.5,2,3,1,0
9.34,268,0.51,72.7,17.3,1,3,1,0
14.01,516,0.66,105.3,19.4,1,1,0,4
9.79,306,1.38,107.1,20.7,1,0,0,3
5.89,577,2.34,94.4,14.6,0,2,1,3
7.59,402,9.93,47.4,7.1,0,1,1,1
5.85,239,8.46,99.6,21.6,0,1,0,3
4.38,356,3.55,56.5,22.7,1,2,1,1
16.67,247,2.45,104.4,16.1,0,0,1,3
8.82,704,6.89,105.8,15.2,1,2,0,4
7.57,537,4.55,94.0,16.5,1,2,0,3
2.02,12,9.5,76.6,19.7,2,3,1,1
9.4,547,8.78,41.3,13.5,2,1,1,1
16.36,136,9.38,47.7,18.0,2,0,1,2
10.56,277,1.12,100.5,17.1,0,0,0,3
7.82,377,7.25,59.4,10.8,1,3,1,1
5.19,381,7.75,91.0,23.0,0,1,1,2
4.63,685,6.86,42.0,21.8,2,0,1,1
3.67,395,2.35,45.7,7.7,2,1,1,0
16.63,717,3.97,53.2,12.3,0,1,1,2
16.44,430,11.74,63.6,16.8,0,1,1,2
1.25,598,8.38,67.5,17.3,1,3,0,1
0.32,446,6.12,78.2,17.9,2,3,0,1
3.21,127,13.88,42.3,5.0,0,1,0,0
17.18,328,9.74,90.6,21.7,0,3,0,4
17.09,22,5.87,45.1,22.4,2,0,1,1
5.58,465,10.15,99.1,14.2,2,2,1,4
3.98,695,0.58,53.6,22.6,1,3,1,0
10.03,593,3.96,103.7,7.0,1,3,1,3
8.29,531,2.31,68.0,19.6,2,2,1,1
1.79,11,6.72,75.0,19.4,1,2,1,0
12.9,220,5.65,104.9,22.8,2,1,1,3
16.33,97,3.7,53.7,21.6,0,3,1,1
10.15,690,13.73,93.8,19.8,2,2,0,4
9.92,544,0.67,69.8,14.9,2,1,1,0
12.46,704,11.56,101.7,13.1,2,1,0,4
2.92,347,2.01,45.0,8.6,1,1,0,0
3.13,682,5.83,104.3,12.0,2,2,1,3
12.51,275,12.03,41.7,20.5,2,3,0,3
0.65,616,8.68,79.8,16.1,0,1,1,1
5.21,518,13.21,50.2,15.5,0,3,1,2
15.86,235,5.64,88.4,22.3,0,1,1,2
14.11,238,2.93,98.5,5.6,1,2,1,2
10.45,342,7.21,62.9,4.3,0,1,0,0
6.38,390,3.46,58.6,14.5,0,1,0,0
5.94,611,2.92,47.1,15.9,1,1,1,0
10.36,306,5.87,73.7,9.5,1,1,1,0
10.17,320,2.01,39.2,11.6,0,1,0,0
6.63,613,8.49,45.0,12.0,2,2,1,1
14.65,245,4.99,99.6,10.5,2,1,1,2
11.49,16,8.9,42.8,19.0,1,1,0,0
12.7,491,13.62,100.5,12.7,0,3,1,4
13.93,202,7.25,79.1,8.2,0,2,1,1
14.82,144,13.89,52.6,13.5,1,1,1,2
8.9,412,11.72,49.8,11.5,2,2,0,2
16.65,296,12.53,45.4,18.4,0,1,1,2
1.53,57,13.65,95.2,9.3,0,2,1,3
11.97,160,13.98,73.9,13.4,2,3,0,2
0.41,648,2.58,60.1,14.7,2,3,1,1
2.94,412,9.56,56.5,12.5,2,2,1,0
17.14,9,9.98,55.5,16.5,0,1,0,1
6.79,471,2.76,100.9,11.2,1,1,1,2
5.21,528,12.03,41.7,16.3,1,0,1,2
11.71,614,13.05,45.0,8.7,0,1,0,2
14.68,625,8.28,65.5,18.1,0,1,1,2
10.71,593,7.66,45.0,6.8,0,1,1,1
1.89,466,0.81,44.5,14.2,2,0,0,0
17.52,242,11.38,107.2,14.5,1,1,1,4
7.8,209,7.25,47.5,19.6,0,0,1,0
1.45,543,7.25,59.4,20.2,1,0,1,1
3.27,384,5.02,67.6,6.6,0,2,0,0
17.76,533,10.03,64.1,9.3,0,2,1,2
8.58,214,4.54,111.9,13.1,1,1,1,3
14.17,275,11.53,95.8,18.5,0,2,1,4
6.97,343,9.86,44.8,16.4,0,1,0,1
5.04,42,7.25,70.2,10.8,2,2,0,1
15.49,294,11.76,93.5,12.3,0,1,1,4
12.58,498,4.77,75.1,22.3,0,1,1,2
7.13,685,13.51,109.9,15.4,1,0,1,4
15.78,31,8.57,56.1,10.5,2,2,1,1
14.09,156,5.58,105.0,21.3,2,3,1,3
12.46,468,2.12,66.5,7.8,2,3,1,1
7.98,522,13.77,67.7,4.4,2,1,1,2
2.06,612,0.7,93.3,4.5,0,2,0,2
8.39,236,5.97,60.9,7.7,0,2,1,0
11.85,653,10.89,83.2,17.1,1,3,1,4
11.04,431,0.74,101.5,22.4,2,2,1,4
12.8,168,4.66,39.3,14.0,0,1,1,0
16.01,61,8.89,67.5,22.5,1,2,1,2
17.25,614,5.09,63.1,10.3,2,3,1,3
17.47,196,10.08,103.7,8.2,1,2,0,4
10.56,699,2.36,63.4,5.2,0,0,0,1
10.01,62,6.59,60.9,14.1,0,1,1,0
17.34,654,6.31,95.6,13.1,1,2,1,4
16.35,657,1.8,85.6,20.2,0,2,1,3
10.52,508,7.85,70.8,9.9,1,1,0,2
0.39,512,3.18,98.1,17.4,2,1,0,2
13.52,222,5.67,108.6,22.8,0,2,1,4
7.91,353,6.22,108.0,8.1,2,1,1,2
5.22,317,10.57,96.5,14.3,1,1,1,3
3.35,660,0.79,99.9,7.0,0,2,1,2
2.03,340,2.5,94.9,4.2,1,3,1,2
5.68,408,5.82,51.7,14.6,0,3,0,0
8.16,436,7.28,96.9,5.6,0,0,1,1
4.9,318,5.45,52.4,19.5,0,2,1,0
6.88,355,7.16,85.1,7.3,1,0,1,1
2.86,163,11.29,91.1,7.4,0,1,1,3
4.9,366,4.7,100.9,8.0,0,2,1,2
8.05,699,2.45,89.2,7.8,0,1,1,2
12.56,50,12.31,44.6,15.0,2,1,1,2
5.82,429,4.5,40.2,11.1,0,2,1,0
14.04,336,8.85,86.7,14.9,0,2,0,3
0.91,656,2.16,57.6,5.3,0,2,0,0
16.61,8,7.89,99.4,17.0,2,3,0,4
15.22,14,13.22,86.4,10.2,2,3,1,3
14.88,57,12.2,51.5,21.8,0,2,0,2
7.53,568,7.52,94.1,14.3,2,0,1,3
13.22,92,3.59,92.5,11.3,1,1,1,1
14.99,711,4.59,106.9,10.0,2,2,0,4
10.74,32,10.88,94.3,11.2,0,0,1,3
7.45,355,9.73,92.1,8.8,2,2,1,3
9.89,429,3.57,80.7,11.0,1,2,1,1
13.86,238,2.42,111.5,6.7,2,1,1,3
12.65,543,3.99,55.3,7.3,0,1,1,1
0.57,511,9.24,107.3,19.0,1,3,1,4
15.4,147,11.42,75.1,8.7,1,1,0,1
16.7,590,5.25,79.5,6.0,1,3,0,2
7.88,124,9.57,74.9,4.4,0,0,1,1
11.17,600,5.0,101.7,16.7,2,0,0,4
9.79,100,7.25,81.8,12.3,2,1,1,1
5.54,350,7.75,57.8,20.7,0,0,1,0
15.55,680,6.22,83.3,9.5,0,3,0,3
2.5,543,9.47,76.6,17.4,2,1,1,2
8.52,223,10.01,106.0,4.3,2,3,0,4
7.63,283,10.07,78.0,13.0,2,1,1,2
14.12,379,9.16,101.1,16.9,2,0,0,4
17.54,129,5.53,86.9,15.6,2,0,1,2
9.74,553,6.16,101.0,4.2,1,2,1,3
3.96,557,0.84,57.1,12.4,1,0,1,0
12.53,286,10.86,84.2,16.9,1,1,1,3
16.12,17,2.32,67.1,14.6,2,1,1,0
16.56,66,1.79,47.0,5.4,2,1,0,0
11.54,180,3.73,69.8,18.5,0,1,0,1
6.86,167,3.37,64.0,8.9,2,1,1,0
11.7,32,1.73,59.2,8.1,2,1,1,0
9.99,647,8.69,58.5,6.7,2,2,0,2
2.07,96,2.53,88.5,14.5,2,2,0,2
2.62,612,9.51,88.2,5.9,1,1,0,2
2.67,40,4.21,38.4,11.6,2,3,1,0
14.91,460,5.71,68.8,6.2,0,2,0,1
0.79,531,12.96,92.0,8.4,0,1,0,3
1.46,168,1.12,110.7,4.4,0,0,1,2
13.11,713,0.59,79.6,14.2,1,0,1,2
1.2,63,11.59,41.2,15.2,0,0,1,0
3.84,79,11.64,63.2,5.6,1,1,0,1
13.78,286,2.85,42.3,11.2,2,2,1,0
8.0,322,9.84,88.0,6.0,0,3,0,3
8.82,30,6.67,76.9,21.8,2,0,1,1
2.17,385,10.18,75.1,8.2,2,2,0,3
13.03,332,8.81,104.5,13.5,0,0,1,3
15.63,246,3.73,87.5,5.2,1,0,1,1
11.32,650,8.61,38.0,4.5,1,1,1,1
11.13,624,6.56,102.0,10.0,0,3,0,3
15.41,687,1.27,98.8,18.0,1,1,1,4
7.8,699,12.87,60.0,5.1,0,0,0,1
2.58,661,8.76,98.9,8.5,2,0,1,3
17.56,21,13.12,90.4,7.9,2,1,1,3
6.04,514,10.24,51.2,17.2,0,3,1,1
2.17,287,13.9,40.0,17.5,0,3,1,1
4.93,160,13.55,64.3,17.9,0,0,1,1
13.21,415,11.7,51.8,12.1,0,2,1,1
17.68,11,8.16,107.6,7.5,2,2,1,4
4.08,263,2.14,107.8,5.4,1,3,0,3
5.3,631,2.36,90.4,11.0,1,0,1,1
10.35,47,2.77,52.8,6.2,0,1,1,0
7.54,203,5.03,81.8,11.2,0,2,0,1
3.76,166,5.88,57.9,19.5,0,0,1,0
10.94,267,8.4,87.6,12.4,0,1,0,2
6.22,432,7.54,67.8,16.9,0,1,1,0
16.59,489,5.57,64.1,7.3,2,3,1,1
10.84,159,2.3,106.2,7.9,0,1,1,3
17.82,235,10.59,96.6,10.0,1,0,1,3
7.06,153,13.22,76.1,22.4,0,0,1,2
0.47,277,11.0,68.2,17.4,2,3,0,2
5.86,201,8.57,104.1,4.9,2,2,1,3
7.14,137,8.67,88.1,13.0,0,1,1,2
4.49,442,2.31,91.6,15.9,1,0,1,1
4.11,113,5.75,75.1,16.2,0,2,0,3
14.58,437,3.99,43.5,6.9,1,2,1,2
8.52,593,11.33,107.7,18.6,2,3,1,4
17.68,339,2.6,48.1,9.9,1,1,0,1
11.19,599,4.78,99.3,9.5,2,1,1,3
2.07,481,9.44,86.8,20.5,0,2,1,3
9.52,234,10.13,92.1,11.6,1,3,1,3
7.28,491,7.99,80.2,13.8,0,0,1,2
5.64,329,13.64,105.0,9.0,1,1,0,4
13.25,305,2.65,76.9,16.4,1,2,1,1
11.74,12,6.29,91.4,18.5,1,0,0,2
8.63,244,7.39,99.2,18.0,1,2,0,2
12.7,560,11.9,44.3,9.5,0,1,1,2
17.12,505,6.22,104.8,8.2,0,2,1,3
1.77,572,6.37,43.5,12.3,1,2,1,0
5.85,279,7.61,63.0,11.0,0,1,1,0
9.17,390,10.93,94.0,11.0,0,2,1,4
15.45,89,1.87,79.5,17.5,2,2,1,2
14.38,102,2.99,75.1,7.1,1,3,1,2
16.78,280,10.05,86.7,12.1,2,1,1,3
9.28,443,4.96,87.3,12.6,2,0,1,1
3.55,468,9.3,94.2,15.4,1,1,1,3
5.4,20,11.71,66.3,8.5,0,1,0,1
2.13,469,2.63,68.2,16.0,2,3,1,0
0.94,511,3.79,96.5,15.4,0,1,0,1
1.62,443,3.45,109.8,16.4,2,1,1,3
10.5,588,2.07,74.4,13.3,0,2,1,1
10.92,8,7.6,62.3,17.6,2,1,0,1
8.53,314,12.04,103.2,21.4,0,2,1,4
17.36,181,1.23,59.2,5.3,0,0,1,0
1.77,46,11.77,89.9,4.8,1,2,0,2
2.93,627,2.37,97.5,22.9,0,1,0,3
12.07,424,3.08,45.7,19.2,0,2,0,2
11.05,357,3.11,83.6,6.3,1,1,1,0
12.16,158,7.6,80.0,10.3,0,3,1,1
2.12,713,13.65,65.0,10.3,2,2,1,2
2.02,264,10.18,69.2,20.5,2,2,0,1
14.48,718,3.67,56.8,8.8,0,2,1,2
14.03,32,5.5,88.6,4.3,1,1,1,1
6.61,218,12.55,105.8,12.5,0,3,1,4
13.15,699,4.8,49.3,17.2,1,3,1,2
2.83,531,6.34,102.0,13.5,0,2,0,2
7.18,682,1.39,62.3,7.5,0,2,0,1
13.01,432,1.51,75.1,10.3,0,1,0,1
6.78,319,3.48,95.2,4.6,1,3,0,2
9.6,469,8.38,77.1,22.5,1,0,1,2
13.49,662,2.88,45.4,6.6,1,0,1,1
7.26,115,2.95,71.2,22.4,0,3,1,1
17.85,324,2.96,59.3,12.1,0,1,1,1
16.1,163,7.53,43.4,18.7,0,1,0,1
14.09,558,12.66,92.8,19.7,0,0,1,4
11.29,87,10.99,64.2,16.6,0,3,0,1
7.19,331,1.73,46.5,9.4,0,1,0,0
16.6,335,13.94,88.2,16.9,2,2,1,4
15.57,424,10.25,41.0,14.0,0,2,1,2
9.87,9,13.3,78.5,9.8,2,3,1,2
9.65,286,10.03,104.5,4.7,1,0,1,3
1.04,68,9.99,53.8,18.5,1,2,1,0
5.0,79,9.78,53.5,15.7,0,2,1,0
16.59,112,0.51,94.8,14.8,1,2,1,2
14.55,440,13.58,82.7,9.6,1,0,0,3
0.61,115,5.78,57.2,5.5,0,2,0,0
3.08,133,1.05,56.3,17.9,1,0,1,0
4.8,151,7.69,75.7,20.1,2,0,1,1
9.03,399,8.21,96.8,23.0,2,2,0,4
3.67,64,6.45,62.1,18.7,1,1,1,0
12.34,277,10.24,67.8,16.2,0,2,1,2
11.69,212,4.73,74.5,13.5,2,1,1,1
13.69,9,2.99,92.5,8.1,1,1,1,1
8.3,550,3.78,95.8,8.9,0,0,1,2
3.01,512,7.6,44.6,9.4,0,0,1,0
5.05,586,7.0,74.0,21.5,0,2,1,1
8.22,589,2.53,53.4,4.7,2,1,1,0
5.91,299,3.22,96.5,15.5,1,1,1,2
4.36,596,1.48,74.3,4.3,1,1,1,0
11.99,60,9.96,75.1,18.0,1,1,1,1
4.62,27,8.86,47.4,8.2,0,2,1,0
17.61,566,8.56,87.6,18.5,1,1,1,4
11.76,633,7.25,89.1,10.3,2,2,1,4
10.17,178,4.33,77.3,9.8,1,1,0,0
1.02,137,9.35,52.0,4.6,0,3,0,0
3.4,588,11.73,81.5,19.1,1,1,1,2
11.32,452,3.11,108.8,4.1,0,1,1,3
17.56,206,11.09,40.7,19.1,1,0,0,2
5.95,593,0.71,86.4,9.3,0,3,0,1
14.81,58,2.25,106.9,13.3,0,0,0,3
5.28,331,12.88,101.5,8.7,1,3,0,3
0.7,619,11.2,109.4,16.9,0,1,1,4
11.35,195,12.72,91.1,11.0,2,2,0,3
6.83,245,1.0,100.5,15.0,0,0,0,2
3.63,389,12.08,107.0,23.0,2,1,0,4
17.9,355,7.68,110.6,7.2,1,0,0,3
1.07,590,0.94,85.3,19.6,1,1,1,2
15.17,464,11.33,38.7,7.3,1,1,0,2
8.14,532,11.71,68.9,21.6,2,0,1,2
7.97,18,13.43,73.0,5.8,0,1,1,1
10.54,73,3.82,103.6,19.7,0,1,1,2
8.91,343,10.15,57.6,10.9,0,2,1,1
3.56,16,11.02,46.1,15.9,0,2,1,1
4.35,619,8.53,61.1,10.1,0,1,1,0
6.56,542,13.66,86.8,20.2,1,0,1,3
12.8,252,2.12,109.7,21.8,1,2,1,3
10.16,259,11.07,42.3,8.8,1,1,1,0
3.22,333,9.35,76.2,4.0,0,1,1,1
7.45,695,5.16,103.3,6.8,1,1,1,3
11.36,55,9.61,39.4,7.9,0,1,1,0
0.47,261,13.8,82.0,11.4,2,1,0,3
1.08,222,7.91,72.0,10.5,1,3,0,0
16.83,630,1.84,46.7,13.7,1,0,1,1
2.6,111,5.6,54.7,13.4,1,2,0,0
16.1,119,9.07,46.9,18.9,2,0,0,2
3.78,51,10.78,54.1,16.5,1,1,0,1
14.02,30,7.31,95.0,4.6,2,1,1,3
5.85,102,4.94,84.3,7.2,0,1,1,0
14.78,79,7.56,92.4,7.9,1,1,1,2
15.98,381,13.17,108.2,11.0,2,0,0,4
11.91,523,8.56,61.9,14.4,2,2,1,2
17.91,174,4.65,72.8,21.1,1,0,0,2
1.18,237,1.95,72.8,16.7,0,1,1,0
16.62,503,12.81,76.9,6.6,0,2,1,3
3.41,587,13.89,81.9,15.7,0,0,1,2
6.98,52,7.65,100.9,20.1,1,1,1,3
0.51,572,11.99,56.6,21.9,1,0,0,2
1.81,113,7.83,91.2,15.0,1,3,1,1
16.25,453,11.21,47.0,15.1,1,1,1,2
1.37,324,12.83,92.3,6.8,1,2,1,3
14.41,536,6.55,45.9,14.5,2,1,1,2
3.56,417,13.15,104.7,8.8,0,1,1,3
5.77,272,10.77,46.2,11.7,2,1,1,1
4.83,35,1.68,77.2,20.0,0,0,1,0
14.23,592,1.79,97.2,16.3,0,2,1,4
2.89,129,3.19,75.1,19.0,0,0,0,0
9.15,387,10.88,110.4,4.1,2,1,1,4
7.33,343,12.43,93.0,4.5,1,3,1,3
10.0,186,13.97,43.7,5.6,0,3,1,1
3.58,234,11.64,55.4,21.0,0,2,0,2
0.72,710,3.6,111.3,20.8,1,1,0,3
6.03,301,5.48,102.4,4.6,1,3,1,2
14.22,637,9.99,48.0,22.7,2,0,0,3
0.33,543,9.9,106.2,6.9,0,2,1,4
15.84,697,4.19,68.5,19.8,2,2,1,3
11.57,71,5.98,66.7,11.9,0,2,0,0
15.02,360,11.23,75.1,9.9,1,2,1,4
1.37,527,11.61,104.1,7.8,0,1,1,3
11.07,415,11.87,83.8,13.5,2,1,1,4
5.54,525,1.38,72.9,21.7,2,1,1,1
7.19,113,9.24,69.7,17.2,0,1,1,0
17.2,653,2.26,66.0,10.4,1,0,1,2
1.55,491,6.72,77.2,6.7,0,3,0,1
7.03,117,1.61,109.8,12.2,2,0,0,3
12.96,183,1.07,83.5,22.6,1,1,0,1
6.69,312,4.22,38.6,12.4,0,3,0,1
17.78,672,12.23,79.8,9.0,2,2,1,3
3.66,589,1.7,90.4,11.1,1,1,0,1
1.59,339,8.69,55.0,4.4,0,1,1,0
10.64,482,4.61,62.7,12.1,1,1,1,1
6.42,595,6.39,67.2,19.7,0,2,1,0
4.54,157,6.69,43.5,7.1,0,1,1,0
10.05,401,3.03,45.4,12.8,0,1,0,1
1.33,8,12.96,43.5,7.7,0,2,0,1
11.57,161,10.88,101.8,14.1,1,3,1,3
12.73,308,3.39,75.1,9.0,2,1,1,0
1.07,22,9.48,95.3,15.4,0,3,1,2
9.26,47,9.65,89.0,15.2,1,0,1,2
13.24,278,9.19,81.9,19.4,0,1,1,2
3.87,698,2.45,58.3,14.8,1,1,1,0
5.84,462,12.64,89.6,18.7,0,1,0,3
6.38,443,4.5,78.4,5.7,1,1,0,0
5.83,524,13.33,106.1,5.7,1,2,1,4
1.28,214,10.43,78.8,15.9,2,2,0,2
17.32,436,7.09,49.5,16.4,1,3,1,2
8.61,197,10.4,75.7,4.9,2,1,0,1
14.6,690,1.84,89.8,14.5,1,0,1,3
13.25,719,2.92,84.3,12.2,1,2,1,3
5.56,158,9.66,62.0,12.0,1,0,0,0
4.73,426,7.25,77.1,19.8,1,1,1,2
8.96,170,9.71,72.3,16.2,0,0,1,1
6.74,356,2.04,56.3,8.1,0,1,1,0
6.64,134,12.79,101.4,7.4,0,3,1,3
1.47,126,9.85,83.2,21.7,1,3,1,2
5.3,189,10.96,45.0,18.9,2,2,0,1
16.84,80,0.75,109.8,10.3,1,2,1,3
15.76,301,7.25,87.0,16.6,1,3,1,2
15.43,329,7.59,95.4,9.3,0,2,1,2
10.07,167,2.59,75.1,18.1,1,1,1,0
10.13,250,5.15,69.3,15.7,1,3,1,0
14.52,660,4.34,69.2,11.1,0,0,1,1
9.94,690,4.97,54.0,17.5,0,1,1,1
7.92,363,3.07,100.7,12.8,1,0,1,2
7.89,539,3.85,104.7,5.6,0,2,1,3
11.02,61,6.86,109.6,6.7,1,3,1,3
2.18,86,5.67,110.4,20.8,1,2,1,3
13.43,371,9.63,61.8,5.7,0,0,1,1
10.93,168,7.84,59.6,14.4,0,1,0,0
5.04,336,5.04,72.1,15.6,0,2,1,1
9.33,388,5.63,111.7,12.1,0,3,1,3
2.03,324,0.76,69.9,10.3,0,3,1,0
12.69,575,0.81,102.9,22.2,1,1,1,4
15.31,317,4.65,56.6,14.6,2,0,1,1
11.44,98,10.83,56.6,10.6,1,1,0,1
8.98,257,8.97,64.4,16.7,2,1,0,1
11.67,99,5.66,89.7,17.9,2,0,1,2
1.15,487,3.36,76.8,15.9,1,2,1,1
13.32,21,7.34,79.6,12.1,2,0,1,2
7.43,572,0.97,94.9,15.7,0,1,1,2
3.03,523,9.55,78.3,4.2,1,1,0,1
11.44,633,1.99,72.0,12.6,0,1,0,2
2.97,717,5.72,75.1,17.3,1,1,1,0
2.89,490,10.89,72.8,12.5,0,3,0,1
7.62,289,10.39,75.1,14.3,0,0,1,1
10.02,603,8.83,86.9,13.8,0,0,0,4
9.0,442,7.08,67.1,8.0,0,2,1,0
0.4,171,7.25,43.6,14.0,0,1,0,0
7.99,635,2.44,65.2,18.1,0,2,0,1
15.49,123,3.38,71.4,11.6,2,2,0,1
7.38,329,11.66,102.8,13.8,0,1,1,4
12.94,116,12.61,76.1,5.3,2,3,0,2
6.07,470,7.25,87.3,13.7,1,1,1,3
4.49,661,4.75,91.8,13.5,1,2,1,2
0.82,115,7.77,107.9,7.3,0,2,1,2
14.51,636,0.55,85.6,13.0,0,3,1,2
7.85,160,9.66,77.1,16.1,0,0,0,1
17.17,682,3.42,94.4,14.1,0,3,1,3
0.38,571,9.95,95.1,7.0,0,1,1,2
3.36,451,1.42,75.1,10.2,1,3,1,0
7.39,631,10.64,83.5,17.7,0,3,0,3
17.88,396,1.14,74.6,16.5,2,0,0,1
4.08,235,6.06,63.8,14.5,0,3,1,0
16.89,406,6.7,85.9,16.7,0,1,0,3
10.64,394,11.57,65.9,8.1,1,3,1,1
11.72,584,8.68,67.1,6.2,2,2,1,2
8.06,327,5.88,81.8,8.5,2,1,1,0
15.41,299,2.57,88.7,6.6,2,3,1,2
1.84,549,6.51,53.0,10.9,0,0,1,0
14.59,12,6.83,58.9,5.6,0,1,1,0
10.12,133,2.39,80.6,11.1,0,1,1,0
13.3,577,3.9,92.8,9.5,2,2,1,3
8.78,67,7.25,89.3,4.3,2,3,1,2
4.51,660,4.08,48.7,21.6,0,2,1,1
9.16,116,12.25,44.9,19.3,1,1,0,2
13.93,300,5.61,95.3,4.7,1,1,1,2
2.65,291,13.92,104.8,21.3,0,2,1,4
6.12,206,12.24,100.9,14.3,0,2,1,4
8.47,366,12.83,110.7,4.4,0,2,1,4
7.16,629,12.38,77.6,13.7,0,1,1,2
15.72,665,7.25,38.8,12.8,0,2,0,2
13.97,595,9.47,67.1,21.8,1,3,0,3
9.84,654,1.53,93.7,17.9,0,1,0,3
4.3,333,12.67,86.7,16.5,0,1,1,3
8.39,186,4.23,71.2,13.5,1,1,1,0
17.12,458,12.3,66.7,19.5,1,1,1,3
16.67,332,7.25,106.6,4.2,0,0,0,3
7.42,480,2.58,86.5,17.6,0,1,0,2
7.72,622,12.75,41.2,4.6,1,1,0,1
0.71,6,3.98,50.5,6.3,2,2,0,0
15.18,82,6.74,54.8,9.1,2,1,1,1
8.14,247,7.02,103.0,15.5,2,3,1,3
8.7,461,9.48,107.7,14.2,1,0,1,4
2.04,690,8.46,64.4,15.1,1,1,1,0
15.48,90,11.28,48.9,20.9,1,1,1,1
14.23,87,10.12,85.9,4.9,1,3,1,3
17.22,634,12.85,56.6,14.8,1,0,1,3
16.8,683,7.72,92.7,12.1,2,2,0,4
3.79,112,7.21,110.9,22.4,0,1,1,3
17.95,335,9.13,40.2,5.1,1,1,1,1
13.8,70,5.98,51.8,4.2,1,0,1,0
14.92,339,12.04,57.7,17.6,2,1,0,3
2.33,400,12.79,102.7,15.3,2,2,1,4
2.92,20,8.65,90.4,15.2,1,1,0,3
1.08,399,7.57,40.1,20.3,2,2,1,1
1.19,356,1.17,85.5,9.9,1,3,0,0
17.18,171,2.78,56.0,10.9,1,2,1,1
4.54,136,6.2,110.8,21.4,0,0,1,3
0.55,418,3.84,63.2,22.0,2,1,0,0
7.52,387,12.73,44.4,6.3,0,0,1,1
17.08,66,13.65,111.3,21.8,1,1,0,4
13.0,300,12.85,62.7,16.4,2,1,1,2
9.88,479,11.74,57.3,15.6,1,1,1,2
3.61,626,3.48,74.8,5.0,0,2,0,1
4.83,251,8.63,45.0,19.0,0,1,1,0
3.97,82,5.06,92.1,18.6,1,1,1,2
14.63,11,3.3,99.4,16.9,0,3,1,2
1.85,143,10.16,84.2,7.6,1,3,0,2
10.27,406,9.18,64.2,15.0,2,1,1,1
15.3,414,0.99,78.8,12.3,1,3,0,1
1.21,606,6.78,86.6,13.6,2,3,1,2
7.12,392,12.45,53.8,5.9,0,2,1,1
10.18,413,9.52,40.6,5.6,2,3,1,1
1.25,116,10.48,53.5,10.8,0,1,1,0
8.92,638,4.64,47.5,16.4,0,1,1,1
9.71,172,5.66,72.3,21.2,1,1,0,1
7.34,219,7.25,100.1,15.7,1,2,1,4
7.04,518,1.56,83.3,11.2,1,2,1,1
15.96,215,0.7,44.8,22.2,2,2,0,1
10.79,175,13.0,88.3,16.9,0,0,1,3
6.29,322,7.25,103.8,21.7,2,3,1,3
3.77,28,5.92,44.2,18.4,0,0,1,0
3.54,85,8.53,75.1,15.9,2,1,1,3
12.45,398,10.74,84.7,19.6,2,1,1,3
15.03,120,1.41,40.0,4.5,0,2,1,0
13.26,644,5.47,62.4,9.1,2,1,0,2
15.24,99,2.63,74.6,20.9,1,0,1,1
4.71,306,13.86,49.1,4.6,0,1,0,1
13.27,549,1.16,102.7,9.1,1,1,0,3
15.21,625,2.86,77.3,18.5,0,0,0,2
12.87,708,9.19,105.8,16.4,1,2,1,4
6.66,540,10.06,53.8,17.5,1,1,1,1
12.12,188,8.33,44.7,4.7,1,1,1,0
15.73,78,11.96,52.0,19.2,1,3,0,2
3.61,65,6.87,51.6,15.6,1,2,1,0
17.09,711,8.99,54.9,14.4,0,1,1,3
10.06,715,4.52,42.7,11.6,2,1,0,1
8.65,194,1.22,81.9,11.5,0,1,0,1
7.68,213,5.92,107.6,8.5,0,2,0,3
3.17,411,3.63,100.1,20.0,0,1,0,2
17.52,520,7.25,106.3,22.8,2,1,1,4
2.56,286,13.15,48.8,9.8,0,1,1,1
7.79,547,3.25,65.3,7.8,2,2,0,0
12.91,115,3.33,63.8,7.0,0,2,0,0
4.08,596,12.7,75.1,12.2,0,2,1,1
7.33,583,1.04,95.0,14.4,1,2,1,2
5.01,72,8.8,93.9,4.8,1,1,1,2
3.65,554,9.68,99.9,21.8,1,0,1,4
15.87,495,0.75,75.1,15.2,0,1,1,2
3.55,356,12.78,90.7,6.5,1,1,0,3
11.7,383,10.89,105.9,7.8,2,1,1,4
14.42,682,1.31,47.2,21.4,2,2,1,3
17.52,494,13.54,105.3,11.8,0,1,1,4
0.94,112,7.79,75.1,14.8,1,2,0,2
5.97,589,0.66,90.2,14.3,0,2,0,2
10.51,552,2.98,111.8,12.8,0,3,1,4
1.02,232,10.22,51.8,10.1,1,3,0,0
14.45,476,12.46,94.5,14.5,0,0,1,4
5.48,593,6.56,65.5,5.1,2,0,0,0
14.46,597,5.51,48.7,12.7,0,3,1,1
1.82,252,12.13,74.4,4.9,1,1,1,0
11.31,429,10.59,80.9,21.6,0,1,0,3
8.89,514,12.46,111.7,6.7,0,1,1,4
5.66,187,2.44,59.4,8.5,1,3,1,0
10.32,119,10.27,43.1,9.9,0,2,1,1
9.27,567,6.26,84.7,18.5,1,0,1,2
2.63,443,10.15,52.3,12.5,2,3,1,1
14.2,573,2.55,78.3,5.7,2,2,1,2
2.72,177,6.52,99.5,16.6,0,1,1,2
9.76,184,13.37,93.0,12.0,2,3,1,4
14.94,48,2.54,39.2,18.0,0,1,1,0
12.59,45,2.83,95.5,15.3,2,1,0,2
5.22,81,2.29,53.9,9.3,0,3,0,0
16.0,671,12.34,71.2,11.3,1,0,1,3
4.25,414,10.18,49.1,7.4,0,1,1,0
15.45,669,6.57,41.4,22.4,1,2,0,3
9.73,330,7.63,104.2,6.5,0,2,1,2
13.04,229,8.69,43.1,8.8,1,0,1,0
2.37,400,10.08,82.3,10.1,1,2,1,2
17.29,701,9.62,65.0,9.5,1,3,1,2
6.85,66,9.18,110.5,4.0,1,3,1,3
14.68,386,9.28,39.8,11.0,1,1,1,1
11.07,412,6.9,69.7,11.2,1,1,1,0
3.0,543,10.88,42.0,16.9,0,3,1,2
9.87,547,9.43,41.0,16.6,2,2,1,2
8.89,482,1.23,75.1,20.7,0,0,1,3
17.31,187,9.2,82.2,15.4,1,1,1,3
7.09,129,1.14,53.3,8.6,0,0,0,0
14.26,310,9.1,65.3,11.6,0,0,1,1
1.06,534,12.94,76.7,17.9,1,3,1,2
0.5,380,12.41,49.8,10.1,0,2,1,1
4.37,265,6.88,62.3,12.1,1,3,1,0
14.16,416,0.69,49.4,8.0,1,0,1,0
0.35,434,1.36,50.1,6.8,1,3,0,0
11.99,444,11.49,100.3,5.4,0,3,0,4
10.89,180,3.01,90.4,18.0,0,3,0,2
10.77,38,12.16,48.2,6.7,1,0,1,0
10.21,391,13.17,108.1,5.8,0,1,1,3
1.03,712,2.24,73.8,16.2,2,1,1,1
9.27,341,0.88,79.4,5.8,0,2,0,2
11.9,306,7.36,91.3,18.3,2,0,1,3
9.53,211,10.32,94.2,10.7,1,1,1,3
14.35,359,8.69,38.9,20.3,0,2,1,2
0.98,8,3.86,93.5,19.6,2,1,0,1
9.61,330,5.95,84.0,4.6,1,2,1,2
10.5,124,5.64,62.3,10.1,0,1,1,0
2.01,607,12.42,84.4,21.1,0,3,1,3
7.33,70,8.67,91.8,20.1,0,2,1,3
4.73,209,5.67,98.1,12.2,1,2,0,2
8.92,329,13.99,50.7,13.0,1,1,1,2
17.01,561,13.24,53.9,11.8,0,2,1,3
2.1,672,1.4,107.1,19.9,0,3,0,3
2.88,106,8.18,62.1,8.1,1,1,1,0
16.53,68,2.24,75.3,22.7,0,2,0,2
11.28,19,4.12,61.7,17.2,1,3,1,0
2.18,645,13.07,92.0,12.4,1,1,1,3
2.19,7,1.71,73.8,5.8,0,1,1,0
13.71,118,5.5,60.7,5.7,0,2,1,0
13.51,355,6.5,103.9,9.0,0,0,0,3
14.94,433,12.44,47.6,22.6,0,1,1,3
5.51,216,9.67,72.4,12.3,1,3,1,1
6.87,442,13.24,42.3,4.0,1,1,0,2
8.82,164,2.99,57.0,9.2,2,2,1,0
4.02,641,11.53,43.0,18.6,0,1,1,1
6.58,592,10.41,100.7,14.2,1,1,0,4
7.42,300,2.59,109.7,10.3,0,1,0,3
14.29,564,6.43,103.1,16.7,1,3,1,4
2.2,664,4.93,92.5,12.7,1,0,0,2
10.6,373,7.95,104.9,13.2,2,0,1,3
13.22,488,3.18,62.5,16.8,0,2,1,2
3.91,44,13.95,67.5,9.2,0,1,1,0
8.0,109,3.49,89.1,21.0,0,2,0,2
0.54,516,13.55,73.6,6.7,2,2,0,2
15.32,511,1.1,39.7,21.8,0,2,1,2
4.6,203,12.58,103.1,20.9,0,1,1,4
5.33,422,4.91,78.0,4.9,1,0,1,0
0.57,698,9.4,110.4,6.5,2,2,0,4
7.76,374,5.63,43.4,22.3,1,1,1,0
0.54,466,11.56,71.8,13.5,2,3,0,2
10.13,625,3.01,98.9,20.5,1,1,1,3
13.08,207,3.77,110.0,7.0,0,0,0,2
3.21,445,2.91,40.0,18.3,0,1,0,0
16.99,674,11.83,109.6,11.3,1,2,1,4
13.61,376,4.54,107.5,13.5,0,1,1,3
5.21,61,7.25,107.9,10.1,0,3,1,2
8.94,243,13.18,42.4,6.7,0,0,0,1
7.32,74,1.25,51.8,11.2,0,0,0,0
14.02,276,0.59,68.6,9.5,1,0,1,1
15.17,468,1.46,50.3,13.5,2,2,1,2
11.23,397,10.94,48.0,8.3,0,1,1,0
4.92,145,11.39,97.4,15.7,2,1,0,3
9.76,369,6.85,38.2,6.5,1,3,1,0
7.93,89,12.03,98.6,19.0,2,2,0,4
13.05,392,1.65,72.6,8.7,2,1,0,1
14.56,574,9.01,64.6,12.2,2,1,0,3
16.89,392,11.38,104.1,14.1,1,0,1,4
8.9,420,12.02,79.7,11.4,0,3,1,2
15.33,90,3.05,83.3,14.3,0,0,0,1
16.37,496,0.74,70.6,19.5,0,2,1,2
8.86,304,7.09,84.3,15.7,0,2,0,2
3.92,511,11.37,64.2,15.9,0,0,1,1
1.83,477,4.9,62.9,18.0,0,1,0,0
15.14,719,7.65,107.5,19.5,1,2,1,4
1.87,147,11.01,84.8,6.6,2,1,0,2
12.91,357,11.17,75.1,16.7,2,3,1,4
10.59,445,12.06,93.4,20.9,1,3,1,4
16.16,422,9.64,107.1,15.1,1,1,0,4
3.07,652,10.94,86.7,17.3,1,2,0,3
0.85,368,2.4,104.6,20.0,2,2,1,2
11.86,399,7.13,40.9,12.3,1,2,1,0
8.0,570,3.78,50.2,13.1,1,2,1,1
12.71,310,9.03,93.0,11.4,1,1,1,3
2.93,685,2.95,99.3,8.6,2,2,1,3
1.8,486,3.43,78.7,21.7,0,1,1,1
9.6,156,6.87,45.8,7.5,1,3,1,0
12.86,338,4.62,47.3,19.9,2,3,0,1
11.93,614,6.86,92.3,11.6,1,1,0,3
8.53,208,1.15,90.7,7.5,2,0,1,1
8.91,459,11.49,110.1,18.6,1,2,0,4
12.97,593,0.64,39.2,9.7,0,1,1,2
2.24,571,9.95,65.7,14.5,0,1,1,1
9.62,614,6.23,47.5,21.6,0,3,1,1
5.05,322,9.99,64.9,18.6,2,3,0,2
12.86,505,5.35,71.6,10.3,1,2,1,2
14.95,384,3.29,80.9,9.2,0,2,0,1
1.73,663,10.22,110.0,21.7,2,1,0,4
15.79,619,7.25,91.5,11.2,2,3,1,4
2.43,314,3.36,55.0,18.5,0,1,1,0
13.44,403,6.33,96.1,11.6,1,1,1,3
1.09,471,9.2,103.4,20.4,0,2,1,4
8.05,527,4.54,96.9,7.7,2,2,0,2
11.5,316,13.5,91.8,17.8,0,1,1,4
1.88,293,9.01,75.4,13.5,0,0,1,1
13.64,466,2.69,90.3,10.8,0,1,1,3
6.8,156,6.8,51.6,22.8,1,3,1,1
0.84,511,11.95,49.7,16.7,1,1,1,1
6.95,89,1.64,44.1,4.4,1,1,1,0
12.51,603,8.68,96.5,8.0,2,1,1,3
14.77,663,13.86,38.7,4.2,0,2,1,3
14.06,430,4.16,105.1,14.5,1,1,0,4
14.45,321,10.11,85.0,12.4,1,1,1,2
4.99,553,2.62,49.8,10.9,0,2,1,0
15.59,546,4.66,51.1,14.4,0,1,1,1
5.78,439,7.73,76.5,13.1,0,0,0,1
12.92,404,7.01,75.1,4.1,0,1,0,2
10.29,176,0.69,70.5,13.9,1,2,1,1
7.36,599,2.52,70.1,11.7,1,2,1,0
13.66,433,1.04,52.0,4.5,1,3,1,1
8.49,325,7.25,75.1,5.4,0,1,0,3
9.84,508,12.86,65.3,16.8,0,2,1,2
3.63,644,12.23,80.5,6.1,2,1,0,2
6.33,173,1.95,83.9,22.7,0,2,1,2
13.9,690,1.13,44.6,17.5,1,1,1,2
10.74,577,2.99,88.6,15.4,1,3,1,2
13.6,53,7.54,78.4,5.4,0,1,0,1
11.83,549,3.1,49.2,11.8,1,1,0,1
11.09,432,4.18,70.4,18.5,2,1,0,2
17.95,618,0.57,71.8,9.0,0,1,1,1
9.08,637,11.94,97.5,19.5,2,1,1,4
14.18,524,1.2,75.1,9.5,0,3,0,2
12.7,508,9.99,58.8,14.0,0,2,1,2
7.44,140,13.37,66.8,15.3,1,0,1,1
3.99,124,7.85,89.1,16.2,0,3,1,1
12.72,687,5.04,99.1,13.5,1,2,1,4
8.66,434,10.01,66.9,15.2,0,2,1,2
5.92,489,12.96,66.8,9.8,1,0,0,2
2.3,319,8.66,72.6,19.2,1,1,1,1
12.02,314,3.68,41.6,16.2,2,1,0,1
2.63,503,4.0,85.6,13.5,1,1,0,0
2.9,440,7.25,101.3,19.5,0,0,0,2
1.02,446,3.18,100.2,6.0,1,3,1,1
4.18,226,11.38,72.9,12.1,1,3,1,0
16.84,55,7.89,75.1,14.6,0,3,1,2
9.09,129,4.65,75.4,14.2,1,1,1,0
1.74,553,9.57,39.9,18.5,2,3,1,2
2.8,486,1.0,40.8,22.9,2,1,1,0
1.57,456,1.69,49.9,13.5,2,0,0,0
4.17,222,11.65,95.0,11.8,0,3,1,3
16.49,304,7.89,90.7,4.5,2,1,0,2
11.44,64,9.91,39.8,6.3,2,1,1,0
11.29,371,8.26,50.9,10.3,1,1,1,1
16.22,661,4.34,44.2,8.2,1,1,1,2
1.62,516,11.72,60.0,7.1,1,3,1,1
12.18,270,7.81,47.4,7.3,0,1,1,0
0.51,436,1.19,56.5,5.8,0,0,1,0
9.23,66,8.06,81.9,22.1,2,1,1,3
14.87,182,1.83,83.6,6.7,2,0,1,1
14.14,436,11.45,38.8,19.1,2,0,1,3
8.06,37,11.02,57.0,17.8,1,2,1,1
8.43,609,11.13,39.4,20.9,2,3,1,2
7.24,13,11.72,48.4,5.2,1,1,1,0
1.57,476,8.36,54.7,21.0,0,1,1,0
8.09,449,6.35,90.6,13.0,1,2,1,2
2.39,377,8.32,81.5,22.1,1,1,1,2
2.04,148,4.44,63.6,8.9,0,1,1,0
2.26,677,5.77,57.1,17.0,0,2,0,1
17.97,648,6.09,44.8,17.7,1,2,1,2
13.86,250,5.36,57.9,15.0,2,3,0,1
5.52,407,3.64,81.4,6.3,0,1,0,0
13.84,515,13.6,87.5,4.6,2,1,1,4
17.84,195,7.49,73.9,6.6,2,1,1,0
12.76,303,10.05,52.2,10.9,1,1,1,0
17.18,639,12.92,61.0,15.6,1,0,1,3
12.29,191,3.76,68.6,16.9,2,2,1,1
14.62,405,4.45,93.5,12.2,2,2,0,3
3.99,186,12.58,40.1,9.5,0,3,1,0
9.2,624,2.87,81.2,18.2,1,1,0,1
5.33,553,0.82,70.9,4.4,0,1,1,0
16.78,105,1.45,57.8,16.1,2,1,1,1
5.46,524,7.63,52.5,9.3,0,3,1,0
2.91,281,2.87,80.7,19.2,0,0,1,0
3.68,295,3.44,59.9,12.4,1,2,0,0
3.51,574,12.53,46.9,8.5,1,1,0,1
10.02,548,4.47,60.7,16.9,2,1,1,1
0.54,590,4.28,41.9,13.3,1,1,1,0
4.28,335,12.52,71.0,17.2,1,3,0,2
12.03,300,2.86,64.9,6.6,0,1,1,0
15.1,407,7.81,84.9,11.0,1,1,0,2
4.39,418,10.6,78.7,12.5,1,2,0,2
17.85,419,7.71,41.0,19.4,0,0,1,2
11.14,561,4.94,75.1,5.0,2,2,1,3
8.94,193,9.59,94.0,13.5,2,2,1,3
8.64,31,6.24,46.1,16.0,2,1,0,1
0.59,102,11.87,84.8,20.7,0,0,0,2
1.69,675,7.25,83.4,8.0,2,2,0,2
3.06,349,8.06,107.1,4.2,1,0,1,3
10.93,535,1.6,94.3,14.4,1,0,1,3
2.61,214,11.13,105.5,21.0,2,2,0,4
16.58,135,13.76,109.3,13.5,0,1,0,4
15.87,257,1.69,55.5,12.2,0,2,0,1
4.71,513,10.42,48.6,18.7,1,3,1,1
17.83,159,4.55,49.5,4.2,0,0,1,0
7.0,500,5.79,97.3,13.5,1,2,1,3
5.21,600,1.75,96.5,13.1,0,3,1,2
14.85,637,8.43,43.0,13.3,1,0,1,2
7.08,598,2.59,105.9,5.2,0,0,1,3
10.66,380,3.65,107.7,11.3,2,0,1,3
14.24,592,3.02,62.9,13.7,0,2,1,2
12.06,111,7.19,67.3,19.4,0,0,0,0
15.94,309,6.46,66.2,6.4,0,3,1,0
0.34,649,11.6,96.4,13.5,1,2,0,4
15.19,414,5.93,94.6,19.0,1,0,1,2
11.59,87,7.47,71.0,12.2,1,3,1,0
4.14,306,13.71,73.2,6.7,1,1,1,1
1.98,396,12.45,50.5,7.6,0,1,1,0
6.08,518,2.51,73.6,11.3,0,0,0,0
11.54,460,10.02,92.1,15.9,1,3,0,4
15.52,329,12.05,57.4,17.5,1,1,0,2
12.32,273,9.21,72.5,16.4,2,2,0,2
1.82,212,7.25,111.6,15.5,0,0,1,4
12.51,528,6.72,90.9,11.2,2,0,1,3
0.67,197,10.46,99.4,14.6,2,1,0,3
10.93,488,10.87,76.5,6.3,0,0,1,2
15.7,715,12.23,87.2,7.4,0,2,1,4
12.22,635,9.58,69.4,22.5,2,1,1,3
14.39,562,8.3,85.7,20.9,0,1,1,4
11.77,153,2.47,52.4,6.7,2,1,1,0
16.64,518,9.93,77.3,20.5,1,1,1,3
1.28,687,9.61,61.8,5.7,2,2,1,0
3.15,711,9.53,93.9,8.4,1,2,1,3
0.45,163,7.25,86.7,22.3,0,1,0,3
5.34,42,4.58,47.4,9.1,1,0,1,0
12.16,352,5.42,69.4,13.4,0,0,1,1
17.02,9,12.88,81.6,7.1,2,1,1,2
8.56,283,8.06,101.7,18.6,1,0,1,3
14.41,623,2.37,68.9,15.9,2,1,1,1
3.9,288,13.56,97.5,16.1,1,2,1,4
17.04,264,10.44,47.3,18.0,0,0,1,1
5.57,572,2.79,69.9,17.1,0,2,1,1
6.5,597,8.25,52.9,19.5,0,3,1,2
15.65,419,10.11,102.8,20.2,1,0,0,4
11.98,551,2.02,101.5,15.9,2,2,1,4
17.87,428,6.2,62.5,22.5,0,1,1,2
13.6,605,12.32,97.0,18.4,1,3,0,4
1.13,650,12.69,53.9,22.8,0,2,1,2
10.24,190,10.97,61.1,21.8,1,1,1,1
2.39,695,3.27,76.0,21.1,0,1,0,1
0.62,190,2.55,49.4,4.7,2,1,0,0
2.45,347,11.68,40.2,7.3,0,2,1,0
12.51,375,2.94,101.3,22.3,1,0,0,3
2.62,500,13.69,56.9,20.5,1,3,1,2
16.58,126,2.34,84.1,21.9,1,3,1,1
9.14,32,5.88,95.7,14.8,0,2,0,2
2.21,490,7.67,53.9,16.8,1,2,1,1
15.14,152,10.82,79.2,15.9,0,2,1,3
16.83,28,0.66,87.1,8.3,0,0,1,1
14.61,358,13.18,91.3,20.8,1,0,1,4
5.59,518,5.77,86.6,13.2,2,1,1,2
12.4,289,3.9,51.8,5.6,1,1,1,0
3.0,472,7.78,38.7,18.4,0,3,1,1
14.2,696,8.51,52.9,5.0,1,3,1,2
9.66,229,12.95,60.9,8.1,0,0,1,1
16.36,101,8.72,70.2,9.9,0,0,0,1
15.01,496,13.5,84.9,10.6,0,1,1,4
8.02,489,3.25,99.7,11.0,1,2,0,3
13.31,128,4.18,40.6,9.8,0,1,1,0
9.03,185,12.75,50.7,22.5,2,2,0,2
2.23,446,6.93,64.7,8.1,0,1,1,0
14.92,163,5.95,72.5,11.2,0,0,1,0
14.88,392,4.16,75.1,6.1,2,1,0,3
4.49,212,11.6,89.0,12.8,0,3,1,3
4.77,441,12.74,53.0,20.3,2,0,1,2
1.33,631,5.37,38.4,13.2,2,3,0,1
0.6,682,1.25,75.1,19.0,1,2,0,3
17.48,692,6.99,84.9,7.9,0,2,1,3
11.39,306,4.12,103.3,22.7,1,3,0,3
15.3,181,7.29,93.1,5.5,1,0,0,2
14.21,243,9.26,62.6,4.5,0,2,0,1
17.47,66,10.24,78.1,5.0,1,1,1,1
15.33,53,6.43,46.2,20.7,1,1,0,1
8.76,345,12.57,88.8,14.3,1,2,1,4
17.03,360,10.42,101.1,5.7,1,0,1,3
16.59,100,2.98,78.7,17.8,0,2,1,1
15.88,66,11.5,83.2,13.2,0,1,1,3
4.79,187,13.21,53.1,20.7,1,2,1,1
17.78,179,1.61,52.9,5.7,1,1,1,0
2.23,648,11.85,63.4,17.9,1,1,1,2
3.81,55,13.16,100.7,7.3,2,0,1,3
12.09,238,6.89,100.3,11.7,1,2,0,3
16.35,265,9.28,80.8,16.2,0,1,1,2
14.32,247,6.83,53.7,11.9,0,1,0,1
15.76,170,8.81,84.3,15.5,0,2,1,3
1.68,304,2.49,75.1,16.5,2,2,1,0
4.01,261,13.69,62.2,13.6,2,0,1,1
13.82,212,2.8,69.1,15.7,1,1,1,1
13.9,466,9.69,71.9,8.7,1,2,1,2
3.93,698,12.43,75.1,11.0,1,3,0,3
2.14,433,3.06,95.5,14.1,1,1,0,1
14.17,217,13.27,72.5,5.7,2,1,1,2
3.27,521,9.89,75.1,6.3,2,0,1,1
6.11,154,2.09,65.6,21.1,1,0,1,0
15.09,86,7.82,81.0,17.5,1,2,1,2
1.82,190,6.96,59.9,18.1,2,1,1,0
14.1,405,1.74,49.8,18.4,2,0,1,1
6.96,704,1.3,104.5,20.4,0,1,1,3
0.56,625,6.07,106.5,7.9,0,1,0,2
11.1,491,1.53,73.8,21.3,0,3,0,2
16.71,128,6.51,57.4,16.3,1,1,1,1
15.08,485,12.11,66.9,19.4,0,0,1,3
1.22,121,7.03,110.2,19.3,0,2,1,3
6.8,84,11.69,80.6,16.1,0,3,0,2
6.4,62,10.13,58.8,7.3,2,0,1,0
7.14,200,8.56,51.6,13.5,0,2,0,1
17.86,241,3.28,86.4,7.3,0,3,1,1
14.47,468,11.76,96.6,22.1,0,0,1,4
16.73,466,2.72,61.5,11.8,2,3,0,2
2.87,58,4.8,47.7,12.1,0,3,1,0
17.83,194,12.36,92.3,8.3,1,2,0,3
6.7,254,4.88,95.9,18.3,1,1,1,2
10.04,616,3.97,59.2,18.5,1,0,1,2
9.8,347,6.52,60.2,9.4,1,3,1,1
2.6,673,13.49,63.4,18.1,1,3,1,2
4.2,518,11.34,111.5,22.7,2,3,1,4
0.34,607,7.53,99.9,5.8,1,3,0,2
5.79,506,6.03,99.8,9.5,1,0,1,3
2.88,556,10.76,93.0,9.5,2,3,1,3
10.92,614,5.43,96.9,4.7,1,3,0,3
8.96,272,7.25,104.5,13.5,0,2,1,3
14.85,600,11.67,91.9,5.7,1,0,1,4
11.13,223,2.7,77.4,9.8,2,0,0,1
11.19,587,7.25,91.4,15.2,0,2,0,4
5.74,467,5.86,42.5,8.6,0,3,1,0
2.71,607,12.74,77.0,17.0,2,1,1,2
6.82,6,8.44,86.2,13.8,2,1,0,2
0.92,319,10.13,88.3,10.9,2,1,1,3
9.47,535,8.12,100.2,19.8,1,3,1,4
1.47,498,13.52,75.9,10.9,0,2,1,2
17.43,345,8.2,94.5,14.1,0,2,1,4
15.9,669,12.59,76.9,19.9,0,1,1,3
11.78,633,7.94,51.3,10.4,0,2,1,2
4.67,219,2.38,74.5,22.7,2,2,0,2
13.66,427,8.71,38.5,7.7,0,2,0,2
11.85,423,3.7,90.1,8.5,0,1,0,2
14.67,647,2.98,43.5,6.1,0,2,1,2
3.48,183,10.62,45.2,11.9,2,2,1,1
14.13,160,1.66,95.8,18.1,1,0,1,2
5.76,53,0.53,63.4,22.8,2,0,1,0
1.8,554,13.16,64.5,7.7,2,1,1,1
16.24,296,13.41,82.3,21.9,0,0,1,4
16.19,648,9.66,50.8,12.4,0,3,1,2
16.43,111,9.3,107.6,6.1,0,2,1,4
16.81,442,4.88,78.4,14.5,2,1,1,2
11.39,463,8.35,42.8,12.8,0,1,1,1
12.91,423,2.39,54.9,14.6,1,0,1,1
17.21,216,10.77,98.1,21.8,2,0,1,4
15.14,489,5.0,57.2,19.6,0,3,0,1
16.8,588,0.85,69.8,13.2,0,2,1,2
14.7,302,4.98,111.2,20.6,1,1,1,4
14.22,229,8.86,62.0,21.6,1,1,1,2
5.05,565,4.85,49.0,6.5,2,2,1,1
9.39,277,11.4,51.1,9.0,2,1,1,1
11.44,129,7.55,48.3,7.9,0,2,1,0
12.09,436,7.49,105.7,19.2,0,1,1,4
7.75,194,3.37,49.9,18.2,0,0,1,0
5.67,440,13.69,62.4,21.0,0,1,0,2
8.83,184,12.78,101.0,20.6,2,3,1,4
15.47,643,1.59,62.5,21.7,1,1,1,2
17.81,50,4.86,100.4,5.2,1,0,1,2
13.95,426,4.36,68.6,13.5,2,1,0,1
2.06,367,13.76,87.4,20.2,1,1,1,3
11.61,229,1.55,92.5,22.3,0,1,1,2
6.87,142,0.86,49.0,9.2,2,0,0,0
10.96,74,8.61,105.1,8.9,1,1,1,3
14.99,608,13.68,45.9,6.3,1,1,1,2
11.12,685,1.09,96.7,14.5,1,1,1,3
16.4,616,13.39,108.4,9.6,1,2,0,4
1.84,394,10.71,93.0,22.0,0,1,1,3
16.99,381,12.12,47.7,11.8,1,1,1,2
1.2,222,8.87,88.8,14.5,0,3,1,2
9.73,429,11.29,89.3,5.8,2,3,1,3
14.3,242,1.39,52.0,13.5,1,3,1,1
4.35,530,5.92,108.8,8.4,0,2,0,3
17.39,345,11.37,45.3,22.4,1,0,1,3
0.81,68,1.68,103.6,18.5,1,2,0,2
4.28,444,3.85,98.7,12.4,0,0,0,2
1.29,78,9.69,62.7,22.9,2,0,1,1
4.67,658,6.69,70.8,15.3,0,3,1,1
3.46,270,7.63,47.9,5.3,1,0,0,0
16.08,55,12.3,95.2,18.1,2,1,1,3
15.42,175,6.44,82.1,19.4,2,0,1,2
10.68,304,13.9,79.3,7.1,1,2,1,2
5.01,401,4.39,93.6,13.4,0,2,1,2
6.9,561,13.26,71.5,11.4,0,3,0,3
15.96,451,10.88,97.8,5.0,1,1,0,4
12.75,617,13.44,99.4,7.1,1,1,1,4
6.81,78,12.94,75.1,20.8,1,2,0,1
0.4,25,12.18,88.5,13.6,1,2,1,2
0.45,230,4.98,88.5,6.9,2,0,0,1
14.5,398,5.71,92.5,12.7,0,3,1,2
13.82,98,0.58,83.3,13.5,2,2,1,2
1.4,508,3.1,74.3,17.8,1,2,0,1
0.33,361,12.77,52.2,5.2,2,1,1,0
7.53,128,4.4,96.6,12.5,0,0,1,2
6.92,592,5.03,80.1,8.6,2,2,0,2
14.57,79,5.73,107.8,7.0,0,3,0,3
11.46,543,2.57,104.5,5.0,0,2,1,3
7.44,549,2.65,77.1,11.5,2,2,0,1
5.18,115,10.47,109.4,16.7,2,2,1,4
1.42,378,3.9,104.4,16.8,2,2,0,3
11.11,401,2.89,82.2,19.3,1,1,1,1
13.9,448,1.81,111.2,18.3,0,2,1,4
12.0,261,3.0,75.1,7.1,2,2,1,2
4.77,337,6.02,88.8,18.3,2,1,0,2
3.73,155,10.04,68.7,4.2,2,3,0,0
14.13,248,7.25,59.4,12.0,1,1,1,0
10.21,80,12.55,72.4,17.2,2,0,0,2
3.77,444,0.52,39.1,10.6,2,3,0,0
9.15,501,3.23,95.8,22.6,0,2,0,3
11.5,62,7.96,68.4,10.4,0,1,1,0
13.59,110,3.69,79.2,14.2,1,3,1,1
1.01,335,12.0,46.1,18.3,0,2,1,1
5.92,543,11.76,71.3,19.8,0,2,1,2
15.16,300,2.28,60.5,21.5,1,3,1,1
12.06,291,7.46,75.1,8.5,1,2,1,2
14.6,347,13.11,47.0,14.7,0,0,0,2
14.39,509,1.34,64.6,21.3,0,0,0,2
14.2,481,0.66,98.9,20.9,2,0,1,3
3.37,504,2.9,82.3,17.9,2,1,1,1
2.66,173,7.2,42.8,13.5,0,0,0,0
8.5,708,5.71,41.4,20.2,0,0,1,1
10.35,308,12.24,99.3,12.9,0,1,1,4
15.84,427,1.97,42.2,19.3,1,1,1,1
16.12,314,10.01,106.0,9.9,1,0,1,4
9.19,202,2.51,63.7,7.9,0,1,1,0
11.88,322,6.31,76.6,17.1,0,3,1,1
3.49,371,1.87,98.0,20.0,2,2,1,2
4.66,379,4.18,44.7,21.3,2,2,0,1
13.69,439,10.26,69.2,9.1,0,3,0,2
7.3,519,12.37,38.6,10.8,0,1,0,2
11.18,621,9.88,83.5,5.3,2,1,0,3
15.7,391,13.07,60.5,7.7,1,1,1,2
12.73,96,5.78,50.1,17.9,0,1,1,0
3.11,468,8.92,89.7,12.6,1,1,1,3
16.39,397,9.79,69.2,20.5,0,1,1,2
13.01,548,6.86,76.7,5.6,2,1,1,1
16.24,551,3.36,93.9,10.6,0,2,1,3
14.94,553,5.06,111.2,7.0,2,1,1,4
5.67,323,6.36,102.2,12.2,0,1,0,2
5.05,59,2.36,97.3,5.2,0,1,1,0
8.04,133,6.97,96.6,13.5,2,3,1,2
15.63,318,2.7,52.1,5.7,1,3,1,0
6.3,281,4.47,65.1,14.5,0,1,1,0
0.47,128,7.19,92.9,21.0,1,1,1,1
15.01,539,7.85,47.8,14.9,2,3,1,2
10.92,171,7.27,54.3,20.8,1,1,1,0
6.22,243,1.15,54.4,15.8,2,3,1,0
13.18,601,2.72,76.6,13.5,2,2,0,3
10.17,218,1.9,111.4,20.1,1,3,0,3
4.19,386,2.9,62.7,12.2,0,1,1,0
6.46,220,2.34,38.7,13.5,1,1,0,0
9.07,194,3.41,67.9,12.7,0,3,1,0
6.26,185,3.54,66.2,17.2,0,2,0,1
1.24,105,5.47,93.1,19.3,2,3,1,2
15.94,341,7.72,110.3,13.6,0,2,1,4
0.51,689,1.34,78.3,5.2,2,0,1,0
2.51,89,5.69,107.9,9.3,0,0,1,2
13.02,249,2.46,63.1,21.1,2,0,1,1
10.47,52,3.75,57.1,21.3,1,1,1,0
14.57,348,7.68,88.9,9.6,1,2,1,2
6.36,384,2.21,93.3,7.8,1,1,1,2
1.69,279,2.1,41.1,10.5,1,3,1,0
5.23,410,9.27,46.5,20.2,1,3,1,1
13.08,334,2.51,95.9,13.8,0,2,1,2
9.46,164,12.1,76.6,21.4,0,1,0,2
12.42,107,9.25,86.4,9.9,0,1,0,2
5.26,353,10.73,85.7,10.0,1,2,1,3
7.59,304,13.57,90.7,6.3,1,3,1,3
16.99,511,10.2,95.3,18.8,2,1,0,4
5.54,7,7.72,90.6,6.7,0,0,0,1
1.03,513,9.21,104.9,10.7,0,3,1,3
8.83,397,10.31,74.0,8.3,0,1,0,1
6.01,617,1.62,82.8,12.8,0,2,1,1
13.3,19,3.76,88.4,20.2,1,3,1,2
4.27,354,4.41,56.4,10.0,0,2,1,0
14.53,427,0.72,83.8,15.9,0,1,1,2
8.01,186,3.59,52.5,11.9,2,1,1,0
4.12,13,1.28,78.8,20.1,2,0,1,0
17.53,389,8.03,53.4,5.9,1,2,0,1
11.23,98,7.91,50.1,14.1,1,3,1,1
16.75,594,1.78,51.3,14.7,1,0,1,2
2.91,583,1.22,111.4,20.8,0,2,0,3
15.9,625,12.61,45.1,11.9,0,0,1,3
0.44,152,10.53,40.5,15.9,2,2,1,1
15.62,460,4.9,89.8,22.4,1,0,1,3
16.04,497,7.06,71.6,5.6,1,2,1,2
5.72,465,11.31,101.6,7.1,2,0,1,4
11.2,193,4.51,51.9,18.2,2,0,1,0
15.81,218,5.93,73.1,8.8,0,1,1,0
7.78,605,0.59,101.1,18.9,1,2,0,3
6.58,701,12.15,45.8,8.4,0,2,1,2
10.64,305,10.28,110.0,4.4,0,2,1,4
3.86,262,10.88,44.3,10.3,0,1,1,0
2.71,325,13.26,66.2,18.5,1,1,1,0
0.64,169,4.14,83.8,10.2,0,0,1,0
4.89,274,5.81,55.9,17.1,1,3,0,0
14.28,162,0.75,77.3,20.5,2,3,0,3
4.45,491,3.28,89.3,19.2,2,2,1,2
11.49,440,3.07,109.6,8.4,0,2,0,3
14.43,172,10.58,38.1,15.4,1,2,1,2
13.52,120,10.55,73.0,11.5,2,2,1,1
10.35,679,12.04,93.5,18.3,1,2,1,4
10.0,547,1.86,56.6,5.9,1,0,0,1
9.32,277,6.14,51.8,7.0,1,0,1,0
9.91,438,9.58,88.4,9.0,2,1,1,3
2.1,180,8.88,70.7,21.5,1,3,1,1
16.49,23,8.28,81.8,18.3,1,1,0,2
12.31,686,1.15,71.4,9.6,1,2,1,1
3.0,566,2.48,100.1,10.3,1,2,0,2
16.18,25,8.36,75.1,15.1,1,1,1,1
2.84,326,5.37,75.9,16.5,1,3,0,1
11.69,419,6.14,86.8,21.1,0,2,1,3
16.17,491,5.93,104.9,11.3,1,0,1,3
17.16,244,4.38,71.0,16.2,0,2,1,2
1.43,558,3.69,111.4,15.9,1,2,1,4
10.86,548,7.21,99.2,6.7,0,1,1,3
2.12,253,2.18,65.5,8.4,2,1,0,0
16.84,308,8.63,65.6,19.5,1,1,0,2
6.71,663,12.77,51.1,4.5,1,1,0,1
1.03,138,2.28,54.1,11.5,1,1,1,0
7.82,403,9.61,76.0,13.5,0,1,1,1
8.63,288,6.05,49.1,20.2,1,1,0,1
13.72,335,5.01,99.2,17.5,0,2,1,3
6.87,666,12.73,46.4,18.1,1,2,1,2
9.89,489,9.64,81.2,13.4,0,3,1,2
2.96,124,10.54,77.4,11.5,0,1,1,1
13.5,491,4.13,38.6,16.2,1,0,1,2
14.0,149,7.42,66.9,10.1,2,1,1,1
13.46,292,1.08,89.5,13.1,0,3,1,2
3.13,426,4.12,39.5,10.8,0,1,0,0
5.28,34,2.57,77.7,11.3,1,1,1,0
5.25,586,9.47,80.1,21.3,2,0,1,3
4.83,414,11.43,75.1,19.7,0,1,1,2
9.25,444,2.21,41.3,20.7,2,2,1,2
3.99,503,12.12,98.2,13.7,1,1,1,3
0.84,327,8.86,39.3,13.7,0,2,1,0
12.0,687,13.7,54.3,18.8,1,2,1,3
5.37,296,3.78,76.4,10.2,0,0,1,0
14.73,12,12.97,39.6,14.0,2,1,1,2
14.27,325,2.95,91.7,19.9,1,1,1,2
10.45,711,6.8,68.5,16.6,1,1,0,2
9.56,628,9.91,91.3,11.1,0,1,1,3
12.49,676,11.97,107.0,5.7,1,1,1,4
11.23,383,10.51,109.2,6.4,1,1,1,4
1.45,97,3.41,61.8,4.3,0,3,1,0
1.57,161,7.25,76.2,21.4,1,2,0,2
6.84,210,1.28,52.4,10.1,2,1,1,0
10.58,319,1.25,99.2,5.2,1,0,1,2
8.35,379,11.73,42.9,19.4,0,1,0,2
6.67,583,2.81,108.2,4.0,0,1,1,3
0.77,652,10.14,68.7,19.1,2,1,1,2
3.16,517,13.46,108.4,20.3,1,2,1,4
7.63,524,6.16,69.7,22.3,2,2,1,2
17.48,300,8.14,54.7,19.2,0,2,1,1
11.1,410,8.49,98.4,5.5,0,0,0,3
7.77,484,8.0,97.8,5.9,0,0,1,3
5.79,586,3.67,98.5,13.2,2,2,1,3
1.63,78,13.38,59.8,15.2,2,2,1,2
14.74,153,7.0,78.5,10.0,2,3,1,1
8.48,164,7.25,63.4,12.9,2,1,0,1
17.72,163,4.0,73.5,11.1,0,3,0,1
12.44,30,4.28,82.5,10.4,2,2,1,1
4.88,500,3.34,81.5,10.9,0,1,1,1
7.12,505,12.77,111.0,12.2,2,2,1,4
10.64,227,10.2,90.8,4.3,1,1,1,2
16.88,70,4.22,107.6,6.0,1,2,0,3
8.77,512,7.93,66.1,16.2,0,2,1,2
1.84,467,0.92,100.8,4.5,0,3,1,1
1.21,629,1.79,45.9,15.8,2,2,0,1
3.0,212,5.71,94.4,16.4,1,0,1,1
16.23,59,1.91,104.7,4.1,1,1,1,2
5.81,315,11.07,93.6,14.6,1,0,1,2
8.56,124,3.19,83.3,14.8,0,2,1,1
15.77,592,13.13,70.7,22.3,1,2,1,3
6.57,631,7.39,50.2,18.5,0,1,1,1
13.97,325,11.24,61.9,4.0,0,2,0,1
5.47,379,4.35,69.4,7.6,0,2,0,0
7.48,36,6.01,94.8,4.5,0,0,1,1
11.23,223,9.87,109.8,9.0,1,2,1,4
6.58,302,3.69,73.4,21.0,0,1,1,1
9.71,585,4.98,89.1,20.1,1,3,0,3
5.17,629,10.26,90.5,13.2,1,0,1,3
10.0,218,1.29,106.7,17.7,0,2,1,3
7.02,435,1.53,57.4,10.0,2,2,1,0
16.68,302,6.33,59.7,5.9,1,3,1,0
0.85,291,6.12,93.8,11.1,0,1,1,1
0.98,287,12.87,103.2,17.2,0,3,0,4
1.96,524,8.47,98.9,13.3,0,3,0,3
13.99,98,10.22,61.0,12.7,1,2,1,2
6.88,136,8.49,103.2,19.1,0,3,1,3
7.42,683,0.99,54.6,20.4,2,3,1,2
2.04,152,5.9,76.1,14.2,1,2,1,0
14.54,606,2.78,45.2,5.6,0,2,0,1
1.56,369,7.29,70.9,14.0,0,0,1,0
4.58,113,4.23,104.2,17.0,0,0,1,2
16.11,143,0.6,71.5,9.4,2,3,1,1
7.37,54,2.02,80.3,13.5,0,2,0,0
